朝代,作家,皇帝年号及干支,年份,月,日,年岁,活动分期,活动地道、路,州,县,地点名胜,省,市,县,经度,纬度,任职官名,活动内容或创作缘起,交游者姓名,系年作品,系年作品文体,作品内容,材料来源,页码,备注1,备注2,录入者
"唐","张九龄","高宗仪凤三年戊寅","678",,,"1","","岭南道","韶州",,,"广东","韶关市","曲江区","113.611083","24.688501",,"是年张九龄生于韶州曲江县","",,"","","熊飞《张九龄年谱新编》花木兰文化出版社2012年版 第7页",,,,"杨洁"
"唐","张九龄","高宗调露元年、仪凤四年己卯","679",,,"2","","岭南道","韶州",,,"广东","韶关市","曲江区","113.611083","24.688501",,"是年或居乡，姑系于此","",,"","",,,,,"杨洁"
"唐","张九龄","高宗永隆元年、调露二年庚辰","680",,,"3","","岭南道","韶州",,,"广东","韶关市","曲江区","113.611083","24.688501",,"是年或居乡，姑系于此","",,"","",,,,,"杨洁"
"唐","张九龄","高宗开耀元年、永隆二年辛巳","681",,,"4","","岭南道","韶州",,,"广东","韶关市","曲江区","113.611083","24.688501",,"是年或居乡，姑系于此","",,"","",,,,,"杨洁"
"唐","张九龄","高宗永淳元年、开耀二年壬午","682",,,"5","","岭南道","韶州",,,"广东","韶关市","曲江区","113.611083","24.688501",,"是年或居乡，姑系于此","",,"","",,,,,"杨洁"
"唐","张九龄","高宗弘道元年、永淳二年癸未","683",,,"6","","岭南道","韶州",,,"广东","韶关市","曲江区","113.611083","24.688501",,"是年或居乡，姑系于此","",,"","",,,,,"杨洁"
"唐","张九龄","中宗嗣圣元年、睿宗文明元年、武后光宅元年甲申","684",,,"7","","岭南道","韶州",,,"广东","韶关市","曲江区","113.611083","24.688501",,"是年入学，知属文","",,"","","熊飞《张九龄年谱新编》花木兰文化出版社2012年版 第9页",,,,"杨洁"
"唐","张九龄","武后垂拱元年乙酉","685",,,"8","","岭南道","韶州",,,"广东","韶关市","曲江区","113.611083","24.688501",,"是年或居乡，姑系于此","",,"","",,,,,"杨洁"
"唐","张九龄","武后垂拱二年丙戍","686",,,"9","","岭南道","韶州",,,"广东","韶关市","曲江区","113.611083","24.688501",,"是年或居乡，姑系于此","",,"","",,,,,"杨洁"
"唐","张九龄","武后垂拱三年丁亥","687",,,"10","","岭南道","韶州",,,"广东","韶关市","曲江区","113.611083","24.688501",,"是年在韶州家中读书","",,"","","熊飞《张九龄年谱新编》花木兰文化出版社2012年版 第10页",,,,"杨洁"
"唐","张九龄","武后垂拱四年戊子","688",,,"11","","岭南道","韶州",,,"广东","韶关市","曲江区","113.611083","24.688501",,"是年在韶州家中读书","",,"","","熊飞《张九龄年谱新编》花木兰文化出版社2012年版 第10页",,,,"杨洁"
"唐","张九龄","武后载初元年、永昌元年己丑","689",,,"12","","岭南道","韶州",,,"广东","韶关市","曲江区","113.611083","24.688501",,"是年在韶州家中读书","",,"","","熊飞《张九龄年谱新编》花木兰文化出版社2012年版 第11页",,,,"杨洁"
"唐","张九龄","武后天授元年庚寅","690",,,"13","","岭南道","韶州",,,"广东","韶关市","曲江区","113.611083","24.688501",,"是年或居乡，姑系于此。弟张九皋生","张九皋",,"","","顾建国《张九龄年谱》中国社会科学出版社，2005年版 第16页",,,,"杨洁"
"唐","张九龄","武后天授二年辛卯","691",,,"14","","岭南道","韶州",,,"广东","韶关市","曲江区","113.611083","24.688501",,"是年在韶州家中读书","",,"","","熊飞《张九龄年谱新编》花木兰文化出版社2012年版 第12页",,,,"杨洁"
"唐","张九龄","武周长寿元年、天授三年、如意元年壬辰","692",,,"15","","岭南道","韶州",,,"广东","韶关市","曲江区","113.611083","24.688501",,"是年或居乡，姑系于此","",,"","",,,,,"杨洁"
"唐","张九龄","武后长寿二年癸巳","693",,,"16","","岭南道","韶州",,,"广东","韶关市","曲江区","113.611083","24.688501",,"是年在韶州家中读书","",,"","","熊飞《张九龄年谱新编》花木兰文化出版社2012年版 第14页",,,,"杨洁"
"唐","张九龄","武则天延载元年甲午","694",,,"17","","岭南道","韶州",,,"广东","韶关市","曲江区","113.611083","24.688501",,"是年在韶州家中读书","",,"","","熊飞《张九龄年谱新编》花木兰文化出版社2012年版 第14页",,,,"杨洁"
"唐","张九龄","武后证圣元年、天册万岁元年乙未","695",,,"18","","岭南道","韶州",,,"广东","韶关市","曲江区","113.611083","24.688501",,"是年在韶州家中读书","",,"","","熊飞《张九龄年谱新编》花木兰文化出版社2012年版 第14页",,,,"杨洁"
"唐","张九龄","武后万岁登封元年、万岁通天元年丙申","696",,,"19","","岭南道","韶州",,,"广东","韶关市","曲江区","113.611083","24.688501",,"是年在韶州家中读书","",,"","","熊飞《张九龄年谱新编》花木兰文化出版社2012年版 第14页",,,,"杨洁"
"唐","张九龄","武则天神功元年丁酉","697",,,"20","","岭南道","韶州",,,"广东","韶关市","曲江区","113.611083","24.688501",,"是年州县乡试中试，被推举入京参加进士科考试","",,"","","熊飞《张九龄年谱新编》花木兰文化出版社2012年版 第15页",,,,"杨洁"
"唐","张九龄","武后圣历元年戊戌","698",,,"21","","岭南道","韶州",,,"广东","韶关市","曲江区","113.611083","24.688501",,"是年在韶州家中读书","",,"","","熊飞《张九龄年谱新编》花木兰文化出版社2012年版 第16页",,,,"杨洁"
"唐","张九龄","武后圣历二年己亥","699",,,"22","","岭南道","韶州",,,"广东","韶关市","曲江区","113.611083","24.688501",,"是年在韶州家中读书","",,"","","熊飞《张九龄年谱新编》花木兰文化出版社2012年版 第16页",,,,"杨洁"
"唐","张九龄","武周圣历三年、久视元年庚子","700",,,"23","","岭南道","韶州",,,"广东","韶关市","曲江区","113.611083","24.688501",,"是年在韶州家中读书","",,"","","熊飞《张九龄年谱新编》花木兰文化出版社2012年版 第16页",,,,"杨洁"
"唐","张九龄","武后长安元年辛丑","701",,,"24","","岭南道","广州",,,"广东","广州市",,"113.270793","23.135308",,"秋间，九龄应韶州赴广州应乡试。乡试中举后，旋被选贡入京应户部试。本次赴试途中疑作有诗","","《初发道中寄远》","Poem","初发道中寄远
日夜乡山远，秋风复此时。旧闻胡马思，今听楚猿悲。念别朝昏苦，怀归岁月迟。壮图空不息，常恐发如丝。","顾建国《张九龄年谱》中国社会科学出版社，2005年版 第24页",,,,"杨洁"
"唐","张九龄","武后长安二年壬寅","702",,,"25","","京畿道","京兆府",,,"陕西","西安市",,"108.946306","34.347436",,"春应进士考，考功郎沈佺期尤所激扬，使其一举高第","沈佺期",,"","","顾建国《张九龄年谱》中国社会科学出版社，2005年版 第26页",,,,"杨洁"
"唐","张九龄","武后长安三年癸卯","703","9",,"26","","岭南道","韶州",,,"广东","韶关市",,"113.603757","24.816174",,"是年居家读书。九月，张说被贬岭南，至迟在十一月前途经韶州时，九龄得以文章面呈之。张说览其文而厚遇之，并与通谱系。由此，两人结下了亲密的关系","张说",,"","","顾建国《张九龄年谱》中国社会科学出版社，2005年版 第29页",,,,"杨洁"
"唐","张九龄","武后长安三年癸卯","703",,,"26","","岭南道","韶州",,,"广东","韶关市",,"113.603757","24.816174",,"是年疑在家丁父忧","",,"","","顾建国《张九龄年谱》中国社会科学出版社，2005年版 第32页",,,,"杨洁"
"唐","张九龄","武后长安四年甲辰","704",,,"27","","岭南道","韶州",,,"广东","韶关市",,"113.603757","24.816174",,"家居读书，丁父忧","",,"","","顾建国《张九龄年谱》中国社会科学出版社，2005年版 第34页",,,,"杨洁"
"唐","张九龄","中宗神龙元年乙巳","705",,,"28","","岭南道","韶州",,,"广东","韶关市",,"113.603757","24.816174",,"居家读书，丁父忧。是年暮春，沈佺期流岭南驩州经韶州时，九龄或曾投刺拜见","沈佺期",,"","","顾建国《张九龄年谱》中国社会科学出版社，2005年版 第34页",,,,"杨洁"
"唐","张九龄","中宗神龙二年丙午","706",,,"29","","京畿道","京兆府",,,"陕西","西安市",,"108.946306","34.347436",,"秋，九龄赴西京应吏部重试及第，主持者李峤","李峤",,"","","顾建国《张九龄年谱》中国社会科学出版社，2005年版 第37页",,,,"杨洁"
"唐","张九龄","中宗神龙三年、景龙元年丁未","707",,,"30","","京畿道","京兆府",,,"陕西","西安市",,"108.946306","34.347436","秘书省校书郎","中材堪经邦科，授秘书省校书郎","",,"","","顾建国《张九龄年谱》中国社会科学出版社，2005年版 第38页",,,,"杨洁"
"唐","张九龄","中宗景龙二年戊申","708",,,"31","","京畿道","京兆府",,,"陕西","西安市",,"108.946306","34.347436","秘书省校书郎","在秘书省任校书郎。是年秋，修文馆学士宋之问、李适等同作诗送许州宋思马赴任，九龄为之作序","","《饯宋（一作“送”）司马序》","Article","饯宋司马序
宋司马才通命塞。云翼泥蟠。蔡邕朔方。不废琴书之业。贾谊宣室。欲言鬼神之事。既而出宿南浦。与鸿雁而同归。追饯北梁。对江山而不乐。是日渚云欲霁。林鸟将春。惜时物之方华。重情人之自远。群公有感。中座无欢。他日清风。自当元度之夕。兹辰零雨。得无子荆之咏。遂相与援翰。赋诗赠行。","顾建国《张九龄年谱》中国社会科学出版社，2005年版 第41页",,,,"杨洁"
"唐","张九龄","中宗景龙二年戊申","708",,,"31","","岭南道","韶州",,,"广东","韶关市",,"113.603757","24.816174","秘书省校书郎","秋后，南归省亲","",,"","","顾建国《张九龄年谱》中国社会科学出版社，2005年版 第41页",,,,"杨洁"
"唐","张九龄","中宗景龙三年己酉","709",,,"32","","岭南道","韶州",,"曲江","广东","韶关市",,"113.603757","24.816174","秘书省校书郎","在秘书省任校书郎。秋间，复辞家北上，有诗纪行","","《初发曲江溪中》","Poem","初发曲江溪中
溪流清且深，松石复阴临。正尔可嘉处，胡为无赏心。我由不忍别，物亦有缘侵。自匪常行迈，谁能知此音。","顾建国《张九龄年谱》中国社会科学出版社，2005年版 第43页",,,,"杨洁"
"唐","张九龄","睿宗景云元年庚戌/中宗景龙四年","710","1",,"33","","京畿道","京兆府",,,"陕西","西安市",,"108.946306","34.347436","秘书省校书郎","在秘书省任校书郎。正月，因宫中赐彩盛事，九龄有诗","","《剪彩》","Poem","剪䌽
姹女矜容色，为花不让春。既争芳意早，谁待物华真。叶作参差发，枝从点缀新。自然无限态，长在艳阳晨。","顾建国《张九龄年谱》中国社会科学出版社，2005年版 第45页",,,,"杨洁"
"唐","张九龄","睿宗景云元年庚戌/中宗景龙四年","710",,,"33","","京畿道","京兆府",,,"陕西","西安市",,"108.946306","34.347436","秘书省校书郎","在秘书省任校书郎。六月前，干谒李让侍御史，一者求其提拂；再者欲随其赴岭南理铨选事，乘便归宁。不料被拒，遂上书，剖白己之心迹","","《与李让侍御书》","Article","与李让侍御书
李公足下。夫心以义持。公为时出。虽冥冥入穷神之奥。鬼莫我窥。而恟恟自众人之口。通者谁惑。何则。我有独见之明。物无浮言之信。亦犹太阿之剑。犀角不足齿其锋。高山之松。霜霰不能渝其操。斯岂非爱恶则物之相背。而终始则我之不移。且如明公义贯心灵。人推正直。遂乃雄飞清宪。高步等夷。向若见不决于明。济不兼于物。终然独善而已。何自致之若是乎。如此。则明公独运之机。以获当仁之利。固人情之可恕。何横议之能干。昨所造次下风。求为从者。亦望心与道合。申一言而取容。人以义图。轻干驷如脱屣。则不意制以形骸之外。拘于牙齿之閒。盖下慎闭门。而公奚措意。夫国家所以历试官序。推择士林。虽因时买利之夫。犹能变节。而服义亡躯之意。奚遽生疑。此亦人言。亦何害岁寒之取效。然明公所以不容左右。诚非克堪。固当别有嘤鸣。如为蛇足。而以为家属在彼。用防未然。既明公之虑极精微。亦下官之心怀感激。何者。至如中朝著姓。连姻华族。及夫委以钧轴。综其条流。而朝廷岂可南求儋耳之酋。北取旄头之虏。必伫异方之任。乃无内顾之私者耶。故知事有是非。公无远近。昔如祁奚之举子。不避其亲。齐人之为盗。固在于楚。是以为善在已。执一心之既定。诡道从时。乃千人之所指。然下官所以勤勤自致。其功靡他。正以居本海隅。始无朝望。昔遇光华启旦。朝制旁求。误登射策之科。忝职藏书之阁。又属朝廷尚义。端士相趋。复以无依见容。不时弃置。所以迟回城阙。感激身名。未甘田里之平人。所慕君亲之大义。而才能不急。时用无施。俸犹拟于侏儒。举未优于储偫。所以饥寒在虑。扶侍增遥。而慈亲在堂。如日将暮。遂乃甘心附丽。乘便归宁。不然。则命非饮冰。幸安中土。又安能崎岖执事之末。还无一级。去且二年。愿明公审图彼人向者何为。呜呼。忠信获戾。古人之言。惟教义之所矜。乃讥嫌之见及。恨不能隳肝尝胆。徇知己以求申。而饮气吞声。负当年而叹息。庭闱眷恋。行路屏营。斯薄宦之所婴。念劳生之有役。望美高传。何嗟及矣。炯炯式微。心为谁矣。转当侧听妙选。用息鄙心。心之有怀。言不能尽。某再拜。","顾建国《张九龄年谱》中国社会科学出版社，2005年版 第45页",,,,"杨洁"
"唐","张九龄","睿宗景云元年庚戌/中宗景龙四年","710",,,"33","","京畿道","京兆府",,,"陕西","西安市",,"108.946306","34.347436","秘书省校书郎","在秘书省任校书郎。是年秋，因位卑俸薄，干谒无门，有诗，抒发久滞难迁之情","","《高斋闲望言怀》","Poem","高斋闲望言怀
高斋复晴景，延眺属清秋。风物动归思，烟林生远愁。纷吾自穷海，薄宦此中州。取路无高足，随波适下流。岁华空冉冉，心曲且悠悠。坐惜芳时歇，胡然久滞留。","顾建国《张九龄年谱》中国社会科学出版社，2005年版 第45页",,,,"杨洁"
"唐","张九龄","睿宗景云元年庚戌/中宗景龙四年","710",,,"33","","京畿道","京兆府",,,"陕西","西安市",,"108.946306","34.347436","秘书省校书郎","在秘书省任校书郎。是年秋，因位卑俸薄，干谒无门，有诗，抒发久滞难迁之情","","《秋怀》","Poem","秋怀
感惜芳时换，谁知客思悬。忆随鸿向煖，愁学马思边。留滞机还息，纷拿网自牵。东南起归望，何处是江天。","顾建国《张九龄年谱》中国社会科学出版社，2005年版 第45页",,,,"杨洁"
"唐","张九龄","睿宗景云元年庚戌/中宗景龙四年","710",,,"33","","京畿道","京兆府",,,"陕西","西安市",,"108.946306","34.347436","秘书省校书郎","在秘书省任校书郎。十年前后，有诗","","《送窦校书见饯得云中辨江树》","Poem","送窦校书见饯得云中辨江树
江水天连色，无涯净野氛。微明岸傍树，凌乱渚前云。举棹形徐转，登舻意渐分。渺茫从此去，空复惜离群。","顾建国《张九龄年谱》中国社会科学出版社，2005年版 第45页",,,,"杨洁"
"唐","张九龄","睿宗景云元年庚戌/中宗景龙四年","710",,,"33","","京畿道","京兆府",,,"陕西","西安市",,"108.946306","34.347436","秘书省校书郎","在秘书省任校书郎。十年前后，有诗","","《送韦城李少府》","Poem","送韦城李少府
送客南昌尉，离亭西候春。野花看欲尽，林鸟听犹新。别酒青门路，归轩白马津。相知无远近，万里尚为邻。","顾建国《张九龄年谱》中国社会科学出版社，2005年版 第45页",,,,"杨洁"
"唐","张九龄","睿宗景云元年庚戌/中宗景龙四年","710",,,"33","","京畿道","京兆府",,,"陕西","西安市",,"108.946306","34.347436","秘书省校书郎","在秘书省任校书郎。十年前后，有诗","","《折杨柳》","Poem","折杨柳
纤纤折杨柳，持此寄情人。一枝何足贵，怜是故园春。迟景那能久，芳菲不及新。更愁征戍客，容鬓老边尘。","顾建国《张九龄年谱》中国社会科学出版社，2005年版 第45页",,,,"杨洁"
"唐","张九龄","睿宗景云元年庚戌/中宗景龙四年","710",,,"33","","京畿道","京兆府",,,"陕西","西安市",,"108.946306","34.347436","秘书省校书郎","在秘书省任校书郎。十年前后，有诗","","《巫山高》","Poem","巫山高
巫山与天近，烟景长青荧。此中楚王梦，梦得神女灵。神女去已久，云雨空冥冥。唯有巴猿啸，哀音不可听。","顾建国《张九龄年谱》中国社会科学出版社，2005年版 第45页",,,,"杨洁"
"唐","张九龄","睿宗景云元年庚戌/中宗景龙四年","710",,,"33","","京畿道","京兆府",,,"陕西","西安市",,"108.946306","34.347436","秘书省校书郎","在秘书省任校书郎。十年前后，有诗","","《赋得自君之出矣》","Poem","赋得自君之出矣
自君之出矣，不复理残机。思君如满月，夜夜减清辉。","顾建国《张九龄年谱》中国社会科学出版社，2005年版 第45页",,,,"杨洁"
"唐","张九龄","睿宗景云二年辛亥","711",,,"34","","京畿道","京兆府",,,"陕西","西安市",,"108.946306","34.347436","秘书省校书郎","在秘书省任校书郎任","",,"","","顾建国《张九龄年谱》中国社会科学出版社，2005年版 第49页",,,,"杨洁"
"唐","张九龄","玄宗先天元年壬子/睿宗太极元年/睿宗延和元年/","712",,,"35","","京畿道","京兆府",,,"陕西","西安市",,"108.946306","34.347436","左拾遗","是年经嗣鲁王李道坚所举，对策三道高第，迁左拾遗","李道坚","《对嗣鲁王道坚所举道侔伊吕科》","Article","应道侔伊吕科对策第一道
问。兴化致治。必俟得人。求贤审官。莫先慎举。圣朝受命。于今百龄。尧封比屋。魏网斯顿。史曹之职。衡镜攸归。岁时调集。士踰累万。借使崔毛重起。裴乐复存。观貌察言。且犹未暇。考行徵实。其可得乎。若远循汉魏之规。复存州郡之选。即务辞会府。权归外台。牧守之明。何法能鉴。变通之要。厥路奚由。文武之道。并用无偏。军旅之制。事宜经远。而越骑佽飞。皆出畿甸。丁年负甲。耆日释戈。亡殁盖多。军容每阙。今欲均井田于要服。遵兵赋于革车。恐习俗滋深。虑始难就。揆今酌古。其衷若何。且惠在安人。政惟重谷。顷承平既久。居泰易盈。编户流亡。农桑莫赡。精求良吏。未之能补。遂其宽施。则莫惩游食。峻其科禁。则虑扰疲人。革弊适时。应有良术。子等并明于国体。允应于旁求。式陈开物之宜。无效循常之对。对。嗣鲁王道坚所举道侔伊吕科徵仕郎行秘书省校书郎张九龄。伏览睿问。大哉国体。九品流弊。尝所懵焉。幸因对扬。庶言其可。古者诸侯贡士。司徒论士。必讲礼观能。乡举里选。故十五十八之岁。大学小学之节。诵习以时。教化以礼。则孝悌之行。可知于乡曲。政事之业。可升于国朝。先王务教。此其大者。及周道既衰。斯文将丧。秦氏灭学。唯力是亲。仁义大坏。俊造亦亡。汉高以马上非礼。复修三代之事。魏武以军中是务。权立九品之仪。后代因循。莫能改作。纷纷横调。滔滔皆是。天下公器。可谓伤心。伏惟陛下神启睿图。天佑明德。物不终否。故受之以泰。弊不遂极。乃鼎之以新。涤瑕荡秽。今其时也。伏愿图之。夫正其本者万事理。劳于求者逸于使。岂有大明御宇。虑此假权之人。循良择人。安得谢恩之议。是则外台会府。真若满于贮中。济理适时。复何殊于掌上者也。且有备无患。亡战必危。是以振旅茇舍之仪。羽林佽飞之卫。汉家徵选。咸出五陵。周制供王。不踰千里。此以均其远近。会其中正。王者之制。岂虚乎哉。必开井赋于要服。俾裒益于畿甸。虽经始之规。何施不可。而图远之业。犹愿勿遵。且将振九品之颓纲。维百王之绝略。使官有位次。资有等衰。才苟不侔。时所勿取。使夫能者代上帝之理。议者息高门之谈。吏精其心。人享其利。流庸不日而来复。耕桑何忧乎不稔。动之斯应。绥之斯来。若惟作法于末途。非救弊之本意。盛德大业。孰与归乎。某怖慄尘埃。栖栖非得言之地。慷慨禾莠。惓惓因献策之时。何敢望焉。尽心而已。谨对。","顾建国《张九龄年谱》中国社会科学出版社，2005年版 第50页",,,,"杨洁"
"唐","张九龄","玄宗先天元年壬子/睿宗太极元年/睿宗延和元年/","712","9",,"35","","京畿道","京兆府",,,"陕西","西安市",,"108.946306","34.347436","左拾遗","九月，谏玄宗幸温汤","唐玄宗",,"","","顾建国《张九龄年谱》中国社会科学出版社，2005年版 第50页",,,,"杨洁"
"唐","张九龄","玄宗开元元年癸丑/先天二年","713","4",,"36","","京畿道","京兆府",,,"陕西","西安市",,"108.946306","34.347436","左拾遗","在左拾遗任。四月，获见苏州司功参军武平一寄赠的诗，感而酬答","武平一","《武司功初有幽庭春暄见贻夏首获见以诗报焉》","Poem","武司功初有幽庭春暄见贻夏首获见以诗报焉
芳月尽离居，幽怀重起予。虽言春事晚，尚想物华初。迟日皦方照，高斋澹复虚。笋成林向密，花落树应疏。赠鲤情无间，求莺思有馀。暄妍不相待，含叹欲焉如。","顾建国《张九龄年谱》中国社会科学出版社，2005年版 第55页",,,,"杨洁"
"唐","张九龄","玄宗开元元年癸丑/先天二年","713",,,"36","","京畿道","京兆府",,,"陕西","西安市",,"108.946306","34.347436","左拾遗","在左拾遗任。是年秋，与吏部尚书崔日用有诗唱和","崔日用","《奉和吏部崔尚书雨后大明朝堂望南山》","Poem","奉和吏部崔尚书雨后大明朝堂望南山
迢递终南顶，朝朝阊阖前。朅来青绮外，高在翠微先。双凤褰为阙，群龙俨若仙。还知到玄圃，更是谒甘泉。夜雨尘初灭，秋空月正悬。诡容纷入望，霁色宛成妍。东极华阴践，西弥嶓冢连。奔峰出岭外，瀑水落云边。汉帝宫将苑，商君陌与阡。林华铺近甸，烟霭绕晴川。既庶仁斯及，分忧政已宣。山公启事罢，吉甫颂声传。济济金门步，洋洋玉树篇。徒歌虽有属，清越岂同年。","顾建国《张九龄年谱》中国社会科学出版社，2005年版 第55页",,,,"杨洁"
"唐","张九龄","玄宗开元元年癸丑/先天二年","713","12",,"36","","京畿道","京兆府",,,"陕西","西安市",,"108.946306","34.347436","左拾遗","在左拾遗任。本月，上书姚崇，劝其远诌躁，进纯厚，任人当才，无溺缘情","姚崇","《上姚令公书》","Article","上姚令公书
月日。左拾遗张九龄谨奏记紫微令梁公阁下。公登庙堂运天下者久矣。人之情伪。事之得失。所更多矣。非曲学之说。小子之虑。所能损益。亦已明矣。然而意有不尽未可息。区区之怀。或以见容。亦犹用九九之术。以此道也。忍弃之乎。今君侯秉天下之钧。为圣朝之佐。大见信用。渴日太平。千载一时。胡可遇也。而君侯既遇非常之主。已践难得之机。加以明若镜中。运如掌上。有形必察。无往不臻。朝暮羲轩之时。何云伊吕而已。际会易失。功业垂成。而举朝之众倾心。前人之弊未尽。往往拟议。愚用惜焉。何者。任人当才。为政大体。与之共理。无出此途。而曩之用才。非无知人之鉴。其所以失。溺在缘情之举。夫见势则附。俗人之所能也。与不妄受。志士之所难也。君侯察其苟附。及不轻受。就而厚之。因而用之。则禽息之首。为知巳而必碎。豫让之身。感国士而能漆。至于合如市道。廉公之门客虚盈。势比雀罗。廷尉之交情贵贱。初则许之以死殉。体面俱柔。终乃背之而饱飞。身名巳遂。小人恒态。不可不察。自君侯职相国之重。持用人之权。而浅中弱植之徒。巳延颈企踵而至。谄亲戚以求誉。媚宾客以取容。情结笑言。谈生羽翼。万事至广。千变难知。其閒岂不有才。所失在于无耻。君侯或弃其所短。收其所长。人且不知深旨之若斯。便谓尽私于此辈。其有议者。则曰不识宰相。无以得迁。不因交游。无以求进。明主在上。君侯为相。安得此言。犹出其口。某所以为君侯至惜也。且人可诚感。难可户说。为君侯之计。谢媒介之徒。即虽有所长。一皆沮抑。专谋选众之举。息彼讪上之失。祸生有胎。亦不可忽。呜呼。古人有言。御寒莫若重裘。止谤莫如自修。修之至极。何谤不息。勿曰无害。其祸将大。夫长才广度。珠潜璧匿。无先容以求达。虽后时而自宁。今岂无之。何近何远。但问于其类。人焉廋哉。虽不识之。有何不可。是知女不私人。可以为妇矣。士不苟进。可以为臣矣。此君侯之度内耳。安用小人之说为。固知山藏海纳。言之无咎。下情上通。气用和洽。是以不敢默默而已也。愿无以人故而废其言。以伤君侯之明。此至愿也。幸甚幸甚。","顾建国《张九龄年谱》中国社会科学出版社，2005年版 第55页",,,,"杨洁"
"唐","张九龄","玄宗开元元年癸丑/先天二年","713",,,"36","","京畿道","京兆府",,,"陕西","西安市",,"108.946306","34.347436","左拾遗","在左拾遗任。是年有诗","","《送苏主簿赴偃师》","Poem","送苏主簿赴偃师
我与文雄别，胡然邑吏归。贤人安下位，鸷鸟欲卑飞。激节轻华冕，移官徇䌽衣。羡君行乐处，从此拜庭闱。","顾建国《张九龄年谱》中国社会科学出版社，2005年版 第55页",,,,"杨洁"
"唐","张九龄","玄宗开元元年癸丑/先天二年","713",,,"36","","京畿道","京兆府",,,"陕西","西安市",,"108.946306","34.347436","左拾遗","在左拾遗任。是年有诗","","《别乡人南还》","Poem","别乡人南还
橘柚南中暖，桑榆北地阴。何言荣落异，因见别离心。吾亦江乡子，思归梦寐深。闻君去水宿，结思渺云林。牵缀从浮事，迟回谢所钦。东南行舫远，秋浦念猿吟。","顾建国《张九龄年谱》中国社会科学出版社，2005年版 第55页",,,,"杨洁"
"唐","张九龄","玄宗开元二年甲寅","714",,,"37","","京畿道","京兆府",,,"陕西","西安市",,"108.946306","34.347436","左拾遗","在左拾遗任。是年有诗","","《和崔尚书喜雨》","Poem","和崔尚书喜雨
积阳虽有晦，经月未为灾。上念人天重，先祈云汉回。仁心及草木，号令起风雷。照烂阴霞止，交纷瑞雨来。三辰破黍稷，四达屏氛埃。池溜因添满，林芳为洒开。听中声滴沥，望处影徘徊。惠泽成丰岁，昌言发上才。无论验石鼓，不是御云台。直颂皇恩浃，崇朝遍九垓。","顾建国《张九龄年谱》中国社会科学出版社，2005年版 第57页",,,,"杨洁"
"唐","张九龄","玄宗开元二年甲寅","714","闰2",,"37","","京畿道","京兆府",,,"陕西","西安市",,"108.946306","34.347436","左拾遗","在左拾遗任。此月与众王公卿同赋《龙池篇》","","《奉和圣制龙池篇》","Poem","奉和圣制龙池篇
天启神龙生碧泉，泉水灵源浸迤延。飞龙已向珠潭出，积水仍将银汉连。岸傍花柳看胜画，浦上楼台问是仙。我后元符从此得，方为万岁寿图川。","顾建国《张九龄年谱》中国社会科学出版社，2005年版 第57页",,,,"杨洁"
"唐","张九龄","玄宗开元二年甲寅","714","3","3","37","","京畿道","京兆府",,,"陕西","西安市",,"108.946306","34.347436","左拾遗","在左拾遗任。此日有诗","","《申王园亭宴集》","Poem","三月三日申王园亭宴集
稽亭追往事，睢苑胜前闻。飞阁凌芳树，华池落䌽云。藉草人留酌，衔花鸟赴群。向来同赏处，惟恨碧林曛。","顾建国《张九龄年谱》中国社会科学出版社，2005年版 第57页",,,,"杨洁"
"唐","张九龄","玄宗开元二年甲寅","714",,,"37","","京畿道","京兆府",,,"陕西","西安市",,"108.946306","34.347436","左拾遗","在左拾遗任。与左补阙袁晖、左拾遗蔡孚同省共事，有诗赠答","袁晖，蔡孚","《与袁补阙寻蔡拾遗会此公出行后蔡有五韵诗见赠以此篇答焉》","Poem","与袁补阙寻蔡拾遗会此公出行后蔡有五韵诗见赠以此篇答焉
辙迹陈家巷，诗书孟子邻。偶来乘兴者，不值草玄人。契是忘年合，情非累日申。闻君还薄暮，见眷及兹辰。赠我如琼玖，将何报所亲。","顾建国《张九龄年谱》中国社会科学出版社，2005年版 第57页",,,,"杨洁"
"唐","张九龄","玄宗开元二年甲寅","714",,,"37","","京畿道","京兆府",,,"陕西","西安市",,"108.946306","34.347436","左拾遗","在左拾遗任。是年春夏间，又有荆谷山集会","","《故刑部李尚书荆谷山集会》","Poem","故刑部李尚书荆谷山集会
尝闻继老聃，身退道弥耽。结宇倚青壁，疏泉喷碧潭。苔石随人古，烟花寄酒酣。山光纷向夕，归兴杜城南。","顾建国《张九龄年谱》中国社会科学出版社，2005年版 第57页",,,,"杨洁"
"唐","张九龄","玄宗开元二年甲寅","714",,,"37","","京畿道","京兆府",,,"陕西","西安市",,"108.946306","34.347436","左拾遗","在左拾遗任。是年春夏间，饯济阴梁明府","","《饯济阴梁明府各探一物得荷叶》","Poem","饯济阴梁明府各探一物得荷叶
荷叶生幽渚，芳华信在兹。朝朝空此地，采采欲因谁。但恐星霜改，还将蒲稗衰。怀君美人别，聊以赠心期。","顾建国《张九龄年谱》中国社会科学出版社，2005年版 第57页",,,,"杨洁"
"唐","张九龄","玄宗开元二年甲寅","714",,,"37","","京畿道","京兆府",,,"陕西","西安市",,"108.946306","34.347436","左拾遗","在左拾遗任。是年春夏间，又有送宛句赵少府","","《送宛句赵少府》","Poem","送宛句赵少府
解巾行作吏，尊酒谢离居。修竹含清景，华池澹碧虚。地将幽兴惬，人与旧游疏。林下纷相送，多逢长者车。","顾建国《张九龄年谱》中国社会科学出版社，2005年版 第57页",,,,"杨洁"
"唐","张九龄","玄宗开元二年甲寅","714",,,"37","","京畿道","京兆府",,,"陕西","西安市",,"108.946306","34.347436","左拾遗","在左拾遗任。是年春夏间，又有送杨府李功曹","","《送杨府李功曹》","Poem","送杨府李功曹
平生属良友，结绶望光辉。何知人事拙，相与宦情非。别路穿林尽，征帆际海归。居然已多意，况复两乡违。","顾建国《张九龄年谱》中国社会科学出版社，2005年版 第57页",,,,"杨洁"
"唐","张九龄","玄宗开元二年甲寅","714",,,"37","","京畿道","京兆府",,,"陕西","西安市",,"108.946306","34.347436","左拾遗","在左拾遗任。是年春夏间，又有送密县高赞府等诗文","","《景龙观山亭送密县高赞府序》","Article","景龙观山亭集送密县高赞府序
景龙。东山初主第也。始其置金榜。筑凤台。穷土木之功。极冈峦之势。议与磐石同体。造化较力。何其壮哉。自吾君茅茨不剪。采椽不斲。既抑华而务实。将设教以垂范。以故平阳化焉。罢歌舞于其地。麻姑见者。变桑田于此时。所谓长女之宫。郁为列仙之馆。其后尝有好事。以为胜游。令日芳辰。携手接袂。往往而在。祗取乐焉。高十官雌伏都畿。星言至止。闻殊庭之可尚。召嘉客以相欢。徒观其匠幽奇。宅爽垲。十里九版。岂惟梁氏之作。千岩万壑。宛是吴中之事。青林修耸而垂䌽。绿萝蒙笼以结阴。清流若镜。下照金沙之底。杂花如锦。傍缘石菌之崖。则可以藻饰形神。挥斥氛滓。相顾风尘之表。无负云霄之槩。既而东主西宾。酒酣乐阕。聚必有散。匪伊麋鹿之群。往而不返。固亦山林之弊。高公乃振衣而起。举杯有属。却计送人。出长安之东道。退思征马。向洛阳之南阡。虽暂劳于州县。迫于簿领。方欲厌于承明。资其骞跃。夫如是。相知意气。何恨仳离。盍赋诗焉。以赠行者。","顾建国《张九龄年谱》中国社会科学出版社，2005年版 第64页",,,,"杨洁"
"唐","张九龄","玄宗开元二年甲寅","714","9",,"37","","京畿道","京兆府",,,"陕西","西安市",,"108.946306","34.347436","左拾遗","在左拾遗任。九月，与黄门侍郎卢怀慎有诗唱和，以竹之“高节人相重，虚心世所知”而喻人自勉","卢怀慎","《和黄门卢侍郎咏竹》","Poem","和黄门卢侍御咏竹
清切紫庭垂，葳蕤防露枝。色无玄月变，声有惠风吹。高节人相重，虚心世所知。凤皇佳可食，一去一来仪。","顾建国《张九龄年谱》中国社会科学出版社，2005年版 第57页",,,,"杨洁"
"唐","张九龄","玄宗开元二年甲寅","714","9",,"37","","京畿道","京兆府",,,"陕西","西安市",,"108.946306","34.347436","左拾遗","在左拾遗任。九、十月间，与监察御史赵冬曦有诗酬答，羡其奉使西军，以边功而誉满柏台，并自惭形秽，意欲归隐","赵冬曦",,"","","顾建国《张九龄年谱》中国社会科学出版社，2005年版 第57页",,,,"杨洁"
"唐","张九龄","玄宗开元二年甲寅","714",,,"37","","京畿道","京兆府",,,"陕西","西安市",,"108.946306","34.347436","左拾遗","在左拾遗任。冬，有和紫薇令姚崇诗","姚崇",,"","","顾建国《张九龄年谱》中国社会科学出版社，2005年版 第57页",,,,"杨洁"
"唐","张九龄","玄宗开元二年甲寅","714",,,"37","","京畿道","京兆府",,,"陕西","西安市",,"108.946306","34.347436","左拾遗","在左拾遗任。是年有诗疑作于此","","《送使广州》","Poem","送使广州
家在湘源住，君今海峤行。经过正中道，相送倍为情。心逐书邮去，形随世网婴。因声谢远别，缘义不缘名。","顾建国《张九龄年谱》中国社会科学出版社，2005年版 第57页",,,,"杨洁"
"唐","张九龄","玄宗开元三年乙卯","715","2",,"38","","京畿道","京兆府",,,"陕西","西安市",,"108.946306","34.347436","宣议郎、左拾遗","为宣议郎，行左拾遗。二月，有上奏","","《论内勘别宅妇女事状》","Article","论内勘别宅妇女事状
右件。妇女事缘卑亵。纵两县检括。有所阿容。即愿宣付宪司。纠摘其罪。今便收捕入内。别加推逐。道路有云。何急于此。若在外勘当。虑以相宽。其馀法狱。岂皆应就内。始可以杜其请托。方益威严。便是法不肃而吏不惧。其弊尤重于别宅者也。昔汉丞相府尚不按吏。诚以务在尊崇。体不可失。况天子中禁。而有此名。丞尉极微。所缘至小。固不足以尘黩圣听。虽在内曹。外议切切。未为得所。即有闻知。不敢不奏。谨状。","顾建国《张九龄年谱》中国社会科学出版社，2005年版 第43页",,,,"杨洁"
"唐","张九龄","玄宗开元三年乙卯","715","5","20","38","","京畿道","京兆府",,,"陕西","西安市",,"108.946306","34.347436","宣议郎、左拾遗","是日，有书，奏请朝廷重刺史、县令之选及行辟举之法，玄宗嘉纳之","唐玄宗","《上封事书》","Article","上封事书
五月二十日。宣义郎左拾遗内供奉臣张九龄谨再拜死罪死罪。上书开元神武皇帝陛下。臣所以上事。以臣愚见。并当时尤切。不敢饰词。伏愿陛下亲览可否之宜。幸甚幸甚。臣伏以陛下自克清内难。光宅天下。常欲跻人于富寿。致国于太平。圣虑每勤。德音屡发。然犹黎人未息。水旱为忧。臣窃伏思之。有由然矣。臣闻乖政之气。发为水旱。天道虽远。其应甚速。昔者东海枉杀孝妇。旱者久之。一吏不明。匹妇非命。则天为之旱。以昭其冤。况今六合之閒。元元之众。莫不悬命于县令。宅生于刺史。陛下所与共理。此尤亲于人者也。多非其任。徒有其名。致旱之由。岂惟孝妇一事而已。是以亲人之任。宜得其贤。用才之道。宜重其选。而今刺史县令。除京辅近处雄望之州。刺史犹择其人。县令或备员而已。其馀江淮陇蜀三河诸处。除大府之外。稍稍非才。但于京官之中。出为州县者。或是缘身有累。在职无声。用于牧宰之閒。以为斥逐之地。或因势附会。遂忝高班。比其势衰。且无他责。又谓之不称京职。亦乃出为刺史。至于武夫流外。积资而得。官成于经久。不计于有才。诸若此流。尽为刺史。其馀县令已下。固不可胜言。盖氓庶所系。国家之本务。本务之职。反为好进者所轻。承弊之人。每遭非才者所扰。陛下圣化。从此不宣。皆由不重亲人之选。以成其弊。而欲天下和洽。固不可得也。古者刺史入为三公。郎官出宰百里。莫不于其所重。劝其所行。臣窃怪近俗。偏轻此任。今朝廷卿士。入而不出。于其私情。遂自得计。何则。京华之地。衣冠所聚。子弟之閒。身名所出。从容附会。不劳而成。一出外藩。有异于此。人情进取。岂忘于私。但立法制之。不敢违耳。原其本意。固私是欲。今大利在于京职。而不在于外郡。如此。则智能之士。欲利之心。日夜营营。宁有复出为刺史县令。而陛下国家之利。方赖智能之人。此辈既自固而不行。在外者又技痒而求入。如此。则智能之辈。常无亲人之责。陛下又未格之以法。无乃甚不可乎。故臣愚以为欲理之本。莫若重刺史县令。此官诚重。智能者可行。正宜悬以科条。定其资历。凡不历都督刺史。虽有高第者。不得入为侍郎列卿。不历县令有善政者。亦不得入为台郎给舍郎。虽远处都督刺史。至于县令。以次差降。以为出入。亦不得十年频任京职。又不得十年尽任外官。如此设科。以救其失。则内外通理。万姓获宁。如积习为常。遂其私计。陛下独宵衣旰食。天下亦未之理也。又古之选用贤良。取其称职。或遥闻而辟召。或一见而任之。是以士修素行。不图侥倖。群小不逮。亦用息心。以故奸伪自止。流品不杂。今天下未必理于上古。而事务日倍于前。诚为不正其本。而设巧于末。所谓末者。吏部条章。动盈千百。刀笔之吏。辨析毫釐。节制抢攘。溺于文墨。胥徒之猾。又缘隙而起。臣以为始造簿书。以备用人之遗亡耳。今反求精于案牍。不急于人才。亦何异遗剑中流。而刻舟以纪。去之弥远。可为伤心。凡有称吏部之能者。则曰从县尉与主簿。从主簿与县丞。斯选曹执文而善知官次者也。惟据其合与不合。不论贤与不肖。大略如此。岂不谬哉。陛下若不以吏部尚书侍郎为贤。必不授以职事。尚书侍郎既以贤而受委。岂复不能知人。知人之难。虽自古所慎。而拔十得五。其道可行。今则执以格条。贵于谨守。幸其心能自觉者。每选于所拔亦有三人五人。若又专固者。则亦一人不拔。据资配职。自以为能。为官择人。初无此意。故使时人有平配之议。官曹无得贤之实。朱紫同色。清浊不分。是于圣朝。有何裨益。故臣以为选部之法。弊于不变。变法之易。在陛下焕然行之。假如今之铨衡。欲自为意。亦限行之已久。动必见疑。遂用因循。益为浮薄。今若刺史县令。精覈其人。即每年当管之内。应有合选之色。先委考其才行。堪入品流。然后送台。台又推择。据所用之多少。为州县之殿最。一则州县慎于所举。必取入官之才。二则吏部因其有成。无多庸人之数。纵有不在送者。妄起怨端。且犹分谤于外台。不至喧哗于南省。今则每岁选者。动以万计。京师米物。为之空虚。岂多士若斯。盖渝滥至此。而欲仍旧致理。难于改制。祗益文法烦碎。贤愚浑杂。就中以一诗一判。定其是非。适使贤人君子。从此遗逸。斯亦明代之缺政。有识者之所叹息也。夫天下虽广。朝廷虽众。而士之名贤。诚可知也。若使毁誉相乱。听受不明。事将已矣。无复可说。如知其贤能。各有品第。每一官缺。而不以次用之。则是知而不为。焉用彼相。借如诸司清要之职。当用第一之人。及其要官阙时。或以下等叨进。以故时议无高无下。惟论得与不得。自然清议不立。名节不修。上善则守志而后时。中人则躁求而易操。其故何哉。朝廷若以令名而进人。士子亦以修名而获利。而利之所出。众则趋焉。已而名利不出于清修。所趣多归于人事。其小者苟求辄得。一变而至阿私。其大者许以分义。再变而成朋党。斯并教化渐渍。使之必然。故于用人之际。不可不第高下。若高下有次。不可妄干。天下士流。必刻意修饰。思齐日众。刑政日清。此皆兴衰之大端。焉可不察。易曰。履霜坚冰至。言圣人之见。终始之徵矣。臣今所言上刺史县令等事。一皆指实。纵臣所欲变法。不合时宜。伏望更发睿图。及询于执事。作为长算。振此颓风。使官修其方。人受其福。天下幸甚。伏惟陛下聪明神武。动以圣断。正当可为之运。未行反本之法。微臣企竦。窃有所望。伏愿少留宸眷。稍览愚诚。必无可施行。弃之非晚。不胜尘露裨补之诚。","顾建国《张九龄年谱》中国社会科学出版社，2005年版 第65页",,,,"杨洁"
"唐","张九龄","玄宗开元三年乙卯","715",,,"38","","京畿道","京兆府",,,"陕西","西安市",,"108.946306","34.347436","宣议郎、左拾遗","春夏间，在紫微省与紫微侍郎苏颋等雅集赏花，得赋芍药诗","苏颋","《苏侍郎紫薇庭各赋一物得芍药》","Poem","苏侍郎紫薇庭各赋一物得芍药
仙禁生红药，微芳不自持。幸因清切地，还遇艳阳时。名见桐君箓，香闻郑国诗。孤根若可用，非直爱华滋。","顾建国《张九龄年谱》中国社会科学出版社，2005年版 第65页",,,,"杨洁"
"唐","张九龄","玄宗开元三年乙卯","715",,,"38","","京畿道","京兆府",,,"陕西","西安市",,"108.946306","34.347436","宣议郎、左拾遗","夏有诗","","《和崔黄门寓直夜听蝉之作》","Poem","和崔黄门寓直夜听蝉之作
蝉嘶玉树枝，向夕惠风吹。幸入连宵听，应缘饮露知。思深秋欲近，声静夜相宜。不是黄金饰，清香徒尔为。","顾建国《张九龄年谱》中国社会科学出版社，2005年版 第80页",,,,"杨洁"
"唐","张九龄","玄宗开元三年乙卯","715",,,"38","","京畿道","京兆府",,,"陕西","西安市",,"108.946306","34.347436","宣议郎、左拾遗","是年秋，和苏颋一起聚，又有诗","苏颋","《和苏侍郎小园夕霁寄诸弟》","Poem","和苏侍郎小园夕霁寄诸弟
清风阊阖至，轩盖承明归。云月爱秋景，林堂开夜扉。何言兼济日，尚与宴私违。兴逐蒹葭变，文因棠棣飞。人伦用忠孝，帝德已光辉。赠弟今为贵，方知陆氏微。","顾建国《张九龄年谱》中国社会科学出版社，2005年版 第65页",,,,"杨洁"
"唐","张九龄","玄宗开元三年乙卯","715","10",,"38","","京畿道","京兆府",,,"陕西","西安市",,"108.946306","34.347436","宣议郎、左拾遗","十月，应尚书左丞源乾曜所托，撰序","源乾曜","《故中散大夫并州孟县令崔府君夫人源氏墓志铭并序》","Article","","顾建国《张九龄年谱》中国社会科学出版社，2005年版 第65页",,,,"杨洁"
"唐","张九龄","玄宗开元三年乙卯","715","11",,"38","","京畿道","京兆府",,,"陕西","西安市",,"108.946306","34.347436","宣议郎、左拾遗","十一月，随侍玄宗幸新丰温汤途中，有和黄门监卢怀慎望秦始皇陵诗","唐玄宗，卢怀慎","《和黄门卢监望秦始皇陵》","Poem","和黄门卢监望秦始皇陵
秦帝始求仙，骊山何遽卜。中年既无效，兹地所宜复。徒役如雷奔，珍怪亦云蓄。黔首无寄命，赭衣相追逐。人怨神亦怒，身死宗遂覆。土崩失天下，龙斗入函谷。国为项籍屠，君同华元戮。始掘既由楚，终焚乃因牧。上宰议扬贤，中阿感桓速。一闻过秦论，载怀空杼轴。","顾建国《张九龄年谱》中国社会科学出版社，2005年版 第65页",,,,"杨洁"
"唐","张九龄","玄宗开元三年乙卯","715",,,"38","","京畿道","京兆府",,,"陕西","西安市",,"108.946306","34.347436","宣议郎、左拾遗","本年底，赴故刑部尚书李日知葬礼，有诗哀挽之","李日知","《故刑部李尚书挽歌词三首》","Poem","故刑部李尚书挽词三首 其一
仙宗出赵北，相业起山东。明德尝为礼，嘉谋屡作忠。论经白虎殿，献赋甘泉宫。与善今何在？苍生望已空。
故刑部李尚书挽词三首 其二
宿昔三台践，荣华驷马归。印从青琐拜，翰入紫宸挥。题剑恩方重，藏舟事已非。龙门不可望，感激涕沾衣。
故刑部李尚书挽词三首 其三
永叹常山宝，沈埋京兆阡。同盟会五月，华表记千年。渺漫野中草，微茫空里烟。共悲人事绝，唯对杜陵田。","顾建国《张九龄年谱》中国社会科学出版社，2005年版 第65页",,,,"杨洁"
"唐","张九龄","玄宗开元三年乙卯","715",,,"38","","京畿道","京兆府",,,"陕西","西安市",,"108.946306","34.347436","宣议郎、左拾遗","是年有诗当做与此","","《答陈拾遗赠竹簪》","Poem","答陈拾遗赠竹簪
与君尝此志，因物复知心。遗我龙钟节，非无玳瑁簪。幽素宜相重，雕华岂所任。为君安首饰，怀此代兼金。","顾建国《张九龄年谱》中国社会科学出版社，2005年版 第65页",,,,"杨洁"
"唐","张九龄","玄宗开元三年乙卯","715",,,"38","","京畿道","京兆府",,,"陕西","西安市",,"108.946306","34.347436","宣议郎、左拾遗","是年有诗当做与此","","《送姚评事入蜀各赋一物得卜肆》","Poem","送姚评事入蜀各赋一物得卜肆
蜀严化已久，沈冥空所思。尝闻卖卜处，犹忆下帘时。驱传应经此，怀贤倘问之。归来说往事，历历偶心期。","顾建国《张九龄年谱》中国社会科学出版社，2005年版 第65页",,,,"杨洁"
"唐","张九龄","玄宗开元四年","716",,,"39","","京畿道","京兆府",,,"陕西","西安市",,"108.946306","34.347436","宣议郎、左拾遗","为宣议郎，行左拾遗。奏请玄宗复行郊祀礼","唐玄宗","《请行郊礼疏》","Article","","顾建国《张九龄年谱》中国社会科学出版社，2005年版 第70页",,,,"杨洁"
"唐","张九龄","玄宗开元四年","716",,,"39","","京畿道","京兆府",,,"陕西","西安市",,"108.946306","34.347436","宣议郎、左拾遗","为宣议郎，行左拾遗。此日，刑部尚书李乂卒，九龄有挽诗","李乂",,"","","顾建国《张九龄年谱》中国社会科学出版社，2005年版 第70页",,,,"杨洁"
"唐","张九龄","玄宗开元四年","716",,,"39","","京畿道","京兆府",,,"陕西","西安市",,"108.946306","34.347436","宣议郎、左拾遗","为宣议郎，行左拾遗。春有诗","","《登乐游春望书怀》","Poem","登乐游原春望书怀
城隅有乐游，表里见皇州。策马既长远，云山亦悠悠。万壑清光满，千门喜气浮。花间直城路，草际曲江流。凭眺兹为美，离居方独愁。已惊玄发换，空度绿荑柔。奋翼笼中鸟，归心海上鸥。既伤日月逝，且欲桑榆收。豹变焉能及，莺鸣非可求。愿言从所好，初服返林丘。","顾建国《张九龄年谱》中国社会科学出版社，2005年版 第70页",,,,"杨洁"
"唐","张九龄","玄宗开元四年","716",,,"39","","京畿道","京兆府",,,"陕西","西安市",,"108.946306","34.347436","宣议郎、左拾遗","为宣议郎，行左拾遗。有诗","","《登总持寺阁》","Poem","登总持寺阁
香阁起崔嵬，高高沙版开。攀跻千仞上，纷诡万形来。草间商君陌，云重汉后台。山从函谷断，川向斗城回。林里春容变，天边客思催。登临信为美，怀远独悠哉。","顾建国《张九龄年谱》中国社会科学出版社，2005年版 第70页",,,,"杨洁"
"唐","张九龄","玄宗开元四年","716",,,"39","","京畿道","京兆府",,,"陕西","西安市",,"108.946306","34.347436","宣议郎、左拾遗","为宣议郎，行左拾遗。有诗","","《答太常靳博士见赠一绝》","Poem","答太常靳博士见赠一绝
上苑春先入，中园花尽开。唯馀幽径草，尚待日光催。","顾建国《张九龄年谱》中国社会科学出版社，2005年版 第70页",,,,"杨洁"
"唐","张九龄","玄宗开元四年","716",,,"39","","京畿道","京兆府",,,"陕西","西安市",,"108.946306","34.347436","宣议郎、左拾遗","为宣议郎，行左拾遗。有诗","","《通化门外送别》","Poem","通化门外送别
屡别容华改，长愁意绪微。义将私爱隔，情与故人归。薄宦无时赏，劳生有事机。离魂今夕梦，先绕旧林飞。","顾建国《张九龄年谱》中国社会科学出版社，2005年版 第70页",,,,"杨洁"
"唐","张九龄","玄宗开元四年","716",,,"39","","京畿道","京兆府",,,"陕西","西安市",,"108.946306","34.347436","宣议郎、左拾遗","为宣议郎，行左拾遗。有诗","","《酬通事舍人寓直见示篇中兼起居陆舍人景献》","Poem","酬通事舍人寓直见示篇中兼起居陆舍人景献
轩掖殊清秘，才华固在斯。兴因膏泽洒，情与惠风吹。所美应人誉，何私亦我仪。同声感乔木，比翼谢长离。价以陆生减，贤惭鲍叔知。薄游尝独愧，芳讯乃兼施。此夜金闺籍，伊人琼树枝。飞鸣复何远，相顾幸媞媞。","顾建国《张九龄年谱》中国社会科学出版社，2005年版 第70页",,,,"杨洁"
"唐","张九龄","玄宗开元四年","716",,,"39","","京畿道","京兆府",,,"陕西","西安市",,"108.946306","34.347436","宣议郎、左拾遗","为宣议郎，行左拾遗。本年南归前，有诗","","《眉州康司马挽歌词》","Poem","眉州康司马挽歌词
家受专门学，人称入室贤。刘桢徒有气，管辂独无年。谪去长沙国，魂归京兆阡。从兹匣中剑，埋没罢冲天。","顾建国《张九龄年谱》中国社会科学出版社，2005年版 第70页",,,,"杨洁"
"唐","张九龄","玄宗开元四年","716",,,"39","","京畿道","京兆府",,,"陕西","西安市",,"108.946306","34.347436","宣议郎、左拾遗","为宣议郎，行左拾遗。本年南归前，有诗","","《荥阳君苏氏挽歌词三首》","Poem","故荥阳君苏氏挽歌词三首 其一
门绪公侯列，嫔风诗礼行。松萝方有寄，桃李忽无成。剑去双龙别，雏哀九凤鸣。何言峄山树，还似半心生。
故荥阳君苏氏挽歌词三首 其二
永叹芳魂断，行看草露滋。二宗荣盛日，千古别离时。竟罢生刍赠，空留画扇悲。容车候晓发，何岁是归期。
故荥阳君苏氏挽歌词三首 其三
缟服纷相送，玄扃翳不开。更悲泉火灭，徒见柳车回。旧室容衣奠，新茔拱树栽。唯应月照簟，潘岳此时哀。","顾建国《张九龄年谱》中国社会科学出版社，2005年版 第70页",,,,"杨洁"
"唐","张九龄","玄宗开元四年","716",,,"39","","京畿道","京兆府",,,"陕西","西安市",,"108.946306","34.347436","宣议郎、左拾遗","为宣议郎，行左拾遗。因封章直言，不协时宰，是年秋，以秩满为辞，去官归养。行前，有诗","","《将发还乡示诸弟》","Poem","将发还乡示诸弟
岁阳亦颓止，林意日萧摵。云胡当此时，缅迈复为客。至爱孰能舍，名义来相迫。负德良不赀，输诚靡所惜。一木逢厦构，纤尘愿山益。无力主君恩，宁利客卿璧。去去荣归养，怃然叹行役。","顾建国《张九龄年谱》中国社会科学出版社，2005年版 第70页",,,,"杨洁"
"唐","张九龄","玄宗开元四年","716",,,"39","","山南东道","商州",,,"陕西","商洛市",,"109.94688","33.876525",,"南归途中，有诗","","《商洛山行怀古》","Poem","商洛山行怀古
园绮值秦末，嘉遁此山阿。陈迹向千古，荒途始一过。硕人久沦谢，乔木自森罗。故事昔尝览，遗风今岂讹。泌泉空活活，樵叟独皤皤。是处清晖满，从中幽兴多。长怀赤松意，复忆紫芝歌。避世辞轩冕，逢时解薜萝。盛明今在运，吾道竟如何。","顾建国《张九龄年谱》中国社会科学出版社，2005年版 第70页",,,,"杨洁"
"唐","张九龄","玄宗开元四年","716",,,"39","","山南东道","荆州",,,"湖北","荆州市","江陵县","112.431153","30.048079",,"南归途中，在江陵有诗","","《初发江陵有怀》","Poem","初发江陵有怀
极望涔阳浦，江天渺不分。扁舟从此去，鸥鸟自为群。他日怀真赏，中年负俗纷。适来果微尚，倏尔会斯文。复想金闺籍，何如梦渚云。我行多胜寄，浩思独氛氲。","顾建国《张九龄年谱》中国社会科学出版社，2005年版 第70页",,,,"杨洁"
"唐","张九龄","玄宗开元四年","716",,,"39","","江南西道",,,"湘水","湖南",,,"112.989982","28.118301",,"南归途中，有诗","","《南还湘水言怀》","Poem","南还湘水言怀
拙宦今何有，劳歌念不成。十年乖夙志，一别悔前行。归去田园老，倘来轩冕轻。江间稻正熟，林里桂初荣。鱼意思在藻，鹿心怀食苹。时哉苟不达，取乐遂吾情。","顾建国《张九龄年谱》中国社会科学出版社，2005年版 第70页",,,,"杨洁"
"唐","张九龄","玄宗开元四年","716",,,"39","","江南西道","衡州",,,"湖南","衡阳市","耒阳市","112.866477","26.428096",,"南归途中，有诗","","《耒阳溪夜行》","Poem","","顾建国《张九龄年谱》中国社会科学出版社，2005年版 第70页",,,,"杨洁"
"唐","张九龄","玄宗开元四年","716",,,"39","",,,,,,,,"0","0",,"南归途中，有诗","","《道逢北使题赠京邑亲知》","Poem","道逢北使题赠京邑亲知
征骖稍靡靡，去国方迟迟。路绕南登岸，情摇北上旗。故人怜别日，旅雁逐归时。岁晏无芳草，将何寄所思。","顾建国《张九龄年谱》中国社会科学出版社，2005年版 第70页",,,,"杨洁"
"唐","张九龄","玄宗开元四年","716",,,"39","",,,,,,,,"0","0",,"南归途中，有诗，流露出去意徊徨之矛盾心情","","《南还以诗代书赠京都旧僚》","Poem","南还以诗代书赠京师旧僚
薄宦晨昏阙，尊尊义取斯。穷愁年貌改，寂历尔胡为。不谄词多忤，无容礼益卑。微生尚何有？远迹固其宜。思扰梁山曲，情遥越鸟枝。故园从海上，良友邈天涯。云雨叹一别，川原劳载驰。上惭伯乐顾，中负叔牙知。去国诚寥落，经途弊险巇。岁逢霜雪苦，林属蕙兰萎。欲赠幽芳歇，行悲旧赏移。一从关作限，两见月成规。苒苒穷年籥，行行尽路岐。征鞍税北渚，归帆指南垂。树晚犹葱茜，江寒尚渺㳽。土风从楚别，山水入湘奇。石濑相奔触，烟林更蔽亏。层崖夹洞浦，轻舸汎澄漪。松筱行皆傍，禽鱼动辄随。惜哉边地隔，不与故人窥。畴昔陪鹓鹭，朝阳振羽仪。来音虽寂寞，接景每逶迤。朝罢冥尘事，宾来话酒卮。邀欢逐芳草，结兴选华池。及此风成叹，何时雾可披。自怜无用者，谁念有情离。望美音容阔，怀贤梦想疲。因声达霄汉，持拙守东陂。","顾建国《张九龄年谱》中国社会科学出版社，2005年版 第70页",,,,"杨洁"
"唐","张九龄","玄宗开元四年","716",,,"39","","岭南道","韶州",,,"广东","韶关市",,"113.603757","24.816174",,"秋后，居家赋闲，构筑山池林亭与王履震等有诗唱酬","王履震","《林亭咏》","Poem","林亭咏
穿筑非求丽，幽闲欲寄情。偶怀因壤石，真意在蓬瀛。苔益山文古，池添竹气清。从兹果萧散，无事亦无营。","顾建国《张九龄年谱》中国社会科学出版社，2005年版 第70页",,,,"杨洁"
"唐","张九龄","玄宗开元四年","716",,,"39","","岭南道","韶州",,,"广东","韶关市",,"113.603757","24.816174",,"秋后，居家赋闲，构筑山池林亭与王履震等有诗唱酬","王履震","《林亭寓言》","Poem","林亭寓言
林居逢岁晏，遇物使情多。蘅茝不时与，芬荣奈汝何。更怜篱下菊，无如松上萝。因依自有命，非是隔阳和。","顾建国《张九龄年谱》中国社会科学出版社，2005年版 第70页",,,,"杨洁"
"唐","张九龄","玄宗开元四年","716",,,"39","","岭南道","韶州",,,"广东","韶关市",,"113.603757","24.816174",,"秋后，居家赋闲，构筑山池林亭与王履震等有诗唱酬","王履震","《酬王履震游园林见诒》","Poem","酬王履震游园林见贻
宅生惟海县，素业守郊园。中览霸王说，上徼明主恩。一行罢兰径，数载历金门。既负潘生拙，俄从周任言。逶迤恋轩陛，萧散反丘樊。旧径稀人迹，前池耗水痕。并看芳树老，唯觉敝庐存。自我栖幽谷，逢君翳覆盆。孟轲应有命，贾谊得无冤。江上行伤远，林间偶避喧。地偏人事绝，时霁鸟声繁。独善心俱闭，穷居道共尊。乐因南涧藻，忧岂北堂萱。幽意加投漆，新诗重赠轩。平生徇知己，穷达与君论。","顾建国《张九龄年谱》中国社会科学出版社，2005年版 第70页",,,,"杨洁"
"唐","张九龄","玄宗开元四年","716",,,"39","","岭南道","韶州",,,"广东","韶关市",,"113.603757","24.816174",,"秋后，居家赋闲，有诗唱酬","","《酬王六寒朝见贻》","Poem","酬王六寒朝见诒
贾生流寓日，扬子寂寥时。在物多相背，唯君独见思。渔为江上曲，雪作郢中词。忽枉兼金讯，长怀伐木诗。","顾建国《张九龄年谱》中国社会科学出版社，2005年版 第70页",,,,"杨洁"
"唐","张九龄","玄宗开元四年","716",,,"39","","岭南道","韶州",,,"广东","韶关市",,"113.603757","24.816174",,"九龄在朝曾献状请开大庾岭路，此次告归局韶后，朝廷随即诏委开凿","",,"","","顾建国《张九龄年谱》中国社会科学出版社，2005年版 第70页",,,,"杨洁"
"唐","张九龄","玄宗开元四年","716","11",,"39","","岭南道","韶州",,,"广东","韶关市",,"113.603757","24.816174",,"十一月，九龄以“左拾遗内供奉”的身份奉使开路，不久大庾岭路开通，行可方轨，惠及后人。有序记其事","","《开凿大庾岭路序》","Article","","顾建国《张九龄年谱》中国社会科学出版社，2005年版 第70页",,,,"杨洁"
"唐","张九龄","玄宗开元四年","716","11",,"39","","岭南道","韶州",,,"广东","韶关市",,"113.603757","24.816174",,"十一月，九龄以“左拾遗内供奉”的身份奉使开路，不久大庾岭路开通，行可方轨，惠及后人。有诗记其事","","《自始兴溪夜上赴岭》","Poem","自始兴溪夜上赴岭
尝蓄名山意，兹为世网牵。征途屡及此，初服已非然。日落青岩际，溪行绿筱边。去舟乘月后，归鸟息人前。数曲迷幽嶂，连圻触闇泉。深林风绪结，遥夜客情悬。非梗胡为泛，无膏亦自煎。不知于役者，相乐在何年。","顾建国《张九龄年谱》中国社会科学出版社，2005年版 第70页",,,,"杨洁"
"唐","张九龄","玄宗开元五年","717",,,"40","","岭南道","韶州",,,"广东","韶关市",,"113.603757","24.816174",,"是年居韶州，与王履震和王司马等相过从","王履震，王司马",,"","","顾建国《张九龄年谱》中国社会科学出版社，2005年版 第81页",,,,"杨洁"
"唐","张九龄","玄宗开元五年","717",,,"40","","岭南道","韶州",,,"广东","韶关市",,"113.603757","24.816174",,"是年春，曾陪王司马登薛公逍遥台，有诗并序","王司马","《陪王司马登薛公逍遥台》","Poem","陪王司马登薛公逍遥台
尝闻薛公泪，非直雍门琴。窜逐留遗迹，悲凉见此心。府中因暇豫，江上幸招寻。人事已成古，风流独至今。闲情多感叹，清景暂登临。无复甘棠在，空馀蔓草深。晴光送远目，胜气入幽襟。水去朝沧海，春来换碧林。赋怀湘浦吊，碑想汉川沈。曾是陪游日，徒为梁父吟。","顾建国《张九龄年谱》中国社会科学出版社，2005年版 第81页",,,,"杨洁"
"唐","张九龄","玄宗开元五年","717",,,"40","","岭南道","韶州",,,"广东","韶关市",,"113.603757","24.816174",,"是年春，曾陪王司马登薛公逍遥台，有诗并序","王司马","《陪王司马宴王少府东阁序》","Article","陪王司马宴王少府东阁序
夫道行与废命也。非谋之不臧。命通与塞时也。岂力之为弊。古之君子。推其分。养其和。仲尼得之以弦歌。傅说因之以版筑。至若诗有怨刺之作。骚有愁思之文。求之微言。匪云大雅。王六官志其大者。司马公引而申之。谪居何心。不欲贾生之投吊。穷愁非我。安用虞卿之著书。尝以风月在怀。江山为事。簿领何废。形胜不辜。既好乐而无荒。亦上同而不混。迨乎倚层阁。凭华轩。川泽清明。上悬秋景。岑岭回合。下带溪流。联草树而心摇。际烟氛而目尽。兹邦枕倚。是日登临。岂子虚之过诧。诚仲宣之信美。物色起殊乡之感。谁则无情。而道术得异人之资。吾方有遣。于是旨酒时献。清谈閒发。歌沧浪以放言。咏蟋蟀而伤俭。盖古人之作者。岂异于斯。盍赋诗以扬其美。","顾建国《张九龄年谱》中国社会科学出版社，2005年版 第81页",,,,"杨洁"
"唐","张九龄","玄宗开元五年","717",,,"40","","岭南道","韶州",,,"广东","韶关市",,"113.603757","24.816174",,"是年炎夏，有诗","","《酬王六霁后书怀见示》","Poem","酬王六霁后书怀见示
云雨俱行罢，江天已洞开。炎氛霁后灭，边绪望中来。作骥君垂耳，为鱼我曝鳃。更怜湘水赋，还是洛阳才。","顾建国《张九龄年谱》中国社会科学出版社，2005年版 第81页",,,,"杨洁"
"唐","张九龄","玄宗开元五年","717",,,"40","","岭南道","韶州",,,"广东","韶关市",,"113.603757","24.816174",,"夏秋间，独棹扁舟，适愿寻幽","","《溪行寄王震》","Poem","溪行寄王震
山气朝来爽，溪流日向清。远心何处惬，闲棹此中行。丛桂林间待，群鸥水上迎。徒然适我愿，幽独为谁情。","顾建国《张九龄年谱》中国社会科学出版社，2005年版 第81页",,,,"杨洁"
"唐","张九龄","玄宗开元五年","717",,,"40","","岭南道","韶州",,,"广东","韶关市",,"113.603757","24.816174",,"夏秋间，登楼远眺，即景抒怀","","《晚霁登王六东阁》","Poem","晚霁登王六东阁
试上江楼望，初逢山雨晴。连空青嶂合，向晚白云生。彼美要殊观，萧条见远情。情来不可极，日暮水流清。","顾建国《张九龄年谱》中国社会科学出版社，2005年版 第81页",,,,"杨洁"
"唐","张九龄","玄宗开元五年","717",,,"40","","岭南道","韶州",,,"广东","韶关市",,"113.603757","24.816174",,"夏秋间，登楼远眺，即景抒怀","","《晚憩王少府东阁》","Poem","晚憩王少府东阁
披轩肆流览，云壑见深重。空水秋弥净，林烟晚更浓。坐隅分洞府，檐际列群峰。窈窕生幽意，参差多异容。还惭大隐迹，空想列仙踪。赖此升攀处，萧条得所从。","顾建国《张九龄年谱》中国社会科学出版社，2005年版 第81页",,,,"杨洁"
"唐","张九龄","玄宗开元五年","717",,,"40","","岭南道","韶州",,,"广东","韶关市",,"113.603757","24.816174",,"是年初，督修大庾岭南路。年中路成奏捷","",,"","","熊飞《张九龄年谱新编》花木兰文化出版社2012年版 第41页",,,,"杨洁"
"唐","张九龄","玄宗开元五年","717","9","14","40","","岭南道","韶州",,,"广东","韶关市",,"113.603757","24.816174",,"此日，作有文","王司马","《为王司马祭甄都督文》","Article","为王司马祭甄都督文
维开元五年岁次丁巳九月丁酉朔十四日庚戌。某官谨以清酌之奠。祭于广州都督甄公之灵。惟公禀气异人。为国良臣。资忠秉义。奋翼跃鳞。富贵自取。声名益震。故能北拥旄于元朔。南仗节于朱垠。行部无几。卧理斯属。棠阴在听。䪥歌成曲。下流是仰。长涂反促。始望雨而随车。遽惊风而转烛。呜呼哀哉。甫兹岁首。彤襜载辉。今也秋季。丹旐言归。既寒来而暑往。将物改而人非。驷马不驭。双雁空飞。对平生之气象。咏宿昔之音徽。燕越兮地眇。胡山兮路微。奠肴觞之在席。感徒御以沾衣。呜呼哀哉。尚飨。","顾建国《张九龄年谱》中国社会科学出版社，2005年版 第81页",,,,"杨洁"
"唐","张九龄","玄宗开元五年","717","9","14","40","","岭南道","韶州",,,"广东","韶关市",,"113.603757","24.816174",,"此日，作有文","王司马","《为王司马祭妻父文》","Article","为王司马祭妻父文
维年月朔日。谨具少牢清酌之奠。祭于故某公府君之灵。惟公联华公族。振景天朝。昔也时来。则地分茅土。今也福过。则海变桑田。岂惟魑魅之忧。方为蝼蚁之患。呜呼哀哉。始更荣盛。早睦嘉姻。谬入郤公之选。尝荷戴侯之遇。情契阔而弥积。义流离而益固。公之谪宦。某又犯时。永矣去国。贲然来思。虽穷途之至此。幸邻境之在兹。所忌者法。岂忘于私。闻柝声而密迩。畏书而间之。然犹风烟可冀。翰墨无辍。心巳运于虚舟。迹尚濡于涸辙。骤寒暑之徂谢。纷吉凶之迥穴。京兆之使忽追。广陵之音遽绝。呜呼哀哉。平生多感。自伤千里之心。已矣长辞。徒发九泉之叹。计畴昔之光宠。痛沦亡于旅窜。尝许恤人之孤。况沾爱子之半。谨因遣奠。昭告明灵。心不可卷。德以为馨。匪羞是荐。惟魂是听。遣行人于信宿。空泫目于郊坰。呜呼哀哉。尚飨。","顾建国《张九龄年谱》中国社会科学出版社，2005年版 第81页",,,,"杨洁"
"唐","张九龄","玄宗开元五年","717",,,"40","","岭南道","韶州",,,"广东","韶关市",,"113.603757","24.816174",,"秋与王履震有广州之游","王履震","《与王六履震广州津亭晓望》","Poem","与王六履震广州津亭晓望
明发临前渚，寒来净远空。水纹天上碧，日气海边红。景物纷为异，人情赖此同。乘槎自有适，非欲破长风。","顾建国《张九龄年谱》中国社会科学出版社，2005年版 第81页",,,,"杨洁"
"唐","张九龄","玄宗开元五年","717",,,"40","","岭南道","韶州",,,"广东","韶关市",,"113.603757","24.816174",,"九、十月间，在韶州饯送王司马赴京入计","王司马","《饯王司马入计同用州字》","Poem","饯王司马入计同用洲字
元僚行上计，举饯出林丘。忽望题舆远，空思解榻游。别筵铺柳岸，征棹倚芦洲。独叹湘江水，朝宗向北流。","顾建国《张九龄年谱》中国社会科学出版社，2005年版 第81页",,,,"杨洁"
"唐","张九龄","玄宗开元六年戊午","718",,,"41","",,,,,,,,"0","0","左补阙","春，诏拜左补阙，自韶赴东都。临别之际，有诗记其事","王司马","《和王司马折梅寄京邑昆弟》","Poem","和王司马折梅寄京邑昆弟
离别念同嬉，芬荣欲共持。独攀南国树，遥寄北风时。林惜迎春早，花愁去日迟。还闻折梅处，更有棣华诗。","顾建国《张九龄年谱》中国社会科学出版社，2005年版 第86页",,,,"杨洁"
"唐","张九龄","玄宗开元六年戊午","718",,,"41","",,,,,,,,"0","0","左补阙","春，诏拜左补阙，自韶赴东都。初发有诗记其事","王司马","《初发道中赠王司马兼寄诸公》","Poem","初发道中赠王司马兼寄诸公
昔岁尝陈力，中年退屏居。承颜方弄鸟，放性或观鱼。曾是安疵拙，诚非议卷舒。林园事益简，烟月赏恒馀。不意栖愚谷，无阶奉诏书。湛恩均大造，弱植愧空虚。肃命趋仙阙，侨装抚传车。念行开祖帐，怜别降题舆。谁谓风期许，叨延礼数殊。义沾投分末，情及解携初。追饯扶江介，光辉烛里闾。子云应寂寞，公叔为吹嘘。景物春来异，音容日向疏。川原行稍稳，钟鼓听犹徐。林隔王公舆，云迷班氏庐。恋亲唯委咽，思德更踌躇。徇义当由此，怀安乃阙如。愿酬明主惠，行矣岂徒欤。","顾建国《张九龄年谱》中国社会科学出版社，2005年版 第86页",,,,"杨洁"
"唐","张九龄","玄宗开元六年戊午","718",,,"41","","山南东道","襄州",,"岘山","湖北","襄阳市",,"112.129089","32.014789","左补阙","途经襄阳，登岘山揽胜抒怀","","《登襄阳恨岘山》","Poem","登襄阳岘山
昔年亟攀践，征马复来过。信若山川旧，谁如岁月何。蜀相吟安在，羊公碣已磨。令图犹寂寞，嘉会亦蹉跎。宛宛樊城岸，悠悠汉水波。逶迤春日远，感寄客情多。地本原林秀，朝来烟景和。同心不同赏，留叹此岩阿。","顾建国《张九龄年谱》中国社会科学出版社，2005年版 第86页",,,,"杨洁"
"唐","张九龄","玄宗开元六年戊午","718",,,"41","",,,,,"湖南",,,"112.989982","28.118301","左补阙","春，诏拜左补阙，自韶赴东都。道中有诗记其事","","《江上》","Poem","江上
长林何缭绕，远水复悠悠。尽日馀无见，为心那不愁。忆将亲爱别，行为主恩酬。感激空如此，芳时屡已遒。","顾建国《张九龄年谱》中国社会科学出版社，2005年版 第86页",,,,"杨洁"
"唐","张九龄","玄宗开元六年戊午","718",,,"41","",,,,,"湖南",,,"112.989982","28.118301","秘书少监","此次入京，从湘江入长江取道汉水，经襄阳进京","","《湘中作》","Poem","湘中作
湘流绕南岳，绝目转青青。怀禄未能已，瞻途屡所经。烟屿宜春望，林猿莫夜听。永路日多绪，孤舟天复冥。浮没从此去，嗟嗟劳我形。","熊飞《张九龄年谱新编》花木兰文化出版社2012年版 第44页",,,,"杨洁"
"唐","张九龄","玄宗开元六年戊午","718",,,"41","","江南西道","岳州",,,"湖南","岳阳市",,"113.135679","29.363262","左补阙","过岳阳与时贬岳州的赵冬曦唱和，有诗","赵冬曦","《将至岳阳有怀赵二》","Poem","将至岳阳有怀赵二
湘岸多深林，青冥昼结阴。独无谢客赏，况复贾生心。草色虽云发，天光或未临。江潭非所遇，为尔白头吟。","熊飞《张九龄年谱新编》花木兰文化出版社2012年版 第45页",,,,"杨洁"
"唐","张九龄","玄宗开元六年戊午","718",,,"41","",,,,,,,,"0","0","左补阙","春，诏拜左补阙，自韶赴东都。道中有诗记其事","","《春江晚景》","Poem","春江晚景
江林多秀发，云日复相鲜。征路那逢此，春心益渺然。兴来秪自得，佳气莫能传。薄暮津亭下，馀花满客船。","顾建国《张九龄年谱》中国社会科学出版社，2005年版 第86页",,,,"杨洁"
"唐","张九龄","玄宗开元六年戊午","718",,,"41","","京畿道","京兆府",,,"陕西","西安市",,"108.946306","34.347436","左补阙","登朝后，曾献状","","《论教皇太子状》","Article","论教皇太子状
右。臣伏以皇太子是天下之本。为国之贰。今则睿质渐长。犹在深宫。所与近习者。未必皆正人端士。安于逸乐。久则性成。是以古者明王。恐其若此。虽在赤子。先之以教。必使耆儒硕德。为之师保。故大戴礼云。周成王在襁褓之中。太公为之太师。教之顺也。周公为之太傅。傅其德义。召公为之太保。保其身体。是故成王能圣。周道用康。秦始皇使赵高傅其太子胡亥。因教之以狱。所习者非斩劓人。则夷人之三族也。胡亥即位。秦氏以亡。则明人之性情。莫不由习。若近正人。闻正事。虽欲为恶。固已不忍。若亲近细人。不闻教谕。纵欲行善。犹未知所适。此必然也。胡越之人。生则声同。长则语异。盖声者天然。语者所习。习于胡则胡。习于越则越。故知成于所习。不可不慎。臣伏愿详择典故。徵用名贤。执经劝学。朝夕从事。俾皇太子得于所习。天下幸甚。谨奉状以闻。谨状。","顾建国《张九龄年谱》中国社会科学出版社，2005年版 第86页",,,,"杨洁"
"唐","张九龄","玄宗开元六年戊午","718","10",,"41","","京畿道","京兆府",,,"陕西","西安市",,"108.946306","34.347436","左补阙","十月，应王昊、王旻兄弟之请，为其父故太仆卿王希隽撰写墓志","王昊，王旻","《故太仆卿上柱国华容县男王府君墓志》","Article","故太仆卿上柱国华容县男王府君墓志铭
有周之裔，居海之沂。绪业为永，德音罔违。贻厥谋翼，俾其翰飞。宜哉世祀，亦曰家肥。洎我华容，而今济美。四科冉季，九能鲁史。学匪为人，义如在巳。施于有政，辔之柔矣。雉驯宰邑，鹰扬佐郡。五为刺史，在邦必训。再践太仆，厥庸乃奋。今也则亡，天不可问。神欺永年，礼先远日。合如防墓，开彼滕室。鹤吊人悲，龟言地吉。篆石泉户，与山相毕。","顾建国《张九龄年谱》中国社会科学出版社，2005年版 第86页",,,,"杨洁"
"唐","张九龄","玄宗开元六年戊午","718","12",,"41","","京畿道","京兆府",,,"陕西","西安市",,"108.946306","34.347436","左补阙","十二月，应韦瀚之请，为其父故韶州司马韦府君撰墓志铭","韦瀚","《故韶州司马韦府君墓志铭并序》","Article","故韶州司马韦府君墓志铭
皇矣鼻祖，时维大彭。黻衣作伯，彤弓用征。猗那其后，世济其名。虽公道屈，亦树德声。休烈有素，聿修无忝。言炳身文，礼充物检。行虽欲尽，名不可掩。学古入官，盖取诸渐。参卿彼分，从事穷海。孰云其陋，我惟义在。何适非宜，胡然有待。天曷我欺，人随物改。","顾建国《张九龄年谱》中国社会科学出版社，2005年版 第90页",,,,"杨洁"
"唐","张九龄","玄宗开元七年己未","719",,,"42","","京畿道","京兆府",,,"陕西","西安市",,"108.946306","34.347436","礼部员外郎","由左补阙迁转礼部员外郎，有驳工部尚书宋庆礼谥议","","《驳工部尚书宋庆礼谥议》","Article","","顾建国《张九龄年谱》中国社会科学出版社，2005年版 第91页",,,,"杨洁"
"唐","张九龄","玄宗开元七年己未","719","6",,"42","","京畿道","京兆府",,,"陕西","西安市","蓝田县","109.329839","34.157639","礼部员外郎","是年六月，或曾奉使广州祭南海，途中有诗","","《奉使自蓝田玉山南行》","Poem","奉使自蓝田玉山南行
征骖入云壑，始忆步金门。通籍微躯幸，归途明主恩。匪唯徇行役，兼得慰晨昏。是节暑云炽，纷吾心所尊。海县且悠缅，山邮日骏奔。徒知恶嚣事，未暇息阴论。峣武经陈迹，衡湘指故园。水闻南涧险，烟望北林繁。远霭千岩合，幽声百籁喧。阴泉夏犹冻，阳景昼方暾。懿此高深极，徒令梦想存。盛明期有报，长往复奚言。","顾建国《张九龄年谱》中国社会科学出版社，2005年版 第91页",,,,"杨洁"
"唐","张九龄","玄宗开元七年己未","719",,,"42","",,,,"湘水","湖南",,,"112.989982","28.118301","礼部员外郎","是年，或曾奉使广州祭南海，途中有诗","","《使还湘水》","Poem","使还湘水
归舟宛何处，正值楚江平。夕逗烟村宿，朝缘浦树行。于役已弥岁，言旋今惬情。乡郊尚千里，流目夏云生。","顾建国《张九龄年谱》中国社会科学出版社，2005年版 第91页",,,,"杨洁"
"唐","张九龄","玄宗开元七年己未","719",,,"42","","岭南道","广州",,,"广东","广州市",,"113.270793","23.135308","礼部员外郎","至广州祭南海","",,"","",,,,,
"唐","张九龄","玄宗开元七年己未","719",,,"42","","山南东道","邓州",,,"河南","南阳市",,"112.535009","32.996701","礼部员外郎","北还途中，有诗","","《南阳道中作》","Poem","南阳道中作
登郢属岁阴，及宛懵所适。复闻东汉主，遗此南都迹。佳气蔼厥初，霸图纷在昔。兹邦称贵近，与世尝薰赫。遭遇感风云，变衰空草泽。不识邓公树，犹传阴后石。驱马历闉阇，荆榛翳阡陌。事去物无象，感来心不怿。怀古对穷秋，兴言伤远客。眇默遵岐路，辛勤弊行役。云雁号相呼，林麇走自索。顾忆徇书剑，未尝安枕席。岂暇墨突黔，空持辽豕白。迷复期非远，归欤赏农隙。","顾建国《张九龄年谱》中国社会科学出版社，2005年版 第91页",,,,"杨洁"
"唐","张九龄","玄宗开元七年己未","719",,,"42","","京畿道","京兆府",,,"陕西","西安市",,"108.946306","34.347436","礼部员外郎","是年秋，在京郊参加友人故徐州刺史苏诜的葬礼，并作挽歌词三首寄托哀思","苏诜","《故徐州刺史赠吏部侍郎苏公挽歌词三首》","Poem","故徐州刺史赠吏部侍郎苏公挽歌词三首 其一
韦玄方继相，荀爽复齐名。在贵兼天爵，能贤出世卿。学闻金马诏，神见玉人清。藏壑今如此，为山遂不成。
故徐州刺史赠吏部侍郎苏公挽歌词三首 其二
相如只谢病，子敬忽云亡。岂悟瑶台雪，分彫玉树行。清规留草议，故事在封章。本谓山公启，而今殁始扬。
故徐州刺史赠吏部侍郎苏公挽歌词三首 其三
返葬长安陌，秋风箫鼓悲。奈何相送者，不是平生时。寒影催年急，哀歌助晚迟。宁知建旟罢，丹旐向京师。","顾建国《张九龄年谱》中国社会科学出版社，2005年版 第91页",,,,"杨洁"
"唐","张九龄","玄宗开元七年己未","719",,,"42","","京畿道","京兆府",,,"陕西","西安市",,"108.946306","34.347436","礼部员外郎","本年底，应苏诜太夫人崔氏所请，为“卒哭”而作文","苏诜","《画天尊像铭并序》","Article","画天尊像铭
至哉天京，灾劫不及。上有灵府，圣真所集。彼美孟姜，闻斯洞彰。仙道贵度，我君则亡。猗欤我君，蔚为人杰。命屈金铉，神传玉诀。游魂大素，介福上清。式图元象，永观厥成。","顾建国《张九龄年谱》中国社会科学出版社，2005年版 第91页",,,,"杨洁"
"唐","张九龄","玄宗开元八年","720","1",,"43","","京畿道","京兆府",,,"陕西","西安市",,"108.946306","34.347436","礼部员外郎","为礼部员外郎。正月，有文","","《奉和圣制瑞雪篇》","Poem","奉和圣制瑞雪篇
万年春，三朝日，上御明台旅庭实。初瑞雪兮霏微，俄同云兮蒙密。此时骚切阴风生，先过金殿有馀清。信宿婵娟飞雪度，能使玉人俱掩嫭。皓皓楼前月初白，纷纷陌上尘皆素。昨讶骄阳积数旬，始知和气待迎新。匪惟在人利，曾是扶天意。天意岂云遥，雪下不崇朝。皇情玩无斁，雪委方盈尺。草树纷早荣，京坻宛先积。君恩诚谓何，岁稔复人和。预数斯箱庆，应如此雪多。朝冕旒兮载悦，想籉笠兮农节。倚瑶琴兮或歌，续薰风兮瑞雪。福浸昌，应尤盛，瑞雪年年常感圣。愿以柏梁作，长为柳花咏。","顾建国《张九龄年谱》中国社会科学出版社，2005年版 第96页",,,,"杨洁"
"唐","张九龄","玄宗开元八年","720",,,"43","","京畿道","京兆府",,,"陕西","西安市",,"108.946306","34.347436","礼部员外郎","为礼部员外郎。春末夏初，与大理丞袁公、太府丞田公常诣郊外寻幽访胜，得诗人之兴会","","《尝与大理丞袁公太府丞田公偶诣一所林沼尤胜因并坐其次相得甚欢遂赋诗焉以咏其事》","Poem","尝与大理丞袁公太府丞田公偶诣一所林沼尤胜因并坐其次相得甚欢遂赋诗焉以咏其事
方驾与吾友，同怀不异寻。偶逢池竹处，便会江湖心。夏近林方密，春馀水更深。清华两辉映，闲步亦窥临。蘋藻复佳色，凫鹥亦好音。韶芳媚洲渚，蕙气袭衣襟。萧散皆为乐，裴回从所钦。谓予成夙志，岁晚共抽簪。","顾建国《张九龄年谱》中国社会科学出版社，2005年版 第96页",,,,"杨洁"
"唐","张九龄","玄宗开元八年","720",,,"43","","京畿道","京兆府",,,"陕西","西安市",,"108.946306","34.347436","礼部员外郎","为礼部员外郎。春末夏初，与大理丞袁公、太府丞田公常诣郊外寻幽访胜，得诗人之兴会","","《城南隅山池春中田袁二公盛称其美夏首获赏果会夙言故有此咏》","Poem","城南隅山池春中田袁二公盛称其美夏首获赏果会夙言故有此咏
忆昨闻佳境，驾言寻昔蹊。非惟初物变，亦与旧游暌。幽渚为君说，清晨即我携。途深独睥睨，历险共攀跻。林笋苞青箨，津杨委绿荑。荷香初出浦，草色复缘堤。乐处将鸥狎，谭端用马齐。且言临海郡，兼话武陵溪。异壤风烟绝，空山岩径迷。如何际朝野，从此待金闺。","顾建国《张九龄年谱》中国社会科学出版社，2005年版 第96页",,,,"杨洁"
"唐","张九龄","玄宗开元八年","720","4",,"43","","京畿道","京兆府",,,"陕西","西安市",,"108.946306","34.347436","礼部员外郎","为礼部员外郎。夏四月，与起居舍人蔡孚、万年主簿韩朝宗出游长安南郊杜曲，欢聚于故韦司马别业，受到主人韦澣的热情款待，因序其事","蔡孚，韩朝宗，韦澣","《贺给事尝诣蔡起居郊馆有诗因命同作》","Poem","贺给事尝诣蔡起居郊馆有诗因命同作
记言闻直史，筑室面层阿。岂不承明入，终云幽意多。沈冥高士致，休浣故人过。前岭游氛灭，中林芳气和。兹辰阻佳趣，望美独如何。","顾建国《张九龄年谱》中国社会科学出版社，2005年版 第96页",,,,"杨洁"
"唐","张九龄","玄宗开元八年","720","4",,"43","","京畿道","京兆府",,,"陕西","西安市",,"108.946306","34.347436","礼部员外郎","为礼部员外郎。夏四月，与起居舍人蔡孚、万年主簿韩朝宗出游长安南郊杜曲，欢聚于故韦司马别业，受到主人韦澣的热情款待，因序其事","蔡孚，韩朝宗，韦澣","《韦司马别业集序》","Article","韦司马别业集序
杜城南曲。斯近郊之美者也。背原面川。前峙太一。清渠修竹。左并宜春。山霭下连。溪气中绝。此皆韦公之有也。余固己闻之。开元岁夏四月。猥忝散职。居多放情。跂彼一行。无忘于夙尚。时其七召。果获于前期。乃与起居舍人蔡公万年主簿韩公惠而得朋。欣然命驾。韦公方拭席见待。羞以药物之滋。倚琴相欢。杂以啸歌之韵。清言移景。閒步周林。翻飞自情。俯仰为得。斯亦吾侪之乐事。幸可而同也。扶阳馀庆。磻溪古迹。树留梓漆。器用天成。庭渐芝兰。馨香世袭。斯乃韦氏之懿业。是所为异焉。而韦公尚其同之乐。忘其异之贵。均林栖于服冕。齐鼎食于荣枯。彼未可量。吾见其大。迹继前轨。将为龙以为光。道包远图。岂一邱而一壑。二三君子。相与志之云。","顾建国《张九龄年谱》中国社会科学出版社，2005年版 第96页",,,,"杨洁"
"唐","张九龄","玄宗开元八年","720",,,"43","","京畿道","京兆府",,,"陕西","西安市",,"108.946306","34.347436","礼部员外郎","为礼部员外郎。有文","","《龙门西龛石像铭》","Article","","顾建国《张九龄年谱》中国社会科学出版社，2005年版 第96页",,,,"杨洁"
"唐","张九龄","玄宗开元八年","720","4","7","43","","京畿道","京兆府",,,"陕西","西安市",,"108.946306","34.347436","司勋员外郎","由礼部员外郎转司勋员外郎","",,"","","顾建国《张九龄年谱》中国社会科学出版社，2005年版 第96页",,,,"杨洁"
"唐","张九龄","玄宗开元八年","720",,,"43","","京畿道","京兆府",,,"陕西","西安市",,"108.946306","34.347436","司勋员外郎","春夏间，又有和贺给事郊游诗","",,"","","顾建国《张九龄年谱》中国社会科学出版社，2005年版 第96页",,,,"杨洁"
"唐","张九龄","玄宗开元八年","720",,,"43","","京畿道","京兆府",,,"陕西","西安市",,"108.946306","34.347436","司勋员外郎","本年前后，秋与给事中许景先唱和，有诗","许景先","《和许给事直夜简诸公》","","和许给事中直夜简诸公
未央钟漏晚，仙宇蔼沈沈。武卫千庐合，严扃万户深。左掖知天近，南窗见月临。树摇金掌露，庭徙玉楼阴。他日闻更直，中宵属所钦。声华大国宝，夙夜近臣心。逸兴乘高阁，雄飞在禁林。宁思窃抃者，情发为知音。","熊飞《张九龄年谱新编》花木兰文化出版社2012年版 第52页",,,,"杨洁"
"唐","张九龄","玄宗开元八年","720","11",,"43","","京畿道","京兆府",,,"陕西","西安市",,"108.946306","34.347436","司勋员外郎","为赵令言、赵令则之父故许州长史赵庆逸撰墓志铭并序","赵令言，赵令则","《故许州长史赵公墓志铭并序》","Article","故许州长史赵公墓志铭
猗嗟令德，宽仁合道。景行行止，风流肆好。名取公器，善为身宝。志所以立，政所以宣。入官惟允，莅事其然。是仪是式，不忘不愆。今也终古，后之克祚。子孙禋祀，春秋霜露。茫茫九原，斯焉永慕。","顾建国《张九龄年谱》中国社会科学出版社，2005年版 第96页",,,,"杨洁"
"唐","张九龄","玄宗开元九年辛酉","721","5",,"44","","京畿道","京兆府",,,"陕西","西安市",,"108.946306","34.347436","司勋员外郎","在司勋员外郎任。五月，拟处分举人敕","","《敕处分举人》","Article","敕处分举人
敕。求贤济理。询事考言。务取由衷。以观深识。顷年策试。颇成弊风。所问既不切于时宜。所对亦何关于政事。徒徵隐僻。莫见才明。以此择贤。良未得所。卿等各膺推荐。副朕虚求。宜其悉心。各尽所见。勿复仍旧。空载游词。各宜就食。食讫就试。","顾建国《张九龄年谱》中国社会科学出版社，2005年版 第101页",,,,"杨洁"
"唐","张九龄","玄宗开元九年辛酉","721","10","14","44","","京畿道","京兆府",,,"陕西","西安市",,"108.946306","34.347436","司勋员外郎","在司勋员外郎任。此日，加朝散大夫","",,"","","顾建国《张九龄年谱》中国社会科学出版社，2005年版 第101页",,,,"杨洁"
"唐","张九龄","玄宗开元九年辛酉","721","11",,"44","","京畿道","京兆府",,,"陕西","西安市",,"108.946306","34.347436","司勋员外郎","在司勋员外郎任。此日，为故河南少尹窦敬宾撰碑铭","窦敬宾","《故河南少府窦府君墓碑铭并序》","Article","故河南少尹窦府君墓碑铭
绵绵瓜瓞。少康遗烈。灵则长兮。莫莫葛藟。王孙承祀。世其昌兮。而我实续。如金如玉。载锡光兮。咨亚尹之德。柔嘉维则。扬令闻兮。惟别驾之功。邦国不空。氓胥咏兮。不竞不絿。不刚不柔。以成政兮。德之攸好。神之所劳。实降祥兮。有美有度。曷不允祚。今则亡兮。我著名节。俾无泯灭。惠无疆兮。","顾建国《张九龄年谱》中国社会科学出版社，2005年版 第101页",,,,"杨洁"
"唐","张九龄","玄宗开元十年壬戌","722",,,"45","","京畿道","京兆府",,,"陕西","西安市",,"108.946306","34.347436","司勋员外郎","为司勋员外郎。时张说秉政，对九龄尤亲重之，许为后出词人之冠，并予推奖超拔","张说",,"","","顾建国《张九龄年谱》中国社会科学出版社，2005年版 第105页",,,,"杨洁"
"唐","张九龄","玄宗开元十年壬戌","722","2","17","45","","京畿道","京兆府",,,"陕西","西安市",,"108.946306","34.347436","中书舍人","此日，转中书舍人内供奉。为吏部侍郎姜晦撰祭故人文一篇","姜晦","《为吏部侍郎祭故人文》","Article","为吏部侍郎祭故人文
维开元十年岁次壬戌二月癸酉朔十七日巳丑。吏部侍郎某。谨以清酌脯醢之奠。敬祭故某公之灵。闻夫仁必寿考。所谓神道。善亦庆延。以为信然。今夫子之不福。而圣谟之是愆。孝友纯固。礼让周旋。行所以直。业所以专。诚公才而天假。故官政以日宣。节使是式。朝宿既至。十部称贤。一人思媚。凤凰于彼。云霄以冀。胡然明灵。歼我良懿。呜呼哀哉。夫子之逝。平生之怀。襟抱素合。游处常偕。清风对禁。文石同侪。自兹两掖。殆将一纪。展转清贯。仳离君子。曷其爱而。甫云觏止。正司空之扫第。属荆州之罢市。歘交臂而相失。殷痛心其何巳。今卜兆有日。祖载在庭。飒然象设。寞尔音形。驱白马而何见。瞻素车之巳扃。德音不忘。应甘棠之勿剪。交情乃见。伊黍稷之非馨。呜呼哀哉。尚飨。","顾建国《张九龄年谱》中国社会科学出版社，2005年版 第105页",,,,"杨洁"
"唐","张九龄","玄宗开元十年壬戌","722","闰5",,"45","","京畿道","京兆府",,,"陕西","西安市",,"108.946306","34.347436","中书舍人","本月，与朝臣源乾曜、张嘉贞、宋璟、许景先、袁晖、贺知章、韩休、王翰、崔日用、崔泰之、苏晋、卢从愿、徐知仁、崔禹锡、王光庭、席豫、徐坚、胡皓、王丘等二十人一道，作有奉和圣制送兵部尚书张说赴朔方巡边诗","源乾曜，张嘉贞，宋璟，许景先，袁晖，贺知章，韩休，王翰，崔日用，崔泰之，苏晋，卢从愿，徐知仁，崔禹锡，王光庭，席豫，徐坚，胡皓，王丘","《奉和圣制送尚书燕国公赴朔方》","Poem","奉和圣制送尚书燕国公赴朔方
宗臣事有征，庙算在休兵。天与三台座，人当万里城。朔南方偃革，河右暂扬旌。宠锡从仙禁，光华出汉京。山川勤远略，原隰轸皇情。为奏薰琴唱，仍题宝剑名。闻风六郡伏，计日五戎平。山甫归应疾，留侯功复成。歌钟旋可望，衽席岂难行。四牡何时入？吾君忆履声。","顾建国《张九龄年谱》中国社会科学出版社，2005年版 第105页",,,,"杨洁"
"唐","张九龄","玄宗开元十年壬戌","722","10",,"45","","京畿道","京兆府",,,"陕西","西安市",,"108.946306","34.347436","中书舍人","本月，有序赞狮子","","《狮子赞序》","Article","狮子赞序
夫德之所感者深。物之所怀者远。中国有圣。占候而自来。四夷不王。征伐而难致。故绝域有来贡没羽。诸侯有不入苞茅。举其大凡。不在遐迩。顷有至自南海。厥繇西域。献其方物。而狮子在焉。尔雅所谓狻麑。如虦猫。食虎豹。今之所见。信然绝猛者也。其天骨雄诡。材力杰异。得金精之刚。为毛群之特。仡立不动。而九牛相去。眈视且瞋。则百兽皆伏。所以肉视犀象。孩抚熊罴。其馀琐细。不置牙齿。我天子示柔远之义。国无不庭。有伏猛之威。物无难制。故其受羁绁。伏闲皂。驯而为用。锋莫可当。然吾君所存。义不谓此。盖蛮夷君长。岁时贡献。或殊琛绝赆。实于内府。或异兽奇禽。扰于外囿。皆其觐礼。若中国之贽币。所不辞让。明异方之臣妾。此则非有利物之心。充耳目之玩好。以为怀柔之道。示天地之含容。不其然欤。固无德而称也。义异獒犬。岂劳召公之训。美同赤豹。何关韩侯之诗。凡我侍臣。为之赞云。","顾建国《张九龄年谱》中国社会科学出版社，2005年版 第105页",,,,"杨洁"
"唐","张九龄","玄宗开元十一年癸亥","723",,,"46","","都畿道","河南府",,,"河南","洛阳市",,"112.460033","34.624376","中书舍人","为中书舍人。春正月，随玄宗自洛阳北巡潞州","唐玄宗，张说，苏颋，苗晋卿，张嘉贞",,"","","顾建国《张九龄年谱》中国社会科学出版社，2005年版 第109页",,,,"杨洁"
"唐","张九龄","玄宗开元十一年癸亥","723",,,"46","","河东道","潞州",,,"山西","长治市",,"113.123046","36.201585","中书舍人","为中书舍人。春正月，随玄宗自洛阳北巡潞州","唐玄宗，张说，苏颋，苗晋卿，张嘉贞",,"","","顾建国《张九龄年谱》中国社会科学出版社，2005年版 第109页",,,,"杨洁"
"唐","张九龄","玄宗开元十一年癸亥","723",,,"46","","河东道","太原府",,,"山西","太原市",,"112.55706","37.876885","中书舍人","为中书舍人。春正月，随玄宗自洛阳北巡并州。玄宗作《过晋阳宫》诗，九龄与张说、苏颋均有奉和幸晋阳宫诗","唐玄宗，张说，苏颋，苗晋卿，张嘉贞","《奉和圣制幸晋阳宫》","Poem","奉和圣制幸晋阳宫
隋季失天策，万方罹凶残。皇祖称义旗，三灵皆获安。圣期将申锡，王业成艰难。盗移未改命，历在终履端。彼汾惟帝乡，雄都信郁盘。一月朔巡狩，群后陪清銮。霸迹在沛庭，旧仪睹汉官。唐风思何深，舜典敷更宽。户蒙枌榆复，邑争牛酒欢。缅惟剪商后，岂独微禹叹。三后既在天，万年斯不刊。尊祖实我皇，天文皆仰观。","顾建国《张九龄年谱》中国社会科学出版社，2005年版 第109页",,,,"杨洁"
"唐","张九龄","玄宗开元十一年癸亥","723",,,"46","","河东道",,,"太行山",,,,"0","0","中书舍人","为中书舍人。春正月，随玄宗登太行山，与张说、苏颋、苗晋卿、张嘉贞等群臣均有奉和言志诗","唐玄宗，张说，苏颋，苗晋卿，张嘉贞","《奉和圣制早登太行率尔言志》","Poem","奉和圣制早登太行山率尔言志
孟月摄提贞，乘时我后征。晨严九折度，暮戒六军行。日御驰中道，风师卷太清。戈鋋林表出，组练雪间明。动植希皇豫，高深奉睿情。陪游七圣列，望幸百神迎。气色烟犹喜，恩光草尚荣。之罘称万岁，今此复同声。","顾建国《张九龄年谱》中国社会科学出版社，2005年版 第109页",,,,"杨洁"
"唐","张九龄","玄宗开元十一年癸亥","723","2",,"46","","河东道","汾州",,,"山西","吕梁市","汾阳市","111.794367","37.27111","中书舍人","为中书舍人。本月，随驾自太原南还晋州途中，出汾州雀鼠谷，张说献诗，玄宗和答。九龄与随行群臣苏颋、王丘、袁晖、崔翘、王光庭、席豫、梁升卿、赵冬曦、徐安贞等皆有应制诗","唐玄宗，张说，苏颋，王丘，袁晖，崔翘，王光庭，席豫，梁升卿，赵冬曦，徐安贞","《奉和圣制同二相南出雀鼠谷》","Poem","奉和圣制同二相南出雀鼠谷
设险诸侯地，承平圣主巡。东君朝二月，南旆拥三辰。寒出重关尽，年随行漏新。瑞云丛捧日，芳树曲迎春。舞咏先驰道，恩华及从臣。汾川花鸟意，并奉属车尘。","顾建国《张九龄年谱》中国社会科学出版社，2005年版 第109页",,,,"杨洁"
"唐","张九龄","玄宗开元十一年癸亥","723","3",,"46","","河东道","河中府",,,"山西","运城市","永济市","110.454307","34.872892","中书舍人","为中书舍人。本月，随驾自河东归秦，途经蒲州，有奉和圣制早度蒲津关诗","唐玄宗","《奉和圣制早度蒲津关》","Poem","奉和圣制早渡蒲津关
魏武中流处，轩皇问道回。长堤春树发，高掌曙云开。龙负王舟渡，人占仙气来。河津会日月，天仗役风雷。东顾重关尽，西驰万国陪。还闻股肱郡，元首咏康哉。","顾建国《张九龄年谱》中国社会科学出版社，2005年版 第109页",,,,"杨洁"
"唐","张九龄","玄宗开元十一年癸亥","723","4","29","46","","京畿道","京兆府",,,"陕西","西安市",,"108.946306","34.347436","中书舍人","为中书舍人。此日，为兵部尚书王晙撰谢平章事表","王晙","《为兵部尚书王晙谢平章事表》","Article","为兵部尚书王晙谢平章事表
臣晙言。伏奉今月二十九日制。授臣兵部尚书同中书门下三品。殊常宠荣。妄集疲朽。承恩窃喜。任重惟忧。臣诚欢诚恐。臣伏以虚受之难。鲁史诫以量力。满盈之过。夏载陈其招损。臣阶缘试吏。际会登朝。遂得入拜尚书。比天之喉舌。出典方镇。为王之爪牙。虽忠烈之诚。心知所竭。而绩用之美。岁久无闻。今陛下不以为愚。寘之庙堂之上。委以军国之谋。实恐鼎足不任。鹈翼为刺。退失微臣之守。上累陛下之明。是以永夕九飞。终朝三省。泉谷为惧。冰炭在怀。道虽愿于将行。位固惭于幸得。臣已有别状。具所让人。犹蒙曲私。未寝严命。方欲俯偻恭命。对扬休光。磨铅效于一割。策蹇同于十驾。臣诚惧尘台席。谬齿国华。将何以允答鸿私。弼谐大化。拜命祗惕。罔知所为。臣不胜荷惧之至。谨奉表谢以闻。臣诚惶诚恐。谨言。","顾建国《张九龄年谱》中国社会科学出版社，2005年版 第109页",,,,"杨洁"
"唐","张九龄","玄宗开元十一年癸亥","723","5","28","46","","京畿道","京兆府",,,"陕西","西安市",,"108.946306","34.347436","中书舍人","此日，加朝请大夫","",,"","","顾建国《张九龄年谱》中国社会科学出版社，2005年版 第109页",,,,"杨洁"
"唐","张九龄","玄宗开元十一年癸亥","723","6",,"46","","京畿道","京兆府",,,"陕西","西安市",,"108.946306","34.347436","中书舍人","本月，有饯王尚书出边诗","","《饯王尚书出边》","Poem","饯王尚书出边
汉相推人杰，殷宗伐鬼方。还闻出将重，坐见即戎良。上策应为豫，中权且用光。令申兵气倍，威憺虏魂亡。树比公孙大，城如道济长。夏云登陇首，秋露泫辽阳。武德舒宸眷，文思饯乐章。感恩身既许，激节胆犹尝。祖帐倾朝列，军麾驻道傍。诗人何所咏，尚父欲鹰扬。","顾建国《张九龄年谱》中国社会科学出版社，2005年版 第109页",,,,"杨洁"
"唐","张九龄","玄宗开元十一年癸亥","723",,,"46","","京畿道","京兆府",,,"陕西","西安市",,"108.946306","34.347436","中书舍人","九月前，有谢赐马状一文","","《谢赐马状》","Article","谢赐马状
右。今日高力士奉宣圣旨。赐臣紫骝马一匹。伏以恩覃不次。宠遇非常。有忝股肱之臣。频奉渥洼之赐。况郊坛展礼。尚未奠于九宫。而雨露深恩。反有叨于三接。虽鸣珂喷玉。朝天永代于臣劳。而任重才微。久岁宁酬于圣造。荷负无力。答效何阶。","顾建国《张九龄年谱》中国社会科学出版社，2005年版 第109页",,,,"杨洁"
"唐","张九龄","玄宗开元十一年癸亥","723","9",,"46","","京畿道","京兆府",,,"陕西","西安市",,"108.946306","34.347436","中书舍人","九月，为故驸马都尉观国公杨睿交撰墓志铭并序","杨睿交","《故特进赠兖州都督驸马都尉观国公杨公墓志铭并序》","Article","故特进赠兖州都督驸马都尉观国公杨公墓志铭
岩岩太华，作镇西土。祚我诸杨，降生厥祖。四代而立，为汉元辅。爰及礽裔，克复先古。猗嗟观公，不忝前人。荷天休宠，为国嘉姻。王孙作俪，帝子来嫔。琼敷玉润，辉映纷纶。乃登王朝，乃尊爵秩。禄盈万钟，赋食千室。亦克畏满，亦以戒逸。物更盛衰，时有得失。禀命不融，斯人则亡。天归京兆，地返连冈。吁嗟此室，徽音不忘。","顾建国《张九龄年谱》中国社会科学出版社，2005年版 第109页",,,,"杨洁"
"唐","张九龄","玄宗开元十一年癸亥","723","11",,"46","","京畿道","京兆府",,,"陕西","西安市",,"108.946306","34.347436","中书舍人","本月，奉作南郊乐章二首","","《南郊文武出入舒和之乐》","Poem","南郊文武出入舒和之乐
祝史辞正，人神庆叶。福以德昭，享以诚接。六变云备，百礼斯浃。祀事孔明，祚流万叶。","顾建国《张九龄年谱》中国社会科学出版社，2005年版 第109页",,,,"杨洁"
"唐","张九龄","玄宗开元十一年癸亥","723","11",,"46","","京畿道","京兆府",,,"陕西","西安市",,"108.946306","34.347436","中书舍人","本月，奉作南郊乐章二首","","《南郊太尉酌献武舞作凯安之乐》","Poem","南郊太尉酌献武舞作凯安之乐
馨香惟后德，明命光天保。肃祀崇圣灵，陈信表黄道。玉戚初蹈厉，金匏既静好。介福何穰穰，精诚格穹昊。","顾建国《张九龄年谱》中国社会科学出版社，2005年版 第113页",,,,"杨洁"
"唐","张九龄","玄宗开元十一年癸亥","723","11",,"46","","京畿道","京兆府",,,"陕西","西安市",,"108.946306","34.347436","中书舍人","本月，奉撰南郊赦书","","《南郊赦书》","Article","南郊赦书
门下。朕获主三灵。于今一纪。听政中昃。每不敢康。观书乙夜。将求诸道。顷年已来。每思至理。或远人不率。或嗣岁不登。淳朴未还。惕厉斯在。为人上而惭德。奉天明以畏威。故祝史正辞。必期于陈信。郊丘备礼。将俟于升平。今正宗庙降灵。克开厥后。乾坤交泰。保合太和。麟凤龟龙。元符黄瑞之祉。蛮夷戎狄。梯山航海之琛。莫不日月以闻。道路相属。顾惟不德。当兹休运。钦若昭报。畴咨故实。所以今年献春。恭祠后土。季秋吉日。追崇九庙。采必先于鲁经。稽肆类于虞典。爰因长至。钦谒上元。告受命之元符。昭严配之成绩。大典云备。至诚克展。诸侯骏奔。来于穆之相。百神受职。率咸秩之文。六变已陈。三献斯毕。盖春秋之大事莫先乎祀。王者之盛礼莫重于郊。柴燎克终。感庆罔极。岂予一人之福。亦尔万邦之赖。宜因咸和之际。俾承厚下之泽。可大赦天下。自开元十一年十一月十六日昧爽已前。罪无轻重。巳发觉未发觉。已结正禾结正。系囚见徒。大辟罪已下。咸赦除之。其十恶死罪造伪头首劫贼杀财主。在不赦例。就中仍虑有冤滥者。所司具状送中书门下。尽理详覆奏闻。朕将亲览。其有亡命山泽。挟藏军器。百日不首。复罪如初。敢以赦前事相告言者。以其罪罪之。升坛行事官及供奉官。三品巳上赐爵一级。四品以下加一阶。诸县官并准此。升坛例内外文武官及致仕并前资陪位者。赐勋一转。缘大礼有职掌并押当者。更加一阶。斋郎并放出身。皇亲诸亲陪位未出身者并放选。已出身者赐勋一转。亲王公主各与一子官。三品卫监门黄衣长上飞骑万骑。并仗内杂色人在斋宫宿卫。及诸色人有资劳人。缘大礼有职掌。并流外行署预见大礼者。亦赐勋一转。其充香炉执扇及礼生祝史赞者。赐勋外日选优与处分。兵士宿卫斋宫。并诸色无资劳缘大礼职掌。及京兆府百姓缘南郊祗应者。各免其家一年杂科差。南北卫将军率中郎将宿卫斋宫者。并同升坛例。其诸军节度大使及三都留守。虽不陪位。委寄既重。特宜同升坛官例。百岁老人赐棉帛五段。粟五石。县令至其家存问给付。孝子顺孙。义夫节妇。旌表门闾。终身勿事。已旌表者。量加优恤。诸州百姓。或因逢水旱流寓未安者。宜令所司与朝集使即作赈恤安辑法奏闻。其单贫卫士。番镇久次。令州府长官择灼然者放免番役。征行人家。州县检校。勿使侵欺。碛西镇人。途路悬邈。特宜赐勋一转。鳏寡茕独。亦令州县倍加矜恤。使得存济。元置义仓。救人不足。承前贷百姓粮及种子未纳者。并放免。不得却徵。自古圣帝明王。忠臣烈士。名山大川。并令所管致祭。其已得替官人。并轻累未得处分。非老弱疾病。犹堪处事者。量加收叙。使免失职。其左贬官。非逆人五服内亲。及犯赃贿名教者。所司责勘奏闻。量移近处。其官人有清白政术。堪任刺史县令。及抱器怀才。不求闻达者。州长官其以名荐。宗室中有孝悌才术。为众所知。仍在卑任者。委宗正具以名奏。君臣一体。休戚共焉。朕钦承天命。恭传大宝。盖凭累祖馀业得一之符。亦由群公旧勋不二之力。永言繄赖。其敢忘之。自武德已来实封功臣。知政宰辅。有身无大故。而亡官失爵。子孙沦屈者。所由勘实。具以状闻。存者可畴其官荣。逝者当录其允嗣。使幽明同庆。知有今辰。亚献邠王守礼终献宁王宪各赐物一千匹。捧俎申王撝夹侍岐王范薛王业各赐物七百匹。侍中源乾曜中书令张说兵部尚书同中书门下三品王晙各赐物五百匹。正衣驸马都尉王守一王繇温曦宗正少卿崔澄各赐物三百匹。二王后赐物一百五十匹。坛场使京兆尹孟温礼赐物二百匹。修造羽仪使赐物一百匹。修撰仪注官五品已上赐物一百匹。六品已下赐物七十段。自馀陪位预宴官。一品赐物一百匹。二品三品八十匹。四品五品六十匹。六品七品四十匹。八品九品三十匹。鸿胪诸蕃使与见大礼及在本蕃王侯大酋长。并同宴会例给赐。郡主县主各赐物八十匹。缘大礼数处有职掌者。任于一头从高叙。天下州府赐酺三日。京城五日。任所在百姓村坊宴乐。不得科率聚敛。其有处分未该者。令所司及本使比类奏闻。赦书日行五百里。主者施行。","顾建国《张九龄年谱》中国社会科学出版社，2005年版 第113页",,,,"杨洁"
"唐","张九龄","玄宗开元十二年甲子","724","1","13","47","","京畿道","京兆府",,,"陕西","西安市",,"108.946306","34.347436","中书舍人","为中书舍人。正月十三日，封曲江县开国男，食邑三百户","",,"","","顾建国《张九龄年谱》中国社会科学出版社，2005年版 第114页",,,,"杨洁"
"唐","张九龄","玄宗开元十二年甲子","724","2",,"47","","京畿道","京兆府",,,"陕西","西安市",,"108.946306","34.347436","中书舍人","为中书舍人。本月，有南郊礼毕酺宴应制诗","唐玄宗，张说，宋璟，赵冬曦，崔沔，崔尚，胡皓，王翰","《奉和圣制南郊礼毕酺宴》","Poem","奉和圣制南郊礼毕酺宴
配天昭圣业，率土庆辉光。春发三条路，酺开百戏场。流恩均庶品，纵观聚康庄。妙舞来平乐，新声出建章。分曹日抱戴，赴节凤归昌。幸奏承云乐，同晞湛露阳。气和皆有感，泽厚自无疆。饱德君臣醉，连歌奉柏梁。","顾建国《张九龄年谱》中国社会科学出版社，2005年版 第114页",,,,"杨洁"
"唐","张九龄","玄宗开元十二年甲子","724","2",,"47","","京畿道","京兆府",,,"陕西","西安市",,"108.946306","34.347436","中书舍人","为中书舍人。本月，玄宗赐宰相群臣宴于乐游园并赋诗，九龄与张说、宋璟、赵冬曦、崔沔、崔尚、胡皓、王翰等与宴并有和诗","唐玄宗，张说，宋璟，赵冬曦，崔沔，崔尚，胡皓，王翰","《恩赐乐游园宴》","Poem","恩赐乐游园宴应制
宝筵延厚命，供帐序群公。形胜宜春接，威仪建礼同。晞阳人似露，解愠物从风。朝庆千龄始，年华二月中。辉光遍草木，和气发丝桐。岁岁无为化，宁知乐九功。","顾建国《张九龄年谱》中国社会科学出版社，2005年版 第114页",,,,"杨洁"
"唐","张九龄","玄宗开元十二年甲子","724","3","13","47","","京畿道","京兆府",,,"陕西","西安市",,"108.946306","34.347436","中书舍人","为中书舍人。此日奉拟处分十道朝集使敕文","","《敕处分十道朝集使》","Article","","顾建国《张九龄年谱》中国社会科学出版社，2005年版 第114页",,,,"杨洁"
"唐","张九龄","玄宗开元十二年甲子","724",,,"47","","京畿道","京兆府",,,"陕西","西安市",,"108.946306","34.347436","中书舍人","为中书舍人。春，梓州刺史韦抱贞兄弟诗酒宴集于京郊曲江南亭，九龄等与宴并有和诗","韦抱贞兄弟","《和韦尚书答梓州兄南亭宴集》","Poem","和韦尚书答梓州兄南亭宴集
棠棣闻馀兴，乌衣有旧游。门前杜城陌，池上曲江流。暇日尝繁会，清风咏阻修。始知西峙岳，同气此相求。","顾建国《张九龄年谱》中国社会科学出版社，2005年版 第114页",,,,"杨洁"
"唐","张九龄","玄宗开元十二年甲子","724",,,"47","","京畿道","京兆府",,,"陕西","西安市",,"108.946306","34.347436","中书舍人","为中书舍人。春末夏初，族叔张敬忠调任益州长史前置酒宴，九龄与宴并赋诗践行","张敬忠","《益州长史叔置酒宴别序》","Article","益州长史叔置酒宴别序
天子建五长。守四方。内以承卫京师。外以攘却戎狄。则有持其节制。未十年而历践。抚其封疆。既一行而宁辑。尽在我叔父。备闻于朝廷。昔者吉甫是钦。仲著孝友之德。楚子所畏。趯在诸侯之选。世有实绩。今以美济。俾我张氏。郁彼士林。以媚于一人。以正于四国。岂非德能光大。谋必变通。思古人之获心。施君子之不器。所以前拜小司马。兼拥旄于五命。今为左常侍。仍总戎于三蜀。轨模素远。绰有先路之风声。车服载驰。光被上军之礼命。莫不文茵畅毂。淑旂绥章。啴啴皇皇。途将出于华阳。威己叠乎夜郎。是时也。四序鳞次。属当春夏之交。千里草长。有怀原隰之往。乃辟轩宇。邀宾寮。自髦士而及同姓。由金华而下建礼。或交以道合。岂徒肆好之风。或情以族亲。所谓宗盟之义。龟组交映。肴蓛骈罗。而声欲成文。发中堂之弦管。志在击节。感四座之衣冠。必名义而为言。虽聚散而何有。酒酣相顾。骊歌乃作。白日西下。求壮士之翻车。青山南登。爱忠臣之叱驭。凡我明懿。赋诗饯行。","顾建国《张九龄年谱》中国社会科学出版社，2005年版 第114页",,,,"杨洁"
"唐","张九龄","玄宗开元十二年甲子","724","7",,"47","","京畿道","京兆府",,,"陕西","西安市",,"108.946306","34.347436","中书舍人","为中书舍人。皇后被废，奉拟文","","《废王皇后制》","Article","废王皇后制
门下。朕承五圣之绪。为万国之君。敢以私爱而废至公。内顾而忘鸿业。皇后王氏。天命不佑。华而不实。居上畜虎狼之心。御下甚鹰鹯之迹。造起狱讼。朋扇朝廷。见无将之端。有可讳之恶。焉得敬承宗庙。母仪天下。可废为庶人。就别院安置。刑于家室。有愧昔王。为国大计。盖非获已。布告天下。咸使知闻。","顾建国《张九龄年谱》中国社会科学出版社，2005年版 第114页",,,,"杨洁"
"唐","张九龄","玄宗开元十二年甲子","724","11",,"47","","京畿道","京兆府",,"华山","陕西","渭南市",,"109.516739","34.505687","中书舍人","为中书舍人。扈驾幸东都，沿途有应制经华山诗","","《奉和圣制途经华山》","Poem","奉和圣制途经华山
万乘华山下，千岩云汉中。灵居虽窅密，睿览忽玄同。日月临高掌，神仙仰大风。攒峰势岌岌，翊辇气雄雄。揆物知幽赞，铭勋表圣衷。会应陪玉检，来此告成功。","顾建国《张九龄年谱》中国社会科学出版社，2005年版 第114页",,,,"杨洁"
"唐","张九龄","玄宗开元十二年甲子","724","11",,"47","","京畿道","京兆府",,"潼关","陕西","渭南市",,"109.516739","34.505687","中书舍人","为中书舍人。扈驾幸东都，沿途有奉和圣制渡潼关口号","","《奉和圣制渡潼关口号》","Poem","奉和圣制度潼关口号
嶙嶙故城垒，荒凉空戍楼。在德不在险，方知王道休。","顾建国《张九龄年谱》中国社会科学出版社，2005年版 第114页",,,,"杨洁"
"唐","张九龄","玄宗开元十二年甲子","724","11",,"47","","河东道","虢州",,"函谷关","河南","三门峡市","灵宝市","110.90097","34.523086","中书舍人","为中书舍人。扈驾幸东都，沿途有奉和圣制经函谷关作","","《奉和圣制经函谷关》","Poem","奉和圣制经函谷关作
函谷虽云险，黄河已复清。圣心无所隔，空此置关城。","顾建国《张九龄年谱》中国社会科学出版社，2005年版 第114页",,,,"杨洁"
"唐","张九龄","玄宗开元十二年甲子","724","11",,"47","",,,,,,,,"0","0","中书舍人","为中书舍人。扈驾幸东都，沿途有奉和圣制过王濬墓应制","","《奉和圣制过王濬墓》","Poem","奉和圣制过王浚墓
汉王思钜鹿，晋将在弘农。入蜀举长算，平吴成大功。与浑虽不协，归皓实为雄。孤绩沦千载，流名感圣衷。万乘度荒陇，一顾凛生风。古节犹不弃，今人争效忠。","顾建国《张九龄年谱》中国社会科学出版社，2005年版 第114页",,,,"杨洁"
"唐","张九龄","玄宗开元十二年甲子","724","11",,"47","",,,,,,,,"0","0","中书舍人","为中书舍人。扈驾幸东都，沿途有奉和圣制经河上公庙","","《奉和圣制经河上公庙》","Poem","奉和圣制经河上公庙
昔者河边叟，谁知隐与仙。姓名终不识，章句此空传。迹为坐忘晦，言犹强著诠。精灵竟何所，祠宇独依然。道在纡宸眷，风行动睿篇。从兹化天下，清净复何先。","顾建国《张九龄年谱》中国社会科学出版社，2005年版 第114页",,,,"杨洁"
"唐","张九龄","玄宗开元十二年甲子","724","11",,"47","","都畿道","陕州",,,"河南","三门峡市",,"111.206832","34.778442","中书舍人","为中书舍人。扈驾幸东都，沿途有奉和圣制途次陕州作诗","","《奉和圣制途次陕州作》","Poem","奉和圣制途次陕州作
驰道当河陕，陈诗问国风。川原三晋别，襟带两京同。后殿函关尽，前旌阙塞通。行看洛阳陌，光景丽天中。","顾建国《张九龄年谱》中国社会科学出版社，2005年版 第114页",,,,"杨洁"
"唐","张九龄","玄宗开元十二年甲子","724","12","13","47","","京畿道","河南府",,,"河南","洛阳市",,"112.460033","34.624376","中书舍人","此日，加守中书舍人","",,"","","顾建国《张九龄年谱》中国社会科学出版社，2005年版 第114页",,,,"杨洁"
"唐","张九龄","玄宗开元十二年甲子","724","闰12",,"47","","京畿道","河南府",,,"河南","洛阳市",,"112.460033","34.624376","中书舍人","本月在洛阳撰有文","","《惠庄太子哀册文并序》","Article","惠庄太子哀册文
维开元十二年岁次甲子十二月丁巳朔二十四日庚辰。司徒申王薨于行在所。册谥惠庄太子。旋殡于寝。粤闰十二月二十七日壬午。将陪葬于桥林之柏城。黼幕宵布。羽纛宿设。西序启攒。南首成列。皇帝深天伦之戚。崇后储之礼。拟容卫于青宫。申孔怀于朱邸。爰命史氏。稽于令则。无俾直书。不彰遗德。词臣曰。昊天有命。先后受之。分王子弟。藩卫京师。克荷成宪。罔弗肃祇。懿哉明哲。诞惟神粹。宣慈日闻。孝友天至。道则吻合。迹无自异。性则生知。学兼时习。易微书远。诗言礼立。德必有邻。善如不及。贵而能损。量固难挹。方伯出镇。召南取斯。司徒入掌。郑武其宜。义之所在。政乃克施。物留遗爱。事著成规。西夏息人。东征叶卜。炜炜同辇。皇皇改服。疾搆中路。凶传左毂。宁不慭遗。奄钟斯酷。呜呼哀哉。昔在冲眇。具惟兄弟。四国并封。五王均体。游必连骑。居则同邸。各承爱于含饴。俱受经于置醴。既荏苒而云迈。属殷忧之将启。实定祸于萧墙。遂继明于云陛。虽隔深宫之卫。常洽家人之礼。曷殂谢以痛心。感平生而流涕。呜呼哀哉。爰择茂典。追崇上嗣。表先圣之元良。申友于之褒异。纷卤簿以徒设。俨文物而空备。彼神仪之如在。乃群悲之所萃。周礼从祔。汉茔是陪。先远日而选吉。会同盟以送哀。夜漏尽兮暗室启。庭燎残兮晓挽催。按三校而徐进。将一去而不回。呜呼哀哉。背朱门兮迟迟。驰白骥兮骙骙。野苍茫而助惨。风萧飋而增悲。翩翩兮素盖。寂寂兮画帷。遵旧途而何有。览陈迹以如疑。面都邑兮不入。待陵寝兮有期。惟光仪之永閟。与昭代而长辞。呜呼哀哉。潜清晖于幽穸。召鸿名于美迹。将在皇储之史。岂伊诸侯之策。播遗芳于兰桂。传不朽于金石。谅纪言之在兹。嘉德音之无斁。呜呼哀哉。","顾建国《张九龄年谱》中国社会科学出版社，2005年版 第114页",,,,"杨洁"
"唐","张九龄","玄宗开元十二年甲子","724",,,"47","","京畿道","河南府",,,"河南","洛阳市",,"112.460033","34.624376","中书舍人","本年前后，还为故襄州刺史靳恒撰有遗爱碑并序","靳恒","《故襄州刺史靳公遗爱碑并序》","Article","故襄州刺史靳公遗爱碑铭
英英靳公，宣哲秉彝。为我髦士，作人元龟。倜傥大节，磊落瑰词。人亦有言，天实资之。御史直绳，郎官高选。动必兼遂，能皆再践。纠遏邦慝，弥纶事典。遂及我人，化流樊沔。激厉素风，抑扬善政。约纪为法，急人所病。物故推诚，事匪忘敬。感被于下，仁明在咏。举德不鲜，涉道载深。穆然清风，莫其遗音。繄公既没，厥迹可寻。勒石是图，以慰氓心。","顾建国《张九龄年谱》中国社会科学出版社，2005年版 第114页",,,,"杨洁"
"唐","张九龄","玄宗开元十二年甲子","724",,,"47","","京畿道","河南府",,,"河南","洛阳市",,"112.460033","34.624376","中书舍人","约本年，在洛阳作有序，姑系于此","","《送幽州王长史赴军序》","Article","送幽州王长史赴军序
渔阳。我之巨镇也。慎选军佐。敷求国良。以王公能。有命汝往。底其耕战之事。介于将吏之间。则已声籍天庭。气雄辽碣。鹰扬有日。马首欲东。自名卿大夫。与时髦懿士。莫不激其节而重其迈。结轸连袂。携壶抱琴。留饮极于郊歧。望美延于朔裔者。不可胜数。仲月暄矣。阳时贲若。植物之发芳香。行人之感意气。不曰群萃。岂怀安于鹿豕。不曰垂堂。已载驰于原隰。孰不知西笑之美。况伊岁华。东征之勤。兼彼戎旅。盖乐不遑舍。君人之所难。义不顾私。志士之为用。今之作者。闻而休之。各赋诗一章。以志其善也。","顾建国《张九龄年谱》中国社会科学出版社，2005年版 第114页",,,,"杨洁"
"唐","张九龄","玄宗开元十三年乙丑","725","2",,"48","","都畿道","河南府",,,"河南","洛阳市",,"112.460033","34.624376","中书舍人","在中书舍人任。春二月，玄宗在洛水之滨设宴饯送源光裕等十一位刺史，并作十韵诗赐之。九龄奉命侍宴，有应制诗","唐玄宗，源光裕","《奉和圣制赐诸州刺史以题座右》","Poem","奉和圣制赐诸州刺史以题座右
圣人合天德，洪覆在元元。每劳苍生念，不以黄屋尊。兴化俟群辟，择贤守列藩。得人此为盛，咨岳今复存。降鉴引君道，殷勤启政门。容光无不照，有象必为言。成宪知所奉，致理归其根。肃肃禀玄猷，煌煌戒朱轩。岂徒任遇重，兼尔宴锡繁。载闻励臣节，持答明主恩。","顾建国《张九龄年谱》中国社会科学出版社，2005年版 第131页",,,,"杨洁"
"唐","张九龄","玄宗开元十三年乙丑","725","4",,"48","","京畿道","河南府",,,"河南","洛阳市",,"112.460033","34.624376","中书舍人","在中书舍人任。四月初，张说赴集贤殿上任，玄宗赐宴赋诗，苏颋、张说、徐坚等均有和作，九龄为之序","唐玄宗，苏颋，张说，徐坚","《集贤殿书院奉敕送学士张说上赐宴燕序》","Article","集贤殿书院奉敕送学士张说上赐燕序
集贤殿者。本集仙殿也。上不以惟睿作圣。而犹垂意好学。用相必本于经术。图王亦始于师臣。及乎鸿生硕儒。博闻多识之士。自开元肇建。以迄于今。大用徵集。焕乎广内。而听政馀暇。式燕在兹。忠臣嘉宾。得尽心之所。聪明文思。有光被之德。故下以道亲。上亦欢甚。即于御座。爰发德音。以为候彼神人。事虽千载。传于方士。言固不经。遂改仙为贤。去华务实。且有后命。增其学秩。是以集贤之庭。更为论思之室矣。中书令燕国公。外弼庶绩。以奉沃心之谋。内讲六经。以成润色之业。故得出入华殿。师长翰林。惟帝用臧。固天所赖。拜命之日。荷宠有加。降圣酒之罍。颁御之膳。食以乐侑。人斯德饱。时有侍中安阳公等承恩预焉。学士右散骑常侍东海公等摄职在焉。或卨稷大贤。或泉云诸彦。文王多士。周室以宁。武帝得人。汉家为盛。而高视前古。独不在于今乎。咸可赋诗。以光鸿烈。","顾建国《张九龄年谱》中国社会科学出版社，2005年版 第101页",,,,"杨洁"
"唐","张九龄","玄宗开元十三年乙丑","725","4",,"48","","京畿道","河南府",,,"河南","洛阳市",,"112.460033","34.624376","中书舍人","在中书舍人任。时张说甚重文学之士，九龄与韦述、许景先、袁晖、赵冬曦、孙逖、王翰等常游其门","韦述，许景先，袁晖，赵冬曦，孙逖，王翰",,"","","顾建国《张九龄年谱》中国社会科学出版社，2005年版 第101页",,,,"杨洁"
"唐","张九龄","玄宗开元十三年乙丑","725","9","13","48","","京畿道","河南府",,,"河南","洛阳市",,"112.460033","34.624376","中书舍人","在中书舍人任。此日潞州献瑞应图，玄宗命唤取蕃邸旧僚，问其实事，然后修图，九龄为此撰序","唐玄宗","《圣应图赞并序》","Article","圣应图赞
龙之或跃，泉有何深。神亦成象，化为背禽。淩厉是获，明命则忱。如彼从掾，焉能不沈。","顾建国《张九龄年谱》中国社会科学出版社，2005年版 第101页",,,,"杨洁"
"唐","张九龄","玄宗开元十三年乙丑","725","10","13","48","","河南道","兖州",,"泰山","山东","泰安市",,"117.094893","36.205905","中书舍人","在中书舍人任。此日玄宗东封泰山行次成皋太宗破窦建德处，感而赋诗，九龄等随侍者有和作","唐玄宗","《奉和圣制次成皋先圣擒建德之所》","Poem","奉和圣制次成皋先圣擒建德之所
天命诚有集，王业初惟艰。剪商自文祖，夷项在兹山。地识斩蛇处，河临饮马间。威加昔运往，泽流今圣还。尊祖颂先烈，赓歌安用攀。绍成即我后，封岱出天关。","顾建国《张九龄年谱》中国社会科学出版社，2005年版 第101页",,,,"杨洁"
"唐","张九龄","玄宗开元十三年乙丑","725","10","13","48","","河南道","兖州",,"泰山","山东","泰安市",,"117.094893","36.205905","中书舍人","在中书舍人任。此日奉拟《东封赦书》。九龄获加中散大夫，登封之际，谏张说推恩不及百官，希其改易，未果","张说","《东封赦书》","Article","东封赦书
门下。朕闻天监惟后。后克奉天。既合德以受命。亦推恩而复始。厥初作者。七十二君。道洽迹著。时至符出。皆用事于介邱。升中于上帝。人神之望。盖有以塞之。皇王之序。固可得而言也。朕接统千岁。承光五叶。惟祖宗之德在人。惟天地之灵作主。往有内难。幽赞而集大勋。闻无外虞。守成而缵旧服。未尝不乾乾终日。思与公卿大夫上下叶心。聿求至理。以宏我列圣。其庶几乎馨香。今九有大宁。群氓乐业。时必敬授而不夺。物亦顺成而无夭。懋建皇极。幸致太和。洎乃幽遐。率由感被。戎狄不轨。唯文告而来庭。麟凤已臻。将觉悟而在薮。以故凡百执事。亟言大封。顾惟不德。初欲勿议。伏以先圣储祉。与天同功。荷传符以在今。敢侑神而无报。大节斯在。朕何让焉。遂奉遵高祖太宗之业。宪章乾封之典。时迈东土。柴告岱宗。精意上达。肸蚃来应。信宿行事。云物呈祥。登降之礼斯毕。严配之诚获展。百神群望。莫不怀柔。四方诸侯。莫不来庆。斯事天道之介福。邦家之耿光也。无穷之休祉。岂独在予。非常之惠泽。宜其逮下。可大赦天下。自开元十三年十一月十三日昧爽已前。大辟罪巳下。罪无轻重。巳发觉未发觉。已结正未结正。系囚见徒。咸赦除之。惟十恶死罪。不在此限。流人未达前所者放还。其有挟藏军器。亡命山泽。百日不首。复罪如初。敢以赦前事相告言者。以其罪罪之。内外文武官。三品已上赐爵一等。四品已下加一阶。邠王守礼宁王宪岐王范薛王业各与一子三品官。公主嗣王郡主县主各与一子官。其应文武行从官。加阶之外。并赐勋两转。三卫引驾细引黄衣长上飞骑彍骑。先有武散官者加两阶。未给武散官者各赐勋两转。卫士马主戎车主幕士掌闲供膳太常。及仗内音声人。行署及蕃官□□并别敕杂色定名行从人。亦赐勋两转。缘大礼登山□□□从行事舆脚等官。三品已上特赐一阶。仍与一子□□□已下特赐一阶。仍赐勋两转。量与进改。其四军别□□山宿卫。及诸司上山执当官。三品己上赐爵一等。仍与一子出身。四品已下加一阶。赐勋两转。亦量与进改。其白身人及行署蕃官放蕃选。其山下升坛行事官。三品已上加爵一等。赐勋一转。四品已下加一阶。赐勋一转。选日稍优。诸献官及宿卫斋宫将军率中郎并郎将。并两京留守诸军节度使。并同升坛例。诸有职守押当非升坛例诸有职人加一阶。选日优量。其加阶应入三品五品人非特赐者。并依十一年三月二十八日敕节限。斋郎礼生见任官前资官已上人。并依资量材与处分。未出身者放出身。皇亲别敕承恩陪位者亦准此。诸州岳牧。四府长史。朝觐陪位者。泛阶之外。各赐勋一转。诸方使人及诸州父老宗姓。并从家子孙至岳不得陪位者。并赐勋一转。赐物五段。诸州及兖州道僧至岳见大礼者。并赐物五段。孔子后褎圣侯量才与处分。天下致仕官。各依本品赐一季禄并束帛。其陪位者。仍赐勋一转。诸蕃侯王酋长来会礼者。各加一官。至都节级并与赐物。其入朝留在边军人亦准此。其蕃中祗候衙官刺史县令。并赐物及袍带。突厥可汗小杀等诸国王。守护塞垣。岁月朝贡。并宜赐物。副使将往。侍老年百岁已上者版授下州刺史。妇人版授郡君。年九十巳上者版授上州司马。妇人版授县君。年七十巳上者版授县令。并妇人版级。量赐粟帛。其预见大礼侍老。各别加侍丁一人。孝子顺孙。义夫节妇。旌表门闾。终身勿事。行人之家。及鳏寡茕独。并疾病不能自存者。委州县长官倍加存恤。诸军行有文武散官已上者加一阶。白身者赐散勋一转。欠负官物逋悬租调。并宜放免。其行过州县。供顿劬劳。并贴顿百姓。有杂差科。并车马夫役者。并免一年租赋。兖州免二年租赋。当顿官人始末不绝者。与中上考。仍赐勋一转。朕永惟王业。繄赖旧勋。元首股肱。其犹一体。自武德已来功臣宰辅。或名存王府。遣嗣沈沦。或身无大故。衔屈泉壤。宜令所司访择申理。唐元年六月二十六日立功官人。往属艰难。能尽忠义。今成大礼。何日忘之。宜各与一子出身。无子者任回与周亲之人。有司试策三道。等第收奖。朕躬陟天门。宿斋日观。时属严冬雪后。初夜风寒。朕因露立祈恩。誓欲代人当咎。俯仰之际。顿息霜飙。奠献之晨。变同韶景。诚荷上天垂祐。亦赖灵山吐祥。诗云。无德不报。宜封太山神为天齐王。礼秩加三公一等。宜令所管崇饰祠庙。环山十里。禁其樵采。给近山二十户复。以奉神祠。率土之内。赐酺七日。任于村坊内宴乐。不得聚敛烦劳。其节文有未沾及者。所司比类奏闻。其封祠有数处行事者。从一处叙。赦书日行五百里。主者施行。","顾建国《张九龄年谱》中国社会科学出版社，2005年版 第101页",,,,"杨洁"
"唐","张九龄","玄宗开元十三年乙丑","725","11","14","48","","河南道","兖州",,"泰山","山东","泰安市",,"117.094893","36.205905","中书舍人","在中书舍人任。本月甲午，登封毕，玄宗自泰山归经孔子宅","唐玄宗","《奉和圣制经孔子旧宅》","Poem","奉和圣制经孔子旧宅
孔门太山下，不见登封时。徒有先王法，今为明主思。恩加万乘幸，礼致一牢祠。旧宅千年外，光华空在兹。","顾建国《张九龄年谱》中国社会科学出版社，2005年版 第101页",,,,"杨洁"
"唐","张九龄","玄宗开元十三年乙丑","725","11","16","48","","河南道","兖州",,"泰山","山东","泰安市",,"117.094893","36.205905","中书舍人","在中书舍人任。本月丙申，致祭、赋诗，九龄等有和作","唐玄宗","《故瀛洲司马参军李府君碑铭并序》","Article","","顾建国《张九龄年谱》中国社会科学出版社，2005年版 第101页",,,,"杨洁"
"唐","张九龄","玄宗开元十三年乙丑","725","12",,"48","","河南道","汴州",,,"河南","开封市",,"114.313904","34.802941","中书舍人","在中书舍人任。本月自鲁还次梁宋间，九龄等献状贺太阳不亏","唐玄宗","《贺太阳不亏状》","Article","贺太阳不亏状
右。今月朔太史奏。太阳不亏。据诸家历。皆蚀十分已上。仍带蚀出者。今日日出。百司瞻仰。光景无亏。臣伏以日月之行。值交必蚀。算数先定。理无推移。今朔之辰。应蚀不蚀。陛下闻日有变。斋戒精诚。外宽刑政。内广仁惠。圣德日慎。灾祥自弭。若无表应。何谓大明。臣等不胜感庆之至。谨奉状陈贺以闻。仍望宣付史官。以垂来裔。","顾建国《张九龄年谱》中国社会科学出版社，2005年版 第101页",,,,"杨洁"
"唐","张九龄","玄宗开元十三年乙丑","725","12",,"48","","河南道","宋州",,,"河南","商丘市",,"115.662798","34.420378","中书舍人","在中书舍人任。本月自鲁还次梁宋间","唐玄宗",,"","","顾建国《张九龄年谱》中国社会科学出版社，2005年版 第101页",,,,"杨洁"
"唐","张九龄","玄宗开元十三年乙丑","725","12","20","48","","都畿道","河南府",,,"河南","洛阳市",,"112.460033","34.624376","中书舍人","在中书舍人任。此日还至东都，玄宗酺宴赋诗，九龄等有和作","唐玄宗","《奉和圣制登封礼毕洛城酺宴》","Poem","奉和圣制登封礼毕洛城酺宴
大君毕能事，端扆乐成功。运与千龄合，欢将万国同。汉酺歌圣酒，韶乐舞薰风。河洛荣光遍，云烟喜气通。春华顿觉早，天泽倍知崇。草木皆沾被，犹言不在躬。","顾建国《张九龄年谱》中国社会科学出版社，2005年版 第101页",,,,"杨洁"
"唐","张九龄","玄宗开元十三年乙丑","725",,,"48","","都畿道","京兆府",,,"陕西","西安市",,"108.946306","34.347436","中书舍人","在中书舍人任。本年前后，九龄应少府监、许州刺史李察之托请，为其祖父李仁瞻、父李玄祐撰碑铭并序","李察","《故果州长史李公碑铭并序》","Article","故果州长史李公碑铭
长史英英，作为世程。动合雅度，绰有令名。以之入官，从事而升。以之佐郡，为政孔明。悠悠上天，曷不贵德。终于参佐，孰云邦国。孝孙其昌，馀庆乃彰。宰树苍苍，徽音不忘。","顾建国《张九龄年谱》中国社会科学出版社，2005年版 第101页",,,,"杨洁"
"唐","张九龄","玄宗开元十四年丙寅","726","4","12","49","","京畿道","京兆府",,,"陕西","西安市",,"108.946306","34.347436","中书舍人","在中书舍人任。此日，奉拟停张说中书令制","张说","《停燕国中书令制》","Article","停张说中书令制
特进行尚书右丞相兼中书令燕国公张说。往属艰难。输诚于履险。及兹辅相。润色于告成。而不察细微之人。颇乖周慎之旨。朕略小存大。念旧录功。且法不欲屈。宜罢中枢之任。义亦有在。更崇端揆之荣。宜停中书令。可尚书右丞相。仍将国史于宅修撰。主者施行。","顾建国《张九龄年谱》中国社会科学出版社，2005年版 第132页",,,,"杨洁"
"唐","张九龄","玄宗开元十四年丙寅","726","4","12","49","","京畿道","京兆府",,,"陕西","西安市",,"108.946306","34.347436","中书舍人","在中书舍人任。曾为何给事进亡父所著书《帝国秘录》上表","何给事","《为何给事进亡父所著书表》","Article","为何给事进亡父所著书表
臣言。臣父某官某名。往历枢近。志勤忠益。至于霸王大略。军国要务。事关兴替。言涉箴规。因著十篇。名曰帝图秘箓。将欲献纳。才加撰次。寻属臣私门殃衅。夙遘闵凶。手泽所存。心瞿不忍。遂未奏御。犹在缄縢。二纪及兹。遗言将坠。诚愚臣不克负荷。丕扬休烈。俾亡父之业。圣代莫传。虽忝掖垣。若寘冰谷。伏惟陛下听政中昃。观书乙夜。思上皇而合道。恨古人于同时。而臣亡父所论君臣之际。必欲验之行事。非直垂于空文。诚宜上感宸衷。由没代而匡补。下藏秘府。因圣君以发明。竟未上闻。伏增悲惧。臣不胜感惕之至。谨缮写封进以闻。谨言。","顾建国《张九龄年谱》中国社会科学出版社，2005年版 第132页",,,,"杨洁"
"唐","张九龄","玄宗开元十四年丙寅","726",,,"49","","京畿道","京兆府",,,"陕西","西安市",,"108.946306","34.347436","太常少卿","随后，改任太常少卿","",,"","","顾建国《张九龄年谱》中国社会科学出版社，2005年版 第132页",,,,"杨洁"
"唐","张九龄","玄宗开元十四年丙寅","726","6",,"49","","京畿道","京兆府",,,"陕西","西安市",,"108.946306","34.347436","太常少卿","本月，有奉和圣制烛龙斋祭诗","","《奉和圣制烛龙斋祭》","Poem","奉和圣制烛龙斋祭
上帝临下，鉴亦有光。孰云阴骘，惟圣克彰。六月徂暑，四郊愆阳。我后其勤，告于坛场。精意允溢，群灵鼓舞。蔚兮朝云，沛然时雨。雨我原田，亦既有年。烛龙煌煌，明宗报祀。于以助之，天人帝子。闻诗有训，国风兹始。","顾建国《张九龄年谱》中国社会科学出版社，2005年版 第132页",,,,"杨洁"
"唐","张九龄","玄宗开元十四年丙寅","726","6",,"49","","京畿道","京兆府",,,"陕西","西安市",,"108.946306","34.347436","太常少卿","本月，有奉和圣制喜雨等诗作","","《奉和圣制喜雨》","Poem","奉和圣制喜雨
艰我稼穑，载育载亭。随物应之，曷圣与灵。谓我何凭，惟德之馨。谁云天远，以诚必至。太清无云，羲和顿辔。于斯烝人，瞻彼非觊。阴冥倏忽，沛泽咸洎。何以致之，我后之感。无皋无隰，黍稷黯黯。无卉无木，敷芬黮黤。黄龙勿来，鸣鸟不思。人和年丰，皇心则怡。岂与周宣，云汉徒诗。","顾建国《张九龄年谱》中国社会科学出版社，2005年版 第132页",,,,"杨洁"
"唐","张九龄","玄宗开元十四年丙寅","726",,,"49","",,,,,"湖南",,,"112.989982","28.118301","太常少卿","奉命祭南岳及南海，途中有诗","","《夏日奉使南海在道中作》","Poem","夏日奉使南海在道中作
缅然万里露，赫曦三伏时。飞走逃深林，流烁恐生疵。行李岂无苦，而我方自怡。肃事诚在公，拜庆遂及私。展力惭浅效，衔恩感深慈。且欲汤火蹈，况无鬼神欺。朝发高山阿，夕济长江湄。秋瘴宁我毒，夏水胡不夷。信知道存者，但问心所之。吕梁有出入，乃觉非虚词。","顾建国《张九龄年谱》中国社会科学出版社，2005年版 第132页",,,,"杨洁"
"唐","张九龄","玄宗开元十四年丙寅","726",,,"49","",,,,,"湖南",,,"112.989982","28.118301","太常少卿","奉命祭南岳及南海，途中有诗","","《初入湘中有喜》","Poem","初入湘中有喜
征鞍穷郢路，归棹入湘流。望鸟唯贪疾，闻猿亦罢愁。两边枫作岸，数处橘为洲。却记从来意，翻疑梦里游。","顾建国《张九龄年谱》中国社会科学出版社，2005年版 第132页",,,,"杨洁"
"唐","张九龄","玄宗开元十四年丙寅","726",,,"49","",,,,,"湖南",,,"112.989982","28.118301","太常少卿","奉命祭南岳及南海，途中有诗","","《自湘水南行》","Poem","自湘水南行
落日摧行舫，逶迤洲渚间。虽云有物役，乘此更休闲。暝色生前浦，清晖发近山。中流澹容与，唯爱鸟飞还。","顾建国《张九龄年谱》中国社会科学出版社，2005年版 第132页",,,,"杨洁"
"唐","张九龄","玄宗开元十四年丙寅","726",,,"49","","江南西道","衡州",,"衡山","湖南","衡阳市",,"112.578397","26.899517","太常少卿","祭南岳事毕，谒见名道司马承祯","司马承祯","《祭南岳事毕谒司马道士》","Poem","登南岳事毕谒司马道士
将命祈灵岳，回策诣真士。绝迹寻一径，异香闻数里。分庭八桂树，肃容两童子。入室希把袖，登床愿启齿。诱我弃智诀，迨兹长生理。吸精反自然，鍊药求不死。斯言眇霄汉，顾余婴纷滓。相去九牛毛，惭叹知何已。","顾建国《张九龄年谱》中国社会科学出版社，2005年版 第133页",,,,"杨洁"
"唐","张九龄","玄宗开元十四年丙寅","726",,,"49","","江南西道","衡州",,"衡山","湖南","衡阳市",,"112.578397","26.899517","太常少卿","祭南岳事毕，又与道士生公惬游石窟山等幽居处","生公","《与生公游石窟山》","Poem","与生公游石窟山
探秘孰云远，忘怀复尔同。日寻高深意，宛是神仙中。跻险搆灵室，诡制非人功。潜洞黝无底，殊庭忽似梦。岂如武安凿，自若茅山通。造物良有寄，嬉游乃惬衷。犹希咽玉液，从此升云空。咄咄共携手，泠然且驭风。","顾建国《张九龄年谱》中国社会科学出版社，2005年版 第133页",,,,"杨洁"
"唐","张九龄","玄宗开元十四年丙寅","726",,,"49","","江南西道","衡州",,"衡山","湖南","衡阳市",,"112.578397","26.899517","太常少卿","祭南岳事毕，又与道士生公惬游石窟山等幽居处","生公","《与生公寻幽居处》","Poem","与生公寻幽居处
同方久厌俗，相与事遐讨。及此云山去，窅然岩径好。疑入武陵源，如逢汉阴老。清谐欣有得，幽闲歘盈抱。我本玉阶侍，偶访金仙道。兹焉求卜筑，所过皆神造。岁晚林始敷，日晏崖方杲。不种缘岭竹，岂植临潭草。即途可淹留，随日成黼藻。期为静者说，曾是终焉保。今为简书畏，秖令归思浩。","顾建国《张九龄年谱》中国社会科学出版社，2005年版 第133页",,,,"杨洁"
"唐","张九龄","玄宗开元十四年丙寅","726",,,"49","","岭南道","广州",,,"广东","广州市",,"113.270793","23.135308","太常少卿","复奉使至广州，祭南海","",,"","","顾建国《张九龄年谱》中国社会科学出版社，2005年版 第133页",,,,"杨洁"
"唐","张九龄","玄宗开元十四年丙寅","726",,,"49","","岭南道","韶州",,,"广东","韶关市","曲江区","113.611083","24.688501","太常少卿","公干毕，便道归省，秋初在韶，有诗","","《初发道中寄远》","Poem","初发道中寄远
日夜乡山远，秋风复此时。旧闻胡马思，今听楚猿悲。念别朝昏苦，怀归岁月迟。壮图空不息，常恐发如丝。","顾建国《张九龄年谱》中国社会科学出版社，2005年版 第133页",,,,"杨洁"
"唐","张九龄","玄宗开元十四年丙寅","726",,,"49","","岭南道","韶州",,,"广东","韶关市","曲江区","113.611083","24.688501","太常少卿","公干毕，便道归省，秋初在韶，有诗","","《赴使泷峡》","Poem","赴使泷峡
溪路日幽深，寒空入两嵚。霜清百丈水，风落万重林。夕鸟联归翼，秋猿断去心。别离多远思，况乃岁方阴。","顾建国《张九龄年谱》中国社会科学出版社，2005年版 第133页",,,,"杨洁"
"唐","张九龄","玄宗开元十四年丙寅","726",,,"49","","岭南道","韶州",,,"广东","韶关市","曲江区","113.611083","24.688501","太常少卿","公干毕，便道归省，秋初在韶，有诗","","《与弟游家园》","Poem","与弟游家园
定省荣君赐，来归是昼游。林乌飞旧里，园果让新秋。枝长南庭树，池临北涧流。星霜屡尔别，兰麝为谁幽。善积家方庆，恩深国未酬。栖栖将义动，安得久情留。","顾建国《张九龄年谱》中国社会科学出版社，2005年版 第133页",,,,"杨洁"
"唐","张九龄","玄宗开元十四年丙寅","726",,,"49","","都畿道","河南府",,,"河南","洛阳市",,"112.460033","34.624376","太常少卿","还东都复命后，制授冀州刺史","","《使还都湘东作》","Poem","使还都湘东作
仓庚昨归候，阳鸟今去时。感物遽如此，劳生安可思。养真无上格，图进岂前期。清节往来苦，壮容离别衰。盛明非不遇，弱操自云私。孤楫清川泊，征衣寒露滋。风朝津树落，日夕岭猿悲。牵役而无悔，坐愁秪自怡。当须报恩已，终尔谢尘缁。","顾建国《张九龄年谱》中国社会科学出版社，2005年版 第133页",,,,"杨洁"
"唐","张九龄","玄宗开元十四年丙寅","726",,,"49","","京畿道","京兆府",,,"陕西","西安市",,"108.946306","34.347436","太常少卿","九龄以母年高在乡，上书固请换江南一州以近承庭音。故虽有制授，但九龄实未赴任","",,"","","顾建国《张九龄年谱》中国社会科学出版社，2005年版 第133页",,,,"杨洁"
"唐","张九龄","玄宗开元十四年丙寅","726",,,"49","","京畿道","京兆府",,,"陕西","西安市",,"108.946306","34.347436","太常少卿","是年冬，赵颐贞赴安西都护任，九龄与张说等有诗送之","赵颐贞","《送赵都护赴安西》","Poem","送赵都护赴安西
将相有更践，简心良独难。远图尝画地，超拜乃登坛。戎即昆山序，车同渤海单。义无中国费，情必远人安。他日文兼武，而今栗且宽。自然来月窟，何用刺楼兰。南至三冬晚，西驰万里寒。封侯自有处，征马去啴啴。","顾建国《张九龄年谱》中国社会科学出版社，2005年版 第133页",,,,"杨洁"
"唐","张九龄","玄宗开元十四年丙寅","726",,,"49","","京畿道","京兆府",,,"陕西","西安市",,"108.946306","34.347436","太常少卿","九龄在太常少卿任，对命相学颇有研究，是年前后，作有《百煞经》等论断及歌诀十八篇","","《飞廉煞》","Article","","顾建国《张九龄年谱》中国社会科学出版社，2005年版 第133页",,,,"杨洁"
"唐","张九龄","玄宗开元十四年丙寅","726",,,"49","","京畿道","京兆府",,,"陕西","西安市",,"108.946306","34.347436","太常少卿","九龄在太常少卿任，对命相学颇有研究，是年前后，作有《百煞经》等论断及歌诀十八篇","","《亡神劫煞》","Article","","顾建国《张九龄年谱》中国社会科学出版社，2005年版 第133页",,,,"杨洁"
"唐","张九龄","玄宗开元十四年丙寅","726",,,"49","","京畿道","京兆府",,,"陕西","西安市",,"108.946306","34.347436","太常少卿","九龄在太常少卿任，对命相学颇有研究，是年前后，作有《百煞经》等论断及歌诀十八篇","","《大耗煞歌》","Article","","顾建国《张九龄年谱》中国社会科学出版社，2005年版 第133页",,,,"杨洁"
"唐","张九龄","玄宗开元十四年丙寅","726",,,"49","","京畿道","京兆府",,,"陕西","西安市",,"108.946306","34.347436","太常少卿","九龄在太常少卿任，对命相学颇有研究，是年前后，作有《百煞经》等论断及歌诀十八篇","","《穿心六害歌》","Article","","顾建国《张九龄年谱》中国社会科学出版社，2005年版 第133页",,,,"杨洁"
"唐","张九龄","玄宗开元十四年丙寅","726",,,"49","","京畿道","京兆府",,,"陕西","西安市",,"108.946306","34.347436","太常少卿","九龄在太常少卿任，对命相学颇有研究，是年前后，作有《百煞经》等论断及歌诀十八篇","","《三刑歌》","Article","","顾建国《张九龄年谱》中国社会科学出版社，2005年版 第133页",,,,"杨洁"
"唐","张九龄","玄宗开元十四年丙寅","726",,,"49","","京畿道","京兆府",,,"陕西","西安市",,"108.946306","34.347436","太常少卿","九龄在太常少卿任，对命相学颇有研究，是年前后，作有《百煞经》等论断及歌诀十八篇","","《吞啗煞歌》","Article","","顾建国《张九龄年谱》中国社会科学出版社，2005年版 第133页",,,,"杨洁"
"唐","张九龄","玄宗开元十四年丙寅","726",,,"49","","京畿道","京兆府",,,"陕西","西安市",,"108.946306","34.347436","太常少卿","九龄在太常少卿任，对命相学颇有研究，是年前后，作有《百煞经》等论断及歌诀十八篇","","《流霞煞歌》","Article","","顾建国《张九龄年谱》中国社会科学出版社，2005年版 第133页",,,,"杨洁"
"唐","张九龄","玄宗开元十四年丙寅","726",,,"49","","京畿道","京兆府",,,"陕西","西安市",,"108.946306","34.347436","太常少卿","九龄在太常少卿任，对命相学颇有研究，是年前后，作有《百煞经》等论断及歌诀十八篇","","《返伏吟》","Article","","顾建国《张九龄年谱》中国社会科学出版社，2005年版 第133页",,,,"杨洁"
"唐","张九龄","玄宗开元十四年丙寅","726",,,"49","","京畿道","京兆府",,,"陕西","西安市",,"108.946306","34.347436","太常少卿","九龄在太常少卿任，对命相学颇有研究，是年前后，作有《百煞经》等论断及歌诀十八篇","","《孤辰寡歌》","Article","","顾建国《张九龄年谱》中国社会科学出版社，2005年版 第133页",,,,"杨洁"
"唐","张九龄","玄宗开元十四年丙寅","726",,,"49","","京畿道","京兆府",,,"陕西","西安市",,"108.946306","34.347436","太常少卿","九龄在太常少卿任，对命相学颇有研究，是年前后，作有《百煞经》等论断及歌诀十八篇","","《歌断》","Article","","顾建国《张九龄年谱》中国社会科学出版社，2005年版 第133页",,,,"杨洁"
"唐","张九龄","玄宗开元十四年丙寅","726",,,"49","","京畿道","京兆府",,,"陕西","西安市",,"108.946306","34.347436","太常少卿","九龄在太常少卿任，对命相学颇有研究，是年前后，作有《百煞经》等论断及歌诀十八篇","","《论黄幡豹尾》","Article","","顾建国《张九龄年谱》中国社会科学出版社，2005年版 第133页",,,,"杨洁"
"唐","张九龄","玄宗开元十四年丙寅","726",,,"49","","京畿道","京兆府",,,"陕西","西安市",,"108.946306","34.347436","太常少卿","九龄在太常少卿任，对命相学颇有研究，是年前后，作有《百煞经》等论断及歌诀十八篇","","《红艳煞歌》","Article","","顾建国《张九龄年谱》中国社会科学出版社，2005年版 第133页",,,,"杨洁"
"唐","张九龄","玄宗开元十四年丙寅","726",,,"49","","京畿道","京兆府",,,"陕西","西安市",,"108.946306","34.347436","太常少卿","九龄在太常少卿任，对命相学颇有研究，是年前后，作有《百煞经》等论断及歌诀十八篇","","《阴错阳差歌》","Article","","顾建国《张九龄年谱》中国社会科学出版社，2005年版 第133页",,,,"杨洁"
"唐","张九龄","玄宗开元十四年丙寅","726",,,"49","","京畿道","京兆府",,,"陕西","西安市",,"108.946306","34.347436","太常少卿","九龄在太常少卿任，对命相学颇有研究，是年前后，作有《百煞经》等论断及歌诀十八篇","","《呻吟煞》","Article","","顾建国《张九龄年谱》中国社会科学出版社，2005年版 第133页",,,,"杨洁"
"唐","张九龄","玄宗开元十四年丙寅","726",,,"49","","京畿道","京兆府",,,"陕西","西安市",,"108.946306","34.347436","太常少卿","九龄在太常少卿任，对命相学颇有研究，是年前后，作有《百煞经》等论断及歌诀十八篇","","《总论驾前神煞歌》","Article","","顾建国《张九龄年谱》中国社会科学出版社，2005年版 第133页",,,,"杨洁"
"唐","张九龄","玄宗开元十四年丙寅","726",,,"49","","京畿道","京兆府",,,"陕西","西安市",,"108.946306","34.347436","太常少卿","九龄在太常少卿任，对命相学颇有研究，是年前后，作有《百煞经》等论断及歌诀十八篇","","《总论驾后神煞歌》","Article","","顾建国《张九龄年谱》中国社会科学出版社，2005年版 第133页",,,,"杨洁"
"唐","张九龄","玄宗开元十四年丙寅","726",,,"49","","京畿道","京兆府",,,"陕西","西安市",,"108.946306","34.347436","太常少卿","九龄在太常少卿任，对命相学颇有研究，是年前后，作有《百煞经》等论断及歌诀十八篇","","《地煞赋总断》","Article","","顾建国《张九龄年谱》中国社会科学出版社，2005年版 第133页",,,,"杨洁"
"唐","张九龄","玄宗开元十四年丙寅","726",,,"49","","京畿道","京兆府",,,"陕西","西安市",,"108.946306","34.347436","太常少卿","九龄在太常少卿任，对命相学颇有研究，是年前后，作有《百煞经》等论断及歌诀十八篇","","《百煞经》","Article","","顾建国《张九龄年谱》中国社会科学出版社，2005年版 第133页",,,,"杨洁"
"唐","张九龄","玄宗开元十五年丁卯","727","3","13","50","","京畿道","京兆府",,,"陕西","西安市",,"108.946306","34.347436","洪州刺史","此日，制授持节都督洪州诸军事、守洪州刺史。赴任途中，有酬宋使君见贻诗","","《酬宋宗使君见贻》（陟邻初禀训）","Poem","酬宋使君见诒
陟邻初禀训，献策幸逢时。朝列且云忝，君恩复若兹。庭闱际海曲，轺传荷天慈。顾己欢乌鸟，闻君泣素丝。才明应主召，福善岂神欺。但愿白心在，终然涅不淄。","顾建国《张九龄年谱》中国社会科学出版社，2005年版 第143页",,,,"杨洁"
"唐","张九龄","玄宗开元十五年丁卯","727",,,"50","","江南东道","润州",,,"江苏","镇江市",,"119.431494","32.195688","洪州刺史","道经润州，见皇甫冉十岁便能属文，甚为叹异","皇甫冉",,"","","顾建国《张九龄年谱》中国社会科学出版社，2005年版 第143页",,,,"杨洁"
"唐","张九龄","玄宗开元十五年丁卯","727",,,"50","","江南东道","润州",,,"江苏","南京市",,"118.802891","32.064735","洪州刺史","又经江宁，至玄武湖有诗","","《经江宁览旧迹至玄武湖》","Poem","经江宁览旧迹至玄武湖
南国更数世，北湖方十洲。天清华林苑，日晏景阳楼。果下回仙骑，津傍驻䌽斿。凫鹥喧凤管，荷芰斗龙舟。七子陪诗赋，千人和棹讴。应言在镐乐，不让横汾秋。风俗因纾慢，江山成易由。驹王信不武，孙叔是无谋。佳气日将歇，霸功谁与修。桑田东海变，麋鹿姑苏游。否运争三国，康时劣九州。山虽幕府在，馆岂豫章留。水淀还相阅，菱歌亦故遒。雄图不足问，唯想事风流。","顾建国《张九龄年谱》中国社会科学出版社，2005年版 第143页",,,,"杨洁"
"唐","张九龄","玄宗开元十五年丁卯","727",,,"50","","江南西道","宣州",,,"安徽","马鞍山市","当涂县","118.504404","31.575549","洪州刺史","过当涂，江上遇疾风，有诗","","《江上遇疾风》","Poem","江上遇疾风
疾风江上起，鼓怒扬烟埃。白昼晦如夕，洪涛声若雷。投林鸟铩羽，入浦鱼曝鳃。瓦飞屋且发，帆快樯已摧。不知天地气，何为此喧豗。","顾建国《张九龄年谱》中国社会科学出版社，2005年版 第143页",,,,"杨洁"
"唐","张九龄","玄宗开元十五年丁卯","727",,,"50","","江南西道","宣州",,,"安徽","马鞍山市","当涂县","118.504404","31.575549","洪州刺史","过当涂，江上遇疾风，有寄宣州刺史裴耀卿诗","裴耀卿","《江上使风呈裴宣州》","Poem","江上使风呈裴宣州耀卿
江路与天连，风帆何淼然。遥林浪出没，孤舫鸟联翩。常爱千钧重，深思万事捐。报恩非徇禄，还逐贾人船。","顾建国《张九龄年谱》中国社会科学出版社，2005年版 第143页",,,,"杨洁"
"唐","张九龄","玄宗开元十五年丁卯","727",,,"50","","江南西道","江州",,"庐山","江西","九江市",,"116.007993","29.711328","洪州刺史","过江州，有湖口望庐山瀑布","","《湖口望庐山瀑布》","Poem","湖口望庐山瀑布泉
万丈洪泉落，迢迢半紫氛。奔飞流杂树，洒落出重云。日照虹蜺似，天清风雨闻。灵山多秀色，空水共氤氲。","顾建国《张九龄年谱》中国社会科学出版社，2005年版 第143页",,,,"杨洁"
"唐","张九龄","玄宗开元十五年丁卯","727",,,"50","","江南西道","江州",,"庐山","江西","九江市",,"116.007993","29.711328","洪州刺史","看庐山瀑布，有诗","","《入庐山仰望瀑布》","Poem","入庐山仰望瀑布水
绝顶有悬泉，喧喧出烟杪。不知几时岁，但见无昏晓。闪闪青崖落，鲜鲜白日皎。洒流湿行云，溅沫惊飞鸟。雷吼何喷薄，箭驰入窈窕。昔闻山下蒙，今乃林峦表。物情有诡激，坤元曷纷矫。默然置此去，变化谁能了。","顾建国《张九龄年谱》中国社会科学出版社，2005年版 第143页",,,,"杨洁"
"唐","张九龄","玄宗开元十五年丁卯","727",,,"50","","江南西道","江州",,"庐山","江西","九江市",,"116.007993","29.711328","洪州刺史","过庐山，有诗","","《出为豫章郡途次庐山东岩下》","Poem","出为豫章郡途次庐山东岩下
兹山镇何所，乃在澄湖阴。下有蛟螭伏，上与虹蜺寻。灵仙未始旷，窟宅何其深。双阙出云峙，三宫入烟沈。攀崖犹昔境，种杏非旧林。想像终古迹，惆怅独往心。纷吾婴世网，数载忝朝簪。孤根自靡托，量力况不任。多谢周身防，常恐横议侵。岂匪鹓鸿列，惕如泉壑临。迨兹刺江郡，来此涤尘襟。有趣逢樵客，忘怀狎野禽。栖闲义未果，用拙欢在今。愿言答休命，归事丘中琴。","顾建国《张九龄年谱》中国社会科学出版社，2005年版 第143页",,,,"杨洁"
"唐","张九龄","玄宗开元十五年丁卯","727",,,"50","","江南西道","江州",,"庐山","江西","九江市",,"116.007993","29.711328","洪州刺史","泛舟彭蠡湖上，有诗","","《彭蠡湖上》","Poem","彭蠡湖上
沿涉经大湖，湖流多行泆。决晨趋北渚，逗浦已西日。所适虽淹旷，中流且闲逸。瑰诡良复多，感见乃非一。庐山直阳浒，孤石当阴术。一水云际飞，数峰湖心出。象类何交糺，形言岂深悉。且知皆自然，高下无相恤。","顾建国《张九龄年谱》中国社会科学出版社，2005年版 第143页",,,,"杨洁"
"唐","张九龄","玄宗开元十五年丁卯","727",,,"50","","江南西道","江州",,"庐山","江西","九江市",,"116.007993","29.711328","洪州刺史","自彭蠡湖入江，有诗","","《自彭蠡湖初入江》","Poem","自彭蠡湖初入江
江岫殊空阔，云烟处处浮。上来群噪鸟，中去独行舟。牢落谁相顾，逶迤日自愁。更将心问影，于役复何求。","顾建国《张九龄年谱》中国社会科学出版社，2005年版 第143页",,,,"杨洁"
"唐","张九龄","玄宗开元十五年丁卯","727",,,"50","","江南西道","洪州",,,"江西","南昌市",,"115.864528","28.687675","洪州刺史","初夏，抵洪州任所，因恋内职而赋诗","","《忝官二十年尽在内职及为郡尝积恋因赋诗焉》","Poem","忝官二十年尽在内职及为郡尝积恋因赋诗焉
江流去朝宗，昼夜兹不舍。仲尼在川上，子牟存阙下。圣达有由然，孰是无心者。一郡苟能化，百城岂云寡。爱礼谁为羊，恋主吾犹马。感初时不载，思奋翼无假。闲宇常自闭，沈心何用写。揽衣步前庭，登陴临旷野。白水生迢递，清风寄潇洒。愿言采芳泽，终朝不盈把。","顾建国《张九龄年谱》中国社会科学出版社，2005年版 第143页",,,,"杨洁"
"唐","张九龄","玄宗开元十五年丁卯","727","6",,"50","","江南西道","洪州",,,"江西","南昌市",,"115.864528","28.687675","洪州刺史","本月，亲祭洪州城隍神","","《祭洪州城隍神文》","Article","祭洪州城隍神文
维开元十五年岁次丁卯六月朔壬寅十日辛亥。中散大夫使持节都督洪州诸军事洪州刺史上柱国曲江县开国男张某。谨以清酌脯醢之奠。祭于城隍神之灵。恭惟明神。懿皆潜德。城池是保。民庶是依。精灵以秉。正直攸好。忝牧此都。敢忘在公。道虽隔于幽明。事或同于表里。今水潦所降。亦惟其时。而淫雨不止。恐害嘉谷。谷者人之所以为命。人者神之所以为祀。祀不可以为利。义不可以不福。阖境山川。能致云雨。岂无节制。愿达精诚。以时弭灾。无或失稔。则理人有助。是所望于神明。尚飨。","顾建国《张九龄年谱》中国社会科学出版社，2005年版 第143页",,,,"杨洁"
"唐","张九龄","玄宗开元十五年丁卯","727",,,"50","","江南西道","洪州",,,"江西","南昌市",,"115.864528","28.687675","洪州刺史","又作荔枝赋并序，以寓身世之感","","《荔枝赋并序》","Article","荔枝赋
果之美者。厥有荔枝。虽受气于震方。实禀精于火离。乃作酸于此裔。爰负阳以从宜。蒙休和之所播。涉寒暑而匪亏。下合围以擢本。傍荫亩而抱规。紫纹绀理。黛缃枝。蓊郁霮䨴。环合棽丽。如盖之张。如帷之垂。云烟沃若。孔翠于斯。灵根所盘。不高不卑。陋下泽之沮洳。恶层崖之崄巇。彼前志之或妄。何侧生之见疵。尔其勾芒在辰。凯风入律。肇气含滋。芬敷谧溢。绿穗靡靡。青英苾苾。不丰其华。但甘其实。如有意乎敦本。故微文而妙质。蒂药房而攒萃。皮龙鳞以骈比。肤玉英而含津。色江萍以吐日。朱苞剖。明珰出。炯然数寸。犹不可匹。未玉齿而殆销。虽琼浆而可轶。彼众味之有五。此甘滋之不一。伊醇淑之无算。非精言之能悉。闻者欢而竦企。见者讶而惊仡。心恚可以蠲忿。口爽可以忘疾。且欲神于醴露。何比数于甘橘。援蒲桃而见拟。亦古人之深失。若乃华轩洞开。嘉宾四会。时当燠煜。客或烦愦。而斯果在焉。莫不心侈而体忲。信雕盘之仙液。实玳筵之绮缋。有终食于累百。愈益气而理内。故无厌于所甘。虽不贪而必爱。沈李美而莫取。浮瓜甘而自退。岂一座之所荣。冠四时而为最。夫其贵可以荐宗庙。其珍可以羞王公。亭十里而莫致。门九重兮曷通。山五峤兮白云。江千里兮青枫。何斯美之独远。嗟尔命之不逢。每被销于凡口。䍐获知于贵躬。柿何称乎梁侯。梨何幸乎张公。亦因人之所遇。孰能辨乎其中哉。","顾建国《张九龄年谱》中国社会科学出版社，2005年版 第143页",,,,"杨洁"
"唐","张九龄","玄宗开元十五年丁卯","727",,,"50","","江南西道","洪州",,,"江西","南昌市",,"115.864528","28.687675","洪州刺史","是年在洪州有诗","","《郡江南上别孙侍御》","Poem","郡江南上别孙侍御
云嶂天涯尽，川途海县穷。何言此地僻，忽与故人同。身负邦君弩，情纡御史骢。王程不我驻，离思逐秋风。","顾建国《张九龄年谱》中国社会科学出版社，2005年版 第144页",,,,"杨洁"
"唐","张九龄","玄宗开元十五年丁卯","727",,,"50","","江南西道","洪州",,,"江西","南昌市",,"115.864528","28.687675","洪州刺史","是年在洪州有诗","","《在郡秋怀二首》","Poem","在郡秋怀二首 其一
秋风入前林，萧瑟鸣高枝。寂寞游子思，寤叹何人知。宦成名不立，志存岁已驰。五十而无闻，古人深所疵。平生去外饰，直道如不羁。未得操割效，忽复寒暑移。物情自古然，身退毁亦随。悠悠沧江渚，望望白云涯。露下霜且降，泽中草离披。兰艾若不分，安用馨香为。
在郡秋怀二首 其二
庭芜生白露，岁候感遐心。策蹇惭远途，巢枝思故林。小人恐致寇，终日如临深。鱼鸟好自逸，池笼安所钦。挂冠东都门，采蕨南山岑。议道诚愧昔，览分还惬今。怃然忧成老，空尔白头吟。","顾建国《张九龄年谱》中国社会科学出版社，2005年版 第144页",,,,"杨洁"
"唐","张九龄","玄宗开元十五年丁卯","727",,,"50","","江南西道","洪州",,,"江西","南昌市",,"115.864528","28.687675","洪州刺史","是年在洪州有诗","","《晨坐斋中偶而成咏》","Poem","晨坐斋中偶而成咏
寒露洁秋空，遥山纷在瞩。孤顶乍修耸，微云复相续。人兹赏地偏，鸟亦爱林旭。结念凭幽远，抚躬曷羁束。仰霄谢逸翰，临路嗟疲足。徂岁方暌携，归心亟踯躅。休闲倘有素，岂负南山曲。","顾建国《张九龄年谱》中国社会科学出版社，2005年版 第144页",,,,"杨洁"
"唐","张九龄","玄宗开元十五年丁卯","727",,,"50","","江南西道","洪州",,,"江西","南昌市",,"115.864528","28.687675","洪州刺史","是年在洪州有诗","","《临泛东湖时任洪州》（郡庭日休暇）","Poem","临泛东湖
郡庭日休暇，湖曲邀胜践。乐职在中和，灵心挹上善。乘流坐清旷，举目眺悠缅。林与西山重，云因北风卷。晶明画不逮，阴影镜无辨。晚秀复芬敷，秋光更遥衍。万族纷可佳，一游岂能展。羁孤忝邦牧，顾己非时选。梁公世不容，长孺心亦褊。永念出笼絷，常思退疲蹇。岁徂风露严，日恐兰苕剪。佳辰不可得，良会何其鲜。罢兴还江城，闭关聊自遣。","顾建国《张九龄年谱》中国社会科学出版社，2005年版 第144页",,,,"杨洁"
"唐","张九龄","玄宗开元十五年丁卯","727",,,"50","","江南西道","洪州",,,"江西","南昌市",,"115.864528","28.687675","洪州刺史","是年在洪州有诗","藄毋潜","《同藄毋学士月夜闻雁》","Poem","同綦毋学士月夜闻雁
栖宿岂无意，飞飞更远寻。长途未及半，中夜有遗音。月思关山笛，风号流水琴。空声两相应，幽感一何深。避缴归南浦，离群叫北林。联翩俱不定，怜尔越乡心。","顾建国《张九龄年谱》中国社会科学出版社，2005年版 第144页",,,,"杨洁"
"唐","张九龄","玄宗开元十五年丁卯","727",,,"50","","江南西道","洪州",,,"江西","南昌市",,"115.864528","28.687675","洪州刺史","本年守洪州后，还拜谒了后汉高士徐穉墓，并亲撰碣铭以表景仰之情","","《后汉徴君徐君碣铭并序》","Article","后汉徵君徐君碣铭
灵芝无根，醴泉无源。角立杰出，先生斯存。英英先生，德不可名。麟出无应，鸿飞入冥。道高事远，迹陈名劭。勒石旧邦，以观其妙。","顾建国《张九龄年谱》中国社会科学出版社，2005年版 第144页",,,,"杨洁"
"唐","张九龄","玄宗开元十五年丁卯","727",,,"50","","江南西道","洪州",,,"江西","南昌市",,"115.864528","28.687675","洪州刺史","本年登城南楼有诗","","《秋晚登楼望南江入始兴郡路》","Poem","秋晚登楼望南江入始兴郡路
潦收沙衍出，霜降天宇晶。伏槛一长眺，津途多远情。思来江山外，望尽烟云生。滔滔不自辨，役役且何成。我来飒衰鬓，孰云飘华缨。枥马苦蜷跼，笼禽念遐征。岁阴向晼晚，日夕空屏营。物生贵得性，身累由近名。内顾觉今是，追叹何时平。","顾建国《张九龄年谱》中国社会科学出版社，2005年版 第144页",,,,"杨洁"
"唐","张九龄","玄宗开元十五年丁卯","727",,,"50","","江南西道","洪州",,,"江西","南昌市",,"115.864528","28.687675","洪州刺史","本年登城楼望西山有诗","","《登城楼望西山》","Poem","登城楼望西山作
城楼枕南浦，日夕顾西山。宛宛鸾鹤处，高高烟雾间。仙井今犹在，洪厓久不还。金编莫我授，羽驾亦难攀。檐际千峰出，云中一鸟闲。纵观穷水国，游思遍人寰。勿复尘埃事，归来且闭关。","顾建国《张九龄年谱》中国社会科学出版社，2005年版 第144页",,,,"杨洁"
"唐","张九龄","玄宗开元十五年丁卯","727",,,"50","","江南西道","洪州",,,"江西","南昌市",,"115.864528","28.687675","洪州刺史","本年独处江城有诗","","《郡府中每晨辄见群鹤东飞至暮又行列而返噥唳云路甚和乐焉予愧独处江城常目送此意有所羡遂赋以诗》","Poem","郡中每晨兴辄见群鹤东飞至暮又行列而返哢唳云路甚和乐焉予愧独处江城常目送此意有所羡遂赋以诗
云间有数鹤，抚翼意无违。晓日东田去，烟霄北渚归。欢呼良自适，罗列好相依。远集长江静，高翔众鸟稀。岂烦仙子驭，何畏野人机。却念乘轩者，拘留不得飞。","顾建国《张九龄年谱》中国社会科学出版社，2005年版 第144页",,,,"杨洁"
"唐","张九龄","玄宗开元十五年丁卯","727",,,"50","","江南西道","洪州",,,"江西","南昌市",,"115.864528","28.687675","洪州刺史","本年为毕公撰墓志铭","","《故安南副都护毕公墓志铭并序》","Article","故安南副都护毕公墓志铭
猗欤毕侯，浚源长流。受氏于毕，爰自有周。彼美系载，实惟孙谋。贤哲继轨，斯其远猷。嗟彼懿宗，是生孝友。知实内积，行非外诱。家邦必闻，人伦归厚。微此令德，夫岂善守。亦既从政，厥闻载荣。邑能讼息，郡用礼成。蛮夷慕教，鸱鸮变声。九真副岭，万里扬旌。护彼绝域，义忘险艰。缇律未改，丹旐而还。存没之际，忠孝之间。徽音无泯，篆德兹山。","顾建国《张九龄年谱》中国社会科学出版社，2005年版 第144页",,,,"杨洁"
"唐","张九龄","玄宗开元十五年丁卯","727",,,"50","","江南西道","洪州",,,"江西","南昌市",,"115.864528","28.687675","洪州刺史","本年祭故李长侍，有文","","《祭故李常侍文》","Article","祭故李常侍文
维年月朔日。中散大夫洪州都督张某。谨遣仓曹参军李某。以脯醢之奠。敬祭于故宋国公之灵。惟公代载贤杰。天资忠厚。外圭组而虽华。内冰镜而无垢。善常不伐。明能自晦。省中之树。访犹不言。车前之马。数而后对。淑慎自已。否亨有时。孰能违命。公此来思。结忠主之恋。深去国之悲。六疾斯起。五福云欺。生涯溘尽。精魄何之。呜呼哀哉。追惟曩昔。升降云霄。荣华侍从。炜炜光昭。日欤月欤。有荣有凋。丹旐孑孑。白骥萧萧。同官之感。俾予魂销。灵之来归。兹焉旅次。瞻望无睹。悲辛自至。顷密迩而寄音。今寞然而结欷。南北于远。幽明永异。何以叙情。寄之奠馈。尚飨。","顾建国《张九龄年谱》中国社会科学出版社，2005年版 第144页",,,,"杨洁"
"唐","张九龄","玄宗开元十六年戊辰","728",,,"51","","江南西道","洪州",,,"江西","南昌市",,"115.864528","28.687675","洪州刺史","在洪州刺史任。岁初，抵所属县乡及江州等地巡察","","《巡属县道中作》","Poem","巡属县道中作
春令夙所奉，驾言遵此行。途中却郡掾，林下招村氓。至邑无纷剧，来人但欢迎。岂伊念邦政，尔实在时清。短才滥符竹，弱岁起柴荆。再入江村道，永怀山薮情。矧逢阳节献，默听时禽鸣。迹与素心别，感从幽思盈。流芳日不待，夙志蹇无成。知命且何欲，所图唯退耕。华簪极身泰，衰鬓惭木荣。苟得不可遂，吾其谢世婴。","顾建国《张九龄年谱》中国社会科学出版社，2005年版 第157页",,,,"杨洁"
"唐","张九龄","玄宗开元十六年戊辰","728",,,"51","","江南西道","洪州",,,"江西","南昌市",,"115.864528","28.687675","洪州刺史","在洪州刺史任。有登高安南楼言怀和巡属县道中作等诗","","《岁初巡属县登高安南楼言怀》","Poem","岁初巡属县登高安南楼言怀
山城本孤峻，凭高结层轩。江气偏宜早，林英粲已繁。馀滋含宿霁，众妍在朝暾。拂衣释簿领，伏槛遗纷喧。深俯东溪澳，远延南山樊。归云纳前岭，去鸟投遥村。目尽有馀意，心恻不可谖。朅来彭蠡泽，载经敷浅原。春及但生思，时哉无与言。不才叨过举，唯力酬明恩。美化犹寂蔑，迅节徒飞奔。虽无成立效，庶以去思论。行复徇孤迹，亦云吾道存。","顾建国《张九龄年谱》中国社会科学出版社，2005年版 第157页",,,,"杨洁"
"唐","张九龄","玄宗开元十六年戊辰","728",,,"51","","江南西道","洪州",,,"江西","南昌市",,"115.864528","28.687675","洪州刺史","在洪州刺史任。又应当地民情风俗，在洪州西山祈雨，因有灵验而赋诗","","《洪州西山祈雨是日辄应因赋诗言事》","Poem","洪州西山祈雨是日辄应因赋诗言事
兹山蕴灵异，走望良有归。丘祷虽已久，氓心难重违。迟明申藻荐，先夕旅岩扉。独宿云峰下，萧条人吏稀。我来不外适，幽抱自中微。静入风泉奏，凉生松栝围。穷年滞远想，寸晷阅清晖。虚美怅无属，素情缄所依。诡随嫌弱操，羁束谢贞肥。义济亦吾道，诚存为物祈。灵心倏已应，甘液幸而飞。闭阁且无责，随车安敢希。多惭德不感，知复是耶非。","顾建国《张九龄年谱》中国社会科学出版社，2005年版 第157页",,,,"杨洁"
"唐","张九龄","玄宗开元十六年戊辰","728",,,"51","","江南西道","洪州",,,"江西","南昌市",,"115.864528","28.687675","洪州刺史","在洪州刺史任。藄毋潜再次寄诗问候，九龄亦有诗作酬答","藄毋潜","《在洪州答藄毋学士》","Poem","在洪州答綦毋学士
旬雨不愆期，由来自若时。尔无言郡政，吾岂欲天欺。常念涓尘益，惟欢草树滋。课成非所拟，人望在东菑。","顾建国《张九龄年谱》中国社会科学出版社，2005年版 第157页",,,,"杨洁"
"唐","张九龄","玄宗开元十六年戊辰","728","8",,"51","","江南西道","洪州",,,"江西","南昌市",,"115.864528","28.687675","洪州刺史","在洪州刺史任。本月朝廷诏令《大衍历》颁行后，九龄作颂恭贺","","《开元正历握乾符颂并序》","Article","开元正历握乾符颂
于皇惟后，受命于天。时来于今，兆是厥先。既定乃日，允叶斯年。赫赫光明，应于上元。","顾建国《张九龄年谱》中国社会科学出版社，2005年版 第159页",,,,"杨洁"
"唐","张九龄","玄宗开元十七年己巳","729",,,"52","","江南西道","洪州",,,"江西","南昌市",,"115.864528","28.687675","洪州刺史","在洪州刺史任。春中，给事中严挺之致函九龄，劝其不必汲汲子声名，并约以淡泊无为之言。九龄遂有复函，坦陈全身远害之心迹","严挺之","《答严给事书》","Article","答严给事书
自出江郡。慰诲累及。情义已积。昆弟无喻。人生相知。可谓厚矣。仆方请归养。从此告辞。会面无期。所怀当尽。故复累而言之耳。凡为前相所厚者。岂必恶人耶。仆爰自书生。燕公待以族子。颇以文章见许。不因势利而合。但推奖之日。不量不才。引致掖垣。有负时议。然则初有超拔。岂由本心。嗷嗷之口。曾不是察。既不称其服。又加之谗閒。负乘致寇。几于不免。当此时也。若无所容。以孤特之身。处背憎之地。自怪既往。何幸而全。追想寒心。恍恍发悸。严子足下。不意而然。既而远出。犹有馀衅。巧言潜搆。期仆倾危。故使者之来。怒于心而色于事。赖于自慎。幸且无咎。不者吹毛洗垢。求其痕疵。势穷力屈。将无控告。未始怯事也。有为而然。以故春中有书。薄言求庇。足下犹不谅此意。以为汲汲于声名。而乃约以庄生之言。博以东山之法。晓导精至。诚故人之情。向之所防。有异来旨。彼二教者。忘情灭识。无有缠爱。故福至不喜。祸至不忧。今仆养亲。岂复割离恩爱。直措心于此地哉。正欲惟疾之忧。全身远害。故虽在小小。敢不兢兢。至如自放身心。虽复懵昧。幸受教于君子。亦闻道于古人。岂不能少有所适。方复屑屑于毁誉之际也。管仲尝三战三北。而鲍子不以为无勇。以其有亲。足下宁不我知。而有此诲。且往者不自量力。因缘小技。蹩躠干进。荏苒历年。固以为运属盛明。朝多君子。义能容物。而忘其孤陋。则不知弊帚之贵。末路多艰。今专典一州。盖幸遇已甚。而平生万事。为寒暑所移。虽忝簪缨。若坠泉壑者耳。诚耻令名之不副宠章也。昔贾谊才偕管晏。言则霸王。名重汉廷。官止梁傅。班固犹云未为不遇。况仆拟非其伦。遇已过彼。顾多惭色。岂敢怨而更求欤。足下知心。当明义有所在耳。尊者慈爱诸下。怀宁本乡。不欲随官。重有离别。春秋高矣。晨昏久违。仆岂复规规然徼无妄之福。在悔吝之动。而迥无所恃。单孑独立。万一蹉跌。或远庭闱。朝心不开。暮发尽白。行已五十。独不知命。是以冒死抗疏。乞归侍药。一则洁膳以展下情。二则辞满而无贻忧。周易曰。飞鸟遗之音。不宜上宜下。盖取此义。亦自卜者审也。顾恨上负明主邱山之恩。未有涓尘之答。下愧知己契奖之力。卒无如言之效。又平生不饰小节。苟取虚名。使吠声之徒。退有后议。竟未获尽展所有之用。以塞罔极之谗。碌碌而归。不能不耿耿耳。古人有从所好者。仆亦有心。庶承颜之馀。放性自适。轩冕之事。亦云傥来。林泽之閒。聊足散虑。纵绝后望。亦了一生。何必崎岖不平。龃龉求入。然后为得也。去矣严子。勉事圣君。傥存平仲久要之言。无惜诗人金玉之问。幸甚。张九龄白。","顾建国《张九龄年谱》中国社会科学出版社，2005年版 第160页",,,,"杨洁"
"唐","张九龄","玄宗开元十七年己巳","729",,,"52","","江南西道","洪州",,,"江西","南昌市",,"115.864528","28.687675","洪州刺史","在洪州刺史任。秋，在郡舍南园畦杂树间却步怀想，聊以永日，有诗纪之","","《郡舍南有园畦杂树聊以永日》","Poem","郡舍南有园畦杂树聊以永日
为郡久无补，越乡空复深。苟能秉素节，安用叨华簪。却步园畦里，追吾野逸心。形骸拘俗吏，光景赖闲林。内讼诚知止，外言犹匪忱。成蹊谢李径，卫足感葵阴。荣达岂不伟，孤生非所任。江城何寂历，秋树亦萧森。下有北流水，上有南飞禽。我愿从归翼，无然坐自沈。","顾建国《张九龄年谱》中国社会科学出版社，2005年版 第160页",,,,"杨洁"
"唐","张九龄","玄宗开元十七年己巳","729",,,"52","","江南西道","洪州",,,"江西","南昌市",,"115.864528","28.687675","洪州刺史","在洪州刺史任。秋，复有郡内闲斋诗","","《郡内闲斋》","Poem","郡内闲斋
郡阁昼常掩，庭芜日复滋。檐风落鸟毳，窗叶挂虫丝。拙病宦情少，羁闲秋气悲。理人无异绩，为郡但经时。唯有江湖意，沈冥空在兹。","顾建国《张九龄年谱》中国社会科学出版社，2005年版 第160页",,,,"杨洁"
"唐","张九龄","玄宗开元十七年己巳","729",,,"52","","江南西道","洪州",,,"江西","南昌市",,"115.864528","28.687675","洪州刺史","在洪州刺史任。秋，复有秋怀诗","","《秋怀》","Poem","秋怀
感惜芳时换，谁知客思悬。忆随鸿向煖，愁学马思边。留滞机还息，纷拿网自牵。东南起归望，何处是江天。","顾建国《张九龄年谱》中国社会科学出版社，2005年版 第160页",,,,"杨洁"
"唐","张九龄","玄宗开元十七年己巳","729",,,"52","","江南西道","洪州",,,"江西","南昌市",,"115.864528","28.687675","洪州刺史","在洪州刺史任。冬，应徐峻、徐峤、徐三兄弟之请，为其父徐坚撰神道碑","徐峻，徐峤，徐三","《大唐故光禄大夫右散骑常侍集贤院学士赠太子少保东海徐文公神道碑》","Article","大唐故光禄大夫右散骑常侍集贤院学士赠太子少保东海徐文公神道碑铭
舜命益虞，畴功帝俞。偃行文教，代集通儒。光华鼎阀，出入秦吴。门多长者，君其最乎。曾是好学，果行洵美。日就鳞成，风积鹏起。黄绶覆篑，朱门方轨。官籍正人，朝称良史。三入承明，五迁外郡。道有出处，心齐喜愠。帝思启沃，国尚师训。屡献箴规，偏承顾问。居常有异，博而无惑。绵蕝孙通，铨衡叔则。为龟为镜，立言立德。胡不慭遗，左右王国。悼兴冕旒，哀结衣簪。官供羽仗，士惜人琴。巳矣终古，平生德音。松枝挂剑，碑字生金。","顾建国《张九龄年谱》中国社会科学出版社，2005年版 第160页",,,,"杨洁"
"唐","张九龄","玄宗开元十七年己巳","729",,,"52","","江南西道","洪州",,,"江西","南昌市",,"115.864528","28.687675","洪州刺史","在洪州刺史任。为高力士夫人之祖吕处贞撰碑铭","吕处贞","《赠庆王友东平吕府君碑铭》","Article","唐赠庆王友东平吕府君碑铭
赫赫我祖，惟师尚父。泱泱大风，悠悠终古。施于礽裔，宪是文武。我美其济，我则斯取。虽匪高位，亦惟硕德。我王之友，彼夫之特。既贞且亮，宜语而默。投足皆安，终身不忒。峨峨积善，以福后人。肸蚃家庆，炜煌宗姻。瞻彼松槚，锡之丝纶。今也追饰，实为先臣。先臣伊何，宜其有后。志之所尚，义无所苟。身虽既没，名岂虚受。立德在兹，亦云不朽。","顾建国《张九龄年谱》中国社会科学出版社，2005年版 第163页",,,,"杨洁"
"唐","张九龄","玄宗开元十八年庚午","730",,,"53","","江南西道","洪州",,,"江西","南昌市",,"115.864528","28.687675","洪州刺史","任洪州刺史至是年七月。春，有戏题春意诗","","《戏题春意》","Poem","戏题春意
一作江南守，江林三四春。相鸣不及鸟，相乐喜关人。日守朱丝直，年催华发新。淮阳秪有卧，持此度芳辰。","顾建国《张九龄年谱》中国社会科学出版社，2005年版 第164页",,,,"杨洁"
"唐","张九龄","玄宗开元十八年庚午","730","4","8","53","","江南西道","洪州",,,"江西","南昌市",,"115.864528","28.687675","洪州刺史","此日加大夫","",,"","","顾建国《张九龄年谱》中国社会科学出版社，2005年版 第164页",,,,"杨洁"
"唐","张九龄","玄宗开元十八年庚午","730",,,"53","","江南西道","洪州",,,"江西","南昌市",,"115.864528","28.687675","洪州刺史","是年，洪州得白鹿，九龄表献之","","《洪州进白鹿表》","Article","洪州进白鹿表
臣闻圣法天则。至理调于元气。天表圣则。嘉瑞托于群生。将以幽赞王泽。觉悟生灵。知至德之所感。如虚响之必应。伏见开元神武皇帝陛下道孚神化。体合乾行。品物所资。太和罔不叶。图谍所载。殊祥罔不臻。故郡国上言。日月相继。臣所部豫章县。某月某日获白鹿一。休气所集。灵质自呈。欲效符祉。易为驯狎。臣谨按瑞应图云。王者明惠及下。则白鹿见。又按孝经援神契云。王者德至鸟兽。则白鹿见。盖鹿者仙寿之物。实为祯祥之表。虽时和岁稔。固不假于羽毛。而天意人事。诚欲伸于耳目。臣不胜感庆之至。谨诣某所奉瑞鹿表进以闻。臣诚欢诚喜顿首顿首死罪死罪。谨言。","顾建国《张九龄年谱》中国社会科学出版社，2005年版 第164页",,,,"杨洁"
"唐","张九龄","玄宗开元十八年庚午","730",,,"53","","江南西道","洪州",,,"江西","南昌市",,"115.864528","28.687675","洪州刺史","在洪州任上。秋夕望月，有诗","","《秋夕望月》","Poem","秋夕望月
清迥江城月，流光万里同。所思如梦里，相望在庭中。皎洁青苔露，萧条黄叶风。含情不得语，频使桂华空。","顾建国《张九龄年谱》中国社会科学出版社，2005年版 第164页",,,,"杨洁"
"唐","张九龄","玄宗开元十八年庚午","730",,,"53","","江南西道","洪州",,,"江西","南昌市",,"115.864528","28.687675","洪州刺史","在洪州任上。秋夕望月，有诗","","《望月怀远》","Poem","望月怀远
海上生明月，天涯共此时。情人怨遥夜，竟夕起相思。灭烛怜光满，披衣觉露滋。不堪盈手赠，还寝梦佳期。","顾建国《张九龄年谱》中国社会科学出版社，2005年版 第164页",,,,"杨洁"
"唐","张九龄","玄宗开元十八年庚午","730",,,"53","","江南西道","洪州",,,"江西","南昌市",,"115.864528","28.687675","洪州刺史","在洪州任上。在洪州，又应前任都督赵金穀之请托，为其父故辰州泸溪令赵公撰铭并序","赵金穀","《故辰州泸溪令赵公碣铭并序》","Article","故辰州泸溪令赵公碣铭
洛赵侯之德，好是正直。令仪令则，不回不忒。寔邦之选，彼夫之特。玉坚而折，膏明自煎。辰阳于远，溆浦回邅。下邑巳矣，君子歼旃。遗令桐乡，归魂崇芒。瞻彼有洛，维水泱泱。德音不已，于是扬扬。","顾建国《张九龄年谱》中国社会科学出版社，2005年版 第164页",,,,"杨洁"
"唐","张九龄","玄宗开元十八年庚午","730","7","3","53","","江南西道","洪州",,,"江西","南昌市",,"115.864528","28.687675","桂州刺史","此日，转桂州刺史，当管经略使、兼岭南按察使、摄御史中丞、借紫金鱼袋","",,"","","顾建国《张九龄年谱》中国社会科学出版社，2005年版 第164页",,,,"杨洁"
"唐","张九龄","玄宗开元十八年庚午","730",,,"53","","江南西道","洪州",,,"江西","南昌市",,"115.864528","28.687675","桂州刺史","离洪州，有南还江上作","","《至豫章南还江上作》","Poem","自豫章南还江上作
归去南江水，磷磷见底清。转逢空阔处，聊洗滞留情。浦树遥如待，江鸥近若迎。津途别有趣，况乃濯吾缨。","顾建国《张九龄年谱》中国社会科学出版社，2005年版 第164页",,,,"杨洁"
"唐","张九龄","玄宗开元十八年庚午","730",,,"53","","江南西道","虔州",,,"江西","赣州市","大余县","114.368357","25.407817","桂州刺史","越大庾岭","",,"","","顾建国《张九龄年谱》中国社会科学出版社，2005年版 第164页",,,,"杨洁"
"唐","张九龄","玄宗开元十八年庚午","730",,,"53","","岭南道","韶州",,,"广东","韶关市","始兴县","114.068627","24.958348","桂州刺史","道经始兴","",,"","","顾建国《张九龄年谱》中国社会科学出版社，2005年版 第164页",,,,"杨洁"
"唐","张九龄","玄宗开元十八年庚午","730",,,"53","","岭南道","广州",,,"广东","广州市",,"113.270793","23.135308","桂州刺史","道经广州，有使至广州诗，并辟周子谅充岭南按察判官","","《使至广州》","Poem","使至广州
昔年尝不调，兹地亦邅回。本谓双凫少，何知驷马来。人非汉使橐，郡是越王台。去去虽殊事，山川长在哉。","顾建国《张九龄年谱》中国社会科学出版社，2005年版 第164页",,,,"杨洁"
"唐","张九龄","玄宗开元十八年庚午","730",,,"53","","岭南道","广州",,,"广东","广州市",,"113.270793","23.135308","桂州刺史","道经广州，有使至广州诗，并辟周子谅充岭南按察判官","","《送广州周判官》","Poem","送广州周判官
海郡雄蛮落，津亭壮越台。城隅百雉映，水曲万家开。里树桄榔出，时禽翡翠来。观风犹未尽，早晚使车回。","顾建国《张九龄年谱》中国社会科学出版社，2005年版 第164页",,,,"杨洁"
"唐","张九龄","玄宗开元十八年庚午","730",,,"53","",,,,,,,,"0","0","桂州刺史","复沿西江，有夜行诗","","《西江夜行》","Poem","西江夜行
遥夜人何在，澄潭月里行。悠悠天宇旷，切切故乡情。外物寂无扰，中流澹自清。念归林叶换，愁坐露华生。犹有汀洲鹤，宵分乍一鸣。","顾建国《张九龄年谱》中国社会科学出版社，2005年版 第164页",,,,"杨洁"
"唐","张九龄","玄宗开元十八年庚午","730",,,"53","","岭南道","桂州",,,"广西","桂林市",,"110.296442","25.279893","桂州刺史","沿桂江","",,"","","顾建国《张九龄年谱》中国社会科学出版社，2005年版 第164页",,,,"杨洁"
"唐","张九龄","玄宗开元十八年庚午","730",,,"53","","岭南道","桂州",,,"广西","桂林市",,"110.296442","25.279893","桂州刺史","沿漓水","",,"","","顾建国《张九龄年谱》中国社会科学出版社，2005年版 第164页",,,,"杨洁"
"唐","张九龄","玄宗开元十八年庚午","730",,,"53","","岭南道","桂州",,,"广西","桂林市",,"110.296442","25.279893","桂州刺史","至桂州任所，有祭舜庙文","","《祭舜庙文》","Article","祭舜庙文
维某月朔日。中散大夫使持节都督桂州诸军事守桂州刺史兼当管经略使岭南道按察使摄御史中丞佩紫金鱼袋上柱国曲江县开国男张某。敢昭告于大舜之灵。惟神以大孝而崇德。以大圣而奋庸。以至公而有天下。以至均而一海内。故不以荒服之外。不以黄屋之尊。巡守而来。殂落于此。倦勤之造。永结于黎庶。惠怀之尊。长存于寿宫。载祀虽遐。威灵如在。今圣朝绍兴至道。悯兹远人。爰遣使臣。按理边俗。惟神幽鉴。愿表微诚。若私僻为谋。公忠有替。明鉴是殛。俾无远图。如悉心在公。惟力是视。当福而不福。为善者惧矣。今至止之日。辄诣陈诚。伏惟神道聪明。亮斯钦畏。愿俯垂冥祐。俾输力明时。尚飨。","顾建国《张九龄年谱》中国社会科学出版社，2005年版 第164页",,,,"杨洁"
"唐","张九龄","玄宗开元十九年辛未","731",,,"54","","岭南道","桂州",,,"广西","桂林市",,"110.296442","25.279893","桂州刺史","任桂州刺史兼岭南道按察使至本年三月","",,"","","顾建国《张九龄年谱》中国社会科学出版社，2005年版 第169页",,,,"杨洁"
"唐","张九龄","玄宗开元十九年辛未","731",,,"54","","岭南道","桂州",,,"广西","桂林市",,"110.296442","25.279893","桂州刺史","春，自桂州任所出巡按察岭南诸州，有自漓水南行诗","","《巡按自漓水南行》","Poem","巡按自漓水南行
理棹虽云远，饮冰宁有惜。况乃佳山川，怡然傲潭石。奇峰岌前转，茂树隈中积。猿鸟声自呼，风泉气相激。目因诡容逆，心与清晖涤。纷吾谬执简，行郡将移檄。即事聊独欢，素怀岂兼适。悠悠咏靡盬，庶以穷日夕。","顾建国《张九龄年谱》中国社会科学出版社，2005年版 第169页",,,,"杨洁"
"唐","张九龄","玄宗开元十九年辛未","731","3","7","54","","岭南道","桂州",,,"广西","桂林市",,"110.296442","25.279893",,"此日，制授守秘书少监兼集贤院学士副知院事","",,"","","顾建国《张九龄年谱》中国社会科学出版社，2005年版 第169页",,,,"杨洁"
"唐","张九龄","玄宗开元十九年辛未","731",,,"54","","岭南道","韶州",,,"广东","韶关市","始兴县","114.068627","24.958348","秘书少监","夏初，巡察至故乡始兴，会改秘书少监，临别之际，有酬谢周子谅兼呈广州刺史耿仁忠之作","周子谅，耿仁忠","《酬周判官巡至始兴会改秘书少监见贻之作兼呈耿广州》","Poem","酬周判官巡至始兴会改秘书少监见贻之作兼呈耿广州
惟昔迁乐土，迨今已重世。阴庆荷先德，素风惭后裔。唯益梓桑恭，岂禀山川丽。于时初自勉，揆己无兼济。瘠土资劳力，良书启蒙蔽。一探石室文，再擢金门第。既起南宫草，复掌西掖制。过举及小人，便蕃在中岁。亚司河海秩，转牧江湖澨。勿谓符竹轻，但觉涓尘细。一麾尚云忝，十驾宜求税。心息已如灰，迹牵且为赘。忽捧天书委，将革海隅弊。朝闻循诚节，夕饮蒙瘴疠。义疾耻无勇，盗憎攻亦锐。葵藿是倾心，豺狼何反噬。履险甘所受，劳贤恧相曳。揽辔但荒服，循陔便私第。嘉庆始获申，恩华复相继。无庸我先举，同事君犹滞。当推奉使绩，且结拜亲契。更延怀安旨，曾是虑危际。善谋虽若兹，至理焉可替。所杖有神道，况承明主惠。","顾建国《张九龄年谱》中国社会科学出版社，2005年版 第169页",,,,"杨洁"
"唐","张九龄","玄宗开元十九年辛未","731",,,"54","","京畿道","京兆府",,,"陕西","西安市",,"108.946306","34.347436","秘书少监","抵京后，有祭张燕公文","","《祭张燕公文》","Article","祭张燕公文
维年月朔日。族子秘书少监集贤院学士某。谨以清酌少牢之奠。敢昭告于燕国公之灵。惟公应有期之运。降不世之英。坦高轨以明道。谨大节而立诚。悬镜待人。虚舟济物。妙用无数。精心惟一。明未眹而先睹。听有馀而每黜。犹豹变而成文。尝凤鸣而中律。故能羽翼圣后。丹青元化。陈皋陶之谟谋。尽仲山之夙夜。道因虑于文武。业惟永于王霸。绸缪恩渥。荏苒代谢。国重元辅。门承下嫁。实大我之宗盟。与人君之姻娅。天盖福善。地益华宗。赫赫为尹。岩岩比崇。不享黄发。如何元穹。既道长而运短。岂祥降而惠终。人亡令则。国失良相。学堕司南。文殒宗匠。惟国华之见夺。何天道之弗谅。追惟小子。夙荷深期。一顾增价。二纪及兹。非驽骀之足数。盖枝叶以见贻。洎剖符于外台。承彻琴于旧馆。屡行号而身赎。空匍匐而心断。迹既拘于彝宪。情未展于哀款。朝章猥及。传名斯入。想德辉而不见。望仁里而徒泣。树所叹而犹存。人具瞻而永戢。尽繐帐之今感。哀乌衣之往集。庶羞虽薄。冀享厥诚。尊灵斯降。是嘉平生。已矣万古。缠绵五情。追悲绪于离筵。结巨恨于幽明。伏惟尚飨。","顾建国《张九龄年谱》中国社会科学出版社，2005年版 第169页",,,,"杨洁"
"唐","张九龄","玄宗开元十九年辛未","731",,,"54","","京畿道","京兆府",,,"陕西","西安市",,"108.946306","34.347436","秘书少监","抵京后，为信安王李祎献圣真图表","","《为信安王献圣真图表》","Article","为信安王献圣真图表
臣言。臣一昨扈从。西狩岐阳。时以有年。事因农隙。整六军之众。修大田之礼。戎卒是训。威武载扬。属草浅兽肥。霜清气杀。诏虞人以即鹿。命荆州而起鸟。陛下亲御弧矢。纡驾林衡。曾不合围。取其背者。虽有逸群之狡。走险之捷。而飞黄骋辔。萦拂如组。绿沈纵镝。宛转若神。必命中于前期。皆应弦而绝倒。其馀变态不测。神妙无穷。非臣瞽言。所能模状。既而备献禽之礼。虔荐寝之诚。教人以孝。自天作则。此外效获。毕赐懿亲。兼禁羽骑。无犯宿麦。是行也。典礼斯备。仁恩允洽。三令惟肃。七德以宣。魏武何阶。亦纪功于猛兽。周文差拟。将比义于非熊。臣忝籍宗枝。幸陪銮辂。窃观神武。冠绝古今。以为载之空言。不若图之绘事。向所述圣。今皆写真。虽天颜不违。而丹青莫拟。徒极愚思。庶存万一。谨录上陈。伏深战汗。臣诚惶诚恐。谨言。","顾建国《张九龄年谱》中国社会科学出版社，2005年版 第169页",,,,"杨洁"
"唐","张九龄","玄宗开元十九年辛未","731","7",,"54","","京畿道","京兆府",,,"陕西","西安市",,"108.946306","34.347436","秘书少监","越大庾岭，有文","","《贺祈雨有应状》","Article","贺祈雨有应状
右。臣一昨面奉恩旨。缘秋稼有望。时雨暂愆。念及黎元。见于颜色。方躬自祈请。诚勤夙夜。上灵昭鉴。嘉瑞必臻。昨日申酉之閒。云物果应。初含五色。正覆于坛场。未及终宵。更洒于城阙。遂使炎埃宿润。虐暑暂消。实冀肤寸之资。毕致普天之泽。臣等多昧。徒仰于成造。苍生何幸。每及于圣私。无任欣戴忭跃之至。谨奉状陈贺以闻。既有殊应。仍望宣付史馆。","顾建国《张九龄年谱》中国社会科学出版社，2005年版 第169页",,,,"杨洁"
"唐","张九龄","玄宗开元十九年辛未","731",,,"54","","京畿道","京兆府",,,"陕西","西安市",,"108.946306","34.347436","秘书少监","九龄有和吏部侍郎李林甫秋夜望月诗","李林甫","《和吏部李侍郎见示秋夜望月忆诸侍郎之什卒章有前后行之戏因命仆继作》","Poem","和吏部李侍郎见示秋夜望月忆诸侍郎之什其卒章有前后行之戏因命仆继作
清秋发高兴，凉月复闲宵。光逐露华满，情因水镜摇。同时亦所见，异路无相招。美景向空尽，欢言随事销。忽听金华作，诚如玉律调。南宫尚为后，东观何其辽。名数虽云隔，风期幸未遥。今来重馀论，怀此更终朝。","顾建国《张九龄年谱》中国社会科学出版社，2005年版 第169页",,,,"杨洁"
"唐","张九龄","玄宗开元十九年辛未","731",,,"54","","京畿道","京兆府",,,"陕西","西安市",,"108.946306","34.347436","秘书少监","九龄饯送陈学士还江南，有诗送之，疑作于是年","","《饯陈学士还江南同用徽字》","Poem","饯陈学士还江南同用徵字
荷蓧旋江澳，衔杯饯霸陵。别前林鸟息，归处海烟凝。风土乡情接，云山客念凭。圣朝岩穴选，应待鹤书徵。","顾建国《张九龄年谱》中国社会科学出版社，2005年版 第169页",,,,"杨洁"
"唐","张九龄","玄宗开元十九年辛未","731",,,"54","","都畿道","河南府",,,"河南","洛阳市",,"112.460033","34.624376","秘书少监","冬，随驾赴东都","",,"","","顾建国《张九龄年谱》中国社会科学出版社，2005年版 第169页",,,,"杨洁"
"唐","张九龄","玄宗开元二十年壬申","732",,,"55","","京畿道","京兆府",,,"陕西","西安市",,"108.946306","34.347436","秘书少监","在秘书少监兼集贤院学士副知院事任","",,"","","顾建国《张九龄年谱》中国社会科学出版社，2005年版 第175页",,,,"杨洁"
"唐","张九龄","玄宗开元二十年壬申","732","2",,"55","","京畿道","京兆府",,,"陕西","西安市",,"108.946306","34.347436","秘书少监","本月下旬，恩赐九龄紫金鱼袋，九龄随即有谢加章绂状","","《谢加章绂状》","Article","谢加章绂状
右。伏奉去月三十日敕。以臣先领荆州都督佩紫金鱼袋。前缘改官遂停。今更蒙恩特赐。任使无效。宠服再加。臣虽叨荣。伏用战惧。不任悚跃之至。谨奉状陈谢以闻。谨奏。","顾建国《张九龄年谱》中国社会科学出版社，2005年版 第175页",,,,"杨洁"
"唐","张九龄","玄宗开元二十年壬申","732",,,"55","","都畿道","河南府",,,"河南","洛阳市",,"112.460033","34.624376","秘书少监","春夏间，游宴颇频，有龙门旬宴纪游","","《龙门旬宴得月字韵》","Poem","龙门旬宴得月字韵
恩华逐芳岁，形胜兼韶月。中席傍鱼潭，前山倚龙阙。花迎妙妓至，鸟避仙舟发。宴赏良在兹，再来情不歇。","顾建国《张九龄年谱》中国社会科学出版社，2005年版 第175页",,,,"杨洁"
"唐","张九龄","玄宗开元二十年壬申","732",,,"55","","都畿道","河南府",,,"河南","洛阳市",,"112.460033","34.624376","秘书少监","春夏间，游宴颇频，有上阳东州水窗旬宴纪游","","《上阳水窗旬宴得移字韵》","Poem","上阳水窗旬宴得移字韵
河汉非应到，汀洲忽在斯。仍逢帝乐下，如逐海槎窥。春赏时将换，皇恩岁不移。今朝游宴所，莫比天泉池。","顾建国《张九龄年谱》中国社会科学出版社，2005年版 第175页",,,,"杨洁"
"唐","张九龄","玄宗开元二十年壬申","732",,,"55","","都畿道","河南府",,,"河南","洛阳市",,"112.460033","34.624376","秘书少监","春夏间，游宴颇频，有天津桥东旬宴纪游","","《天津桥东旬宴得歌字韵》","Poem","天津桥东旬宴得歌字韵
清洛象天河，东流形胜多。朝来逢宴喜，春尽却妍和。泉鲔欢时跃，林莺醉里歌。赐恩频若此，为乐奈人何。","顾建国《张九龄年谱》中国社会科学出版社，2005年版 第175页",,,,"杨洁"
"唐","张九龄","玄宗开元二十年壬申","732",,,"55","","京畿道","京兆府",,,"陕西","西安市",,"108.946306","34.347436","秘书少监","夏末，奉拟敕书，慰勉清夷军使虞灵章等","虞灵章","《敕清夷军使虞灵章书》","Article","敕清夷军使虞灵章书
敕清夷军使虞灵章。穷寇伤残。寄命无所。犹以遗噍。敢犯塞垣。卿义勇过人。临难无苟。亲当矢石。逐此犬羊。略有枭夷。足申威武。边寄尽节。朕甚嘉之。仍闻锋镝既交。在卿亦有所损。神道助顺。应不为灾。今将药物。可以时疗。所有将士用命。即具状以闻。其不幸阵亡。固将深悼惜。亦宜追恤。当有加赠。夏末甚热。卿及将士巳下并平安好。遣书指不多及。","顾建国《张九龄年谱》中国社会科学出版社，2005年版 第175页",,,,"杨洁"
"唐","张九龄","玄宗开元二十年壬申","732",,,"55","","京畿道","京兆府",,,"陕西","西安市",,"108.946306","34.347436","秘书少监","又奉命改作敕渤海王大武艺书，甚合上意","","《敕渤海王大武艺书》","Article","","顾建国《张九龄年谱》中国社会科学出版社，2005年版 第175页",,,,"杨洁"
"唐","张九龄","玄宗开元二十年壬申","732",,,"55","","京畿道","京兆府",,,"陕西","西安市",,"108.946306","34.347436","工部侍郎","转工部侍郎，仍充集贤院学士副知院事，有谢状","","《谢工部侍郎集贤院学士状》","Article","谢工部侍郎集贤院学士状
右。伏奉今月三日制。除臣工部侍郎兼集贤院学士。臣本单族。过蒙奖拔。入升省阁。累登清资。出牧南州。且无成绩。陛下殊私俯及。擢任集贤。远自炎荒。忽至霄汉。秘文副掌。浅陋无堪。遽蒙圣恩。反迁华省。邱山施重。报效何阶。不胜悚惧之至。","顾建国《张九龄年谱》中国社会科学出版社，2005年版 第175页",,,,"杨洁"
"唐","张九龄","玄宗开元二十年壬申","732","8","20","55","","京畿道","京兆府",,,"陕西","西安市",,"108.946306","34.347436","工部侍郎","此日兼知制诰，亦有谢状","","《谢知制诰状》","Article","谢知制诰状
右。臣忝迹集贤。久无成效。幸免咎责。伏用兢惶。忽蒙特恩。令知制诰。臣学业既浅。识理非长。述宣圣旨。诚恐不逮。跪受严命。伏增悚惕。无任戴荷之至。","顾建国《张九龄年谱》中国社会科学出版社，2005年版 第175页",,,,"杨洁"
"唐","张九龄","玄宗开元二十年壬申","732","8",,"55","","京畿道","京兆府",,,"陕西","西安市",,"108.946306","34.347436","工部侍郎","本月，或因张说之子中书舍人张均、驸马都尉张垍和符宝郎张埱三兄弟之请，敬撰燕公张说墓志铭","张均，张垍，张埱","《故开府仪同三司行尚书左丞相燕国公赠太师张公墓志铭》","Article","故开府仪同三司行尚书左丞相燕国公赠太师张公墓志铭
馨香之发。敷闻自久。宜其翊戴圣后。师范百寮。功烈过于如神。德声出于咸一。此固与版筑崛起。屠钓作合之类。亦云异也。公志玄远。而性高亮。未尝自异。会节乃有立。何所不可。体道以为宗。既定国于一言。亦保身之大雅。其于经理代务。杂以军国。决事如流。应物如响。纷纶辐辏。其犹指掌。及夫先圣微旨。稽古未传。缺文必补。坠礼咸甄。与经籍为笙簧。于朝廷为粉泽。固不可详而载也。始公之从事。实以懿文。而风雅陵夷。巳数百年矣。时多吏议。摈落文人。庸引雕虫。沮我胜气。邱明有耻。子云不为。乃未知宗匠所作。王霸尽在。及公大用。激昂后来。天将以公为木铎矣。斯文岂丧。而今也则亡。呜呼。克生以辅时。而臣道不究。致用以利物。而人将安仰。上抚床以念往。下辍相而哀至。复见之于公焉。太常议行。谥曰文贞。二十年秋八月甲申。迁窆于万安山之阳。燕国夫人元氏祔焉。夫人故尚书右司员外郎武陵公赠幽州都督讳怀景之女也。动为柔范。皆可师训。及公之贵。连姻帝室。虽处荣盛。若非在已。内执谦下。外睦亲疏。古之贤明。未始兼有。开元十九年三月壬戌。薨于东都康俗里第。享年六十四。长子均。中书舍人。次曰垍。驸马都尉卫尉卿。季曰椒。符宝郎。泣血在疚。皆我之有后也。呜呼。元堂永閟。何事春秋。幽篆斯在。亦云不朽而巳。铭曰。天有密命。滋液百宝。时无大贤。谁与明道。我公允叶。我德孔昭。翰飞戾天。羽仪清朝。功遂身谢。名由实美。言而有立。古无不死。南山之下。诏葬于兹。后之与归。惟我太师。","顾建国《张九龄年谱》中国社会科学出版社，2005年版 第175页",,,,"杨洁"
"唐","张九龄","玄宗开元二十年壬申","732",,,"55","","京畿道","京兆府",,,"陕西","西安市",,"108.946306","34.347436","工部侍郎","奉拟授卢绚、裴宽御史中丞制文","卢绚，裴宽","《授卢绚、裴宽御史中丞制》","Article","","顾建国《张九龄年谱》中国社会科学出版社，2005年版 第175页",,,,"杨洁"
"唐","张九龄","玄宗开元二十年壬申","732",,,"55","","京畿道","京兆府",,,"陕西","西安市",,"108.946306","34.347436","工部侍郎","奉拟敕河西节度牛仙客书","","《敕河西节度牛仙客书》","Article","","顾建国《张九龄年谱》中国社会科学出版社，2005年版 第175页",,,,"杨洁"
"唐","张九龄","玄宗开元二十年壬申","732",,,"55","","京畿道","京兆府",,,"陕西","西安市",,"108.946306","34.347436","工部侍郎","此间，九龄因老母年高体衰，曾数乞归养，玄宗未允，然深勉其孝心，迁其弟九皋、九章官近州里，适时归宁，九龄复上谢状以表感戴","张九皋，张九章","《谢两弟移官就养状》","Article","谢两弟移官就养状
右。臣两弟蒙恩移官。就养老母。感戴殊泽。战荷兼深。臣山薮陋材。岂堪国用。日月私照。谬掌纶言。犬马以地近见矜。乌鸟以情至蒙福。曲承孝理之赐。莫知报效之所。无任悚惧荷恩之至。","顾建国《张九龄年谱》中国社会科学出版社，2005年版 第175页",,,,"杨洁"
"唐","张九龄","玄宗开元二十年壬申","732",,,"55","","京畿道","京兆府",,,"陕西","西安市",,"108.946306","34.347436","工部侍郎","此间，九龄因老母年高体衰，曾数乞归养，玄宗未允，然深勉其孝心，迁其弟九皋、九章官近州里，适时归宁，九龄有诗寄两弟","张九皋，张九章","《二弟宰邑南海见群雁南飞因成咏以寄》","Poem","二弟宰邑南海见群雁南飞因成咏以寄
鸿雁自北来，嗷嗷度烟景。常怀稻粱惠，岂惮江山永。小大每相从，羽毛当自整。双凫侣晨泛，独鹤参宵警。为我更南飞，因书至梅岭。","顾建国《张九龄年谱》中国社会科学出版社，2005年版 第175页",,,,"杨洁"
"唐","张九龄","玄宗开元二十年壬申","732","10",,"55","","都畿道","河南府",,,"河南","洛阳市",,"112.460033","34.624376","工部侍郎","冬十月，随驾发东都北巡","唐玄宗",,"","","顾建国《张九龄年谱》中国社会科学出版社，2005年版 第175页",,,,"杨洁"
"唐","张九龄","玄宗开元二十年壬申","732","11",,"55","","都畿道","河南府",,,"河南","洛阳市",,"112.460033","34.624376","工部侍郎","本月，从祀后土汾阴，奉撰赦书，玄宗览而嘉之，誉其有王佐之才","","《后土赦书》","Article","后土赦书
门下。昔者巡狩所至。柴瘗斯行。盖取诚享。以遵告类。朕恭承祖宗之烈。获主神祗之祀。夙夜祗畏。不敢荒宁。故勒兵朔陲。先展义于汾社。回旆脽上。遂有事于郊坛。王者父事天。母事地。汉氏祈谷。未始正名。周礼降神。乃为徼福而巳。朕以天命之重。子道为先。惟兹精诚。在乎敦孝。庶蒙福于四海。期永康于兆人。是以率由旧章。敬恭明祀。严配之诚既展。奠献之礼又终。且春秋之义。大事在祀。斋祭之福。庶品维祺。岂独在予。而有斯庆。可大赦天下。自开元二十年十一月二十一日昧爽已前。大辟罪已下。罪无轻重。已发觉未发觉。已结正未结正。系囚见徒常赦所不免者。咸赦除之。官人犯赃及有罪被推者。本罪虽原。不得更令却上。仍别与处分。自先天已来。有杂犯流移人等。并配隶人等。各量移近处。左降官未经量移。及经量移未复本资者。奏听进止。天下遭损免州。应损户成一分已上者。及供顿州。无出今年地税。如已徵纳。听折来年地税。逋租悬调。贷粮种子。欠负官物在百姓腹内者。并宜放免。其不损处州。自开元十七年巳前。所有贷粮种子。负欠官物在百姓腹内者。亦宜准此。诸州缘供顿所差贴助夫。亦放其家今年地税。孝子顺孙。义夫节妇。旌表门闾。终身勿事。诸州侍老。百岁已上赐粟七石。九十已上赐粟五石。八十已上赐粟三石。所由速付。勿淹旬日。太原潞州府侍老等。先已加恩。不在此例。亚献皇太子鸿赐物二千匹。终献庆王泽赐物一千匹。邠王守礼宁王宪辥王业各赐物一千匹。忠王浚已下各赐物三百匹。夹侍正衣进圭捧圭汝阳郡王淳等各赐物三百匹。皇太子夹侍正衣各赐物一百五十匹。裴光庭萧嵩。弼亮朕躬。宏益斯远。本有优异。何殊等夷。加阶赐爵之外。各与一子官。无子者任与周亲。仍各赐物三百匹。二王后各赐物二百匹。长公主各赐物三百匹。嗣王郡主县主赐物二百匹。行从文武官。三品已上赐物八十匹。四品五品赐物六十匹。六品七品赐物四十匹。八品九品赐物二十段。升坛官三品已上特赐一阶。四品已下各加一阶。应入三品五品官阶相当。不限考数听得入。知顿使及判官修礼仪官撰玉册文官知顿御史加一阶。修坛场州刺史及书册官各赐物一百匹。其已有升坛职掌。从头处分。缘大礼有职掌官赐勋三转。行从官首末不绝及陪位官各赐勋两转。内外文武官。三品以上赐爵一等。四品己下各加一阶。致仕官三品已上赐物七十匹。四品五品各五十匹。行从蕃客鸿胪安置陪位见大礼者。宜赐物五十匹。节级分付。南北衙应宿卫斋宫官。及左右厢知兵马虞候总管已下。及判官别奏兼孔目官等。更加勋一转。前资官选日稍优与处分。白身人有资劳者。简选之日优与处分。无资荫者赐勋两转。南北衙行从三卫飞骑万骑引驾细引及监门直长主帅黄衣长上。各赐勋两转。仍各赐物五段。两营弩手六番并行。宜各赐勋两转。物五段。仍量折番役。诸卫彍骑及兵角弓手官马主掌闲幕士驾士供膳士供膳主习驭工人乐人杂户官户白身有职掌人合行从人等。各赐勋一转。物三段。其斋郎既是见任官。准坛上坛下有职掌官例处分。执弹三卫及礼生赞者。各减二年劳。无劳可减者。选日稍优与处分。流外行署从者各赐勋一转。有职掌者各赐勋两转。供顿州刺史同陪位官例。始末专知顿。官各与一中上考。蒲州刺史宝鼎县官同升坛官处分。管坛一乡百姓给复二年。蒲州侍老等。准太原潞州例降一等处分。武德初功臣。每有大庆。必存追远。业参运始。义合赏延。其子孙沈翳无在朝者。宜令勘实。即与一子官。唐元年立功官等。艰难之际。诚效亦深。言念其初。岂忘终始。其三品已上各赐一品官。五品已上各赐紫金鱼袋。有亡没者优赠一官。仍与一子官。一子先得官者。选日优与处分。两京留守京兆河南尹四大都督府长史诸军节度副大使。准行从官例处分。诸方通表疏使人预见大礼。准陪位官处分。诸道战亡人家。仰州县存恤。不周济者。量事赈给。诸军健儿。别敕行人。各赐勋一转。仍令所司速勘会团奏。官写告身。送付诸道行人。或有身死被逃。犹徵课役。累及亲邻。即宜审勘。为其除削。皇亲中有文武才用堪任使者。委宗正具荐。当与奖擢。五岳四渎。名山大川。自古圣帝明王。忠臣烈士辅相。各令致祭。务尽诚洁。赦书有所不该者。所司比类奏闻。亡命山泽。挟藏军器。百日不首。复罪如初。敢以赦前事相告言者。以其罪罪之。率土之内。赐酺三日。赦书日行五百里。布告天下。咸使闻知。主者施行。","顾建国《张九龄年谱》中国社会科学出版社，2005年版 第175页",,,,"杨洁"
"唐","张九龄","玄宗开元二十年壬申","732","11",,"55","","都畿道","河南府",,,"河南","洛阳市",,"112.460033","34.624376","工部侍郎","旋辔途中，经河东，有和侍中裴光庭承恩拜扫诗","裴光庭","《和裴侍中承恩拜扫旋辔途中有怀寄州县官僚乡园故亲》","Poem","和裴侍中承恩拜扫旋辔途中有怀寄州县官僚乡国亲故
嵩岳神惟降，汾川鼎气雄。生才作霖雨，继代有清通。天下称贤相，朝端挹至公。自家来佐国，移孝入为忠。霜露多前感，丘园想旧风。扈巡过晋北，问俗到河东。便道恩华降，还乡礼教崇。野尊延故老，朝服见儿童。","顾建国《张九龄年谱》中国社会科学出版社，2005年版 第175页",,,,"杨洁"
"唐","张九龄","玄宗开元二十年壬申","732","12",,"55","","京畿道","京兆府",,,"陕西","西安市",,"108.946306","34.347436","工部侍郎","本月，还西京。年末岁寒，有敕投降奚等书","","《敕投降奚等书》","Article","敕投降奚等书
敕新来投降奚等。汝本小蕃。不自存立。顷年依我。稍得安全。而常持两端。遽即背叛。忘恩负义。岂是人心。今者闻汝复归。亦应知过。仍缘困蹙。未免嫌疑。汝若诚能洗心。永以寄命。便令处置汝等。当须一一听从。即舍往愆。更期来效。官赏诸事。皆如旧日。各宜自勉。勿不知恩。比严寒。汝等部落百姓并平安好。遣书指不多及。","顾建国《张九龄年谱》中国社会科学出版社，2005年版 第175页",,,,"杨洁"
"唐","张九龄","玄宗开元二十一年癸酉","733",,,"56","","京畿道","京兆府",,,"陕西","西安市",,"108.946306","34.347436","工部侍郎","是年在工部侍郎、集贤院学士副知院事兼知制诰任","",,"","","顾建国《张九龄年谱》中国社会科学出版社，2005年版 第187页",,,,"杨洁"
"唐","张九龄","玄宗开元二十一年癸酉","733","1","1","56","","京畿道","京兆府",,,"陕西","西安市",,"108.946306","34.347436","工部侍郎","此日，奉拟岁初处分德音敕文","","《敕岁初处分德音》","Article","敕岁初处分
敕。天地以大德生群品。圣人以大宝守万物。古者受命之君。谓之承天之序。明有所代。夫岂徒然。若道无钦崇。命不永保。帝实临汝。人曷戴君。朕所以每期庶乎合于仁覆之意也。夫宓羲神农。黄帝尧舜。或诛而不怒。或教而不诛。彼亦何为。独臻于此。朕自有天下。二纪及兹。虽未能画衣以禁。亦未尝刑人于市。而政犹舛駮。俗尚浇漓。当是为理之心。未返于本耳。凡人岂不仁于父母兄弟。不欲于饮食衣服乎。而卒被无孝友之名。不温饱之困。其故何哉。盖未闻义方。不识善道。或任小智而为诈。或见小利而苟得。致远则穷。继之以暴。已而身受戮诛。家不相保。愚妄之徒。类多自陷。讼狱之弊。恒由此作。吁可悲乎。亦在教之不明也。盖刑罚者。不获已而用之。天下黔黎。皆朕赤子。以诚告示。其或知归。何必用威。然后致理。先务仁恕。宁不怀之。且五常循行。岂须深识。六亲和睦。何待丁宁。自宜勉之。以副所望。刑措不用。道在于兹。今献岁之吉。迎气伊始。敬顺天常。无违月令。所由长吏。可举旧章。诸有妪伏孕育之物。蠢动生植之类。慎无杀伐。致令夭伤。九土异宜。三农在候。聚众兴役。妨时害功。特宜禁止。以助春事。至若家有征镇。人或孤茕。物向阳和。此独忧悴。良可悯也。亦宜所由随事优恤。盖不体仁无以为长。不知道无以用心。故道者众妙之门。而心者万事之统。得其要会。义可以兼济于人。失其指归。生不能自全于已。故我元元皇帝著道德经五千文。明乎真宗。致于妙用。而有位者未之讲习。不务清净。欲令所为之政教。何从而致于太和者耶。百辟卿士。各须详读。勉存进道之诚。更图前席之议。至如计校小利。综缉烦文。邀名直行。去道弥远。违天和气。生人怨心。朕甚厌之。所不取也。各励精一。共兴元化。俾苍生登于仁寿。天下还于淳朴。岂远乎哉。行之可至。其老子道德经。宜令士庶家藏一本。仍劝习读。使知指要。每年贡举人。量减尚书论语一两道策。准数加老子策。俾敦崇道本。附益化源。朕推诚与人。有此教诫。必验行事。岂垂空言。今之此敕。亦宜家置一本。每须三省。以识朕怀。","顾建国《张九龄年谱》中国社会科学出版社，2005年版 第187页",,,,"杨洁"
"唐","张九龄","玄宗开元二十一年癸酉","733","2",,"56","","京畿道","京兆府",,,"陕西","西安市",,"108.946306","34.347436","工部侍郎","本月，上表奉贺衢州进古铜器","","《贺衢州进古铜器》","Article","贺衢州进古铜器状
右。伏见衢州所进瑞鱼铭等。神物瑰奇。形制纯古。鱼为龙象。既彰受命之元。铭作龟文。更表锡年之永。河图旧事。无以加之。臣叶赞休明。屡承福应。忝惟拜庆倍百恒情。伏望宣付史官。传之不朽。无任喜跃之至。","顾建国《张九龄年谱》中国社会科学出版社，2005年版 第196页",,,,"杨洁"
"唐","张九龄","玄宗开元二十一年癸酉","733","2",,"56","","京畿道","京兆府",,,"陕西","西安市",,"108.946306","34.347436","工部侍郎","本月，有授皇甫翼加阶制文","皇甫翼","《授皇甫翼等加阶制》","Article","","顾建国《张九龄年谱》中国社会科学出版社，2005年版 第196页",,,,"杨洁"
"唐","张九龄","玄宗开元二十一年癸酉","733",,,"56","","京畿道","京兆府",,,"陕西","西安市",,"108.946306","34.347436","工部侍郎","本年三月前，为侍中兼吏部尚书裴光庭画像作赞并序","裴光庭","《侍中兼吏部尚书裴公画赞并序》","Article","侍中兼吏部尚书裴公画像赞
赫喧人望，时为国纪。伟量川渟，高标岳峙。磊落成节，精明入理。倬哉辅臣，式是多士。丹青炳发，俨如至止。","顾建国《张九龄年谱》中国社会科学出版社，2005年版 第196页",,,,"杨洁"
"唐","张九龄","玄宗开元二十一年癸酉","733",,,"56","","京畿道","京兆府",,,"陕西","西安市",,"108.946306","34.347436","工部侍郎","有除韩休黄门侍郎平章事制文","韩休，黄门","《除韩休黄门侍郎平章事制》","Article","","顾建国《张九龄年谱》中国社会科学出版社，2005年版 第196页",,,,"杨洁"
"唐","张九龄","玄宗开元二十一年癸酉","733","闰3","1","56","","京畿道","京兆府",,,"陕西","西安市",,"108.946306","34.347436","工部侍郎","有敕十道朝集使，令其勤子自励，务在农桑，因地制宜，富民有教","","《敕处分十道朝集使》（之二）","Article","敕处分十道朝集使
敕十道及朝集使等。信赏以劝能。刑罚以惩恶。谓之二柄。所以一人。朕念彼黎元。比遭水旱。而赋役不等。浮惰相仍。且无缉宁。渐用凋弊。所以慎择长吏。兼命使臣。宠数所加。亦云不薄。智能自效。岂是末图。政之殊尤。永用虚伫。且郡县所理。黎庶是切。善为政者。防于未然。均其有无。省其徭役。事事有豫。早为之所。虽遭岁恶。固亦人安。况在丰年。不能招辑。遂使户多虚挂。人苦均摊。务欲削除。更成诡故。已逃者未必为削。为奸者因此便除。一启其端。岂胜其弊。向若州有明牧。县有良宰。而精心缉理。岂若是乎。卿等至州。将朕此意。优柔慰勉。各令用心。招抚流庸。补缀居业。使免助逃之费。是为救弊之先。此不存心。更知何理。且刺史县令。专任不轻。自有非违。将何率励。至如亲识游客。凭恃威权。嘱托下寮。摇动狱讼。或差遣不当。致令损失。或处分有乖。便至烦扰。兼有不肃诸吏。唯只自谨一身。奸豪盗贼。无所畏惧。是虚荷荣宠。徒增禄秩。此而可容。孰为尸旷。并委诸道条察。具状奏闻。今甘泽以时。农桑为重。不急之务。先己勒停。宜更申明。勿妨春事。诸处百姓。贫寠者多。虽有陇亩。或无牛力。劝率相助。令其有秋。所系囚徒。速令决断。无令冤滞。致有妨夺。鳏寡茕独。征镇之家。倍须抚存。勿有科唤。朕所悬爵秩。惟待贤能。若政举一州。惠施一县。使者廉问。必以状闻。既能副于朕怀。亦当待以不次。诚可复也。岂食言哉。并即好去。","顾建国《张九龄年谱》中国社会科学出版社，2005年版 第196页",,,,"杨洁"
"唐","张九龄","玄宗开元二十一年癸酉","733","闰3","8","56","","京畿道","京兆府",,,"陕西","西安市",,"108.946306","34.347436","工部侍郎","此日，加正议大夫","",,"","","顾建国《张九龄年谱》中国社会科学出版社，2005年版 第196页",,,,"杨洁"
"唐","张九龄","玄宗开元二十一年癸酉","733",,,"56","","京畿道","京兆府",,,"陕西","西安市",,"108.946306","34.347436","工部侍郎","是年春，又敕十道朝集使，令其尽职守，务以农桑为重，以谋善政","","《敕处分十道朝集使》（之四）","Article","","顾建国《张九龄年谱》中国社会科学出版社，2005年版 第196页",,,,"杨洁"
"唐","张九龄","玄宗开元二十一年癸酉","733",,,"56","","京畿道","京兆府",,,"陕西","西安市",,"108.946306","34.347436","工部侍郎","幽州副总管郭英杰讨契丹阵亡后，九龄有敕老将薛泰书，命其与王忠嗣等合谋，共讨叛藩","薛泰","《敕薛泰书》","Article","敕薛泰书
敕薛泰。朕抚育降奚。每事过厚。衣食供给。数年于兹。而禽兽无知。不怀恩信。相率种落。一时叛亡。此于国家。譬犹蚊䖟耳。无所惮惜。惟恶恶心。总是乱阶。私相招诱。若不扑灭。何以示威。卿可率所统。与纪思诲王忠嗣等计会进讨。卿既身在边镇。深练兵权。进退动静。惟变所适。敌则预料。奇出临时。会在审量。不可轻举。气候渐暖。卿及将士已下并得如宜。遣书指不多及。","顾建国《张九龄年谱》中国社会科学出版社，2005年版 第196页",,,,"杨洁"
"唐","张九龄","玄宗开元二十一年癸酉","733","4","1","56","","京畿道","京兆府",,,"陕西","西安市",,"108.946306","34.347436","工部侍郎","此日，再敕十道朝集使，令其以亿兆为忧，妥善处理好括户问题，杜绝竞进，务于政成","","《敕处分十道朝集使》（之三）","Article","敕处分十道朝集使
敕十道及朝集使等。信赏以劝能。刑罚以惩恶。谓之二柄。所以一人。朕念彼黎元。比遭水旱。而赋役不等。浮惰相仍。且无缉宁。渐用凋弊。所以慎择长吏。兼命使臣。宠数所加。亦云不薄。智能自效。岂是末图。政之殊尤。永用虚伫。且郡县所理。黎庶是切。善为政者。防于未然。均其有无。省其徭役。事事有豫。早为之所。虽遭岁恶。固亦人安。况在丰年。不能招辑。遂使户多虚挂。人苦均摊。务欲削除。更成诡故。已逃者未必为削。为奸者因此便除。一启其端。岂胜其弊。向若州有明牧。县有良宰。而精心缉理。岂若是乎。卿等至州。将朕此意。优柔慰勉。各令用心。招抚流庸。补缀居业。使免助逃之费。是为救弊之先。此不存心。更知何理。且刺史县令。专任不轻。自有非违。将何率励。至如亲识游客。凭恃威权。嘱托下寮。摇动狱讼。或差遣不当。致令损失。或处分有乖。便至烦扰。兼有不肃诸吏。唯只自谨一身。奸豪盗贼。无所畏惧。是虚荷荣宠。徒增禄秩。此而可容。孰为尸旷。并委诸道条察。具状奏闻。今甘泽以时。农桑为重。不急之务。先己勒停。宜更申明。勿妨春事。诸处百姓。贫寠者多。虽有陇亩。或无牛力。劝率相助。令其有秋。所系囚徒。速令决断。无令冤滞。致有妨夺。鳏寡茕独。征镇之家。倍须抚存。勿有科唤。朕所悬爵秩。惟待贤能。若政举一州。惠施一县。使者廉问。必以状闻。既能副于朕怀。亦当待以不次。诚可复也。岂食言哉。并即好去。","顾建国《张九龄年谱》中国社会科学出版社，2005年版 第196页",,,,"杨洁"
"唐","张九龄","玄宗开元二十一年癸酉","733","4","1","56","","京畿道","京兆府",,,"陕西","西安市",,"108.946306","34.347436","工部侍郎","此日，拟诸王实封制","","《诸王实封制》","Article","诸王实封制
门下。先王之制。封建有等。诸侯所食。征赋以归。河西节度大使原州都督庆王潭河东节度大使太原牧棣王洽河北节度大使幽州大都督鄂王涓等。性皆中和。行无外饰。教以诗礼。能渐义方。虽已列于封圻。竟未畴于井赋。顷以孝友之习。且在深宫。服用之间。亦从御府。既申开国之典。宜崇书社之数。可各食实封二千户。主者施行。","顾建国《张九龄年谱》中国社会科学出版社，2005年版 第196页",,,,"杨洁"
"唐","张九龄","玄宗开元二十一年癸酉","733","5",,"56","","京畿道","京兆府",,,"陕西","西安市",,"108.946306","34.347436","工部侍郎","本月，有贺侍讲徧赐衣物状","","《贺侍讲徧赐衣物状》","Article","谢侍讲遍赐衣物状
右。高力士宣称。陛下亲讲读毛诗。遍赐侍讲陈希烈三品兼赐衣物等。伏以睿思元通。超然物表。俯临天下。必树风化。既宏儒教。考覈诗人。爰托师资。亲行讲读。章句初毕。赏锡有加。明主深恩。孰不知劝。臣等谬承任遇。实愧经通。圣业弥深。微诚何补。方思敩学。以助明时。无任悦豫之至。","顾建国《张九龄年谱》中国社会科学出版社，2005年版 第196页",,,,"杨洁"
"唐","张九龄","玄宗开元二十一年癸酉","733","5","21","56","","京畿道","京兆府",,,"陕西","西安市",,"108.946306","34.347436","工部侍郎","奉拟皇太子纳妃敕文","","《敕皇太子纳妃》","Article","敕皇太子纳妃
敕。礼有谨于初。义亦重其本。凡是姻媾。且犹正于人伦。况在元良。更将承于宗祀。皇太子鸿。储副是属。仁孝自然。爰从吉辰。式备嘉礼。上事下继。君子重之。言告言归。朕岂无慰。非独在予之庆。宜申与众之泽。应天下囚徒。死罪特宜免死。配流岭南远处。流罪降至徒。徒已下罪并宜释放。其造伪头首勾合知情受伪人等罪。虽徒流仍便隶为百姓。至彼勿许东西。诸道征行人家及鳏寡茕独。委州县长官检校。矜放差科。使安其业。中间有不支济者。量事赈给。仍量助其营种。长安万年两县百姓。及今月当上彍骑卫士杂匠掌闲幕士驾士工人乐人供膳主膳官马主食弓等。并免其家今年地税。三卫细引飞骑万骑监门长上及礼生有职掌者。各减一年劳。在京文武官九品以上。见在京外官因公使及当上在京新除五品以上。外官未辞并致仕官朝朔望者。各赐勋一转。东宫官九品以上诸司。缘礼会祇供官等。更加勋一转。五礼使兵部尚书兼中书令萧嵩特封徐国公。礼会使黄门侍郎同中书门下平章事韩休特与三品。妃礼会使少府监冯绍正赐紫金鱼袋。诸副使及判官。更加勋一转。礼官傧者夹侍官及孔目官使典主旌节等。选日优与处分。仗内马家内侍省给使教坊音声人。缘太子礼会祇供者。各赐勋一转。皇太子舅尚辇奉御赵回进特与三品。仍改三品官。前右武卫骑曹赵某特与五品。仍改与五品官。皇太子侍读侍书等各加一阶。皇太子谕德潘萧特与五品。太子妃兄通事舍人辥愿特与五品。仍改与五品官。兄吏部常选辥某特与五品。仍与六品官。今日应预会官等。各节级给赐物。即宜领取。宴会者所以宣其情。颁锡者所以将其意。公卿百辟。庶知朕心。","顾建国《张九龄年谱》中国社会科学出版社，2005年版 第196页",,,,"杨洁"
"唐","张九龄","玄宗开元二十一年癸酉","733","5","27","56","","京畿道","京兆府",,,"陕西","西安市",,"108.946306","34.347436","工部侍郎","检校中书侍郎，遂有谢状","","《谢中书侍郎状》","Article","谢中书侍郎状
右。臣谬迹书府。兼司纶翰。思力浅近。无所发明。圣恩不以不才。却赐荣奖。拔擢非次。荷跃惟深。但中书近密。参掌不易。岂臣微贱。所堪忝窃。拜命之日。伏用惭惶。不胜战荷之至。","顾建国《张九龄年谱》中国社会科学出版社，2005年版 第196页",,,,"杨洁"
"唐","张九龄","玄宗开元二十一年癸酉","733","6",,"56","","京畿道","京兆府",,,"陕西","西安市",,"108.946306","34.347436","工部侍郎","在选官用人之策上，力主罢循资格。夏末，有敕识匿国王书，对其讨灭发匐篡乱的忠义之举予以嘉勉","","《敕识匿国王书》","Article","敕识匿国王书
敕识匿国王乌讷没莫贺咄。卿比与护密相为唇齿。而发匐凶狡。劫杀商胡。罪不容诛。走投异域。朕知其恶积。改立真檀。遽闻却来。还占本国。卿等雠疾顽暴。相率诛之。累岁逋逃。一朝剪灭。永言忠义。深所嗟称。今授卿将军。赐物二百匹。锦袍金钿带七事。巳下节级亦有衣物。各宜领取。夏末甚热。卿及百姓并平安好。遣书指不多及。","顾建国《张九龄年谱》中国社会科学出版社，2005年版 第196页",,,,"杨洁"
"唐","张九龄","玄宗开元二十一年癸酉","733",,,"56","","京畿道","京兆府",,,"陕西","西安市",,"108.946306","34.347436","工部侍郎","秋，有贺雨晴状","","《贺雨晴状》","Article","贺雨晴状
右。今月十日高力士宣圣旨。以霖雨方滞。有害稼穑之忧。将亲祷上阳。三日内不坐。精意朝发。而重阴夕霁。乃数日已来。遂致开朗。谁谓天远。其应甚速。遂得麦秋有望。蚕事且登。则知至人无心。与天地合契。神功潜运。岂阴阳不测。伏惟陛下明德自广。兢业载怀。所致休徵。必加谦慎。天圣相合。福施群生。日用不知。年和在此。臣等无能翊佐。徒忝近密。每有大猷。承奉不暇。无任欣戴庆跃之至。","顾建国《张九龄年谱》中国社会科学出版社，2005年版 第196页",,,,"杨洁"
"唐","张九龄","玄宗开元二十一年癸酉","733",,,"56","","京畿道","京兆府",,,"陕西","西安市",,"108.946306","34.347436","工部侍郎","秋末，有敕幽州节度张守珪书，对其履新，期待嘱托有加","张守珪","《敕幽州节度张守珪书》（之一）","Article","敕平卢使乌知义书
敕乌知义。两蕃既巳归我。突厥仍敢犯边。此其不顺。诚可残灭。适闻契丹及奚等并力合谋。同破凶丑。卿亦继进。相与成功。此之一捷。使其丧气。然斗防困兽。诱备羸师。兵家之难。慎在终始。卿是宿将。当自明之。若见可则行。务须灵敏。固在临事。难用速言。必图万全。不可轻举。巳敕守圭与卿计会。可须观衅裁之。秋凉。卿及将士巳下并平安好。遣书指不多及。","顾建国《张九龄年谱》中国社会科学出版社，2005年版 第196页",,,,"杨洁"
"唐","张九龄","玄宗开元二十一年癸酉","733",,,"56","","京畿道","京兆府",,,"陕西","西安市",,"108.946306","34.347436","工部侍郎","初冬，又敕张守珪、安禄山等，激励其效命输忠、克战克胜、成名立事","张守珪，安禄山","《敕幽州节度张守珪书》（之二）","Article","敕幽州节度张守圭书
敕张守圭安禄山。两蕃自昔。辅车相依。奚既破伤。殆无遗噍。契丹孤弱。何能自全。复闻突厥徵求。欲有逃避。传者纵其未实。此虏终已合然。藉卿运筹。徐以计取。况禄山义勇。武艺绝人。谋帅得贤。裨将复尔。以讨残蕞。势若摧枯。仗顺而行。何敌之有。今者又云遇贼。略有芟夷。乘其数穷。日向歼尽。其灼然有功效者。可具以状闻。会取实劳。以当优赏。赵堪云。卿见部勒。欲以师行。兵贵从权。以时经略。在卿临事。一以委之。效命输忠。成名立事。居今慕古。千载一时。卫霍之俦。独何人也。边事烦总。无乃为劳。冬初薄寒。卿及禄山并诸将士已下并平安好。遣书指不多及。","顾建国《张九龄年谱》中国社会科学出版社，2005年版 第196页",,,,"杨洁"
"唐","张九龄","玄宗开元二十一年癸酉","733",,,"56","","岭南道","韶州",,,"广东","韶关市",,"113.603757","24.816174","工部侍郎","冬，丁母忧，奔丧还韶","",,"","","顾建国《张九龄年谱》中国社会科学出版社，2005年版 第196页",,,,"杨洁"
"唐","张九龄","玄宗开元二十一年癸酉","733","12","14","56","","京畿道","韶州",,,"广东","韶关市",,"113.603757","24.816174","工部侍郎","起复中书侍郎、同中书门下平章事、兼修国史","",,"","","顾建国《张九龄年谱》中国社会科学出版社，2005年版 第196页",,,,"杨洁"
"唐","张九龄","玄宗开元二十一年癸酉","733",,,"56","","京畿道","韶州",,,"广东","韶关市",,"113.603757","24.816174","工部侍郎","本年，还撰有右监门卫上将军黎景仁碑","黎景仁","《唐右监门卫上将军黎景仁碑》","Article","","顾建国《张九龄年谱》中国社会科学出版社，2005年版 第196页",,,,"杨洁"
"唐","张九龄","玄宗开元二十一年癸酉","733",,,"56","","京畿道","韶州",,,"广东","韶关市",,"113.603757","24.816174","工部侍郎","本年，还撰有宣议郎王巳墓志","王巳","《唐宣议郎王巳墓志》","Article","","顾建国《张九龄年谱》中国社会科学出版社，2005年版 第196页",,,,"杨洁"
"唐","张九龄","玄宗开元二十二年甲戌","734",,,"57","","京畿道","韶州",,,"广东","韶关市",,"113.603757","24.816174","中书侍郎同中书门下平章","丁母忧。起复中书侍郎同中书门下平章事兼修国史","",,"","","顾建国《张九龄年谱》中国社会科学出版社，2005年版 第197页",,,,"杨洁"
"唐","张九龄","玄宗开元二十二年甲戌","734","1",,"57","","都畿道","河南府",,,"河南","洛阳市",,"112.460033","34.624376","中书侍郎同中书门下平章","月初,奉命自韶诣东都,正月下旬至都","",,"","","顾建国《张九龄年谱》中国社会科学出版社，2005年版 第197页",,,,"杨洁"
"唐","张九龄","玄宗开元二十二年甲戌","734","1","26","57","","都畿道","河南府",,,"河南","洛阳市",,"112.460033","34.624376","中书侍郎同中书门下平章","此日,中使李仁智奉宣口敕,赐九龄甲第一区,复有高力士奉宣圣旨,赐御马一匹,九龄遂有谢马状","","《谢赐马状》","Article","谢赐马状
右。今日高力士奉宣圣旨。赐臣紫骝马一匹。伏以恩覃不次。宠遇非常。有忝股肱之臣。频奉渥洼之赐。况郊坛展礼。尚未奠于九宫。而雨露深恩。反有叨于三接。虽鸣珂喷玉。朝天永代于臣劳。而任重才微。久岁宁酬于圣造。荷负无力。答效何阶。","顾建国《张九龄年谱》中国社会科学出版社，2005年版 第197页",,,,"杨洁"
"唐","张九龄","玄宗开元二十二年甲戌","734","1","27","57","","都畿道","河南府",,,"河南","洛阳市",,"112.460033","34.624376","中书侍郎同中书门下平章","此日,奏请求终丧,不许","",,"","","顾建国《张九龄年谱》中国社会科学出版社，2005年版 第197页",,,,"杨洁"
"唐","张九龄","玄宗开元二十二年甲戌","734","2","19","57","","都畿道","河南府",,,"河南","洛阳市",,"112.460033","34.624376","中书侍郎同中书门下平章","此日,奏置十道采访处置使,玄宗允纳,复有敕文","唐玄宗","《敕置十道使》","Article","敕置十道使
敕。岁比不登。人或流亡。言念菜色。朕用疚怀。而牧宰是寄。惠养犹缺。黎元为本。赋敛未均。当宁思之。良所于邑。且十连为率。六察分条。周汉以还。事有因革。帝王之制。义在随时。其天下诸道。宜依旧逐要便置使。令采访处置。若牧宰无政。不能纲理。吏人有犯。所在侵渔。及物土异宜。人情不便。差科赋税。量事取安。朕所责成。贵在简要。其馀常务。不可横干。其使宜令中书门下即简择奏闻。朕将亲览。","顾建国《张九龄年谱》中国社会科学出版社，2005年版 第197页",,,,"杨洁"
"唐","张九龄","玄宗开元二十二年甲戌","734","2","19","57","","都畿道","河南府",,,"河南","洛阳市",,"112.460033","34.624376","中书侍郎同中书门下平章","此日，有敕授卢绚等十道使文","卢绚","《敕授十道使》","Article","敕授十道使
敕。言念苍生。心必遍于天下。自古良牧。福犹润于京师。所以历选列城。聿求连率。岂徒刺察。将委辑宁。朝散大夫检校御史中丞关内道宣慰赈给使上柱国卢绚等。任寄已深。声实兼茂。咸贯通于理道。益纯固于公心。或华发不衰。或白圭无玷。可以范仪郡国。康济黎元。间岁已来。数州失稔。颇致流亡。能勿殷怀。吏又不畏不仁。人或不安不便。诚须矫过。必在仗贤。而前此使车。不无殷鉴。事皆掣肘。务欲总权。小有举于毫发。大莫振于纲领。本不条察。却用烦苛。永言所期。岂云自弊。今既各膺重寄。允谓通才。以蠲疾苦之原。当叶大中之义。若令行一道。利及万人。朕所设官。以待能者。朝之优秩。必归令誉。言可复也。宜副朕怀。可依前件。","顾建国《张九龄年谱》中国社会科学出版社，2005年版 第197页",,,,"杨洁"
"唐","张九龄","玄宗开元二十二年甲戌","734","3",,"57","","都畿道","河南府",,,"河南","洛阳市",,"112.460033","34.624376","中书侍郎同中书门下平章","在洛阳，有应制十道采访使及朝集使诗","卢绚","《奉和圣制送十道采访处置使及朝集使》","Poem","奉和圣制送十道采访使及朝集使
三年一上计，万国趋河洛。课最力已陈，赏延恩复博。垂衣深共理，改瑟其咸若。首路回竹符，分镳扬木铎。戎程有攸往，诏饯无淹泊。昭晰动天文，殷勤在人瘼。持久望兹念，克终期所托。行矣当自强，春耕庶秋获。","顾建国《张九龄年谱》中国社会科学出版社，2005年版 第197页",,,,"杨洁"
"唐","张九龄","玄宗开元二十二年甲戌","734",,,"57","","都畿道","河南府",,,"河南","洛阳市",,"112.460033","34.624376","中书侍郎同中书门下平章","正月所赐官宅增修完毕,什物齐备,九龄以为过于弘敞,有奢侈和贪冒之嫌,恳请朝廷收回,玄宗御批不允,并命择日移入","唐玄宗","《让赐宅状》","Article","让赐宅状
右。去正月二十六日。中使李仁智宣口敕。赐臣前件宅。仍令官修。及什物一事已上。自奉恩命。夙夜忧惕。既惭虚受。载惧满盈。臣生身蓬荜。所居贱陋。衅属苴麻。岂图宏敞。宸私曲被。宠赐猥临。加以殃罚之馀。参议枢掖。草土之末。庇形栋宇。器用资于官备。礼数异于丧纪。兢惶失图。启处无地。况涓滴未效。霈泽先盈。非据之责。谁任其咎。又臣见在家累。仅十馀人。臣之俸禄。实为丰厚。以此贸迁。足办私室。今崇其甲第。更使增修。或恐因缘。多有费损。上则亏耗国用。下则招集身尤。纵陛下时垂宽容。而臣苟为贪冒。其如物议何。其如公道何。伏乞赐寝前命。俯垂矜察。纳臣诚请。免臣罪戾。其宅及什物。望并却令官收。无任惶惧之至。","顾建国《张九龄年谱》中国社会科学出版社，2005年版 第197页",,,,"杨洁"
"唐","张九龄","玄宗开元二十二年甲戌","734","3",,"57","","都畿道","河南府",,,"河南","洛阳市",,"112.460033","34.624376","中书侍郎同中书门下平章","三月,初知政事。奏请放私铸钱,以缓通货短缺之弊,玄宗意欲采纳试行，后遭众人訾议而被迫放弃","唐玄宗","《议放私铸钱敕》","Article","敕议放私铸钱
敕。布帛不可以尺寸为交易。菽粟不可以杪勺贸有无。故古之为钱。将以通货币。盖人所作。非天实生。顷者耕织为资。乃稍贱而伤本。磨铸之物。却以少而致贵。顷虽官铸。所入无几。约工计本。劳费又多。公私之间。给用不赡。永言其弊。岂无变通。往者汉文之时。已有放铸之令。虽见非于贾谊。亦无费于贤君。况古往今来。时异事变。反经之事。安有定耶。终然固拘。必无足用。且欲不禁私铸。其理如何。公卿百僚。详议可否。朕将亲览。择善而从。","顾建国《张九龄年谱》中国社会科学出版社，2005年版 第197页",,,,"杨洁"
"唐","张九龄","玄宗开元二十二年甲戌","734","3",,"57","","都畿道","河南府",,,"河南","洛阳市",,"112.460033","34.624376","中书侍郎同中书门下平章","本月,拟有处分新除河南府密县县令张稷等人的敕文","张稷","《敕处分县令》","Article","","顾建国《张九龄年谱》中国社会科学出版社，2005年版 第197页",,,,"杨洁"
"唐","张九龄","玄宗开元二十二年甲戌","734","3",,"57","","都畿道","河南府",,,"河南","洛阳市",,"112.460033","34.624376","中书侍郎同中书门下平章","本月，又有敕牧宰处分选入等文","","《敕处分选人》","Article","敕处分选人
敕。朕悯兹下人。不忘寤寐。庶乎富教。寄在牧宰。所以推择才能。亲加考覈。卿等各膺时用。副朕虚求。亦既得人。伫闻佳政。若能锐精为理。声绩有称。即当待以不次。信斯言之可复。如其政不能举。行且有遗。岂独败于厥躬。必将坐于举主。此亦明约。不得不然。各宜勉之。以成名节。今赐卿少物。各宜领取。并于朝堂坐食。食讫好去。","顾建国《张九龄年谱》中国社会科学出版社，2005年版 第197页",,,,"杨洁"
"唐","张九龄","玄宗开元二十二年甲戌","734","4",,"57","","都畿道","河南府",,,"河南","洛阳市",,"112.460033","34.624376","中书侍郎同中书门下平章","夏四月,北庭都护刘涣谋反被诛后,九齡连敕安西都护王斛斯和西州都督张待宾等入,通报情况,嘉勉其忠义守边,并令其严防突骑施窥隙","刘涣，王斛斯，张待宾","《敕安西节度王斛斯书》","Article","","顾建国《张九龄年谱》中国社会科学出版社，2005年版 第197页",,,,"杨洁"
"唐","张九龄","玄宗开元二十二年甲戌","734","4",,"57","","都畿道","河南府",,,"河南","洛阳市",,"112.460033","34.624376","中书侍郎同中书门下平章","夏四月,北庭都护刘涣谋反被诛后,九齡连敕安西都护王斛斯和西州都督张待宾等入,通报情况,嘉勉其忠义守边,并令其严防突骑施窥隙","刘涣，王斛斯，张待宾","《敕西州都督张待宾书》","Article","敕西州都督张待宾书
敕西州都督张待宾。累得卿表。一一具知。刘涣凶狂。自取诛灭。远近闻者。莫不庆快。卿诚深疾恶。初屡表闻。边事动静。皆尔用意。即朕无忧也。夏初渐热。卿及将士官僚百姓已下并平安好。遣书指不多及。","顾建国《张九龄年谱》中国社会科学出版社，2005年版 第197页",,,,"杨洁"
"唐","张九龄","玄宗开元二十二年甲戌","734","5",,"57","","都畿道","河南府",,,"河南","洛阳市",,"112.460033","34.624376","中书侍郎同中书门下平章","五月,谏相李林甫","李林甫","《奏劾林甫》","Article","","顾建国《张九龄年谱》中国社会科学出版社，2005年版 第197页",,,,"杨洁"
"唐","张九龄","玄宗开元二十二年甲戌","734","5",,"57","","都畿道","河南府",,,"河南","洛阳市",,"112.460033","34.624376","中书侍郎同中书门下平章","五月,奉诏简校覆讫两京都城在押囚徒。时有“张公口案”之誉","",,"","","顾建国《张九龄年谱》中国社会科学出版社，2005年版 第197页",,,,"杨洁"
"唐","张九龄","玄宗开元二十二年甲戌","734","5",,"57","","都畿道","河南府",,,"河南","洛阳市",,"112.460033","34.624376","中书侍郎同中书门下平章","致敕北庭将士百姓,对北庭将士百姓同心尽力、一举荡平逆贼刘涣,予以嘉并","","《敕北庭将士百姓等书》","Article","敕北庭将士百姓等书
敕北庭将士部落及百姓等。忠义所感。在臣子而固然。凶恶必诛。虽鬼神而亦尔。逆贼刘涣。不意含气有此狂愚。忽于夷涂。坐生逆节。奸谋虽起。狡数自穷。诱人不从。欺天斯甚。由是忠义奋发。凶丑就擒。虽则奴庸。何足比数。然则荒徼。亦云除恶。皆是卿等同心尽力。向国输忠。能协人鬼之谋。不贻戎狄之笑。朕每以嘉叹。无忘于心。所云有功。皆巳优赏。惩恶劝善。实在于兹。夏中甚热。卿并平安好。遣书指不多及。","顾建国《张九龄年谱》中国社会科学出版社，2005年版 第197页",,,,"杨洁"
"唐","张九龄","玄宗开元二十二年甲戌","734","5",,"57","","都畿道","河南府",,,"河南","洛阳市",,"112.460033","34.624376","中书侍郎同中书门下平章","致敕伊吾军使张楚宾等,对北庭将士百姓同心尽力、一举荡平逆贼刘涣,予以嘉并","张楚宾，刘涣","《敕伊吾军使张楚宾书》","Article","敕伊吾军使张楚宾书
敕伊州刺史伊吾军使张楚宾。近得卿表。知沙陁入界。此为刘涣凶逆。处置狂疏。遂令此蕃。暂有迁转。今刘涣伏法。远近知之。计沙陁部落。当自归本处。卿可具宣朝旨。以慰其心。兼与盖嘉运相知。取其稳便。丰草美水。皆在北庭。计必思归。从其所欲也。卿可量事安慰。仍勿催迫。处置了日。具以状闻。夏中盛热。卿及将士百姓已下并平安好。遣书指不多及。","顾建国《张九龄年谱》中国社会科学出版社，2005年版 第197页",,,,"杨洁"
"唐","张九龄","玄宗开元二十二年甲戌","734","5",,"57","","都畿道","河南府",,,"河南","洛阳市",,"112.460033","34.624376","中书侍郎同中书门下平章","命张楚宾妥善处理因刘涣狂疏而引起的沙陀部迁转问题","张楚宾，刘涣",,"","","顾建国《张九龄年谱》中国社会科学出版社，2005年版 第197页",,,,"杨洁"
"唐","张九龄","玄宗开元二十二年甲戌","734","5",,"57","","都畿道","河南府",,,"河南","洛阳市",,"112.460033","34.624376","中书侍郎同中书门下平章","得王斛斯表,知勃律国王苏没谨忙因输诚于唐而遭贼寇侵袭,遂致敕予以慰问,并授其兄及莤领已下官荣,另有物品赏赐","王斛斯","《敕勃律国王书》","Article","敕勃律国王书
敕勃律国王苏没谨忙。得王斛斯表卿所与斛斯书。知卿忠赤输诚。闻有外贼相诱。执志无二。又闻被贼侵寇。颇亦艰虞。能自支持。且得退散。并有杀获。朕用嘉之。卿兄麻来兮及首领已下。各量与官赏。具如别敕。今赐物三百匹。银盂缶银盘各一。衣一副。并金钿带七事。至宜领取。夏中甚热。卿及首领以下并平安好。遣书指不多及。","顾建国《张九龄年谱》中国社会科学出版社，2005年版 第197页",,,,"杨洁"
"唐","张九龄","玄宗开元二十二年甲戌","734","5",,"57","","都畿道","河南府",,,"河南","洛阳市",,"112.460033","34.624376","中书侍郎同中书门下平章","是月,又有贺麦登状","","《贺麦登状》","Article","贺麦登状
右。今日高力士宣示臣等皇太子表。以嘉麦有成。陛下躬执劳事。率先兆庶。皇太子以下。继美圣功。臣闻勤于稼穑。必有来麰之庆。著在春秋。则非他谷之比。伏惟陛下致敬宗庙。属念黎元。春郊顺时。则千亩在御。禁园测候。则万宇皆丰。况云立训天人。降尊农务。上灵昭德。已闻瑞日增辉。当暑不疲。则有祥云自覆。是彰敦本之化。式精造物之功。人谣在兹。天意可鉴。且禹之尽力。尧实用心。史策美谈。帝王成范。未有休徵神应若斯之盛者也。以今况古。千载未闻。请付史官。天下幸甚。臣等叨荣近侍。倍百恒情。无任感戴忭跃之至。","顾建国《张九龄年谱》中国社会科学出版社，2005年版 第197页",,,,"杨洁"
"唐","张九龄","玄宗开元二十二年甲戌","734","5",,"57","","都畿道","河南府",,,"河南","洛阳市",,"112.460033","34.624376","中书侍郎同中书门下平章","是月,又有谢敕赐麦面状","","《谢敕赐麦面状》","Article","谢敕赐大麦面状
右。林招隐。宣敕赐臣等。招隐说云。荐新之外。禁中所出。皆是降至尊亲耕稼穑之所成也。伏以周人之礼。惟有藉田。汉氏之荐。但闻时果。则未有如陛下严祗于宗庙。勤俭于生人。事必躬亲。动合天德。臣亦何幸。近奉徽音。又蒙圣恩。猥垂珍锡。已饱于闻义。况沾此时羞。缪承渥泽。未知报效。死罪死罪。仍望宣牒史馆。以示将来。臣等不胜感荷之至。","顾建国《张九龄年谱》中国社会科学出版社，2005年版 第197页",,,,"杨洁"
"唐","张九龄","玄宗开元二十二年甲戌","734","6",,"57","","都畿道","河南府",,,"河南","洛阳市",,"112.460033","34.624376","中书侍郎同中书门下平章","六月,护密国王真檀还蕃之际,九龄敕其宜扬国命、慰抚远人,善讨突骑施,力保西陲安全,张守珪大破契丹后,九龄有贺状","真檀，张守珪","《敕护密国王书》","Article","","顾建国《张九龄年谱》中国社会科学出版社，2005年版 第197页",,,,"杨洁"
"唐","张九龄","玄宗开元二十二年甲戌","734","6",,"57","","都畿道","河南府",,,"河南","洛阳市",,"112.460033","34.624376","中书侍郎同中书门下平章","六月,护密国王真檀还蕃之际,九龄敕其宜扬国命、慰抚远人,善讨突骑施,力保西陲安全,张守珪大破契丹后,九龄有择日告庙敕","真檀，张守珪","《择日告庙敕》","Article","敕择日告庙
敕。边境为患。莫甚于林胡。朝廷是虞。几烦于将帅。车徒屡出。刍粟载劳。使燕赵黎氓。略无宁岁。而山戎种落。常为匪人。近有野心。穷而归我。曾是怀附。每所抚柔。而不变鸮音。辄为兽搏。幽州节度使副大使张守圭等。乘閒电发。表里奋讨。积年逋逃。一朝剪灭。则东北之祲。便以廓清。河朔之人。差宽征戍。此皆上凭九庙之略。下仗群帅之功。今其凯旋。敢不以献。宜择吉日告九庙。所司准式。","顾建国《张九龄年谱》中国社会科学出版社，2005年版 第197页",,,,"杨洁"
"唐","张九龄","玄宗开元二十二年甲戌","734",,,"57","","都畿道","河南府",,,"河南","洛阳市",,"112.460033","34.624376","中书侍郎同中书门下平章","因薛王李业染疾不愈,玄宗为之忧虑而改容发,九龄请将此状宜付史馆","李业，唐玄宗","《薛王有疾上忧变容发请付史馆》","Article","辥王有疾上忧变容发请宣付史馆状
右。臣等伏见邠王守礼等表并答制。以辥王业有疾。圣情轸虑。宿夕之间。容发遂变。又寻绎致倦。假寝通神。因获异方。顿解危惙。诚陛下友爱之至。冠于皇王。急难之情。达于神道。所以诸王陈请。愿书竹帛。然犹让此归美。推而不居。圣德谦冲。固难名于广大。臣子之志。敢忘义于昭宣。况臣等近侍轩墀。倍百恒品。望以邠王等状宣付史馆。谨录状奏闻。伏听敕旨。","顾建国《张九龄年谱》中国社会科学出版社，2005年版 第197页",,,,"杨洁"
"唐","张九龄","玄宗开元二十二年甲戌","734","7",,"57","","都畿道","河南府",,,"河南","洛阳市",,"112.460033","34.624376","中书侍郎同中书门下平章","七月初,因薛王李业卒,玄宗悲而损膳,九龄奏请复膳","李业，唐玄宗","《薛王薨上损膳请复膳状》","Article","辥王薨上损膳请复膳状
右。未经旬时。惨恤相次。圣情友爱之至。属此天伦之戚。伏闻寝膳。有改乎常。臣等下情不安。夙夜惶灼。伏愿抑损恩命。冲用道心。以承宗社之重。以慰臣庶之望。天下幸甚。臣等不胜倍百恒情之至。谨奉状以闻。死罪谨奏。","顾建国《张九龄年谱》中国社会科学出版社，2005年版 第197页",,,,"杨洁"
"唐","张九龄","玄宗开元二十二年甲戌","734",,,"57","","都畿道","河南府",,,"河南","洛阳市",,"112.460033","34.624376","中书侍郎同中书门下平章","得王斛斯表,知風宾国王示好于唐,九龄遂致敕嘉勉","王斛斯","《敕罽宾国王书》","Article","敕罽宾国王书
敕罽宾国王。得四镇节度使王斛斯所翻卿表。具知好意。然事在绝域。不可预图。卿若诚心。任彼量度。事遂之日。必有重赏。朕每于远国。未尝有所食言。想亦知之。勿致疑也。秋初尚热。卿及首领以下并平安好。遣书指不多及。","顾建国《张九龄年谱》中国社会科学出版社，2005年版 第197页",,,,"杨洁"
"唐","张九龄","玄宗开元二十二年甲戌","734",,,"57","","都畿道","河南府",,,"河南","洛阳市",,"112.460033","34.624376","中书侍郎同中书门下平章","新罗国使者金信忠还归之际,九龄致敕金兴光国王,对年来两国协谋共讨渤海之事多加赞赏,并对金志廉等使者不幸染疾殂逝深表悼惜","","《敕新罗王金兴光书》","Article","","顾建国《张九龄年谱》中国社会科学出版社，2005年版 第197页",,,,"杨洁"
"唐","张九龄","玄宗开元二十二年甲戌","734","7","25","57","","都畿道","河南府",,,"河南","洛阳市",,"112.460033","34.624376","中书侍郎同中书门下平章","此日,受遣充河南开稻田使,教河南数州种水稻,以广屯田","",,"","","顾建国《张九龄年谱》中国社会科学出版社，2005年版 第197页",,,,"杨洁"
"唐","张九龄","玄宗开元二十二年甲戌","734","8",,"57","","都畿道","河南府",,,"河南","洛阳市",,"112.460033","34.624376","中书侍郎同中书门下平章","八月,九齡受遣于许、豫、陈、亳等州置水屯闭。返往之间仍频理朝务","",,"","","顾建国《张九龄年谱》中国社会科学出版社，2005年版 第198页",,,,"杨洁"
"唐","张九龄","玄宗开元二十二年甲戌","734",,,"57","","都畿道","河南府",,,"河南","洛阳市",,"112.460033","34.624376","中书侍郎同中书门下平章","西南蛮大首领蒙归义等来朝贡,还蕃之际,九龄敕其凡事有预,保境安民","","《敕西南蛮大首领》（之一）","Article","敕西南蛮大首领蒙归义书
敕西南蛮大帅特进蒙归义及诸酋首领等。卿近在边境。不比诸蕃。率种归诚。累代如此。况卿等更效忠赤。朕甚知之。顷者诸酋之中。或有携贰。相率自讨。恶党悉除。即日蕃中应且安帖。然则地临外境。亦须有预。人无远虑。必有近忧。卿可思之。岂虚语也。所有蕃中事意。使者具知之。比秋凉。卿及百姓并平安好。遣书指不多及。","顾建国《张九龄年谱》中国社会科学出版社，2005年版 第198页",,,,"杨洁"
"唐","张九龄","玄宗开元二十二年甲戌","734",,,"57","","都畿道","河南府",,,"河南","洛阳市",,"112.460033","34.624376","中书侍郎同中书门下平章","与此同时,又致敕安南首领蠹仁哲等","蠹仁哲","《敕安南首领蠹仁哲书》","Article","敕安南首领爨仁哲等书
敕安南首领岿州刺史爨仁哲潘州刺史潘明威獠子首领阿迪和蛮大鬼主孟谷误姚州首领左威卫将军爨彦徵将军昆州刺史爨嗣绍黎州刺史爨曾戎州首领右监门卫大将军南州刺史爨归王南宁州司马威州刺史都大鬼主爨崇道升麻县令孟耽卿等。虽在僻远。各有部落。俱属国家。并识王化。比者时有背叛。似是生梗。及其审察。亦有事由。或都府不平。处置有失。或朋雠相嫌。经营损害。既无控告。自不安宁。兵戈相防。亦不足深怪也。然则既渐风化。亦当颇革蛮俗。有须陈请。何不奏闻。蕃中事宜。可具言也。今故令掖庭令安道训往彼宣问。并令口具。有不稳便。可一一奏闻。秋中巳凉。卿及百姓并平安好。遣书指不多及。","顾建国《张九龄年谱》中国社会科学出版社，2005年版 第198页",,,,"杨洁"
"唐","张九龄","玄宗开元二十二年甲戌","734",,,"57","","都畿道","河南府",,,"河南","洛阳市",,"112.460033","34.624376","中书侍郎同中书门下平章","西南羁縻州刺史,督其革变陋俗、平安相处,并遣掖庭令安道训前往宣问、口具","",,"","","顾建国《张九龄年谱》中国社会科学出版社，2005年版 第198页",,,,"杨洁"
"唐","张九龄","玄宗开元二十二年甲戌","734",,,"57","","都畿道","河南府",,,"河南","洛阳市",,"112.460033","34.624376","中书侍郎同中书门下平章","九月,有敕突厥芯伽可汗书,对其承顺忠信,厚加赞赏,并致祝福","芯伽可汗","《敕突厥芯伽可汗书》","Article","敕突厥苾伽可汗书
敕突厥苾伽可汗。比数有信。知彼平安。良足慰也。自为父子。情与年深。中閒往来。亲缘义合。虽云异域。何殊一家。边境之人。更无他虑。甚善甚善。此是儿可汗能为承顺。副朕之所亲厚。人閒恩好。无以过之。长保此心。终享福禄。子孙万代。岂独在今。比秋气渐冷。卿及平章事首领部落并平安好。遣书指不多及。","顾建国《张九龄年谱》中国社会科学出版社，2005年版 第198页",,,,"杨洁"
"唐","张九龄","玄宗开元二十二年甲戌","734",,,"57","","都畿道","河南府",,,"河南","洛阳市",,"112.460033","34.624376","中书侍郎同中书门下平章","往返督办水屯的旅途中,有宿淮阳亭口号诗,抒发其辛劳为国的情怀","","《旅宿淮阳亭口号》","Poem","旅宿淮阳亭口号
日暮荒亭上，悠悠旅思多。故乡临桂水，今夜渺星河。暗草霜华发，空亭雁影过。兴来谁与晤，劳者自为歌。","顾建国《张九龄年谱》中国社会科学出版社，2005年版 第198页",,,,"杨洁"
"唐","张九龄","玄宗开元二十二年甲戌","734","10",,"57","","都畿道","河南府",,,"河南","洛阳市",,"112.460033","34.624376","中书侍郎同中书门下平章","十月,有敕剑南节度使王昱书,告知其吐蕃请和、近与结约等事,并敕其柔远怀来,妥善处置翻附诸蛮事宜,固其归化之心","王昱","《敕剑南节度使王昱书》","Article","敕剑南节度王昱书
敕剑南节度使益州长史王昱。近得卿表。知蒙归义等效命出力。自讨西蛮。彼持两端。宜其残破。苟非生事。定是输忠。亦卿等指麾。更张远略。诸部所请朝贡。及蒙归义等立功。并委卿料。若合行赏。岂有不来。时尚炎蒸。路且修阻。邮传之弊。公私可知。亦云重劳。非是有惜。想卿临事思其所宜。缘蛮落初宁。当须计议。若欲入奏。亦任暂来。春晚极暄。卿比如宜。遣书指不多及。","顾建国《张九龄年谱》中国社会科学出版社，2005年版 第198页",,,,"杨洁"
"唐","张九龄","玄宗开元二十二年甲戌","734",,,"57","","都畿道","河南府",,,"河南","洛阳市",,"112.460033","34.624376","中书侍郎同中书门下平章","是年冬,有观御制喜雪篇陈诚状","","《观御制喜雪篇状》","Article","观御制喜雪篇陈诚状
右。臣等适见工部侍郎侍讲学士陈希烈所蒙恩赐圣制雪篇。伏以圣惟无作。作则应天地和阴阳。斯之谓矣。言微利溥。旨远思深。于彼苍生。焉知帝力。臣闻食者万姓之命。雪为五谷之精。兆且见于祈年。律既和于言志。圣心昭感。天瑞合符。岂比夫汉咏白云。但嗟欢乐。周歌黄竹。徒事巡游而已哉。臣等仰望昭回。莫知远近。幸均生植。同是沾濡。况臣忝在枢衡。无能翼亮。闻罪巳之义。若寘冰谷。循忘躯之节。冀益涓尘。伏诵圣文。无任喜惧。臣等诚欢诚恐。谨言。","顾建国《张九龄年谱》中国社会科学出版社，2005年版 第198页",,,,"杨洁"
"唐","张九龄","玄宗开元二十二年甲戌","734",,,"57","","都畿道","河南府",,,"河南","洛阳市",,"112.460033","34.624376","中书侍郎同中书门下平章","冬有谢赐御书喜雪篇状","","《谢赐御书喜雪篇状》","Article","谢赐御书喜雪篇状
右。臣前伏见圣制喜雪篇。奉状称庆。已特蒙赐本。今日高力士又宣赐臣林甫臣某各一本。丽天之文。或冀传诵。垂露之圣。难有偏沾。则不知元造曲成。宸豪俯逮。鸾凤斯降。云雨载均。愚臣何幸。叨此殊赐。是知君臣之深。义感不一。子孙之后。传宝无穷。而未知此生何以上答。臣等不胜感戴。伏望许臣等进食。以申微诚。虽萐每摇。而野芹徒献。岂云尧禹之膳。冀达臣子之情。幸甚幸甚。谨奉状以闻。谨奏。","顾建国《张九龄年谱》中国社会科学出版社，2005年版 第198页",,,,"杨洁"
"唐","张九龄","玄宗开元二十二年甲戌","734",,,"57","","都畿道","河南府",,,"河南","洛阳市",,"112.460033","34.624376","中书侍郎同中书门下平章","又应太仆卿判梁州持节河西节度使兼陇右群牧都使支度营田使、陇右采访处置使摄御史大夫牛仙客之请托,为其父牛意撰碑铭","牛仙客","《大唐赠使持节泾州诸军事泾州刺史牛公碑铭并序》","Article","大唐赠使持节泾州诸军事泾州刺史牛公碑铭
陇上多豪，山西好武。使君贞独，幼不斯取。惟道为徒，与代立矩。善有馀庆，风亦变古。不学而知，不行而至。迹有相混，名无自异。出入百年，终始一意。福流于后，神明其事。行止于身，用存元体。厥子嘉绩，中朝缛礼。邙回垄隧，门重旌棨。逸人之墓，今同郡邸。","顾建国《张九龄年谱》中国社会科学出版社，2005年版 第198页",,,,"杨洁"
"唐","张九龄","玄宗开元二十二年甲戌","734","11",,"57","","都畿道","河南府",,,"河南","洛阳市",,"112.460033","34.624376","中书侍郎同中书门下平章","十一月,有敕日本国王书,对遣唐使广成等遭遇海难、有国难回深表疚怀,并表示将尽力救遣其幸存者","","《敕日本国王书》","Article","敕日本国王书
敕日本国王王明乐美御德。彼礼义之国。神灵所扶。沧溟往来。未尝为患。不知去岁。何负幽明。丹墀真人广成等入朝东归。初出江口。云雾斗暗。所向迷方。俄遭恶风。诸船飘荡。其后一船在越州界。其真人广成寻已发归。计当至国。一船飘入南海。即朝臣名代。艰虞备至。性命仅存。名代未发之间。又得广州表奏。朝臣广成等飘至林邑国。既在异国。言语不通。并被劫掠。或杀或卖。言念灾患。所不忍闻。然则林邑诸国。比常朝贡。朕已敕安南都护。令宣敕告示。见在者令其送来。待至之日。当存抚发遣。又一船不知所在。永用疚怀。或已达彼蕃。有来人可具奏。此等灾变。良不可测。卿等忠信则尔。何负神明。而使彼行人。罹此凶害。想卿闻此。当用惊嗟。然天壤悠悠。各有命也。中冬甚寒。卿及首领百姓并平安好。今朝臣名代还。一一口具。遣书指不多及。","顾建国《张九龄年谱》中国社会科学出版社，2005年版 第198页",,,,"杨洁"
"唐","张九龄","玄宗开元二十二年甲戌","734","12",,"57","","都畿道","河南府",,,"河南","洛阳市",,"112.460033","34.624376","中书侍郎同中书门下平章","十二月,契丹王可突干率部请降,九龄致敕施以训诫和安抚","可突干","《敕契丹王据埒可突干等书》","Article","敕契丹王据埒可突于等书
敕契丹王据埒及衙官可突于蜀活刺史郁捷等。顺道则吉。惟智能图。逆节即凶。岂愚所觉。如卿顷年背诞。实养祸胎。今而知之。亦犹未晚。因是转灾为福。因败而成。去百死之危。保万全之计。则昔者之去。何其悖也。今兹复来。又何智也。皆是卿素有筹略。本于忠诚。率先种人。拔于死地。自尔之后。更有何忧。朕于诸蕃。未尝负约。况于卿等。更有旧恩。闻卿此来。豁然慰意。一则兵革都息。二则君臣如初。百姓之閒。不失耕种。丰草美水。畜牧随之。更无外虞。且知上策。人生自奉。谁不求安。保此永年。一无他虑。在卿所见。何假朕言。部落初归。应须安置。可与守圭审定。务依蕃部所欲。想其沃饶之所。适彼寒暑之便。无令下人有所不惬也。冬末寒甚。卿与衙官军吏刺史已下及部落百姓并平安好。遣书指不多及。","顾建国《张九龄年谱》中国社会科学出版社，2005年版 第198页",,,,"杨洁"
"唐","张九龄","玄宗开元二十二年甲戌","734","12",,"57","","都畿道","河南府",,,"河南","洛阳市",,"112.460033","34.624376","中书侍郎同中书门下平章","十二月,契丹王可突干率部请降,九龄致敕施以训诫和安抚","可突干","《敕奚契丹并自离二廓清有期状》","Article","","顾建国《张九龄年谱》中国社会科学出版社，2005年版 第198页",,,,"杨洁"
"唐","张九龄","玄宗开元二十二年甲戌","734",,,"57","","都畿道","河南府",,,"河南","洛阳市",,"112.460033","34.624376","中书侍郎同中书门下平章","又致敕护密国王真檀,对其忠赤保国、抗御敌寇的举动甚为嘉叹,并表问候","真檀","《敕护密国王书》","Article","","顾建国《张九龄年谱》中国社会科学出版社，2005年版 第198页",,,,"杨洁"
"唐","张九龄","玄宗开元二十二年甲戌","734",,,"57","","都畿道","河南府",,,"河南","洛阳市",,"112.460033","34.624376","中书侍郎同中书门下平章","贺上仙公主灵应状疑亦上于本年，姑系于此","","《贺上仙公主灵应状》","Article","贺上仙公主灵应状
右。臣等伏承今月八日。上仙公主灵座有祥风瑞虹之应。爰至启殡。乃知尸解。又承特禀清虚。薄于滋味。素含真气。自不食盐。洎于迁神。更标奇迹。伏惟圣系。本于道源。妙有所钟。灵异必降。不然者。何得幼而能悟。性与非常。适来以时。且契于元运。超然而蜕。复升于丹箓。杳冥虽远。髣像如存。则知仙路有归。慈念已释。理绝今古。事昭闻见。况臣等亲侍轩墀。幸闻仙解。无任感慰之至。伏望宣付史官。以昭灵异。仍望宣示百官。","顾建国《张九龄年谱》中国社会科学出版社，2005年版 第198页",,,,"杨洁"
"唐","张九龄","玄宗开元二十三年乙亥","735","1",,"58","","都畿道","河南府",,,"河南","洛阳市",,"112.460033","34.624376","中书令","为中书令。正月,有贺诛奚贼可突干状","","《贺诛奚贼可突干状》","Article","贺诛奚贼可突于状
右。高力士宣示张守圭所上逆贼契丹屈烈及可突于等首级。此等恶稔。丧败将及。故天诱其衷。既降又贰。而感义之士。恶其翻覆。背恩之贼。已就诛锄。幽障廓清。华夷俱静。计其馀噍。永无动摇。陛下边任先择。圣谋独断。克禀成命。树此戎功。且知河朔无转输之劳。林胡为赋税之地。臣等忝在枢近。预闻远绩。捷书之至。喜倍恒情。谨奉状陈贺以闻。谨奏。","顾建国《张九龄年谱》中国社会科学出版社，2005年版 第216页",,,,"杨洁"
"唐","张九龄","玄宗开元二十三年乙亥","735","1",,"58","","都畿道","河南府",,,"河南","洛阳市",,"112.460033","34.624376","中书令","正月,有敕契丹知兵马中郎李过折书","李过折","《敕契丹知兵马中郎李过折书》","Article","敕契丹知兵马中郎李过折书
敕契丹知兵马中郎李过折等。卿比在蕃中。已知才略。一此行事。十倍所闻。既立殊勋。又成大节。何其壮也。可突于狡算翻覆。人面兽心。事其酋长。不忠不义。处其种落。无信无恩。专持两端。随事向背。而屈烈愚蔽。与之同恶。卿比观变。实为远图。诛元凶而存一蕃。行权宜而合正道。所全者大。所虑实深。今诸部怗然。皆卿之力也。且顷者携叛。又甚崎岖。羊马不保于孳生。田畴不安于耕种。寄命山谷。并力干戈。总由顽凶。致此劳苦。向若无卿此举。信彼所行。以疲弊之残人。当骁雄之巨众。彼则朝夕奔命。此方岁月攻守。而众寡不敌。歼灭有期。赖卿先见之明。遽为转祸之计。以救万人之命。以成万代之名。岂独大功。真为上智。今将畴其井赋。异姓封王。以旌厥庸。且有后命。在彼初有变故。乍应惊扰。百姓既知。想当安怗。卿可与张守圭量事处置。务逐便宜。今既一家。爱同赤子。惟其所欲。随事抚存。春初尚寒。卿及衙官刺史县令并百姓已下并平安好。遣书指不多及。","顾建国《张九龄年谱》中国社会科学出版社，2005年版 第216页",,,,"杨洁"
"唐","张九龄","玄宗开元二十三年乙亥","735",,,"58","","都畿道","河南府",,,"河南","洛阳市",,"112.460033","34.624376","中书令","奉撰籍田之制","","《籍田制》","Article","","顾建国《张九龄年谱》中国社会科学出版社，2005年版 第216页",,,,"杨洁"
"唐","张九龄","玄宗开元二十三年乙亥","735",,,"58","","都畿道","河南府",,,"河南","洛阳市",,"112.460033","34.624376","中书令","奉撰籍田赦书","","《籍田赦书》","Article","藉田赦书
门下。昔者受命为君。体元立极。未有不谨于礼而能见教于人。朕其庶乎有惭作者。方册存而可举。旧章绝而复寻。自古所行。无一而废。将以上乞灵于宗社。下蒙福于黎元。朕兹精诚。天实降鉴。今嗣岁初吉。农事将起。礼有先于耕藉。义缘奉于粢盛。是所严祗。敢不敬事。故躬载耒耜。亲率公卿。以先万姓。遂终千亩。谓敦本之为小。何布泽之更深。宜有顺于发生。俾无偏于行惠。可大赦天下。自开元二十三年正月十八日昧爽已前。大辟罪无轻重。已发觉未发觉。已结正未结正。系囚见徒。咸赦除之。其犯十恶死罪。不在赦限。自馀死罪。特宜配流岭南远恶处。官典犯赃本犯。至死贬与岭南远恶。左降官至流者亦量贬与远。官典配诸军效力。计赃至徒。仍不得重令却上。天下诸州。损免处地税先矜放。其非损免处。有贫乏未纳者。并一切放免。京兆河南府秦州百姓。有诸色勾徵。及逋悬欠负。亦宜放免。其在官典及仓督等腹内者。不在免限。天下色役。爰及支用。务令节减。并诸州贡赋。先令中书门下均融减省。宜准前敕。速即条奏。损免州税户钱未纳。并七等已上户租先未处分。及五色资钱课未纳。灼然不辨者。并放至蚕麦秋收已来赎纳。损免州逃兵健儿。承前访捉不获。合取籍人充替。自资送装送军。程期逼迫。颇亦辛苦。并放至蚕麦已后发遣。仍令所司预与军州计会。诸军征行人。并令州县存恤。其行人有父母年七十已上者。委本道采访使检责取实。牒报本军。即放还本贯。军司据阙数。募取健儿充替。行人及防丁有身亡者。为造棺榇。递还本处。诸州应发遣防丁。去本贯一千里已上。比来除正课之外。给一丁充资。多不济办。宜更量与资助。两京城内今年所有诸杂夫役。并宜免放。应须使役。以诸色钱和雇取充。农桑是时。不得妨夺。州县长官。倍加劝课。孝子顺孙。义夫节妇。旌表门闾。鳏寡茕独。不能自存。量加优恤。天下侍老。百岁已上版授上州刺史。九十中州刺史。七十已上上州司马。其九十以上。所由仍量给酒肉。各令存问。亚献皇太子鸿赐物二千匹。终献庆王潭赐物一千匹。邠王守礼等各赐物一千匹。忠王浚已下各赐物三百匹。夹侍正衣进圭捧圭汝阳郡王淳等各赐物二百匹。皇太子夹侍正衣等各赐物一百匹。裴耀卿张九龄李林甫。自其翊赞。诚有忠益。颁赏以序。等数须优。宜与一子官。仍各赐物三百匹。二王后各赐物一百匹。长公主公主各与一子官。仍各赐物二百匹。嗣王郡主县主各赐物一百五十匹。在京文武官见任及致仕。并诸色陪位官。一品赐物八十匹。二品七十匹。三品六十匹。四品五十匹。五品四十匹。七品六品三十段。八品九品二十段。节度使副大使三都留守京兆尹各一百匹。四大都督府长史诸道采访使各八十匹。诸赐物应两给者。从一处给。其耕官及侍耕官。各赐勋两转。丞相萧嵩与一子官。仍赐物二百匹。摄九卿诸侯等各与一子出身。仍各赐物一百五十匹。侍耕执牛官各赐物一百二十匹。升坛行事官修礼仪官及刺史判官等。更赐一阶。应入三品及五品官阶相当。减四考听入。摄司徒信安郡王祎。礼仪官韦绦。既不叙阶。祎与一子官。赐物二百匹。绦与一子出身。赐物一百五十匹。其升坛及修礼仪两兼者。从一加阶。应与一子官及出身者。若无子。听回与周亲。供奉及押阶不升坛。并坛下行事。及助耕勒牛官。别敕差中书门下差定人等。泛阶合入三品五品官阶至考未定者。待考定日听叙。非待考者赐勋四转。未承别赐者各赐一等。知顿使赐物一百匹。修坛场长官屯官撰玉册文官各赐物八十匹。书玉册官赐物五十匹。管藉田县令赐物六十匹。在东京文武官朝集使外官充十道采访使。并判官诸道节度副大使。并诸方通表使诸敕使判官。新除五品已上官未赴任都城畿县令见陪位者。三品以上转爵一级。四品已下进一阶。皇亲诸亲及九庙子孙不入等陪位者。并外文武官九品已上。各赐勋一转。诸蕃入朝及贺正蕃客应陪位者。共赐物五十匹。节级分付。南北衙行从宿卫斋宫者。及文武官押当有职掌。并诸色杂职掌。并应耕公卿从官等。各赐勋一转。万骑及飞骑见当上者。各赐勋一转。其宿卫斋宫者。加赐物三段。仗内坊侍诸色行从人。各赐物三段。彍骑番兵角弓手弩手官马主见当番。及留帖人掌闲幕士驾士供膳习驭工人乐人见当上有职掌。并庶人应耕者。各赐物三段。斋郎礼生赞者行事者。并减两年劳。无劳可减者。斋郎放出身。礼生赞者选口稍优与处分。三卫七色见当番。并流外行署及蕃官见上有职掌者。各转一勋。河南洛阳县陪位父老。各赐物五段。近坛百姓。各免今年杂差科。宗庙致享。务在丰洁。礼经沿革。必本人情。笾豆之荐。或未能备物。服制之纪。或有所未通。宜令礼官学士详议具奏。朕自临天下。二纪于兹。不敢荒宁。日加兢业。而灾眚未弭。黎人未康。若有由而然。则在予之责。有能直言极谏者。具以状闻。每渴贤良。无忘鉴寐。顷虽虚伫。未副旁求。其才有王霸之略。学究天人之际。智勇堪将帅之选。政能当牧宰之举者。五品已上清官将军都督刺史各举一人。孝悌力田。乡闾推挹者。本州长官勘实。有才堪应务者。各以名闻。致仕官久历清资。始终称著。年渐衰迈。情有可矜。量与改职。依前致仕。宗子中有才行著闻。比尚沈屈者。委宗正勘实奏闻。唐元年两营立功官任。折冲并改与郎将。郎将改与中郎。其亡官失爵。量加收叙。五岳四渎。名山大川。及自古圣帝明王。忠臣良相。并令所在长官以礼致祭。赦书有所未该者。所司比类奏闻。亡命山泽。挟藏军器。百日不首。复罪如初。敢以赦前事相告言者。以其罪罪之。都城内赐酺三日。赦书日行五百里。布告遐迩。咸使知闻。主者施行。","顾建国《张九龄年谱》中国社会科学出版社，2005年版 第216页",,,,"杨洁"
"唐","张九龄","玄宗开元二十三年乙亥","735",,,"58","","都畿道","河南府",,,"河南","洛阳市",,"112.460033","34.624376","中书令","籍田礼毕,适降瑞雪,有贺雪状","","《贺雪状》","Article","","顾建国《张九龄年谱》中国社会科学出版社，2005年版 第216页",,,,"杨洁"
"唐","张九龄","玄宗开元二十三年乙亥","735",,,"58","","都畿道","河南府",,,"河南","洛阳市",,"112.460033","34.624376","中书令","突厥苾伽可汗逝后,登里(又作“利”)继位,九龄奉拟敕突厥可汗书,对苾伽可汗表示痛悼,并对儿可汗登里重申父子之情","突厥登利可汗","《敕突厥可汗书》","Article","","顾建国《张九龄年谱》中国社会科学出版社，2005年版 第216页",,,,"杨洁"
"唐","张九龄","玄宗开元二十三年乙亥","735",,,"58","","都畿道","河南府",,,"河南","洛阳市",,"112.460033","34.624376","中书令","玄宗从叔金吾大将军李佺奉命持节前往突厥吊祭兼营护葬事之际,九龄又奉拟敕突厥登利可汗书一封,表示了要为苾伽可汗建碑立庙、贻范纪功之厚意","突厥登利可汗","《敕突厥登利可汗书》","Article","敕突厥登利可汗书
敕突厥登利可汗。日月流迈。将逼葬期。悲慕之心。何可堪处。朕以父子之义。情与年深。及闻宅兆。良以追悼。前哥利施颉斤至。所请葬料。事事不违。所以然者。将答忠孝。故丧纪之数。礼物有加。道之所存。地亦何远。今又遣从叔金吾大将军佺持节吊祭。兼营护葬事。佺宗室之长。信行所推。欲达其情。必重其使。以将厚意。更敦前约。且以为保忠信者可以示子孙。息兵革者可以训疆场。故遣建碑立庙。贻范纪功。因命史官正辞。朕亦亲为篆写。以固终始。想体至怀。春初尚寒。可汗及平章事部落并平安好。遣书指不多及。","顾建国《张九龄年谱》中国社会科学出版社，2005年版 第216页",,,,"杨洁"
"唐","张九龄","玄宗开元二十三年乙亥","735",,,"58","","都畿道","河南府",,,"河南","洛阳市",,"112.460033","34.624376","中书令","御史大夫李尚隐、太府卿裴伷先因不礼中官,触忤上旨,全赖九龄之庇护而未遭贬斥","李尚隐，裴伷先",,"","","顾建国《张九龄年谱》中国社会科学出版社，2005年版 第216页",,,,"杨洁"
"唐","张九龄","玄宗开元二十三年乙亥","735",,,"58","","都畿道","河南府",,,"河南","洛阳市",,"112.460033","34.624376","中书令","谏相张守珪,反对以名器假人","张守珪",,"","","顾建国《张九龄年谱》中国社会科学出版社，2005年版 第216页",,,,"杨洁"
"唐","张九龄","玄宗开元二十三年乙亥","735","2",,"58","","都畿道","河南府",,,"河南","洛阳市",,"112.460033","34.624376","中书令","二月,因奚、契丹既平,九龄有陈请,欲为东北将吏刊石勒
颂,以纪功德","","《请东北将吏刊石
纪功德状》","Article","请东北将刊石纪功德状
右。奚契丹尤近边鄙。侵佚是虑。式遏成劳。臣庶常情。惟欲防御。所谓长策。无出此者。陛下独断宸襟。高夺群议。以为顿兵塞下。转粟边军。旷日持久。役无宁岁。若不因利乘便。一举遂平。使迁善者自新。为恶者就戮。事若不尔。无息我人。且令大兵临之。凶徒必溃。不出此岁。当并成擒。臣等初奉圣谋。高深未测。及闻凯捷。晷候不差。而两蕃遗噍。莫不稽颡。缘边戍卒。咸以返耕。卧鼓灭烽。诚自此始。斯皆陛下睿谋先定。神武非常。观变早于未萌。必取预于无象。伏以成功不宰。君人所以为量。有美不宣。臣子所以成罪。臣虽蒙瞽。安敢无言。既预闻始谋。又幸见成事。岂可使天功虚往。而日用不知。竹帛相传。复纪何事。请具状宣付史馆。垂示将来。仍请将吏等刊石勒颂。以纪功德。臣某等不胜区区忭跃之至。谨奉状以闻。谨奏。","顾建国《张九龄年谱》中国社会科学出版社，2005年版 第216页",,,,"杨洁"
"唐","张九龄","玄宗开元二十三年乙亥","735",,,"58","","都畿道","河南府",,,"河南","洛阳市",,"112.460033","34.624376","中书令","张守珪诣东都献捷,玄宗赋诗宠之,并诏于幽州立碑,以纪其功","张守珪，唐玄宗",,"","","顾建国《张九龄年谱》中国社会科学出版社，2005年版 第216页",,,,"杨洁"
"唐","张九龄","玄宗开元二十三年乙亥","735",,,"58","","都畿道","河南府",,,"河南","洛阳市",,"112.460033","34.624376","中书令","九龄奉撰开元功德颂","","《开元纪功德颂并序》","Article","开元纪功德颂
赫赫天威兮被遐荒。蠢兹山戎兮不来王。命南仲兮整六师。出幽陵兮躏九夷。簸赤山兮荡沧海。吊无告兮伐有罪。徒不勤兮车不殆。虏震惊兮兵气倍。昔负固兮今安在。魁自歼兮裔既平。谋既集兮圣自明。我不战兮献戎捷。俾厥后兮扬天声。","顾建国《张九龄年谱》中国社会科学出版社，2005年版 第216页",,,,"杨洁"
"唐","张九龄","玄宗开元二十三年乙亥","735",,,"58","","都畿道","河南府",,,"河南","洛阳市",,"112.460033","34.624376","中书令","九龄奉撰太子李鸿书颂,九龄复有谢状","李鸿","《谢蒙太子书颂状》","Article","谢蒙太子书颂状
右。昨者高力士宣恩旨。垂示皇太子书纪功德颂。恭览睿迹。实天人之表。幼传楷则。训叶文明。春秋典学。时惟多艺。鸾凤变态。入神妙而难明。俾臣庸者。凭篆刻而不朽。微臣之幸。倍百常情。无任悚戴之至。","顾建国《张九龄年谱》中国社会科学出版社，2005年版 第216页",,,,"杨洁"
"唐","张九龄","玄宗开元二十三年乙亥","735",,,"58","","都畿道","河南府",,,"河南","洛阳市",,"112.460033","34.624376","中书令","幽州老人师知礼等同来陈贺,玄宗深所嘉尚,有赐物食,九龄奉撰敕文","唐玄宗","《敕宴幽州老人》","Article","敕宴幽州老人
敕幽州老人师知礼等。比者林胡翻覆。荐岁不宁。戎马之乡。良亦深苦。而贼虏自叛。天实诱之。主将致诛。略无遗噍。实除边患。且减征徭。卿等忠义因心。远来陈贺。深所嘉尚。并宜坐食。各有赐物。食讫领取。","顾建国《张九龄年谱》中国社会科学出版社，2005年版 第216页",,,,"杨洁"
"唐","张九龄","玄宗开元二十三年乙亥","735",,,"58","","都畿道","河南府",,,"河南","洛阳市",,"112.460033","34.624376","中书令","吐蕃使者前来朝贡兼以银器赠宰臣,九齡等请让不受","","《请让吐蕃遗方物》","Article","","顾建国《张九龄年谱》中国社会科学出版社，2005年版 第216页",,,,"杨洁"
"唐","张九龄","玄宗开元二十三年乙亥","735","3","5","58","","都畿道","河南府",,,"河南","洛阳市",,"112.460033","34.624376","中书令","三月五日加金紫光禄大夫","",,"","","顾建国《张九龄年谱》中国社会科学出版社，2005年版 第216页",,,,"杨洁"
"唐","张九龄","玄宗开元二十三年乙亥","735","3","9","58","","都畿道","河南府",,,"河南","洛阳市",,"112.460033","34.624376","中书令","九日进封始兴县开国子、食邑四百户。父弘愈追赠为太常卿、广州都督,母卢氏追赠为桂阳郡太夫人,有文祭之","张弘愈",,"","","顾建国《张九龄年谱》中国社会科学出版社，2005年版 第216页",,,,"杨洁"
"唐","张九龄","玄宗开元二十三年乙亥","735","3",,"58","","都畿道","河南府",,,"河南","洛阳市",,"112.460033","34.624376","中书令","玄宗又欲起复授九皋、九章二人京官。九龄恳切辞让,得允所求","唐玄宗，张九皋，张九章","《让两弟起复授官状》","Article","让两弟起复授官状
右。臣昨以两弟身官。状涉隐冒。家且未正。焉能正人。所以陈露奏闻。诚欲自律。今日高力士宣敕。令与两弟京官。慈旨优柔。感深骨髓。微臣何有。叨此殊恩。但臣自罹殃罚。才踰年序。忝承重任。不敢顾私。而鞠育之恩。终怀罔极。几筵在远。奠酹不亲。惟有两弟在家。获申情纪。今若恭承恩命。尽在墨缞。何心何颜。可以偷此。陛下每宏教义。必先名节。岂于愚臣。无少矜悯。若使九皋等获免罪戾。幸无削除。在臣閤门。已沾殊泽。更令授职。俱远哀次。于臣私情。实所不忍。然于朝议。必有喧黩。乞寝成命。俯亮愚衷。冀无玷大猷。岂敢自遂而已。不胜哀荷战惧之至。","顾建国《张九龄年谱》中国社会科学出版社，2005年版 第216页",,,,"杨洁"
"唐","张九龄","玄宗开元二十三年乙亥","735","3",,"58","","都畿道","河南府",,,"河南","洛阳市",,"112.460033","34.624376","中书令","擢王维为右拾遗。拟活孝子张瑝、张琇兄弟","王维，张瑝，张琇",,"","","顾建国《张九龄年谱》中国社会科学出版社，2005年版 第216页",,,,"杨洁"
"唐","张九龄","玄宗开元二十三年乙亥","735","3",,"58","","都畿道","河南府",,,"河南","洛阳市",,"112.460033","34.624376","中书令","三月底,有贺御制开元文字音义状","","《贺御制开元文字音义状》","Article","贺御制开元文字音义状
右。今月日。尹凤祥宣敕旨。示臣等圣制开元文字音义三十卷。义微旨远。文省理该。表隶以训今。存篆以徵古。众释大备。取證于前修。片言旁通。去嫌于翻字。信文思之精一。学术之明准。非圣心之善诱。焉降情于豪素。臣等忝居近侍。再忭发蒙。捧戴之诚。实百恒品。望令集贤院更写一本。付外流行。谨奉状陈贺以闻。谨进。","顾建国《张九龄年谱》中国社会科学出版社，2005年版 第216页",,,,"杨洁"
"唐","张九龄","玄宗开元二十三年乙亥","735","3",,"58","","都畿道","河南府",,,"河南","洛阳市",,"112.460033","34.624376","中书令","三月底,有请御注《道德经》及疏施行状","","《请御注道德经及疏施行状》","Article","请御注道德经及疏施行状
右。臣等伏以至道无名。常善救物。所以镇彼浇竞。登诸福寿。而古今殊论。穿凿多门。徒广津梁。何阶阃阈。伏奉恩敕。赐臣等于集贤院与诸学士奉观御注道德经及疏本。天旨元远。圣义发明。词约而理丰。文省而事惬。上足以播元元之至化。下足以阐来代之宗门。非陛下道极帝先。勤宣祖业。何能回日月之晷度。凿乾坤之户牖。使盲者返视。聋者耸听。蒙蔽顿袪。沈迷有适。凡在率土。实多庆赉。无任忻戴忭跃之至。请宣付所司施行。","顾建国《张九龄年谱》中国社会科学出版社，2005年版 第216页",,,,"杨洁"
"唐","张九龄","玄宗开元二十三年乙亥","735",,,"58","","都畿道","河南府",,,"河南","洛阳市",,"112.460033","34.624376","中书令","九龄等面奉进止,令就集贤院与诸学士等观玄宗所注《道德经》,并赐珍馔,随有谢状","唐玄宗","《谢赐食状》","Article","谢赐食状
右。臣等面奉进止。令就集贤院与诸学士等观圣注道德经。寻又赐臣等食。窃味道腴。兼承珍馔。闻义饱德。虚往实归。臣等何人。叨承渥泽。不胜惶悚感戴之至。","顾建国《张九龄年谱》中国社会科学出版社，2005年版 第216页",,,,"杨洁"
"唐","张九龄","玄宗开元二十三年乙亥","735",,,"58","","都畿道","河南府",,,"河南","洛阳市",,"112.460033","34.624376","中书令","因渤海国对唐积怨頗深,玄宗欲以新罗牵制之,九龄奉拟敕新罗都护金兴光书,同意其于浿江置戍之请求)","唐玄宗","《敕新罗都护金兴光书》","Article","","顾建国《张九龄年谱》中国社会科学出版社，2005年版 第216页",,,,"杨洁"
"唐","张九龄","玄宗开元二十三年乙亥","735",,,"58","","都畿道","河南府",,,"河南","洛阳市",,"112.460033","34.624376","中书令","内常侍窦元礼出使吐蕃之际,九龄奉拟敕金城公主书,表达慰勉之情","金城公主","《敕金城公主书》","Article","","顾建国《张九龄年谱》中国社会科学出版社，2005年版 第216页",,,,"杨洁"
"唐","张九龄","玄宗开元二十三年乙亥","735",,,"58","","都畿道","河南府",,,"河南","洛阳市",,"112.460033","34.624376","中书令","朝廷得西域四镇节度使表，知吐蕃与突骑施苏禄可汗暗相交通,即刻引起警觉,九龄拟敕吐蕃赞普书,重申唐蕃姻亲和好之大义","吐蕃赞普","《敕吐蕃赞普书》（之一）","Article","敕平卢使乌知义书
敕乌知义。两蕃既巳归我。突厥仍敢犯边。此其不顺。诚可残灭。适闻契丹及奚等并力合谋。同破凶丑。卿亦继进。相与成功。此之一捷。使其丧气。然斗防困兽。诱备羸师。兵家之难。慎在终始。卿是宿将。当自明之。若见可则行。务须灵敏。固在临事。难用速言。必图万全。不可轻举。巳敕守圭与卿计会。可须观衅裁之。秋凉。卿及将士巳下并平安好。遣书指不多及。","顾建国《张九龄年谱》中国社会科学出版社，2005年版 第216页",,,,"杨洁"
"唐","张九龄","玄宗开元二十三年乙亥","735",,,"58","","都畿道","河南府",,,"河南","洛阳市",,"112.460033","34.624376","中书令","又有敕剑南节度王昱书,命其相机处置西南诸蛮事务","王昱","《敕剑南节度王昱书》","Article","","顾建国《张九龄年谱》中国社会科学出版社，2005年版 第216页",,,,"杨洁"
"唐","张九龄","玄宗开元二十三年乙亥","735",,,"58","","都畿道","河南府",,,"河南","洛阳市",,"112.460033","34.624376","中书令","与此同时,有敕当州别驾董惩运书,对其要求袭封刺史事加以训诫","董惩运","《敕当州别驾董惩运书》","Article","敕当州别驾董惩运书
敕当州别驾董惩运。省所奏王昱及严正诲表。具知所缘。卿父往在当州。连年纵酒。既加风疢。行事乖疏。董念封经使具论。王昱始奏停废。皆凭实状。不是冤诬。后自病亡。岂可怨诉。所言不直。欲信无凭。卿久袭冠带。复拘法式。宁不知此。犹且有词。至于卿身。合承刺史。比来未授。亦则有由。闻卿少年。未闲抚字。举州之众。又藉绥怀。若蕃部不安。岂虚此位。卿若能自励。从此改修。父亡子及。终不失旧。卿表云部落据险。几许无知。亦虑恶人因此扇诱。幸无他故。勿取破亡。今故令内使往问部落及百姓等。此事虚实。还自具名状闻。比极暄。卿及部落百姓并平安好。遣书指不多及。","顾建国《张九龄年谱》中国社会科学出版社，2005年版 第216页",,,,"杨洁"
"唐","张九龄","玄宗开元二十三年乙亥","735",,,"58","","都畿道","河南府",,,"河南","洛阳市",,"112.460033","34.624376","中书令","夏初,有敕当悉等州羌首领书,嘱其严勒蕃部、保境安民","","《敕当、悉等州羌首领书》","Article","敕当悉等州羌首领书
敕当悉柘静维翼等诸州首领百姓等。前者令王承训往宣问。事止当州。比其却来。云诸州亦有所望。州县一也。恩岂不均。卿等祖父已来。为国守境。皆尽忠赤。防捍外蕃。朝廷嘉之。官赏相继。近者处置未当。又得卿表所论。朕皆依行。想皆遂愿。今闻吐蕃屯结。近在安戎。比来通和。未有深隙。计其不合为寇。未知何故起兵。卿比临边。各须伺候。虑有侵轶。损我居人。若预图之。保无忧也。其董惩运董嘉宗。已有处分讫。其董念双羌羌嘉弄等。亦即续有处分。必须严勒蕃部。豫备恶人。寇雠纵来。计无所得。我之深策。岂不在兹。卿等荣贵。勿忧不遂。今故令王承训重宣往意。比已热。首领百姓等并平安好。遣书指不多及。","顾建国《张九龄年谱》中国社会科学出版社，2005年版 第216页",,,,"杨洁"
"唐","张九龄","玄宗开元二十三年乙亥","735","5",,"58","","都畿道","河南府",,,"河南","洛阳市",,"112.460033","34.624376","中书令","五月,应宗子之请,奉撰龙池圣德颂并进状","","《龙池圣德颂》","Article","","顾建国《张九龄年谱》中国社会科学出版社，2005年版 第216页",,,,"杨洁"
"唐","张九龄","玄宗开元二十三年乙亥","735","5",,"58","","都畿道","河南府",,,"河南","洛阳市",,"112.460033","34.624376","中书令","五月,应宗子之请,奉撰龙池圣德颂并进状","","《进龙池圣德颂状》","Article","进龙池圣德颂状
右。先奉敕令臣撰文。伏以天将启圣。地乃出符。历考图箓。旷古未有。臣学术肤浅。且灵命难言。虽已极于愚思。曾未徵于万一。猥承恩奖。虚污磨砻。以此惭惶。无宁启处。谨随状封进以闻。尘黩宸严。伏增战越。","顾建国《张九龄年谱》中国社会科学出版社，2005年版 第216页",,,,"杨洁"
"唐","张九龄","玄宗开元二十三年乙亥","735",,,"58","","都畿道","河南府",,,"河南","洛阳市",,"112.460033","34.624376","中书令","夏中,北平王、检校松漠州都督李过折被涅礼所杀,九龄有敕契丹都督涅礼书,责以道义并警示其好自为之","李过折，涅礼","《敕契丹都督涅礼书》","Article","敕契丹都督泥礼书
敕契丹都督泥礼。往者屈烈突于凶恶。无心忧矜百姓。背叛于我。终日自防。丁壮不得耕耘。牛马不得生养。及依附突厥。而课税又多。部落吁嗟。卿所见也。李过折因众人之忿。诛顽凶之徒。诸部酋豪。相率归我。巳令随事赏赐。亦云且得安宁。过折封王。岂直赏功而已。亦为百姓众意。赖其抚存。不知近日巳来。若为非理。亦闻杀害无罪。棒打又多。众情不安。遂致非命。然卿彼之蕃法。多无义于君长。自昔如此。朕亦知之。然是卿蕃王。有恶径杀。为此王者。不亦难乎。但恐卿今为王后。人亦常不自保。谁愿作王。卿虽蕃人。是当土豪杰。亦须防虑后事。岂取快志目前。过折既亡。卿初知都督。百姓诸处分。复得安宁以否。张守圭先拟往彼。亦即令便就处置。卿应有官赏。即有处分。夏中甚热。卿及首领百姓并平安好。今赐卿锦衣一副。并细腰带七事。至宜领取。遣书指不多及。","顾建国《张九龄年谱》中国社会科学出版社，2005年版 第216页",,,,"杨洁"
"唐","张九龄","玄宗开元二十三年乙亥","735",,,"58","","都畿道","河南府",,,"河南","洛阳市",,"112.460033","34.624376","中书令","因西南边界纠纷,九龄再拟敕吐蕃赞普书,申明朝廷态度","吐蕃赞普","《敕吐蕃赞普书》（之二）","Article","敕吐蕃赞普书
皇帝问吐蕃赞普。近窦元礼往。事具前书。赞普后来亦知彼意。朕推心天下。皆合太和。况于彼蕃。复是亲娅。仍加结约。盟誓再三。以至道言之。此亦仁义不薄也。而赞普且犹未信。复是何心。君长大蕃。固不容易。所云去年七月巂州将兵抄掠。兼有诈诱。巂州之外。尚隔诸蛮。既背吐蕃。自行寇抄掠。而乃推托于我。何为遥信虚词。且西南群蛮。别是一物。既不容于我。亦不专于吐蕃。去却不追。来亦不拒。乃是两界所有。只合任其所归。自数十年来。或叛或附。皆所亲见。岂假缕言。往者此蛮背恩。侵我边鄙。昆明即巂州之故县。盐井乃昆明之本城。今复旧疆。何废修筑。而云除却。是何道理。且边境备守。彼此常事。今既和好。何有嫌疑。至如西自葱岭已来。沿边诸处。或地势是要。或水土是好。彼有城镇。亦皆内侵。朕既不解广求。更以自益。缘已和好。不可细论。且八叠山筑城置镇。皆入汉界。何曾以此为言。而彼即生词。未知何意。边城委任。当择忠良。无信小人。令得閒搆。夏中已热。赞普及平章事部落百姓并平安好。遣书指不多及。","顾建国《张九龄年谱》中国社会科学出版社，2005年版 第216页",,,,"杨洁"
"唐","张九龄","玄宗开元二十三年乙亥","735",,,"58","","都畿道","河南府",,,"河南","洛阳市",,"112.460033","34.624376","中书令","又有敕拓静州首领书,安抚其因处置当州董氏问题而引起的恐慌","","《敕拓、静州首领书》","Article","","顾建国《张九龄年谱》中国社会科学出版社，2005年版 第216页",,,,"杨洁"
"唐","张九龄","玄宗开元二十三年乙亥","735",,,"58","","都畿道","河南府",,,"河南","洛阳市",,"112.460033","34.624376","中书令","河东节度副使王忠嗣等远经敌境，昼夜勤劳,九龄拟敕予以慰勉","王忠嗣","《敕河东节度副使王忠嗣书》","Article","敕河东节度副使王忠嗣书
敕河东节度副使兼代州都督王忠嗣及诸将士等。大叔承庆至。知卿远经贼境。昼夜勤劳。虽不遇凶徒。亦备尽诚效。顷属时暑。士马远来。行李之閒。固应疲顿。诸军将等。各须抚养。令其宁息。行回之人。当有宴劳。宜令大同军即办宴设。及时慰勉。夏中极热。卿及将士已下并平安好。遣书指不多及。","顾建国《张九龄年谱》中国社会科学出版社，2005年版 第216页",,,,"杨洁"
"唐","张九龄","玄宗开元二十三年乙亥","735",,,"58","","都畿道","河南府",,,"河南","洛阳市",,"112.460033","34.624376","中书令","河东节度副使王忠嗣等远经敌境，昼夜勤劳,九龄拟敕予以慰勉","王忠嗣","《贺依圣料赤山北无贼及突厥要重人死状信安郡王祎承王忠嗣警因牒云赤山有贼》","Article","贺依圣料赤山北无贼及突厥要重人死请宣付史馆状
右。先得前件牒云。九月三日奚探见贼无数。前三日臣等面奉圣旨。料此必安禄山所将之兵。奚疑是贼。便有此牒也。臣等当时又奏。突厥举国大来。微有输失便去。窃料此意。恐其有谋。陛下又云。必应彼有要重人死。所以即去。今日幽州节度判官监察御史张晓至。云今月十一日从幽州发来。赤山元自无贼。奚所见者。正是安禄山下兵马。又云。契丹有蕃落人走来。云突厥之兵马平章事第一人死。所以狼狈即去。在路每日于帐衙前哭。此并圣心悬照。有如目击。臣等亲奉睿算。及此符同。万里无差。不胜惊喜。无任踊跃之至。仍望宣付史馆。","顾建国《张九龄年谱》中国社会科学出版社，2005年版 第216页",,,,"杨洁"
"唐","张九龄","玄宗开元二十三年乙亥","735",,,"58","","都畿道","河南府",,,"河南","洛阳市",,"112.460033","34.624376","中书令","秋初,有敕幽州节度张守珪书,命其稳扎稳打,并代为宣示朝旨,安抚涅礼","张守珪","《敕幽州节度张守珪书》（之三）","Article","敕幽州节度张守圭书
敕幽州节度副大使兼御史大夫张守圭。近有降人云。虏骑东下。其数稍众。固宜有以待之。仍闻两蕃。亦有应接。当是妄语。终须审观。若保无他。便可信任也。至于兵马权略。决在一时。卿自审量。不可悬料。然虏骑驰突。难与争锋。会是乘其气衰。然后邀击。一战取灭。或在此举。顷者泥礼自擅。虽以义责。而未有名位。恐其不安。卿可宣示朝旨。使知无他也。并便处置讫奏闻。朕当即有处分。比秋热。卿及将士已下并平安好。今令赵惠琮一一口具。遣书指不多及。","顾建国《张九龄年谱》中国社会科学出版社，2005年版 第216页",,,,"杨洁"
"唐","张九龄","玄宗开元二十三年乙亥","735",,,"58","","都畿道","河南府",,,"河南","洛阳市",,"112.460033","34.624376","中书令","边使范正颜带回吐蕃操持两端、意欲边地生事之信息,九龄有敕陇右节度使阴承本书,嘱其严加备守,不得先举","范正颜，阴承本","《敕陇右节度阴承本书》","Article","敕陇右节度阴承本书
敕陇右节度使阴承本。使人范正颜至。省表具知。朕于吐蕃。恩信不失。彼心有异。操持两端。阴结突骑施。密相来往。事既丑露。却以怨尤。乃云姚巂用兵。取其城堡。略观此意。必欲为恶。必不得先举。但须严备。远加斥堠。察其动静。若形兆已见。驰状以闻。诸处军城。数加戒敕。若不称职。速须改换。今年交兵。新到陇右。未经戎事。大须训习。在彼处置。委卿裁之。虽有边虞。固无忧也。秋初尚热。卿及将士并平安好。遣书指不多及。","顾建国《张九龄年谱》中国社会科学出版社，2005年版 第216页",,,,"杨洁"
"唐","张九龄","玄宗开元二十三年乙亥","735","8","5","58","","都畿道","河南府",,,"河南","洛阳市",,"112.460033","34.624376","中书令","八月五日千秋节(玄宗诞辰日),玄宗命诸学士及僧道讲论儒、道、佛教同异,九龄有贺状","唐玄宗","《贺论三教状》","Article","贺论三教状
右。伏奉今日墨制。召诸学士及道僧讲论三教同异。臣闻好尚之论。事踬于偏方。至极之宗。理归于一贯。非夫上圣。孰探要旨。伏惟陛下道契无为。思该元妙。考六经之同异。诠三教之幽赜。将以降照群疑。敷化率土。屏浮词于玉殿。辑精义于金门。一变儒风。再扬道要。凡百士庶。罔不知归。臣等幸侍轩墀。亲承至训。忭跃之极。实倍常情。望宣付史馆。谨奉状陈贺以闻。谨奏。","顾建国《张九龄年谱》中国社会科学出版社，2005年版 第216页",,,,"杨洁"
"唐","张九龄","玄宗开元二十三年乙亥","735",,,"58","","都畿道","河南府",,,"河南","洛阳市",,"112.460033","34.624376","中书令","时小旱,是日澍雨,九龄复有贺雨状","","《贺雨状》","Article","","顾建国《张九龄年谱》中国社会科学出版社，2005年版 第216页",,,,"杨洁"
"唐","张九龄","玄宗开元二十三年乙亥","735",,,"58","","都畿道","河南府",,,"河南","洛阳市",,"112.460033","34.624376","中书令","如所料,吐蕃果发兵欲攻取唐西南边城盐井等处，九龄运筹帷幄,分别有敕隽州都督许齐物和西南蛮大首领蒙归义书,令其稳妥设防,相互为援,无失事宜","许齐物","《敕隽州都督许齐物书》","Article","敕巂州都督许齐物书
敕许齐物。近者投降吐蕃云。蕃兵已向南取盐井。比已敕达奚守圭蒙归义讫。卿可严备。勿失事宜。应须防守。并委量事处分。仍远著斥堠。知其有无。有则从权。无则仍旧。慎勿生事。骚扰边人。秋中渐凉。卿及吏人已下并平安好。遣书指不多及。","顾建国《张九龄年谱》中国社会科学出版社，2005年版 第216页",,,,"杨洁"
"唐","张九龄","玄宗开元二十三年乙亥","735",,,"58","","都畿道","河南府",,,"河南","洛阳市",,"112.460033","34.624376","中书令","如所料,吐蕃果发兵欲攻取唐西南边城盐井等处，九龄运筹帷幄,分别有敕隽州都督许齐物和西南蛮大首领蒙归义书,令其稳妥设防,相互为援,无失事宜","蒙归义","《敕西南蛮大首领蒙归义书》","Article","","顾建国《张九龄年谱》中国社会科学出版社，2005年版 第216页",,,,"杨洁"
"唐","张九龄","玄宗开元二十三年乙亥","735",,,"58","","都畿道","河南府",,,"河南","洛阳市",,"112.460033","34.624376","中书令","西南羁縻州大酋长郍傍时徂逝,九龄拟敕致其嫡孙铎罗望,深表悼慰,并命宿卫守领王白于和姚州都督达奚守珪前往凭吊","郍傍时徂，铎罗望，王白于，奚守珪",,"","","顾建国《张九龄年谱》中国社会科学出版社，2005年版 第216页",,,,"杨洁"
"唐","张九龄","玄宗开元二十三年乙亥","735",,,"58","","都畿道","河南府",,,"河南","洛阳市",,"112.460033","34.624376","中书令","顺授铎罗望袭任浪穹州刺史","铎罗望","《敕蛮首领铎罗望书》","Article","敕蛮首领铎罗望书
敕故姚州管内大酋长那傍时嫡孙将军铎罗望。卿之先祖。输忠奉国。遽闻徂逝。深怆于怀。言念边人。必藉抚绥。又逼蕃界。兼资镇遏。卿宜缵承先业。以副朕心。故遣宿卫首领王白于姚州都督达奚守圭计会。就彼吊慰。便授卿袭浪穹州刺史。并赐绫彩三百匹。至宜领取。秋中已凉。卿及首领已下并平安好。遣书指不多及。","顾建国《张九龄年谱》中国社会科学出版社，2005年版 第216页",,,,"杨洁"
"唐","张九龄","玄宗开元二十三年乙亥","735",,,"58","","都畿道","河南府",,,"河南","洛阳市",,"112.460033","34.624376","中书令","朝廷得幽州节度使张守珪表,知奚倚官耨云暗结突厥,欲图异谋,奚王李归国临危制变,与松漠都督涅礼等借助唐军的策应与后援,联手大破突厥,内侍刘思贤至省奉宣圣旨,垂示破贼所由,九龄随之上贺破突厥状和贺东北累捷状,并奉拟敕书,对李归国和涅礼等予以彰表慰勉","张守珪，李归国，涅礼，刘思贤","《敕奚都督李归国书》","Article","","顾建国《张九龄年谱》中国社会科学出版社，2005年版 第216页",,,,"杨洁"
"唐","张九龄","玄宗开元二十三年乙亥","735",,,"58","","都畿道","河南府",,,"河南","洛阳市",,"112.460033","34.624376","中书令","朝廷得幽州节度使张守珪表,知奚倚官耨云暗结突厥,欲图异谋,奚王李归国临危制变,与松漠都督涅礼等借助唐军的策应与后援,联手大破突厥,内侍刘思贤至省奉宣圣旨,垂示破贼所由,九龄随之上贺破突厥状和贺东北累捷状,并奉拟敕书,对李归国和涅礼等予以彰表慰勉","张守珪，李归国，涅礼，刘思贤","《敕松漠都督涅礼书》","Article","敕松漠都督泥礼书
敕松漠都督右金吾卫大将军泥礼。得张守圭表。知卿等破贼。且突厥此来也。其心毒害。又甚轻敌。人事之与神道。可得不有伤残。卿之忠诚。加以义勇。以顺讨逆。自然必胜。朕所悬爵秩。惟赏有功。况卿赤心。复加戎捷。然狂贼自远投于死地。今其伤败。必更有谋。可须防之。重不可失。乌知义在彼。宜与临事筹之。若须邀截。亦与之计会。秋气渐凉。卿及衙官首领百姓并平安好。遣书指不多及。","顾建国《张九龄年谱》中国社会科学出版社，2005年版 第216页",,,,"杨洁"
"唐","张九龄","玄宗开元二十三年乙亥","735",,,"58","","都畿道","河南府",,,"河南","洛阳市",,"112.460033","34.624376","中书令","九龄随之上贺东北累捷状,并奉拟敕书,对李归国和涅礼等予以彰表慰勉","张守珪，李归国，涅礼，刘思贤","《贺东北累捷状》","Article","贺东北累捷状
右。今日刘思贤至。奉宣圣旨。垂示臣等破贼所由。兼见守圭表奏。具承契丹累捷。伏以圣武所加。制胜者无失。天威不抗。犯顺者自亡。突厥负众背恩。穷凶远袭。两蕃怀德。誓死如归。三军奉国。从命如指。遂使一战便剋。已闻杀伤无算。恸哭而奔。则知主将必死。且蛮夷相伐。我则不劳。疆埸有虞。义亦奚失。固知无愆信于漠北。有大造于燕垂。此实独断神谋。事皆有预。万全之策。永静边隅。薄伐之师。匪劳中夏。凡在黎庶。孰不欣跃。臣等忝预枢近。倍百恒情。无任庆悦之至。","顾建国《张九龄年谱》中国社会科学出版社，2005年版 第216页",,,,"杨洁"
"唐","张九龄","玄宗开元二十三年乙亥","735",,,"58","","都畿道","河南府",,,"河南","洛阳市",,"112.460033","34.624376","中书令","九龄随之上贺破突厥状,对李归国和涅礼等予以彰表慰勉","张守珪，李归国，涅礼，刘思贤","《贺破突厥状》","Article","贺破突厥状
右。张守圭表奏。突厥四万骑。前月二十五日至能讫离山。契丹泥礼等前后斩获俘馘。数逾十万。突厥可汗弃甲逃●。奚王李归国及平卢军将等追奔逐北。计日歼灭。更闻奏者。伏以突厥新立。轻事用兵。彼之威众。在于一举。又两蕃与其结隙。文搆未深。在于边隅。犹轸天算。陛下料其终始。指授规模。知其举种尽来。本自无策。劳师袭远。必合成擒。使蕃骑先锋。汉军坚壁。坐观成败。自战蛮夷。今契丹才交。突厥已破。计其奔北。必至丧亡。脱身获全。亦举众皆弃。北虏震慑。从此气衰。东胡保边。永不携贰。宽徭罢柝。自此可期。斯皆圣德远覃。皇威遐振。事无遗策。举不失图。臣忝迹枢近。亲承睿略。忭跃之至。倍百恒情。谨奉状陈贺以闻。谨奏。","顾建国《张九龄年谱》中国社会科学出版社，2005年版 第216页",,,,"杨洁"
"唐","张九龄","玄宗开元二十三年乙亥","735",,,"58","","都畿道","河南府",,,"河南","洛阳市",,"112.460033","34.624376","中书令","与此同时,九龄又有论东北等未可轻动状,力主唐军应审慎行事,切勿以一军之利而黩武结怨,为国生患。并望在内侍刘思贤出使东北之际,降书张守珪等必为远图,无得妄动","","《论东北军未可轻动状》","Article","论东北军未可轻动状
右。高力士宣奉敕。张守圭所进送突厥生口。具问知委曲。故令刘思贤去者。臣等伏以北虏凶狡。诚亦难保其心。然陛下以恩泽怀柔。岁月已久。使彼豺武。顿改顽暴。以事观察。信然不虚。何者。昨李佺使回。虏亦具云东下。中间或言难信。至今果如所说。即是输诚于国。未有他诈。且契丹等翻覆。或往或来。今其东讨。虽未禀命。在于夷狄。亦不可责于常理。若因而屠之。亦便除患。陛下先有圣料。以为如此。臣等常窃志之。固非所及。今其来也。若契丹等偶胜。北虏势衰。因而乘之。灭其大半。审料必取。始可决行。事若不然。而军将妄动。徒结大隙。亦以不信。为国生患。莫甚于此。臣伏以在边诸将。苟利一军。便即行之。以邀荣赏。不思远计。诚是大失。今刘思贤往。望将降书处分守圭。必为远图。无得妄动。防约诸将。使知圣心。纵虏庭闻之。尤彰天泽。未审可否。谨录状奏闻。","顾建国《张九龄年谱》中国社会科学出版社，2005年版 第216页",,,,"杨洁"
"唐","张九龄","玄宗开元二十三年乙亥","735",,,"58","","都畿道","河南府",,,"河南","洛阳市",,"112.460033","34.624376","中书令","分别致敕张守珪和平卢使乌知义,嘱其临机处事,务防困兽之斗,必图万全完胜","张守珪","《敕幽州节度张守珪书》（之四）","Article","","顾建国《张九龄年谱》中国社会科学出版社，2005年版 第216页",,,,"杨洁"
"唐","张九龄","玄宗开元二十三年乙亥","735",,,"58","","都畿道","河南府",,,"河南","洛阳市",,"112.460033","34.624376","中书令","分别致敕张守珪和平卢使乌知义,嘱其临机处事,务防困兽之斗,必图万全完胜","乌知义","《敕平卢使乌知义书》（之一）","Article","敕平卢使乌知义书
敕乌知义。两蕃既巳归我。突厥仍敢犯边。此其不顺。诚可残灭。适闻契丹及奚等并力合谋。同破凶丑。卿亦继进。相与成功。此之一捷。使其丧气。然斗防困兽。诱备羸师。兵家之难。慎在终始。卿是宿将。当自明之。若见可则行。务须灵敏。固在临事。难用速言。必图万全。不可轻举。巳敕守圭与卿计会。可须观衅裁之。秋凉。卿及将士巳下并平安好。遣书指不多及。","顾建国《张九龄年谱》中国社会科学出版社，2005年版 第216页",,,,"杨洁"
"唐","张九龄","玄宗开元二十三年乙亥","735",,,"58","","都畿道","河南府",,,"河南","洛阳市",,"112.460033","34.624376","中书令","又敕奚都督李归国务与涅礼等相为腹背,追袭突厥","李归国","《敕奚都督李归国书》（之二）","Article","敕奚都督李归国书
敕奚都督右金吾卫大将军归诚王李归国。朕比闻突厥欲灭卿两蕃。先敕守圭严为防护。今闻泥礼巳破凶徒。仍虑其收合馀烬。复来掩袭。卿可与泥礼相为腹背。但突厥不尽。后患终深。卿可伺其归师。乘其丧气。与诸将计会。逐要追袭。时不可失。宜自思之。秋深极冷。卿及衙官将士已下并平安好。遣书指不多及。","顾建国《张九龄年谱》中国社会科学出版社，2005年版 第216页",,,,"杨洁"
"唐","张九龄","玄宗开元二十三年乙亥","735",,,"58","","都畿道","河南府",,,"河南","洛阳市",,"112.460033","34.624376","中书令","有让赐蕃口状","","《让赐蕃口状》","Article","让赐蕃口状
右。高力士宣圣恩。赐臣等蕃口。执自边军。释囚为隶。诚宜供国。次及赏功。臣等无庸。何以受赐。殊恩俯降。循涯自失。伏望俯停渥泽。存以至公。矜遂恳诚。许归官寺。则上有无偏之道。下有无苟之责。无任悃款之至。","顾建国《张九龄年谱》中国社会科学出版社，2005年版 第216页",,,,"杨洁"
"唐","张九龄","玄宗开元二十三年乙亥","735",,,"58","","都畿道","河南府",,,"河南","洛阳市",,"112.460033","34.624376","中书令","贺御注金刚经状,请御注经内外传授状","","《贺御注金刚经状》","Article","贺御注金刚经状
右。内侍尹凤祥宣敕。垂示臣等御注金刚经。但佛法宗旨。撮在此经。人閒传习。多所未悟。陛下曲垂圣意。敷演微言。幽关妙键。豁然洞达。虽臣等愚昧。本自难晓。伏览睿旨。亦即发明。是知日月既出。天下普照。诚在此也。陛下至德法天。平分儒术。道已广度其宗。僧又不违其愿。三教并列。万姓知归。伏望降出御文。内外传授。","顾建国《张九龄年谱》中国社会科学出版社，2005年版 第216页",,,,"杨洁"
"唐","张九龄","玄宗开元二十三年乙亥","735",,,"58","","都畿道","河南府",,,"河南","洛阳市",,"112.460033","34.624376","中书令","贺御注金刚经状,请御注经内外传授状","","《请御注经内外传授状》","Article","请御注经内外传授状
右。臣等今日于九龄处。伏见集贤院奉贺御注前件。经墨敕批答。兼九龄说。睿思幽赞。元关洞辟。微言奥旨。廓然昭畅。臣等近识。暗于大道。粗闻九龄此传。便若已有所得。欣戴感悦。诚不克任。伏惟陛下天纵无方。有来斯应。万殊一贯。三教同归。伏望降出御本。使内外传授。则冀明积劫之重昏。纳群迷于正觉。朝闻夕死。尚不足吝。顾此轻生。于焉何幸。臣等不胜忭跃之至。","顾建国《张九龄年谱》中国社会科学出版社，2005年版 第216页",,,,"杨洁"
"唐","张九龄","玄宗开元二十三年乙亥","735",,,"58","","都畿道","河南府",,,"河南","洛阳市",,"112.460033","34.624376","中书令","是时,西突厥族突骑施部落苏禄可汗又欲率部图陷庭州等处,九龄拟敕河西节度使牛仙客书,令其做好攻防准备,并命内侍程元宗前往催遣兵马,一一口具","苏禄可汗，牛仙客，程元宗","《敕河西节度使牛仙客书》（之二）","Article","敕河西节度副大使牛仙客书
敕河西节度副大使太仆卿摄御史大夫牛仙客。突骑施连岁犯边。凶恶如此。若不威服。祗长寇雠。自夏及今。连岁不散。疏勒虽解。边城见侵。虽无如我何。亦为边所患。终须有计。以挫凶谋。卿可于西河诸军州拣练骁雄五千人。即赴安西。受王斛斯部分。朕当发遣十八年安西应替五千四百八十人。与彼相续。足得成师。若无暂劳。何从息甲。且此贼狂悖。不论信义。直肆凶毒。其意巳然。不此加兵。以图扑灭。使其骄暴。岂有宁时。巳敕盖嘉运与王斛斯审量事宜。临时为计。既为卿探访所管。亦宜随要指麾。兼有别敕发三万人。此但声援而巳。可大张威势。远使震摄。又恐安西资用之乏。卿可于凉府将二十万段物往安西。令随事支拟。及充宴赐。朕则续支送凉府。冬中甚寒。卿及将士并平安好。遣书指不多及。","顾建国《张九龄年谱》中国社会科学出版社，2005年版 第216页",,,,"杨洁"
"唐","张九龄","玄宗开元二十三年乙亥","735",,,"58","","都畿道","河南府",,,"河南","洛阳市",,"112.460033","34.624376","中书令","是时,西突厥族突骑施部落苏禄可汗又欲率部图陷庭州等处,九龄拟敕河西节度使牛仙客书,令其做好攻防准备,并命内侍程元宗前往催遣兵马,一一口具","牛仙客","《敕河西节度副大使牛仙客书》","Article","敕河西节度副大使牛仙客书
敕河西节度副大使太仆卿摄御史大夫牛仙客。突骑施连岁犯边。凶恶如此。若不威服。祗长寇雠。自夏及今。连岁不散。疏勒虽解。边城见侵。虽无如我何。亦为边所患。终须有计。以挫凶谋。卿可于西河诸军州拣练骁雄五千人。即赴安西。受王斛斯部分。朕当发遣十八年安西应替五千四百八十人。与彼相续。足得成师。若无暂劳。何从息甲。且此贼狂悖。不论信义。直肆凶毒。其意巳然。不此加兵。以图扑灭。使其骄暴。岂有宁时。巳敕盖嘉运与王斛斯审量事宜。临时为计。既为卿探访所管。亦宜随要指麾。兼有别敕发三万人。此但声援而巳。可大张威势。远使震摄。又恐安西资用之乏。卿可于凉府将二十万段物往安西。令随事支拟。及充宴赐。朕则续支送凉府。冬中甚寒。卿及将士并平安好。遣书指不多及。","顾建国《张九龄年谱》中国社会科学出版社，2005年版 第216页",,,,"杨洁"
"唐","张九龄","玄宗开元二十三年乙亥","735",,,"58","","都畿道","河南府",,,"河南","洛阳市",,"112.460033","34.624376","中书令","同时,又与别敕令北庭将士,严阵以待,敌此凶寇","","《敕北庭将士已下书》","Article","敕北庭将士已下书
敕北庭将士瀚海军使盖嘉运已下。逆胡忿戾。乘此猖狂。驱率匪人。围犯边镇。皆如素虑。不出下策。卿等虽在绝境。且据坚城。将士一心。莫非义勇。观衅而动。取乱在兹。宜临事筹之。无失此便。但苏禄本以奸诈。诳诱群胡。无德在人。何能有国。今乃驱乌合之众。作不义之举。师曲在老。族灭其时。卿可因其不固之心。乘其已疲之众。掎角归路。剪灭逋丑。此亦天与。岂直人谋。仍熟料之。取万全也。国之重赏。惟待奇功。岂在言之。自良图耳。比秋气已冷。卿及将士百姓并安好。遣书指不多及。","顾建国《张九龄年谱》中国社会科学出版社，2005年版 第216页",,,,"杨洁"
"唐","张九龄","玄宗开元二十三年乙亥","735",,,"58","","都畿道","河南府",,,"河南","洛阳市",,"112.460033","34.624376","中书令","同时,又与别敕西州都督张待宾等,严阵以待,敌此凶寇","张待宾","《敕西州都督张待宾书》","Article","敕西州都督张待宾书
敕西州都督张待宾及官吏百姓已下。不虞狂贼。拥众多时。彼州军人。素乏器械。闻其悉力。能不悬心。卿等坚守孤城。敌此凶寇。亦既久拒。终然万全。斯乃义可感幽。鬼神相助。妖不胜德。氛祲自销。来无所能。去无所得。犬羊之众。道路埋魂。其于破伤。亦云甚矣。向使甲戈有豫。士卒且强。蹑彼归途。可无噍类。即令所司支料。以备后来。其有功之人。各且据实。以时叙定。当有酬赏。其龙泉寺小堡。被其残破。虽巳收拾。犹虑损伤。各宜宣慰。令得存活。秋气巳冷。卿及寮吏百姓巳下并平安好。今赐卿衣一副。至宜领取。遣书指不多及。","顾建国《张九龄年谱》中国社会科学出版社，2005年版 第216页",,,,"杨洁"
"唐","张九龄","玄宗开元二十三年乙亥","735",,,"58","","都畿道","河南府",,,"河南","洛阳市",,"112.460033","34.624376","中书令","同时,又与别敕瀚海军使盖嘉运,严阵以待,敌此凶寇","盖嘉运","《敕瀚海使盖嘉运书》","Article","","顾建国《张九龄年谱》中国社会科学出版社，2005年版 第216页",,,,"杨洁"
"唐","张九龄","玄宗开元二十三年乙亥","735",,,"58","","都畿道","河南府",,,"河南","洛阳市",,"112.460033","34.624376","中书令","因陇右节度阴承本所部兵马备边、修筑城堡,吐蕃赞普顿生疑窦,九龄拟敕予以说明并重申汉蕃旧好","吐蕃赞普","《敕吐蕃赞普书》（之四）","Article","","顾建国《张九龄年谱》中国社会科学出版社，2005年版 第216页",,,,"杨洁"
"唐","张九龄","玄宗开元二十三年乙亥","735",,,"58","","都畿道","河南府",,,"河南","洛阳市",,"112.460033","34.624376","中书令","秋冬之际,先妣桂阳君夫人卢氏逝已两年,九龄有状告请回乡以毕大样祭礼,而玄宗倚重正殷,未允所请","唐玄宗","《请赴祥除状》","Article","谢赴祥除状
右。殃衅残生。谬承天泽。无能报效。徒废情礼。而日月迅速。祥制有期。在臣私情。哀惧莫主。几筵在远。追慕不亲。一违外除。终身何托。伏望察臣罔极。俯遂哀恳。假以传乘。暂赴来月。道路往复。不出数旬。孝理之恩。冀知死所。无任悲迫战惧之至。","顾建国《张九龄年谱》中国社会科学出版社，2005年版 第216页",,,,"杨洁"
"唐","张九龄","玄宗开元二十三年乙亥","735","10",,"58","","都畿道","河南府",,,"河南","洛阳市",,"112.460033","34.624376","中书令","冬十月,玄宗拟于来年正月七日取南路幸西京,因命九龄敕告所司准式,务从节减","唐玄宗","《敕幸西京》","Article","敕幸西京
敕。朕所时迈。皆顺物情。顷属关辅无年。遽尔东幸。固非为已。将以息人。今百谷既成。庶务皆省。而五陵所奉。诚在京师。安可更留周南。有阙时荐。宜以来年正月七日。取南路幸西京。所司准式。应缘行幸所须。务从节减。所由明为条例。勿使劳烦。","顾建国《张九龄年谱》中国社会科学出版社，2005年版 第216页",,,,"杨洁"
"唐","张九龄","玄宗开元二十三年乙亥","735",,,"58","","都畿道","河南府",,,"河南","洛阳市",,"112.460033","34.624376","中书令","因玄宗对东北边地情况料测如睹,九龄先后三进贺状,并请付史馆纪之","唐玄宗",,"","","顾建国《张九龄年谱》中国社会科学出版社，2005年版 第216页",,,,"杨洁"
"唐","张九龄","玄宗开元二十三年乙亥","735",,,"58","","都畿道","河南府",,,"河南","洛阳市",,"112.460033","34.624376","中书令","突骑施苏禄可汗于是年春与吐蕃结盟后,益发蠢蠢欲动,自夏初又与唐交恶,至冬则大举犯边,攻战历涉三年。此间九龄恪尽中枢辅弼之责,心系边关，频繁地致敕安西节度王斛斯、河西节度副大使牛仙客、瀚海军使北庭都护盖嘉运和天山军使张待宾等将领,及时地传达、部署攻防战略,慰勉守边将士","苏禄可汗，王斛斯，张待宾，牛仙客，盖嘉运","《贺张待宾奏尅捷状》","Article","贺张待宾奏尅捷状
右。高力士宣示臣等张待宾表。臣等前因奏事。亲承圣旨。悬料数日当有捷书。及此使至。皆如睿略。但狂胡背诞。围逼军州。凶力固已困穷。边城一无所损。臣等伏料此贼。早是破伤。大众远来。踰月乃去。马羸则多死。人苦则计生。本是乌杂之徒。足徵破亡之渐。此皆皇威远詟。氛祲坐销。岂伊边人。所能自保。臣等幸忝枢近。承奉圣谟。边捷有符。不胜庆悦。谨奉状陈贺以闻。仍望宣付史馆。谨奏。","顾建国《张九龄年谱》中国社会科学出版社，2005年版 第216页",,,,"杨洁"
"唐","张九龄","玄宗开元二十三年乙亥","735",,,"58","","都畿道","河南府",,,"河南","洛阳市",,"112.460033","34.624376","中书令","突骑施苏禄可汗于是年春与吐蕃结盟后,益发蠢蠢欲动,自夏初又与唐交恶,至冬则大举犯边,攻战历涉三年。此间九龄恪尽中枢辅弼之责,心系边关，频繁地致敕安西节度王斛斯、河西节度副大使牛仙客、瀚海军使北庭都护盖嘉运和天山军使张待宾等将领,及时地传达、部署攻防战略,慰勉守边将士","苏禄可汗，王斛斯，张待宾，牛仙客，盖嘉运","《贺突厥小可汗必是伤死状》","Article","贺突厥小可汗必是伤死状
右。牛仙童宣敕送前件契丹令问委曲者。臣等借问突厥退散所由。其伊吐于被擒。将随五日。因夜却走回。每日实见突厥诸将皆于衙帐前哭。及剺正面是实。据此必是小可汗伤死。若其不然。不合如此。审观伊吐于情状。亦即不敢妄言。必其不虚。乃是天败。比其归至本处。固应更有馀殃。丑虏破●。必自此始也。陛下圣德无远。妖沴自销。不劳师徒。已清朔漠。臣等获奉庙算。不胜忭跃之至。","顾建国《张九龄年谱》中国社会科学出版社，2005年版 第216页",,,,"杨洁"
"唐","张九龄","玄宗开元二十三年乙亥","735",,,"58","","都畿道","河南府",,,"河南","洛阳市",,"112.460033","34.624376","中书令","突骑施苏禄可汗于是年春与吐蕃结盟后,益发蠢蠢欲动,自夏初又与唐交恶,至冬则大举犯边,攻战历涉三年。此间九龄恪尽中枢辅弼之责,心系边关，频繁地致敕安西节度王斛斯、河西节度副大使牛仙客、瀚海军使北庭都护盖嘉运和天山军使张待宾等将领,及时地传达、部署攻防战略,慰勉守边将士","苏禄可汗，王斛斯，张待宾，牛仙客，盖嘉运","《敕四镇节度王斛斯书》（之九）","Article","","顾建国《张九龄年谱》中国社会科学出版社，2005年版 第216页",,,,"杨洁"
"唐","张九龄","玄宗开元二十三年乙亥","735",,,"58","","都畿道","河南府",,,"河南","洛阳市",,"112.460033","34.624376","中书令","突骑施苏禄可汗于是年春与吐蕃结盟后,益发蠢蠢欲动,自夏初又与唐交恶,至冬则大举犯边,攻战历涉三年。此间九龄恪尽中枢辅弼之责,心系边关，频繁地致敕安西节度王斛斯、河西节度副大使牛仙客、瀚海军使北庭都护盖嘉运和天山军使张待宾等将领,及时地传达、部署攻防战略,慰勉守边将士","苏禄可汗，王斛斯，张待宾，牛仙客，盖嘉运","《敕四镇节度王斛斯书》（之十）","Article","","顾建国《张九龄年谱》中国社会科学出版社，2005年版 第216页",,,,"杨洁"
"唐","张九龄","玄宗开元二十三年乙亥","735",,,"58","","都畿道","河南府",,,"河南","洛阳市",,"112.460033","34.624376","中书令","突骑施苏禄可汗于是年春与吐蕃结盟后,益发蠢蠢欲动,自夏初又与唐交恶,至冬则大举犯边,攻战历涉三年。此间九龄恪尽中枢辅弼之责,心系边关，频繁地致敕安西节度王斛斯、河西节度副大使牛仙客、瀚海军使北庭都护盖嘉运和天山军使张待宾等将领,及时地传达、部署攻防战略,慰勉守边将士","苏禄可汗，王斛斯，张待宾，牛仙客，盖嘉运","《敕四镇节度王斛斯书》（之十一）","Article","","顾建国《张九龄年谱》中国社会科学出版社，2005年版 第216页",,,,"杨洁"
"唐","张九龄","玄宗开元二十三年乙亥","735",,,"58","","都畿道","河南府",,,"河南","洛阳市",,"112.460033","34.624376","中书令","突骑施苏禄可汗于是年春与吐蕃结盟后,益发蠢蠢欲动,自夏初又与唐交恶,至冬则大举犯边,攻战历涉三年。此间九龄恪尽中枢辅弼之责,心系边关，频繁地致敕安西节度王斛斯、河西节度副大使牛仙客、瀚海军使北庭都护盖嘉运和天山军使张待宾等将领,及时地传达、部署攻防战略,慰勉守边将士","苏禄可汗，王斛斯，张待宾，牛仙客，盖嘉运","《敕天山军使张待宾书》","Article","敕天山军使张待宾书
敕天山军使张待宾。近知贼下烧此。安然即去。竟无斥堠。来不预知。如此防边。无乃疏阔。此一分头抄掠。计其数不至多。向若烽燧稍明。复与北庭计会。相与来击。贼可无遗。且边镇统军。俱受朝委。共防患害。何异一家。况在绝漠。尤宜相协。巳敕盖嘉运讫。可与之筹宜。凶党复来。固须有预。冬中甚寒。卿及将士并平安好。遣书指不多及。","顾建国《张九龄年谱》中国社会科学出版社，2005年版 第216页",,,,"杨洁"
"唐","张九龄","玄宗开元二十三年乙亥","735","12",,"58","","都畿道","河南府",,,"河南","洛阳市",,"112.460033","34.624376","中书令","十二月,因玄宗西幸改期,九龄有状请宣付史馆","唐玄宗","《西幸改期请宣付史馆状》","Article","西幸改期请宣付史馆状
右。臣今日面奉进止。西幸有日。般运已去。仍闻京畿百姓。犹有未安。倘来岁未熟。下无所向。朕虽至彼。复有何情。欲延期至来冬。待看谷麦。卿等商度。以为何似。臣等具奏。洛阳城阙。虽曰皇都。至于宫苑之间。制度本狭。然风土气候。不甚宜人。陛下以万姓为心。万姓以陛下为命。亿兆所系。诚在圣躬。圣躬若安。何顾小小。陛下遂当宁动色。再降德音。苟利于人。朕何顾惜。发言恻隐。感动神祗。臣等幸闻至言。不觉承睫。圣恩爱育。遂及于此。又敕臣等商量进来者。湛恩至德。焉可使朝臣不知。圣君鸿名。不可令史官无述。臣望宣圣旨。改用来年十月幸西京。仍望具将本状。遍示朝列。并宣付史官等。臣不胜感戴踊跃之至。","顾建国《张九龄年谱》中国社会科学出版社，2005年版 第216页",,,,"杨洁"
"唐","张九龄","玄宗开元二十三年乙亥","735","12",,"58","","都畿道","河南府",,,"河南","洛阳市",,"112.460033","34.624376","中书令","在洛阳又有谢药状","","《谢赐药状》","Article","谢赐药状
右。高力士宣奉恩旨。赐臣等鹿角胶丸及驻年面脂。有命自天。感戴兼至。臣等涓滴无补。渥泽日深。多谢股肱之良。每惭智力之效。徒承圣恩同体之义。更沾御药驻年之锡。事绝希幸。礼优常遇。微躯贱貌。因大造而载延。捧日承天。荷曲成而无极。臣等无任悚戴之至。","顾建国《张九龄年谱》中国社会科学出版社，2005年版 第216页",,,,"杨洁"
"唐","张九龄","玄宗开元二十三年乙亥","735",,,"58","","都畿道","河南府",,,"河南","洛阳市",,"112.460033","34.624376","中书令","本年徐浩为九龄所器重,两人结为忘年之交","徐浩",,"","","顾建国《张九龄年谱》中国社会科学出版社，2005年版 第216页",,,,"杨洁"
"唐","张九龄","玄宗开元二十三年乙亥","735",,,"58","","都畿道","河南府",,,"河南","洛阳市",,"112.460033","34.624376","中书令","本年前后,朔方军节度大使兵部尚书信安郡王李祎大破东突厥凯旋而归,九龄拟敕宴赏朔方将士，姑系于此","","《敕处分宴朔方将士》","Article","敕处分宴朔方将士
敕。朔方军节度大使兵部尚书信安郡王祎。总戎朔陲。经略万里。赋车籍马。精卒锐兵。自其有虞。莫不素练。而丑虏背诞。偏师致诛。谋若有神。取如俯拾。虽庙略之云远。亦将士之力焉。威武载扬。顽凶且慑。狂寇覆巢以奔北。群师掉鞅而来归。因其凯旋。聊加宴乐。各宜坐食。相与尽欢。其军将巳下官赏。别有处分。信安郡王祎与一子官。","顾建国《张九龄年谱》中国社会科学出版社，2005年版 第216页",,,,"杨洁"
"唐","张九龄","玄宗开元二十三年乙亥","735",,,"58","","都畿道","河南府",,,"河南","洛阳市",,"112.460033","34.624376","中书令","在洛阳又有贺皇太子制碑状","","《贺皇太子制碑状》","Article","贺皇太子制碑状
右。尹凤祥宣圣旨。示臣等皇太子所制王尊师碑文并寿王书。臣等伏以天姿自高。更深圣训。文艺英拔。理绝人境。臣等周章省览。欣忭载怀。兼皇太子文义高深。寿王毫翰洒落。朝臣不见。窃惧蔽善。臣等专辄。宜留碑本。望明日将示百官。了讫续进。不胜忭跃之至。","顾建国《张九龄年谱》中国社会科学出版社，2005年版 第216页",,,,"杨洁"
"唐","张九龄","玄宗开元二十三年乙亥","735",,,"58","","都畿道","河南府",,,"河南","洛阳市",,"112.460033","34.624376","中书令","在洛阳又有贺雪状","","《贺雪状》","Article","","顾建国《张九龄年谱》中国社会科学出版社，2005年版 第216页",,,,"杨洁"
"唐","张九龄","玄宗开元二十三年乙亥","735",,,"58","","都畿道","河南府",,,"河南","洛阳市",,"112.460033","34.624376","中书令","在洛阳又为裴光庭撰碑铭","裴光庭","《大唐金紫光禄大夫行侍中兼吏部尚书弘文馆学士赠太师正平忠宪公裴公碑铭并序》","Article","大唐金紫光禄大夫行侍中兼吏部尚书宏文馆学士赠太师正平忠献公裴公碑铭
益作舜虞，针分晋土。庆流八族，德盛三祖。琅琊象贤，怀文佩武。光禄忠烈，杀身报主。尚书出将，恢我王略。文教内敷，武功外铄。缁衣之敝，惟公继作。用晦而明，处丰思约。鸿胪好谋，夏卿称职。代天流化，佐皇立极。纳于宪府，好是正直。乃宅冢司，谋猷允塞。尽瘁事国，夙夜在公。居无阙政，殁有馀忠。天子命我，颂德铭功。日月有既，令闻无穷。","顾建国《张九龄年谱》中国社会科学出版社，2005年版 第216页",,,,"杨洁"
"唐","张九龄","玄宗开元二十三年乙亥","735",,,"58","","都畿道","河南府",,,"河南","洛阳市",,"112.460033","34.624376","中书令","在洛阳又与王斛斯书","王斛斯","《敕安西节度王斛斯书》（之二）","Article","敕安西节度王斛斯书
敕王斛斯。得卿表。知诸将接勇。亦有克捷。是卿指麾。获此凶丑。苏禄背德。敢兹寇雠。自毙犬马之群。我无毫釐之失。闻其狼狈。疲羸满道。乘此剪扑。势若摧枯。张羲之等虽各行诛。犹恨其少。古之善用兵者。不必在众。能制敌者。会在出奇。狂贼此来。真亦送死。众既不整。心且非一。乌杂之虏。持久气衰。向有奇决。破之必矣。且如所奏。亦足申威。其将士立功擒杀有状。各据实闻奏。当加优赏。顷来诸军奏请。所患在于不实。将既虚叙。人则妄求。如此相蒙。自然挠法。朕以信示下。以赏劝劳。岂于其閒。亦容有诡。故委卿在远。所寄则深。必取诚实。勿令致此。冬初已冷。卿等及将士以下并平安好。遣书指不多及。","顾建国《张九龄年谱》中国社会科学出版社，2005年版 第242页",,,,"杨洁"
"唐","张九龄","玄宗开元二十四年丙子","736",,,"59","","都畿道","河南府",,,"河南","洛阳市",,"112.460033","34.624376","中书令","是年为中书令。春初,北庭都护盖嘉运旧疾复发,请入都就医,九龄拟敕回复,言以边事为重,应随时捕捉战机,诛剪贼寇,并告之将专遭医人前往疗疾","盖嘉运","《敕北庭都护盖嘉运书》","Article","敕北庭都护盖嘉运书
敕北庭都护盖嘉运。近得卿表。知旧疾发动。请入都就医。欲遂来表。虑有边要。万一失便。虽悔何追。且苏禄猖狂。方拟肆恶边城。经冬不去。西州近复烧屯。亦有杀伤。想所闻也。此贼诸头抄掠。虏众巳疲。亦无能为。正可取便。至如西州近者有贼。其数无多。烽候若明。密与两军作号。首尾邀击。立可诛剪。何为当军自守信贼。公行来有损伤。去无关键。岂是边镇之意也。且西庭虽无节度。受委固是一家。有贼共除。有患相救。万里之外。何待奏闻。自此之后。必须用意。今遣医人将药往。可善自将疗。春初馀寒。卿及将士并平安好。遣书指不多及。","顾建国《张九龄年谱》中国社会科学出版社，2005年版 第242页",,,,"杨洁"
"唐","张九龄","玄宗开元二十四年丙子","736",,,"59","","都畿道","河南府",,,"河南","洛阳市",,"112.460033","34.624376","中书令","敕发不久,边使王尚客、曹待仙等至,奏知盖嘉运等穷冬出师绝漠,多有杀获,苏禄遁走,北庭解围,九龄遂有贺状","王尚客，曹待仙，盖嘉运","《贺北庭解围仍有杀获状》","Article","贺诛贼状
右。盖嘉运奏。北庭解围。仍有杀获。苏禄背德。敢此雠天。尽驱犬羊。来犯军镇。虽肆凶毒。欲逞其心。而边兵无遗镞之费。狂贼有舆尸之祸。此皆陛下圣武。将士龚行。远必叶谋。动无遗策。能令氛祲。坐自廓清。臣等忝奉密谋。屡承献捷。踊跃称庆。倍百恒情。谨奉状陈贺以闻。谨奏。","顾建国《张九龄年谱》中国社会科学出版社，2005年版 第242页",,,,"杨洁"
"唐","张九龄","玄宗开元二十四年丙子","736",,,"59","","都畿道","河南府",,,"河南","洛阳市",,"112.460033","34.624376","中书令","敕发不久,边使王尚客、曹待仙等至,奏知盖嘉运等穷冬出师绝漠,多有杀获,苏禄遁走,北庭解围,九龄遂有贺状","王尚客，曹待仙，盖嘉运","《敕贼苏禄遁走状》","Article","贺贼苏禄遁走状
右。高力士宣敕示臣等。曹待宣奏状。知苏禄遁走入山出界者。四镇悬远。比被侵逼。将士用命。虽有诛锄。凶党尚多。时有抄掠。兵疲矢尽。为弊亦深。今日奔亡。诚是震惧。圣威及远。氛沴坐销。又北庭救兵。当时回旆。不费军廪。事且无忧。吐蕃纵实西行。苏禄不得相应。其败可必。又无可忧。边事且宁。不胜庆慰。谨奉状陈贺以闻。谨奏。","顾建国《张九龄年谱》中国社会科学出版社，2005年版 第242页",,,,"杨洁"
"唐","张九龄","玄宗开元二十四年丙子","736",,,"59","","都畿道","河南府",,,"河南","洛阳市",,"112.460033","34.624376","中书令","并再敕盖嘉运,予以慰勉","盖嘉运","《贺盖嘉运破贼状》","Article","贺盖嘉运破贼状
右。高力士宣奉敕示臣等。王尚客奏状。知盖嘉运至突厥施店密城。逢贼便斗。多有杀获。且凶党大众。见在边城。方拟经春。图为边患。忽闻嘉运此入。复有破伤。必其惊忙。当有携散。皆是圣略先定。万里悬同。尚客所言。合符前者。臣等不胜庆跃之至。","顾建国《张九龄年谱》中国社会科学出版社，2005年版 第242页",,,,"杨洁"
"唐","张九龄","玄宗开元二十四年丙子","736",,,"59","","都畿道","河南府",,,"河南","洛阳市",,"112.460033","34.624376","中书令","在守卫西域拨换城之战中，王斛斯所部朱仁惠等将领伤重沦亡,九齡拟敕予以悼惜褒赠,并对其他立功将官予以奖赏","王斛斯，朱仁惠",,"","","顾建国《张九龄年谱》中国社会科学出版社，2005年版 第242页",,,,"杨洁"
"唐","张九龄","玄宗开元二十四年丙子","736",,,"59","","都畿道","河南府",,,"河南","洛阳市",,"112.460033","34.624376","中书令","吐蕃赞普来章又论蛮中地界及抄掠等事,九齡拟敕回复,再申汉蕃连姻结约大义及彼中州图地记之故事,遣责吐蕃侵伐小勃律国和与突骑施相合谋唐碛西之地的不义之举","吐蕃赞普","《敕吐蕃赞普书》（之三）","Article","敕吐蕃赞普书
皇帝问赞普自与彼蕃连姻。亦已数代。又与赞普结约。于今五年。人使往还。未尝有閒。朕以两国通好。百姓获安。子孙已来。坐受其福。疆场之事。幸且无忧。此虽境上有兵。固是存而不用。在彼边事。与此何殊。近得来章。又论蛮中地界。所有本末。前书具言。赞普不体朕怀。乃更傍引远事。若论蛮不属汉。岂复定属吐蕃耶。彼不得所即叛来。此不得所即背去。如此常事。何乃固执。复于国家何有。朕岂利之。至如彼中铁柱州图地记。是唐九徵所记之地。诚有故事。朕岂妄言。所修城壁。亦依故地。若不复旧。岂为通和。蛮中抄掠彼人。勘问亦有此事。缘其初附。法令未行。亦有姚巂边人。奸险求利。或入蛮同盗。亦不可知。既与赞普重亲。朕又君临大国。正欲混同六合。岂复侵取一隅。再三巳论。何乃不信。顾惭薄德。良用咨嗟。且如小勃律国归朝。即是国家百姓。前遭彼侵伐。乃是违约之萌。朕以结信既深。不顾其小。中閒遣使。曾不形言。赞普何独相尤。而不思巳西之事。所存既大。当共成之。近闻莽布支西行。复有何故。若与突骑施相合。谋我碛西。未必有成。何须同恶。若尔者。欲先为恶。乃以南蛮为词。今料此情。亦巳有备。近令勒兵数万。继赴安西。傥有所伤。慎勿为怪也。朕心无所负。事欲论平。但国家之所守者信。鬼神之所助者顺。未有背道求福。违约能昌。何况兵众不可当。而又天道所不假。以此求济。不亦难乎。远道所传。多应不实。亦计赞普不合异图。故令人审看。定何缘也。待潘息回日。更别具委曲。今附少物。具如别数。为路远不得多附。春首尚寒。赞普及公主比如宜也。平章事及首领以下并平安好。今使内常侍窦元礼。遣书指不多及。","顾建国《张九龄年谱》中国社会科学出版社，2005年版 第242页",,,,"杨洁"
"唐","张九龄","玄宗开元二十四年丙子","736",,,"59","","都畿道","河南府",,,"河南","洛阳市",,"112.460033","34.624376","中书令","为防突厥报复奚、契丹两蕃,九龄敕平卢使乌知义远加斥候,须有严备,并妥加节度近复归国的渤海、黑水两部,又派白真陁罗前往赐衣一副","乌知义","《敕平卢使乌知义书》（之三）","Article","敕平卢使乌知义书
敕平卢节度营州都督乌知义。突厥去岁东侵。已大不利。志在报复。复必再来。契丹及奚。一心归我。不有将护。岂云王略。顷有没蕃人出。云其见拟东行。蕃汉诸军。须有严备。远加斥堠。动静须知。纵有凶徒。亦即无虑。委卿在远。实谓得人。朕固无忧。一任量事。渤海黑水。近复归国。亦委卿节度。想所知之。春初尚寒。卿将士已下并平安好。今令白真陁罗往。亦赐卿衣一副。至宜领取。遣书指不多及。","顾建国《张九龄年谱》中国社会科学出版社，2005年版 第242页",,,,"杨洁"
"唐","张九龄","玄宗开元二十四年丙子","736",,,"59","","都畿道","河南府",,,"河南","洛阳市",,"112.460033","34.624376","中书令","随后,又敕突厥登利可汗,劝其不要侵伐奚及契丹诸蕃,当务其大者,应联合夹击突骑施,此乃长策","登利可汗","《敕突厥可汗书》（之二）","Article","敕突厥可汗书
敕儿突厥可汗。朕与先可汗结为父子。及儿绍续。情意日深。至于国计。亦欲无别。儿去年东讨。虽有先言。然两蕃既归国家。亦即不合侵伐。朕既与儿无閒。终不以此为怀。契丹及奚。诸蕃穷者。土地不足以放牧。羊马不足以贪求。远劳师徒。兼冒锋镝。胜不为武。不胜亦危。以此言之。当务其大者。突骑施本非贵种。出自异姓。惟任奸数。诳诱群胡。十数年閒。又承国家庇荫。因其荒远。遂得苟存。近日以来。敢兹背德。又知儿意亦欲破之。前与先可汗举哀。其使不肯就哭。当时辞拒。彼使具知。儿若总兵西行。朕即出师相应。安西瀚海。近已加兵。欲以灭之。复何难也。傥事捷之日。羊马土地。总以与儿。子女玉帛。别有优赏。信是长策。可熟思之。与儿情亲。故言及此耳。今有少信物。至宜领取。春初尚寒。儿与平章事首领百姓已下并平安好。遣书指不多及。","顾建国《张九龄年谱》中国社会科学出版社，2005年版 第242页",,,,"杨洁"
"唐","张九龄","玄宗开元二十四年丙子","736","2",,"59","","都畿道","河南府",,,"河南","洛阳市",,"112.460033","34.624376","中书令","二月,宴新授县令于朝堂,九龄拟敕诫勉","","《敕处分县令》（之一）","Article","敕处分县令
敕诸县令等。自古致理。其在命官。今之所切。莫如守宰。朕每属意。尤重此官。有善者虽远必升。无能者纵近必废。惟取才实。非务官资。事亦坦然。天下所见。而浮竞之辈。未识朕怀。俾其宰邑。便为弃地。或以烦碎而不专意。或以僻远而不畏法。或以徇已而贪婪。或以畏法而巽愞。浸染成俗。妨夺为常。嗷嗷下人。于何寄命。朕所以寝兴轸念。思以济人。故命吏曹。精选才干。卿等各膺推择。用简朕心。若能理化有声。名实相副。必有超擢。终不食言。如其谓人不知。惟利是视。自速负败。两丧身名。智者所图。应不至是。各宜勉励。以副勤属。","顾建国《张九龄年谱》中国社会科学出版社，2005年版 第242页",,,,"杨洁"
"唐","张九龄","玄宗开元二十四年丙子","736","3",,"59","","都畿道","河南府",,,"河南","洛阳市",,"112.460033","34.624376","中书令","三月,敕令礼部掌贡人,对科举选入制度作出重大调整","","《敕令礼部掌贡人》","Article","敕令礼部掌贡人
敕。每岁举人。求士之本。专典其事。宁不重欤。顷年巳来。惟考功郎所职掌。位轻事重。名实不伦。欲尽委长官。又铨选猥积。且六官之例。体国是同。况宗伯掌礼。宜主宾荐。自今已后。每诸色举人及斋郎等简试。并于礼部集。既众务烦杂。仍委侍郎专知。","顾建国《张九龄年谱》中国社会科学出版社，2005年版 第242页",,,,"杨洁"
"唐","张九龄","玄宗开元二十四年丙子","736",,,"59","","都畿道","河南府",,,"河南","洛阳市",,"112.460033","34.624376","中书令","突骑施苏禄率部遁走后,九龄又先后拟敕北庭经略使盖嘉运、安西都护王斛斯和诸国王叶护城使等,对其慰勉有加,嘱其常须有预，以逸待之","苏禄，盖嘉运，王斛斯，王叶","《敕瀚海军使盖嘉运书》（之五）","Article","","顾建国《张九龄年谱》中国社会科学出版社，2005年版 第242页",,,,"杨洁"
"唐","张九龄","玄宗开元二十四年丙子","736",,,"59","","都畿道","河南府",,,"河南","洛阳市",,"112.460033","34.624376","中书令","突骑施苏禄率部遁走后,九龄又先后拟敕北庭经略使盖嘉运、安西都护王斛斯和诸国王叶护城使等,对其慰勉有加,嘱其常须有预，以逸待之","苏禄，盖嘉运，王斛斯，王叶","《敕安西节度王斛斯书》（之三）","Article","敕安西节度王斛斯书
敕四镇节度副大使安西副大都护王斛斯及将士等。突骑施辄凶暴侵我西陲。卿等悬军。遇此狂贼。爰自去夏。以迄于今。攻战相仍。念甚勤苦。近者闻在拨换。兵少贼多。朕每忧之。虑遭吞噬。又闻兵势渐合。将士同心。父子之军。亦不在众。犬羊之类。复何能为。屡有杀获。固其宜也。卿等各负忠勇。为国忘身。锋镝之閒。疮痍未免。或致物故。深用哀伤。朱仁惠竟致沦亡。良可悼惜。具有褎赠。以慰营魂。福流子孙。良亦在此。其有频当矢石。每战有功。义可成名。勇能抗敌。或能出奇。以挫凶威。并具状以闻。即有优拔。自馀战士。尽力边荒。计其积劳。又在绝远。至于行赏。岂比寻常。勉树功名。即有官爵。且北山云閒。虏众又疲。归途既难。必有携贰。张义之将兵若至。河西北庭兵又大集。灭胡之举。亦在今时。可临事图之。无失便也。一劳永逸。岂不在兹。所奏纵宾轨魏蹇等官。及前年第一立功人官。并依所请讫。告身即差使颁送。初春尚寒。卿及将士巳下并平安好。遣书指不多及。","顾建国《张九龄年谱》中国社会科学出版社，2005年版 第242页",,,,"杨洁"
"唐","张九龄","玄宗开元二十四年丙子","736",,,"59","","都畿道","河南府",,,"河南","洛阳市",,"112.460033","34.624376","中书令","吐蕃使来,仍言境上蛮夷越界筑城,将兵抄掠等事,九龄分别致敕赞普与金城公主,再申维护和好之意,并允公主所请之事","吐蕃赞普","《敕吐蕃赞普书》（之五）","Article","","顾建国《张九龄年谱》中国社会科学出版社，2005年版 第243页",,,,"杨洁"
"唐","张九龄","玄宗开元二十四年丙子","736",,,"59","","都畿道","河南府",,,"河南","洛阳市",,"112.460033","34.624376","中书令","吐蕃使来,仍言境上蛮夷越界筑城,将兵抄掠等事,九龄分别致敕赞普与金城公主,再申维护和好之意,并允公主所请之事","金城公主","《敕金城公主书》（之二）","Article","敕金城公主书
敕金城公主。岁月流易。忽复经年。言念远情。何能已已。比者通好。信使数来。知彼所宜。善足为慰。国家大计。以义断恩。离别婴心。固当自抑。仍善须和顺。使欢好如初。所请授官及内人品第。既久在彼。诚亦可矜。即当续有处分。宗元礼衰疾。近不能起。贾混之缘此未得独行。待其稍瘳。亦即遣去。今有少信物。至宜领取。春晚。公主已下并平安好。遣书指不多及。","顾建国《张九龄年谱》中国社会科学出版社，2005年版 第243页",,,,"杨洁"
"唐","张九龄","玄宗开元二十四年丙子","736",,,"59","","都畿道","河南府",,,"河南","洛阳市",,"112.460033","34.624376","中书令","渤海遣使来朝,恢复旧好,九龄有敕其王大武艺书,望其勿随突厥攻打奚、契丹两蕃","大武艺","《敕渤海王大武艺书》（之二）","Article","敕渤海王大武艺书
敕渤海郡王忽汗州都督大武艺。不识逆顺之端。不知存●之兆。而能有国者。未之闻也。卿往年背德。已为祸阶。近能悔过。不失臣节。迷复非远。善又何加。朕记人之长。忘人之短。况此归伏。载用嘉叹。永祚东土。不亦宜乎。所令大成庆等入朝。并已处分。各加官赏。想具知之。所请替人。亦令还彼。又近得卿表云。突厥遣使求合。拟打两蕃。奚及契丹。今既内属。而突厥私恨。欲雠此蕃。卿但不从。何妨有使。拟行执缚。义所不然。此是人情。况为君道。然则知卿忠赤。动必以闻。永保此诚。庆流未已。春晚。卿及衙官百姓并平安好。遣书指不多及。","顾建国《张九龄年谱》中国社会科学出版社，2005年版 第243页",,,,"杨洁"
"唐","张九龄","玄宗开元二十四年丙子","736","4",,"59","","都畿道","河南府",,,"河南","洛阳市",,"112.460033","34.624376","中书令","本月,因平卢讨击使安禄山恃勇轻进,为虏所败,张守珪初奏欲斩。九龄适从边使赵堪回复中知其原委,即敕张守珪速按军法处置,以申军威","安禄山，张守珪，赵堪","《敕幽州节度使张守珪书》（之八）","Article","","顾建国《张九龄年谱》中国社会科学出版社，2005年版 第243页",,,,"杨洁"
"唐","张九龄","玄宗开元二十四年丙子","736","4",,"59","","都畿道","河南府",,,"河南","洛阳市",,"112.460033","34.624376","中书令","与此同时,又分别致敕平卢使乌知义及诸将士,令其务以安禄山无谋轻敌为训,重振军威,以补前阙。当张守珪未斩禄山、玄宗又免其死之际,唯九齡坚执固争,其先见之明彪炳史册也","乌知义，安禄山，张守珪，唐玄宗","《敕平卢诸将士书》","Article","敕平卢诸将士书
敕平卢诸军镇将士已下。两蕃残贼。馀类仅存。朕尝怀抚柔。冀其迁善。而数年之内。谋叛相仍。信是枭鸱。固非人也。顷者所以列置军镇。递为唇齿。所虞在此。岂欲劳人。卿等委身边疆。为国展效。遇其反噬。得不讨除。近日安禄山无谋。率尔轻敌。驰突不顾。遂损师徒。择将不良。伤人已甚。事虽既往。义实疚怀。凡在平卢。其阵亡之人。并委张守圭差人吊祭。并勘实乡贯。具以状闻。悯彼伤魂。当有赠饰。兴言悼惜。久不能忘。然此贼比来。削弱已甚。挼绳系颈。人有其心。安禄山之败。缘轻敌太过。勿因此畏愞。致失后图。立功成名。荣贵斯在。各宜勉励。共除凶恶。夏初渐热。卿等并平安好。遣书指不多及。","顾建国《张九龄年谱》中国社会科学出版社，2005年版 第243页",,,,"杨洁"
"唐","张九龄","玄宗开元二十四年丙子","736",,,"59","","都畿道","河南府",,,"河南","洛阳市",,"112.460033","34.624376","中书令","新罗比岁使来朝贡,累有物故,九龄致敕金兴光国王,对其恭勤忠义深表嘉勉","","《敕新罗王金兴光书》（之三）","Article","敕新罗王金兴光书
敕鸡林州大都督新罗王金兴光。贺正谢恩两使续至。再省来表。深具雅怀。卿位总一方。道踰万里。托诚见于章奏。执礼存乎使臣。虽隔沧溟。亦如面会。卿既能副朕虚巳。朕亦保卿一心。言念恳诚。每以嗟尚。况文章礼乐。粲焉可观。德义簪裾。浸以成俗。自非才包时杰。志合本朝。岂得物土异宜。而风流一变。乃比卿于鲁卫。岂复同于蕃服。朕之此怀。想所知也。贺正使金义质及祖荣相次永逝。念其远劳。情以伤悯。虽有宠赠。犹不能忘。想卿乍闻。当甚轸悼。近又得思兰表称。知卿欲于浿江寘戍。既当渤海冲要。又与禄山相望。仍有远图。固是长策。且蕞尔渤海。久已逋诛。重劳师徒。未能扑灭。卿每疾恶。深用嘉之。警寇安边。有何不可。处置讫因使以闻。今有少物。答卿厚意。至宜领取。春暮已暄。卿及首领百姓并安好。遣书指不多及。","顾建国《张九龄年谱》中国社会科学出版社，2005年版 第243页",,,,"杨洁"
"唐","张九龄","玄宗开元二十四年丙子","736",,,"59","","都畿道","河南府",,,"河南","洛阳市",,"112.460033","34.624376","中书令","渤海王大武艺弟大戊庆等使还之际,九龄再敕大武艺,允其所请之事,并放还大朗雅等人","大武艺，大戊庆，大朗雅","《敕渤海王大武艺书》（之四）","Article","","顾建国《张九龄年谱》中国社会科学出版社，2005年版 第243页",,,,"杨洁"
"唐","张九龄","玄宗开元二十四年丙子","736","6",,"59","","都畿道","河南府",,,"河南","洛阳市",,"112.460033","34.624376","中书令","六月,在洛阳有贺雨状","","《贺雨状》","Article","","顾建国《张九龄年谱》中国社会科学出版社，2005年版 第243页",,,,"杨洁"
"唐","张九龄","玄宗开元二十四年丙子","736","6",,"59","","都畿道","河南府",,,"河南","洛阳市",,"112.460033","34.624376","中书令","醴泉人刘志诚为乱伏诛后,又有贺昭陵惩应状","刘志诚","《贺昭陵惩应状》","Article","贺昭陵徵应状
右。御史中丞徐恽从京使还。向臣等说。妖贼刘志诚四日从咸阳北原向南。见昭陵山上有黑云忽起。志诚谓其凶徒云。此云将有暴风。若冲头立。恐有破败。志诚久从军伍。颇解杂占。其言未毕。飘风果至。直冲行首。莫不昏迷。众心惊惶。不知所出。及至便桥之际。并即走散。又见父老云。往年权梁山之徒。将逞不轨。当时亦有烈风暴雨。发自昭陵。彼比至京城。贼还破灭。谨参往事。与今同符者。伏以闾阎贼类。窃敢猖狂。而祖宗威灵。亦已元鉴。昔年感召。若命蚩尤。今者驱除。更徵风伯。所以妖氛自殄。狡计莫施。晷刻之閒。逃形无路。此皆神功潜运。昌历无穷。将俾孙谋。用昭圣德。事堪惩恶。可以垂后。无任庆悦之至。仍望宣付史馆。并示朝列。谨录奏闻。谨奏。","顾建国《张九龄年谱》中国社会科学出版社，2005年版 第243页",,,,"杨洁"
"唐","张九龄","玄宗开元二十四年丙子","736",,,"59","","都畿道","河南府",,,"河南","洛阳市",,"112.460033","34.624376","中书令","为彻底剿灭契丹叛亡之残孽,朝廷新征万人欲发东北。九龄致敕张守珪应秣马训兵,候时而动","张守珪","《敕幽州节度张守珪书》（之五）","Article","","顾建国《张九龄年谱》中国社会科学出版社，2005年版 第243页",,,,"杨洁"
"唐","张九龄","玄宗开元二十四年丙子","736",,,"59","","都畿道","河南府",,,"河南","洛阳市",,"112.460033","34.624376","中书令","时值盛夏,高力士奉赐宰臣白羽扇,九龄感而献赋","高力士","《白羽扇赋并序》","Article","白羽扇赋
当时而用。任物所长。彼鸿鹄之弱羽。出江湖之下方。安知烦暑。可致清凉。岂无纨素。彩画文章。复有修竹。剖析毫芒。提携密迩。摇动馨香。惟众珍之在御。何短翮之敢当。而窃思于圣后。且见持于未央。伊昔皋泽之时。亦有云霄之志。苟效用之得所。虽杀身之何忌。肃肃白羽。穆如清风。纵秋气之移夺。终感恩于箧中。","顾建国《张九龄年谱》中国社会科学出版社，2005年版 第243页",,,,"杨洁"
"唐","张九龄","玄宗开元二十四年丙子","736",,,"59","","都畿道","河南府",,,"河南","洛阳市",,"112.460033","34.624376","中书令","安西节度王斛斯上表言及联络大食共破突骑施事,九龄致敕命其坐实行事,力避空言虚报。随后又敕王斛斯据实以报阵亡将士名册,以便追赠官荣,并警示其抓紧屯收粮草,严防突骑施再行袭掠","王斛斯","《敕安西节度王斛斯书》（之五）","Article","","顾建国《张九龄年谱》中国社会科学出版社，2005年版 第243页",,,,"杨洁"
"唐","张九龄","玄宗开元二十四年丙子","736",,,"59","","都畿道","河南府",,,"河南","洛阳市",,"112.460033","34.624376","中书令","安西节度王斛斯上表言及联络大食共破突骑施事,九龄致敕命其坐实行事,力避空言虚报。随后又敕王斛斯据实以报阵亡将士名册,以便追赠官荣,并警示其抓紧屯收粮草,严防突骑施再行袭掠","王斛斯","《敕安西节度王斛斯书》（之六）","Article","","顾建国《张九龄年谱》中国社会科学出版社，2005年版 第243页",,,,"杨洁"
"唐","张九龄","玄宗开元二十四年丙子","736",,,"59","","都畿道","河南府",,,"河南","洛阳市",,"112.460033","34.624376","中书令","自去年东突厥新可汗登利即位后,朝廷为绍续父子之国的情义,于边境地重开马市,以优赏其民。然登利未明和市之限约,将以往每年交易的三四千匹马,腾升至一万四千余匹,且多有不堪驾驭之劣马。为此,九龄从本年夏末至冬中先后三敕儿可汗登利,申明互市互利之定准和限约,并令内侍赵惠琮前往理谕","可汗登利，赵惠琮","《敕突厥可汗书》（之四）","Article","","顾建国《张九龄年谱》中国社会科学出版社，2005年版 第243页",,,,"杨洁"
"唐","张九龄","玄宗开元二十四年丙子","736",,,"59","","都畿道","河南府",,,"河南","洛阳市",,"112.460033","34.624376","中书令","自去年东突厥新可汗登利即位后,朝廷为绍续父子之国的情义,于边境地重开马市,以优赏其民。然登利未明和市之限约,将以往每年交易的三四千匹马,腾升至一万四千余匹,且多有不堪驾驭之劣马。为此,九龄从本年夏末至冬中先后三敕儿可汗登利,申明互市互利之定准和限约,并令内侍赵惠琮前往理谕","可汗登利，赵惠琮","《敕突厥可汗书》（之五）","Article","","顾建国《张九龄年谱》中国社会科学出版社，2005年版 第243页",,,,"杨洁"
"唐","张九龄","玄宗开元二十四年丙子","736",,,"59","","都畿道","河南府",,,"河南","洛阳市",,"112.460033","34.624376","中书令","自去年东突厥新可汗登利即位后,朝廷为绍续父子之国的情义,于边境地重开马市,以优赏其民。然登利未明和市之限约,将以往每年交易的三四千匹马,腾升至一万四千余匹,且多有不堪驾驭之劣马。为此,九龄从本年夏末至冬中先后三敕儿可汗登利,申明互市互利之定准和限约,并令内侍赵惠琮前往理谕","可汗登利，赵惠琮","《敕突厥可汗书》（之六）","Article","","顾建国《张九龄年谱》中国社会科学出版社，2005年版 第243页",,,,"杨洁"
"唐","张九龄","玄宗开元二十四年丙子","736",,,"59","","都畿道","河南府",,,"河南","洛阳市",,"112.460033","34.624376","中书令","七月,户部尚书李尚隐入蜀巡按,九龄有诗奉和","李尚隐","《奉和圣制送李尚书入蜀》","Poem","奉和圣制送李尚书入蜀
眷言感忠义，何有间山川。徇节今如此，离情空复然。皇心在勤恤，德泽委昭宣。周月成功后，明年或劳还。","顾建国《张九龄年谱》中国社会科学出版社，2005年版 第243页",,,,"杨洁"
"唐","张九龄","玄宗开元二十四年丙子","736","8","5","59","","都畿道","河南府",,,"河南","洛阳市",,"112.460033","34.624376","中书令","此日千秋节,群臣皆献宝镜,唯九龄以历代兴替之鉴撰成《千秋金镜录》五卷奉上,玄宗赐书褒美之","",,"","","顾建国《张九龄年谱》中国社会科学出版社，2005年版 第243页",,,,"杨洁"
"唐","张九龄","玄宗开元二十四年丙子","736","8","7","59","","都畿道","河南府",,,"河南","洛阳市",,"112.460033","34.624376","中书令","此日,突骑施遣大首领胡禄达干来求和,还蕃之际,九龄拟敕毗伽可汗,严正申明言必信,行必果","毗伽可汗","《敕突骑施毗伽可汗书》","Article","敕突骑施毗伽可汗书
敕突骑施毗伽可汗。天地有正位。鬼神有正主。敢此违犯。必有祸殃。不信朕言。但试看取。可汗虽为君长。实在幽荒。阴阳之气。偏僻如此。纵欲自大。其如天何。往年可汗初有册立。以我国家常为势援。诸蕃闻此。不敢动摇。是我有大惠于可汗。行阴德于彼国。自尔以后。二十馀年。情义相亲。结为父子。可汗身自不觉。岂不知彼之大援。而戎俗少义。见利生心。故阙俟斤入朝。行至北庭有隙。因此计议。即起异心。何羯达所言。即是彼人自告。踪迹已露。然始行诛。边头事宜。未是全失。朕以擅杀彼使。兼为罪责。北庭破刘涣之家。仍传首于彼。可汗纵有怨望。亦合且有奏论。朕若不依。举兵未晚。而乃总无来状。即起凶谋。侵我西州。犯我四镇。连年累月。马死人亡。于群胡已闻怨嗟。于国家岂能大损。中閒使哥德都耽及安胡数半泥临河来此求和。朕亦信受。故遣使相逐。具宣往意。其后审观形势。全是诈欺。故密敕半道令回。岂是元心有负。自尔之后。侵犯不绝。可汗有何兵众。遂此凭陵。诸国闻此。岂不得计。约算已西诸国。未敌我一两大州。可汗亦应先知。何烦遂尔为恶。况安西北庭将士。皆是铁石为心。可汗具谙。不烦更道。此则承前轻举。彼自无义。却以我为失。无乃重其过乎。可汗向若有礼。以理论奏。阙俟斤下羊马数虽稍多。欲为补答。亦何足难。惟费一州庸调酬还。则已大多。而乃无义为雠。暴我边镇。孤城小堡。仓卒见危。大率而言。其数非少。彼若计索马价。我亦须得此物。忝是有识之类。可不自解思量。又可汗正为寇败。阙伊难如从我界过。葱岭捕获。并物奏来。所有蕃书。具言物数。朕皆送还赞普。其中一物不留。可汗亦以此为词。谓言朕留此物。且蕃中贫薄。所见不广。银瓶香子。将作珍奇。黑毯赤縻。亦为好物。我中国虽在贫下。固不以此为贵。可汗宜识此意。勿妄生词。且阙伊难如越界。可汗复边头作梗。如此不捉。更捉何人。适是边军明其用命。观可汗求和之意。似未有真心。只拟诱引国家。乘便取利。如此等事。何用为之。我国守信如天。终不欺物。谓天无信。物自无知。然于四时。终不差也。可汗若遂能为恶。朕当别有处分。三二年内。试看若为。必其自省前非。更思恩旧。朕即弃舍大过。父子如初。可汗更有何忧。百姓皆得安乐。一任可汗自料。朕亦不复多言。一一在使者口具。秋中渐冷。可汗及公主衙官纛官首领百姓并平安好。遣书指不多及。","顾建国《张九龄年谱》中国社会科学出版社，2005年版 第243页",,,,"杨洁"
"唐","张九龄","玄宗开元二十四年丙子","736","9",,"59","","都畿道","河南府",,,"河南","洛阳市",,"112.460033","34.624376","中书令","九月,有贬韩朝宗洪州刺史制。是时,东北剿叛,已见成效,九龄再敕幽州节度使张守珪,督其除恶务尽,用息边甲","","《贬韩朝宗洪州刺史制》","Article","贬韩朝宗洪州刺史制
门下。所遣使臣。将恤人隐。频亦谕旨。期于悉心。而政或相蒙。赏或失善。以此致理。未尝闻之。朝请大夫荆州大都督府长史兼判襄州刺史事山南道采访处置等使上柱国长山县开国伯韩朝宗。亟登清要。爰委条察。宜恭尔职。以副朕怀。而乃私其所亲。请以为邑。未盈三载。巳至两迁。既殊德举。自速官谤。及令按事。果验非才。伤败实多。矫诬斯甚。举不为党。岂其然欤。事咨于周。则异于是。不能自律。何以正人。仍期后效。且示轻贬。可使持节都督洪州诸军事守洪州刺史。散官勋封如故。驰驿赴任。惟知人则哲。在予之责已深。而事上竭诚。为臣之节当励。其有赏罚不正。枉直失措。陷于比周。隳我纲目。有一于此。谁其舍诸。凡今刺举。宜以为戒。主者施行。","顾建国《张九龄年谱》中国社会科学出版社，2005年版 第243页",,,,"杨洁"
"唐","张九龄","玄宗开元二十四年丙子","736",,,"59","","都畿道","河南府",,,"河南","洛阳市",,"112.460033","34.624376","中书令","此间,西北边地,军情又有新变,吐蕃越界与突骑施缔结姻亲之好,并遣莽布支率部西出,进而侵轶军镇、践暴屯田,九龄迅即致敕吐蕃赞普,予以严正警告,并随后派内常侍刘思贤、判官刘明子出使吐蕃,具宣往意,顺慰金城公主","吐蕃赞普，金城公主","《敕吐蕃赞普书》（之六）","Article","","顾建国《张九龄年谱》中国社会科学出版社，2005年版 第243页",,,,"杨洁"
"唐","张九龄","玄宗开元二十四年丙子","736",,,"59","","都畿道","河南府",,,"河南","洛阳市",,"112.460033","34.624376","中书令","此间,西北边地,军情又有新变,吐蕃越界与突骑施缔结姻亲之好,并遣莽布支率部西出,进而侵轶军镇、践暴屯田,九龄迅即致敕吐蕃赞普,予以严正警告,并随后派内常侍刘思贤、判官刘明子出使吐蕃,具宣往意,顺慰金城公主","吐蕃赞普，金城公主","《敕吐蕃赞普书》（之七）","Article","敕吐蕃赞普书
皇帝问吐蕃赞普。比亦觉彼事势有异。略加防备。仍未益兵。今得安西表来。莽布支率众巳到。今见侵轶军镇。并践暴屯苗。先知彼有异谋。犹未自将至此者。且莽布支西出。朕先知之。前令问其行由。得报自缘别事。今乃为贼。负心如何。安西诸军。去此万里。仓卒遇敌。何暇奏裁。既彼交侵。必应拒斗。倘有伤损。可无相尤。军城镇守之人。不可刺手就死。事由彼起。深所咨嗟。且累代旧亲。复新有盟约。彼既欺负天地。违犯鬼神。如此用心。更知何道。一往边头所备。只缘虑有非常。今果如言。防乃不错。突骑施异方禽兽。不可以大道论之。赞普与其越境相亲。只虑野心难得。但试相结。久后如何。于朕巳然。义则合绝。但为誓约在近。亲好又深。彼虽背恩。岂我尤效。先令奔问。欲尽旧情。必定为恶。别为之所。一昨遣内常侍刘思贤送公主封物。并每年国信物。见已临路。适会表来。思贤此行。量其在道迟缓。今故令刘思贤判官刘明子先行。具宣往意。秋冷。赞普公主及平章事首领百姓并平安好。遣书指不多及。","顾建国《张九龄年谱》中国社会科学出版社，2005年版 第243页",,,,"杨洁"
"唐","张九龄","玄宗开元二十四年丙子","736",,,"59","","都畿道","河南府",,,"河南","洛阳市",,"112.460033","34.624376","中书令","此间,西北边地,军情又有新变,吐蕃越界与突骑施缔结姻亲之好,并遣莽布支率部西出,进而侵轶军镇、践暴屯田,九龄迅即致敕吐蕃赞普,予以严正警告,并随后派内常侍刘思贤、判官刘明子出使吐蕃,具宣往意,顺慰金城公主","吐蕃赞普，金城公主","《敕金城公主书》（之三）","Article","敕金城公主书
敕金城公主。数有来使。闻彼安宁。差慰遥心。想所知也。柔顺之道。既以夙成。终始用心。贵于无失。惟此而已。馀不足言。所附物并依领。具有还答。并更附少信物。别有委曲。至宜领取。秋冷。念比何似。遣书指不多及。","顾建国《张九龄年谱》中国社会科学出版社，2005年版 第243页",,,,"杨洁"
"唐","张九龄","玄宗开元二十四年丙子","736",,,"59","","都畿道","河南府",,,"河南","洛阳市",,"112.460033","34.624376","中书令","与此同时或稍后,又分别致敕安西节度使王斛斯、西州都督张待宾和北庭经略使盖嘉运等人,令其同仇敌忾,互为声援,尽敌乃已,并对立功的将士行赏有加","王斛斯","《敕安西节度王斛斯书》（之七）","Article","敕安西节度王斛斯书
敕王斛斯。吐蕃与我盟约。歃血未乾。已生异心。远结凶党。而甘言缓我。欲待合谋。连衡若成。西镇何有。卿能先觉。有以待之。观衅而行。适是军法。且屯苗既受践暴。军人亦被拘囚。如李混之所言。不反何谓。然则此蕃奸计。颇亦阴深。外示存约。内实伺便。事傥不济。即云无负。卿还须知其变诈。随事交当。使其退不得以此为词。进不得成其凶计。如此设拒。乃为上策若事巳侵轶。兵见交锋。即当率励骁雄。尽敌乃已。秋冷。卿及将士已下并平安好。遣书指不多及。","顾建国《张九龄年谱》中国社会科学出版社，2005年版 第243页",,,,"杨洁"
"唐","张九龄","玄宗开元二十四年丙子","736",,,"59","","都畿道","河南府",,,"河南","洛阳市",,"112.460033","34.624376","中书令","与此同时或稍后,又分别致敕安西节度使王斛斯、西州都督张待宾和北庭经略使盖嘉运等人,令其同仇敌忾,互为声援,尽敌乃已,并对立功的将士行赏有加","张待宾","《敕西州都督张待宾书》（之三）","Article","敕西州都督张待宾书
敕天山军使西州刺史张待宾。吐蕃背约。入我西镇。观其动众。是不徒然。必与突骑施连谋。表里相应。或恐贼心多计。诸处散下。铁关千术四镇咽喉。倘为贼所守。事乃交切。巳敕盖嘉运与卿计会。简练骁雄。于要处出兵。以为声援。仍远令探候。知其有无。自外临时。皆委卿量事。秋冷。卿及将士并平安好。遣书指不多及。","顾建国《张九龄年谱》中国社会科学出版社，2005年版 第243页",,,,"杨洁"
"唐","张九龄","玄宗开元二十四年丙子","736",,,"59","","都畿道","河南府",,,"河南","洛阳市",,"112.460033","34.624376","中书令","与此同时或稍后,又分别致敕安西节度使王斛斯、西州都督张待宾和北庭经略使盖嘉运等人,令其同仇敌忾,互为声援,尽敌乃已,并对立功的将士行赏有加","张待宾","《敕北庭经略使盖嘉运书》（之三）","Article","","顾建国《张九龄年谱》中国社会科学出版社，2005年版 第243页",,,,"杨洁"
"唐","张九龄","玄宗开元二十四年丙子","736",,,"59","","都畿道","河南府",,,"河南","洛阳市",,"112.460033","34.624376","中书令","驾还西京前,有奉和圣制谒元皇帝庙斋诗","","《奉和圣制谒元皇帝庙斋》","Poem","奉和圣制谒玄元皇帝庙斋
兴运昔有感，建祠北山巅。云雷初缔构，日月今悠然。紫气尚蓊郁，玄元如在焉。迨兹事追远，轮奂复增鲜。洞府香林处，斋坛清汉边。吾君乃尊祖，夙驾此留连。乐动人神会，钟成律度圆。笙歌下鸾鹤，芝朮萃灵仙。曾是福黎庶，岂唯味虚玄。赓歌徒有作，微薄谢昭宣。","顾建国《张九龄年谱》中国社会科学出版社，2005年版 第243页",,,,"杨洁"
"唐","张九龄","玄宗开元二十四年丙子","736",,,"59","","都畿道","河南府",,,"河南","洛阳市",,"112.460033","34.624376","中书令","驾还西京前,有奉和圣制贺祥云见状等","","《贺祥云状》","Article","贺祥云见状
右。臣等伏见道门威仪司马秀表称。今月十日夜。陛下亲临同明殿道场。为宗庙苍生祈福。有祥云见。伏惟圣德以精至动天。天意以肸蚃符圣。其感甚速。其应岂远。陛下圣敬之深。勤恤所至。灵心如答。神道何言。自表休期。以介景福。生人大赖。天下幸甚。臣等忝居近侍。倍百恒情。谨奉状陈贺以闻。伏望宣示史馆。","顾建国《张九龄年谱》中国社会科学出版社，2005年版 第243页",,,,"杨洁"
"唐","张九龄","玄宗开元二十四年丙子","736","10","2","59","","都畿道","河南府",,,"河南","洛阳市",,"112.460033","34.624376","中书令","此日,扈驾自东都还西京。行前,谏请俟农收毕,待仲冬西幸,玄宗未纳","唐玄宗",,"","","顾建国《张九龄年谱》中国社会科学出版社，2005年版 第243页",,,,"杨洁"
"唐","张九龄","玄宗开元二十四年丙子","736",,,"59","","都畿道","河南府",,,"河南","洛阳市",,"112.460033","34.624376","中书令","西行途中,有奉和圣制初出洛城诗","","《奉和圣制初出洛城》","Poem","奉和圣制初出洛城
东土淹龙驾，西人望翠华。山川祗询物，宫观岂为家。十月回星斗，千官捧日车。洛阳无怨思，巡幸更非赊。","顾建国《张九龄年谱》中国社会科学出版社，2005年版 第243页",,,,"杨洁"
"唐","张九龄","玄宗开元二十四年丙子","736",,,"59","",,,,,,,,"0","0","中书令","西行途中,有奉和圣制次琼岳韵诗","","《奉和圣制次琼岳韵》","Poem","奉和圣制次琼岳韵
山祗亦望幸，云雨见灵心。岳馆逢朝霁，关门解宿阴。咸京天上近，清渭日边临。我武因冬狩，何言是即禽。","顾建国《张九龄年谱》中国社会科学出版社，2005年版 第243页",,,,"杨洁"
"唐","张九龄","玄宗开元二十四年丙子","736",,,"59","",,,,,,,,"0","0","中书令","西行途中,有奉和圣制诗","","《奉和圣制早发三乡山行》","Poem","奉和圣制早发三乡山行
羽卫森森西向秦，山川历历在清晨。晴云稍卷寒岩树，宿雨能销御路尘。圣德由来合天道，灵符即此应时巡。遗贤一一皆羁致，犹欲高深访隐沦。","顾建国《张九龄年谱》中国社会科学出版社，2005年版 第243页",,,,"杨洁"
"唐","张九龄","玄宗开元二十四年丙子","736",,,"59","",,,,,,,,"0","0","中书令","西行途中,有奉和圣制温泉歌诗","","《奉和圣制温泉歌》","Article","奉和圣制温泉歌
有时神物待圣人，去后汤还冷，来时树亦春。今兹十月自东归，羽旆逶迤上翠微。温谷葱葱佳气色，离宫奕奕叶光辉。临渭川，近天邑。浴日温泉复在兹，群仙洞府那相及。吾君利物心，玄泽浸苍黔。渐渍神汤无疾苦，薰歌一曲感人深。","顾建国《张九龄年谱》中国社会科学出版社，2005年版 第243页",,,,"杨洁"
"唐","张九龄","玄宗开元二十四年丙子","736",,,"59","",,,,,,,,"0","0","中书令","渤海王大武艺遣使多蒙固送还先前被俘人等归朝,以示输诚,九龄致敕褒勉","大武艺","《敕渤海王大武艺书》（之三）","Article","敕渤海王大武艺书
敕渤海郡王忽汗州都督大武艺。多蒙固所送水手。及承前没落人等来表。卿输诚无所不尽。长能保此。永作边捍。自求多福。无以复加。渐冷。卿及衙官百姓已下并平安好。遣书指不多及。","顾建国《张九龄年谱》中国社会科学出版社，2005年版 第243页",,,,"杨洁"
"唐","张九龄","玄宗开元二十四年丙子","736",,,"59","",,,,,,,,"0","0","中书令","因西庭暂无节度,殿中侍御史章仇兼琼受命权领碛西节度营田等使,兼琼竭心在公,不敢言病,九龄闻知后即致敕予以慰勉,并遗医人将药专程前往看疗","","《敕碛西支度等使章仇兼琼书》","Article","敕碛西支度等使章仇兼琼书
敕碛西支度营田等使兼知长行事殿中御史章仇兼琼。近闻卿手足风缓。颇有所废。而不敢言病。竭心在公。良用嗟称。有古人之节。西庭既无节度。缓急不相为忧。藉卿使车。兼有提振。不独长行转运营田而已。事务方剧。气候又偏。将摄之閒自须得所。今遣医人将药。就彼看疗。可与之商量。随病所宜。冬寒。卿比平安。遣书指不多及。","顾建国《张九龄年谱》中国社会科学出版社，2005年版 第243页",,,,"杨洁"
"唐","张九龄","玄宗开元二十四年丙子","736",,,"59","","京畿道","京兆府",,,"陕西","西安市",,"108.946306","34.347436","中书令","本年冬驾还西京后,九龄奉敕前往安国观等处行香,在观中得见玄宗为宁王李宪、故惠宜太子李业和代国金仙公主所写的《一切道经》四本,遂上状请付史馆,玄宗并依所请","","《上为宁王写一切经请宣付史馆状》","Article","上为宁王写一切经请宣付史馆状
右。臣奉敕。今日于安国观行香。伏见天恩为宁王及故惠宣代国金仙公主共写一切道经四本。伏以睿恩友爱。情深天属。生成之德。无隔存亡。利益之资。方宏道要。诸经毕缮。景福云集。称赞兹日。功用有成。教义是先。诚所感庆。臣无任欣戴之至。望宣付史馆。奉状以闻。谨奏。","顾建国《张九龄年谱》中国社会科学出版社，2005年版 第243页",,,,"杨洁"
"唐","张九龄","玄宗开元二十四年丙子","736",,,"59","","京畿道","京兆府",,,"陕西","西安市",,"108.946306","34.347436","中书令","本年冬,服阕后,玄宗恩赐衣物并授九皋殿中丞、九章太子司议郎,九龄即有谢状","唐玄宗，张九皋，张九章","《谢赐衣物状》","Article","谢赐衣物状
右。高力士宣敕。赐臣衣及器物等。臣九龄不孝苟存。企及礼制。天恩以忝枢近。赐问再临。衣服珍器。殊常宠锡。臣有何力。可以叨滥。渥泽至深。诚效已竭。惟有微命。不知所图。无任感戴惶悚之至。","顾建国《张九龄年谱》中国社会科学出版社，2005年版 第243页",,,,"杨洁"
"唐","张九龄","玄宗开元二十四年丙子","736",,,"59","","京畿道","京兆府",,,"陕西","西安市",,"108.946306","34.347436","中书令","本年冬,服阕后,玄宗恩赐衣物并授九皋殿中丞、九章太子司议郎,九龄即有谢状","唐玄宗，张九皋，张九章","《谢两弟授官状》","Article","谢两弟授官状
右。伏奉昨二十日恩命。授臣弟九皋殿中丞九章太子司议郎。臣私门积衅。殃罚如昨。日月逾迈。礼及外除。弟九皋等加以常才。比服哀疚。瞻望未远。缟练犹存。非常之恩。一朝总集。惭惶哽咽。罔识言次。不知微命馀生。何以上报大造。载悲载惧。五情飞越。不胜感戴战慄之至。","顾建国《张九龄年谱》中国社会科学出版社，2005年版 第243页",,,,"杨洁"
"唐","张九龄","玄宗开元二十四年丙子","736",,,"59","","京畿道","京兆府",,,"陕西","西安市",,"108.946306","34.347436","中书令","玄宗欲加朔方节度使牛仙客尚书衔或实封,九龄坚执不可,林甫乘间进言,玄宗终封仙客","唐玄宗，牛仙客，李林甫",,"","","顾建国《张九龄年谱》中国社会科学出版社，2005年版 第243页",,,,"杨洁"
"唐","张九龄","玄宗开元二十四年丙子","736","11",,"59","","京畿道","京兆府",,,"陕西","西安市",,"108.946306","34.347436","中书令","十一月,玄宗偏听谗言,欲废太子李瑛,九龄力谏不可","唐玄宗，李瑛",,"","","顾建国《张九龄年谱》中国社会科学出版社，2005年版 第243页",,,,"杨洁"
"唐","张九龄","玄宗开元二十四年丙子","736",,,"59","","京畿道","京兆府",,,"陕西","西安市",,"108.946306","34.347436","中书令","林甫再进谗言,玄宗渐疏九龄。九龄以省中必奉学识为高,贬斥了李林甫引为户部侍郎的萧炅,拟引中书侍郎严挺之为相,玄宗賜以尺诗,寓言警示,九龄退省感懼,遂上谢状","唐玄宗，李林甫","《谢赐尺诗状》","Article","谢赐尺诗状
右。今日高力士宣敕。赐臣等御制诗并宝尺。伏以尺者纪度之数。宜丽天文。诗者律吕之和。是生节物。圣恩下逮。天旨旁流。因物寓言。以言垂象。臣虽瞽陋。伏见宸衷。窃谢良工。徒秉刀尺。终期死力。取配钧衡。而未副所图。退省知罪。臣等不胜负荷感惧之至。","顾建国《张九龄年谱》中国社会科学出版社，2005年版 第243页",,,,"杨洁"
"唐","张九龄","玄宗开元二十四年丙子","736",,,"59","","京畿道","京兆府",,,"陕西","西安市",,"108.946306","34.347436","中书令","本年罢相前,对卢象、包融等颇加提携,擢卢象为左补阙，引包融为集贤殿学士、大理司直。又对李泌器重有加,并结为小友","卢象，包融，李泌",,"","","顾建国《张九龄年谱》中国社会科学出版社，2005年版 第243页",,,,"杨洁"
"唐","张九龄","玄宗开元二十四年丙子","736",,,"59","","京畿道","京兆府",,,"陕西","西安市",,"108.946306","34.347436","左右丞相","复有谢弟授官状。因九龄为严挺之开脱,玄宗累积前事,以裴耀卿、九龄为阿党,二十七日并罢知政事,充左右丞相","唐玄宗，严挺之，裴耀卿","《谢弟授官状》","Article","谢弟授官状
臣伏以圣恩非常。拔臣以无能受任。岁月渐久。涓涘无益。取招毁议。有累圣明。臣前面陈。诚以请罪。陛下不以赐责。又加过恩。特以殊荣。猥沾臣弟。弥速旷官之谤。且重非才之责。累延公器。宠及私门。颠覆是忧。陨越无措。不胜悚惧荷戴之至。谨奉状陈谢以闻。","顾建国《张九龄年谱》中国社会科学出版社，2005年版 第243页",,,,"杨洁"
"唐","张九龄","玄宗开元二十四年丙子","736",,,"59","","京畿道","京兆府",,,"陕西","西安市",,"108.946306","34.347436","左右丞相","东光县令谢混为政暴虐,九龄令监察御史张晓往按之","谢混，张晓",,"","","顾建国《张九龄年谱》中国社会科学出版社，2005年版 第243页",,,,"杨洁"
"唐","张九龄","玄宗开元二十四年丙子","736",,,"59","","京畿道","京兆府",,,"陕西","西安市",,"108.946306","34.347436","左右丞相","罢相后,九龄有庭梅咏诗,流露其“孤危”、“飘荡”之预感","","《庭梅咏》","Poem","庭梅咏
芳意何能早，孤荣亦自危。更怜花蒂弱，不受岁寒移。朝雪那相妒，阴风已屡吹。馨香虽尚尔，飘荡复谁知。","顾建国《张九龄年谱》中国社会科学出版社，2005年版 第243页",,,,"杨洁"
"唐","张九龄","玄宗开元二十五年丁丑","737",,,"60","","京畿道","京兆府",,,"陕西","西安市",,"108.946306","34.347436","右丞相","是年为右丞相","",,"","","顾建国《张九龄年谱》中国社会科学出版社，2005年版 第267页",,,,"杨洁"
"唐","张九龄","玄宗开元二十五年丁丑","737",,,"60","","京畿道","京兆府",,,"陕西","西安市",,"108.946306","34.347436","右丞相","本年春,有咏燕诗,流露其激流勇退之意","","《咏燕》","Poem","咏燕
海燕何微眇，乘春亦暂来。岂知泥滓贱，秪见玉堂开。绣户时双入，华轩日几回。无心与物竞，鹰隼莫相猜。","顾建国《张九龄年谱》中国社会科学出版社，2005年版 第267页",,,,"杨洁"
"唐","张九龄","玄宗开元二十五年丁丑","737",,,"60","","京畿道","京兆府",,,"陕西","西安市",,"108.946306","34.347436","右丞相","受赐宁王池宴，有诗感激","","《敕赐宁王池宴》","Poem","敕赐宁王池宴
贤王有池馆，明主赐春游。淑气林间发，恩光水上浮。徒惭和鼎地，终谢巨川舟。皇泽空如此，轻生莫可酬。","顾建国《张九龄年谱》中国社会科学出版社，2005年版 第267页",,,,"杨洁"
"唐","张九龄","玄宗开元二十五年丁丑","737","3",,"60","","京畿道","京兆府",,"骊山","陕西","西安市",,"108.946306","34.347436","右丞相","暮春三月休浣日,与韩休、萧嵩、裴耀卿、杜暹、王丘、张嵩、李暐、崔琳诸公游于骊山韦嗣立旧居,各有诗作,王维为之序","韩休，萧嵩，裴耀卿，杜暹，王丘，张嵩，李暐，崔琳","《骊山下逍遥公旧居游集》","Poem","骊山下逍遥公旧居游集
君子体清尚，归处有兼资。虽然经济日，无忘幽栖时。卜居旧何所，休浣尝来兹。岑寂罕人至，幽深获我思。松涧聆遗风，兰林览馀滋。往事诚已矣，道存犹可追。遗子后黄金，作歌先紫芝。明德有自来，奕世皆秉彝。岂与磻溪老，崛起周太师。我心希硕人，逮此问元龟。怊怅既怀远，沈吟亦省私。已云宠禄过，况在华发衰。轩盖有迷复，丘壑无磷缁。感物重所怀，何但止足斯。","顾建国《张九龄年谱》中国社会科学出版社，2005年版 第267页",,,,"杨洁"
"唐","张九龄","玄宗开元二十五年丁丑","737","4",,"60","","京畿道","京兆府",,,"陕西","西安市",,"108.946306","34.347436","右丞相","四月,渤海国遣其臣公伯计来献鹰鹘,九龄有鹰鹘图赞序","","《鹰鹘图赞序》","Article","鹰鹘图赞序
鸟之鸷者。曰鹰曰鹘。鹰也者。名扬于尚父。义见于诗。鹘也者。迹隐于古人。史阙其载。岂昔之多识。物亦有遗。将今而嘉生。材无不出。为所呼之变。与所记之不同者耶。然于羽族之中。绝有豪杰之表。气感刚悍。体侔铦锋。顾视之间伟如也。夫授以劲翮。意不群飞。资其利觜。义在鲜食。生有自然之权。用无可抑之势。古之言武士法吏。齐名比义者。以其严若郅都。飞若李广。委质于所事。报功于所养。不惮摧翼以亏勇。不立垂枝以屈节。是鸟也。向之拟议。不亦宜乎。夫鸾与凤将感于仁。所不及也。鸡与鹤犹较其德。彼何有焉。况其馀虽飞虽鸣。凡者怪者。肉非登俎。才非下鞲。威力不敌。群噪无益。然后知二禽之为用。众鸟之绝伦者也。故君子韪其然。工人图其状。以象武备。以彰才美。虽未极其天姿。有以见其风骨矣。昔支遁道林常养名马。自云重其神骏。斯图也。非彼人之徒欤。","顾建国《张九龄年谱》中国社会科学出版社，2005年版 第267页",,,,"杨洁"
"唐","张九龄","玄宗开元二十五年丁丑","737",,,"60","","京畿道","京兆府",,,"陕西","西安市",,"108.946306","34.347436","荆州长史","因周子谅事件所牵,二十日左迁荆州大都督府长史。先所置陈、许、豫、寿等州屯田亦废","周子谅",,"","","顾建国《张九龄年谱》中国社会科学出版社，2005年版 第267页",,,,"杨洁"
"唐","张九龄","玄宗开元二十五年丁丑","737","5","8","60","","山南东道","江陵府",,,"湖北","荆州市",,"112.24722","30.340606","荆州长史","五月八日驰抵荆州后,即拟表谢罪,并详述荐周子谅一事之原委。以为绝无私协、坐贬衔冤。表讫,托请河西经略判官所部朝议郎法曹参军苏锐奉陈","苏锐","《荆州谢上表》","Article","荆州谢上表
臣九龄言。伏奉四月十四日制。授臣荆州大都督府长史。闻命皇怖。魂胆飞越。即日戒路。星夜奔驰。属小道使多。驿马先少。以今月八日至州礼上。诚惶诚恐顿首顿首死罪死罪。臣不即饮气取死。岂敢辄惜馀命。伏念心无党恶。死则似同。以此偷生。犹希圣察。臣往年按察岭表。便道赴使。访闻周子谅。久经推覆。遥即奏充判官。寻属臣改官。使亦有替。其后信安郡王祎奏将朔方驱使。便请授官。臣因其岭外勤劳。因而奏乞。事不敢隐。未至涉私。然进用非人。诚宜得罪。但臣特蒙拔擢。出自宸衷。陛下所用隐微。惟臣而已。伏思报效。窃恃圣恩。每于事端。无所防避。智识虽浅。罄竭则深。微诚区区。义有所在。岂复与此私协。以负累圣鉴。臣虽至顽至愚。不至于此。皇天后土。照臣血诚。夙夜烦冤。欲辨无路。臣闻物有穷者。必诉于昊天。人有痛者。必呼于父母。臣今孤苦。不乞哀于圣君。岂蒙恶声。遂衔冤以没代。臣受性愚钝。闇于知人。禀命舛剥。与此凶会。诚合自死。以谢天威。所以侧息苟存者。臣为圣朝所用。既极荣宠。而一朝至此。恐玷明时。在臣微生。有若蝼蚁。身名俱灭。诚不足言。今衅咎则然。恩礼犹重。面目有腼。夙夜唯忧。戴盆望天。岂期上达。又未能宣布圣泽。少答殊私。跼蹐兢皇。动失次第。无任荷惧兢悚之至。谨附河西经略判官所部朝义郎法曹参军苏锐奉表陈谢以闻。臣诚惶诚恐顿首顿首死罪死罪。谨言。","顾建国《张九龄年谱》中国社会科学出版社，2005年版 第267页",,,,"杨洁"
"唐","张九龄","玄宗开元二十五年丁丑","737",,,"60","","山南东道","江陵府",,,"湖北","荆州市",,"112.24722","30.340606","荆州长史","有登荆州城楼等诗作,抒发其江城自拘、时来易失之优伤和孤愤之情","","《登荆州城楼》","Poem","登荆州城楼
天宇何其旷，江城坐自拘。层楼百馀尺，迢递在西隅。暇日时登眺，荒郊临故都。累累见陈迹，寂寂想雄图。古往山川在，今来郡邑殊。北疆虽入郑，东距岂防吴。几代传荆国，当时敌陕郛。上流空有处，中土复何虞。枕席夷三峡，关梁豁五湖。承平无异境，守隘莫论夫。自罢金门籍，来参竹使符。端居向林薮，微尚在桑榆。直似王陵戆，非如宁武愚。今兹对南浦，乘雁与双凫。","顾建国《张九龄年谱》中国社会科学出版社，2005年版 第267页",,,,"杨洁"
"唐","张九龄","玄宗开元二十五年丁丑","737",,,"60","","山南东道","江陵府",,,"湖北","荆州市",,"112.24722","30.340606","荆州长史","有登荆州城楼等诗作,抒发其江城自拘、时来易失之优伤和孤愤之情","","《登荆州城楼望江二首》","Poem","登荆州城望江二首 其一
滔滔大江水，天地相终始。经阅几世人，复叹谁家子。
登荆州城望江二首 其二
东望何悠悠，西来昼夜流。岁月既如此，为心那不愁。","顾建国《张九龄年谱》中国社会科学出版社，2005年版 第267页",,,,"杨洁"
"唐","张九龄","玄宗开元二十五年丁丑","737",,,"60","","山南东道","江陵府",,,"湖北","荆州市",,"112.24722","30.340606","荆州长史","在荆州，有诗","","《荆州作二首》","Poem","荆州作二首 其一
先达志其大，求意不约文。士伸在知己，已况仕于君。微诚夙所尚，细故不足云。时来忽易失，事往良难分。顾念凡近姿，焉欲殊常勋。亦以行则是，岂必素有闻。千虑且犹失，万绪何其纷。进士苟非党，免相安得群。众口金可铄，孤心丝共棼。意忠仗朋信，语勇同败军。古剑徒有气，幽兰秪自薰。高秩向所忝，于义如浮云。
荆州作二首 其二
千载一遭遇，往贤所至难。问余奚为者，无阶忽上抟。明圣不世出，翼亮非苟安。崇高自有配，孤陋何足干。遇恩一时来，窃位三岁寒。谁谓诚不尽，知穷力亦殚。虽至负乘寇，初无挟术钻。浩荡出江湖，翻覆如波澜。心伤不材树，自念独飞翰。徇义在匹夫，报恩犹一餐。况乃山海泽，效无毫发端。内讼已惭沮，积毁今摧残。胡为复惕息，伤鸟畏虚弹。","顾建国《张九龄年谱》中国社会科学出版社，2005年版 第267页",,,,"杨洁"
"唐","张九龄","玄宗开元二十五年丁丑","737",,,"60","","山南东道","江陵府",,,"湖北","荆州市",,"112.24722","30.340606","荆州长史","在荆州听筝，有诗","","《听筝》","Poem","听筝
端居正无绪，那复发秦筝。纤指传新意，繁弦起怨情。悠扬思欲绝，掩抑态还生。岂是声能感，人心自不平。","顾建国《张九龄年谱》中国社会科学出版社，2005年版 第267页",,,,"杨洁"
"唐","张九龄","玄宗开元二十五年丁丑","737",,,"60","","山南东道","江陵府",,,"湖北","荆州市",,"112.24722","30.340606","荆州长史","是年夏,署孟浩然为从事,并与之唱和","孟浩然",,"","","顾建国《张九龄年谱》中国社会科学出版社，2005年版 第267页",,,,"杨洁"
"唐","张九龄","玄宗开元二十五年丁丑","737",,,"60","","山南东道","江陵府",,,"湖北","荆州市",,"112.24722","30.340606","荆州长史","因己所连累,九皋、九章亦贬外任,初秋,有诗忆两弟","张九皋，张九章","《初秋忆金均两弟》","Poem","初秋忆金均两弟
江渚秋风至，他乡离别心。孤云愁自远，一叶感何深。忧喜尝同域，飞鸣忽异林。青山西北望，堪作白头吟。","顾建国《张九龄年谱》中国社会科学出版社，2005年版 第267页",,,,"杨洁"
"唐","张九龄","玄宗开元二十五年丁丑","737",,,"60","","山南东道","江陵府",,,"湖北","荆州市",,"112.24722","30.340606","荆州长史","秋间王维有诗寄荆州,深表怅望思恩之情","王维",,"","","顾建国《张九龄年谱》中国社会科学出版社，2005年版 第267页",,,,"杨洁"
"唐","张九龄","玄宗开元二十五年丁丑","737",,,"60","","山南东道","江陵府",,,"湖北","荆州市",,"112.24722","30.340606","荆州长史","孟浩然亦有诗相赠,望予之汲引","孟浩然",,"","","顾建国《张九龄年谱》中国社会科学出版社，2005年版 第267页",,,,"杨洁"
"唐","张九龄","玄宗开元二十五年丁丑","737","9","9","60","","山南东道","江陵府",,,"湖北","荆州市",,"112.24722","30.340606","荆州长史","九月,有登龙山、登古阳云台等诗,再写其去国迁放之感","","《九月九日登龙山》","Poem","九月九日登龙山
郡庭常窘束，凉野求昭旷。楚客凛秋时，桓公旧台上。清明风日好，历落江山望。极远何萧条，中留坐惆怅。东弥夏首阔，西拒荆门壮。夷险虽异时，古今岂殊状。先贤杳不接，故老犹可访。投吊伤昔人，挥斤感前匠。自为本疏散，未始忘幽尚。际会非有欲，往来是无妄。为邦复多幸，去国殊迁放。且汎篱下菊，还聆郢中唱。灌园亦何为，于陵乃逃相。","顾建国《张九龄年谱》中国社会科学出版社，2005年版 第267页",,,,"杨洁"
"唐","张九龄","玄宗开元二十五年丁丑","737","9","9","60","","山南东道","江陵府",,,"湖北","荆州市",,"112.24722","30.340606","荆州长史","九月,有登龙山、登古阳云台等诗,再写其去国迁放之感","","《登古阳云台》","Poem","登古阳云台
庭树日衰飒，风霜未云已。驾言遣忧思，乘兴求相似。楚国兹故都，兰台有馀址。传闻襄王世，仍立巫山祀。方此全盛时，岂无婵娟子。色荒神女至，魂荡宫观启。蔓草今如积，朝云为谁起。","顾建国《张九龄年谱》中国社会科学出版社，2005年版 第267页",,,,"杨洁"
"唐","张九龄","玄宗开元二十五年丁丑","737",,,"60","","山南东道","江陵府",,,"湖北","荆州市",,"112.24722","30.340606","荆州长史","冬,往祠紫盖山经玉泉寺,有诗纪之","","《祠紫盖山经玉泉山寺》","Poem","祠紫盖山经玉泉山寺
指涂跻楚望，策马傍荆岑。稍稍松篁入，泠泠涧谷深。观奇逐幽映，历险忘岖嵚。上界投佛影，中天扬梵音。焚香忏在昔，礼足誓来今。灵异若有对，神仙真可寻。高僧闻逝者，远俗是初心。藓驳经行处，猿啼燕坐林。归真已寂灭，留迹岂湮沈。法地自兹广，何云千万金。","顾建国《张九龄年谱》中国社会科学出版社，2005年版 第267页",,,,"杨洁"
"唐","张九龄","玄宗开元二十五年丁丑","737",,,"60","","山南东道","江陵府",,,"湖北","荆州市",,"112.24722","30.340606","荆州长史","又与孟浩然、裴迪等游观古楚遺迹,猎纪南城、泊渚宫、登当阳城楼,聊遣胸中块垒","孟浩然，裴迪","《郢城西北有大古塚数十观其封域多是楚时诸王而年代久远不复可识唯直西有樊妃塚因后人为植松柏故行路尽知之》","Poem","郢城西北有大古冢数十观其封域多是楚时诸王而年代久远不复可识唯直西有樊妃冢因后人为植松柏故行路尽知之
蘋藻生南涧，蕙兰秀中林。嘉名有所在，芳气无幽深。楚子初逞志，樊妃尝献箴。能令更择士，非直罢从禽。旧国皆湮灭，先王亦莫寻。唯传贤媛陇，犹结后人心。牢落山川意，萧疏松柏阴。破墙时直上，荒径或斜侵。惠问终不绝，风流独至今。千春思窈窕，黄鸟复哀音。","顾建国《张九龄年谱》中国社会科学出版社，2005年版 第267页",,,,"杨洁"
"唐","张九龄","玄宗开元二十五年丁丑","737",,,"60","","山南东道","江陵府",,,"湖北","荆州市",,"112.24722","30.340606","荆州长史","又有咏史诗,更为深广地总结和反思了自己的仕宦生涯及人生操守","","《咏史》","Poem","咏史
大德始无颇，中智是所是。居然已不一，况乃务相诡。小道致泥难，巧言因萋毁。穰侯或见迟，苏生得阴揣。轻既长沙傅，重亦边郡徙。势倾不幸然，迹在胡宁尔。沧溟所为大，江汉日来委。沣水虽复清，鱼鳖岂游此。贤哉有小白，雠中有管氏。若人不世生，悠悠多如彼。","顾建国《张九龄年谱》中国社会科学出版社，2005年版 第267页",,,,"杨洁"
"唐","张九龄","玄宗开元二十五年丁丑","737",,,"60","","山南东道","江陵府",,,"湖北","荆州市",,"112.24722","30.340606","荆州长史","又有杂诗,更为深广地总结和反思了自己的仕宦生涯及人生操守","","《杂诗五首》","Poem","杂诗五首 其三
良辰不可遇，心赏更蹉跎。终日块然坐，有时劳者歌。庭前揽芳蕙，江上托微波。路远无能达，忧情空复多。
杂诗五首 其一
孤桐亦胡为，百尺傍无枝。疏阴不自覆，修干欲何施。高冈地复迥，弱植风屡吹。凡鸟已相噪，凤皇安得知。
杂诗五首 其二
萝茑必有托，风霜不能落。酷在兰将蕙，甘从葵与藿。运命虽为宰，寒暑自回薄。悠悠天地间，委顺无不乐。
杂诗五首 其四
湘水吊灵妃，斑竹为情绪。汉水访游女，解佩欲谁与。同心不可见，异路空延伫。浦上青枫林，津傍白沙渚。行吟至落日，坐望秖愁予。神物亦岂孤，佳期竟何许。
杂诗五首 其五
木直几自寇，石坚亦他攻。何言为用薄，而与火膏同。物类有固然，谁能取径通。纤纤良田草，靡靡唯从风。日夜沐甘泽，春秋等芳丛。生性苟不夭，香臭谁为中。道家贵至柔，儒生何固穷。终始行一意，无乃过愚公。","顾建国《张九龄年谱》中国社会科学出版社，2005年版 第267页",,,,"杨洁"
"唐","张九龄","玄宗开元二十五年丁丑","737",,,"60","","山南东道","江陵府",,,"湖北","荆州市",,"112.24722","30.340606","荆州长史","又有叙怀诗,更为深广地总结和反思了自己的仕宦生涯及人生操守","","《叙怀二首》","Poem","叙怀二首 其一
弱岁读群史，抗迹追古人。被褐有怀玉，佩印从负薪。志合岂兄弟，道行无贱贫。孤根亦何赖，感激此为邻。
叙怀二首 其二
晚节从卑秩，岐路良非一。既闻持两端，复见挟三术。木瓜诚有报，玉楮论无实。已矣直躬者，平生壮图失。去去勿重陈，归来茹芝朮。","顾建国《张九龄年谱》中国社会科学出版社，2005年版 第267页",,,,"杨洁"
"唐","张九龄","玄宗开元二十五年丁丑","737",,,"60","","山南东道","江陵府",,,"湖北","荆州市",,"112.24722","30.340606","荆州长史","又有感遇诗,更为深广地总结和反思了自己的仕宦生涯及人生操守","","《感遇十二首》","Poem","感遇十二首 其一
幽林归独卧，滞虑洗孤清。持此谢高鸟，因之传远情。日夕怀空意，人谁感至精。飞沈理自隔，何所慰吾诚。
感遇十二首 其三
江南有丹橘，经冬犹绿林。岂伊地气暖，自有岁寒心。可以荐嘉客，奈何阻重深。运命唯所遇，循环不可寻。徒言树桃李，此木岂无阴。
感遇十二首 其二
永日徒离忧，临风怀蹇修。美人何处所，孤客空悠悠。青鸟跂不至，朱鳖谁云浮。夜分起踯躅，时逝曷淹留。
感遇十二首 其四
兰叶春葳蕤，桂华秋皎洁。欣欣此生意，自尔为佳节。谁知林栖者，闻风坐相悦。草木有本心，何求美人折。
感遇十二首 其五
鱼游乐深池，鸟栖欲高枝。嗟尔蜉蝣羽，薨薨亦何为。有生岂不化，所感奚若斯。神理日微灭，吾心安得知。浩叹杨朱子，徒然泣路岐。
感遇十二首 其六
孤鸿海上来，池潢不敢顾。侧见双翠鸟，巢在三珠树。矫矫珍木巅，得无金丸惧。美服患人指，高明逼神恶。今我游冥冥，弋者何所慕。
感遇十二首 其七
吴越数千里，梦寐今夕见。形骸非我亲，衾枕即乡县。化蝶犹不识，川鱼安可羡。海上有仙山，归期觉神变。
感遇十二首 其八
西日下山隐，北风乘夕流。燕雀感昏旦，檐楹呼匹俦。鸿鹄虽自远，哀音非所求。贵人弃疵贱，下士尝殷忧。众情累外物，恕己忘内修。感叹长如此，使我心悠悠。
感遇十二首 其九
抱影吟中夜，谁闻此叹息。美人适异方，庭树含幽色。白云愁不见，沧海飞无翼。凤皇一朝来，竹花斯可食。
感遇十二首 其十
汉上有游女，求思安可得。袖中一札书，欲寄双飞翼。冥冥愁不见，耿耿徒缄忆。紫兰秀空蹊，皓露夺幽色。馨香岁欲晚，感叹情何极。白云在南山，日暮长太息。
感遇十二首 其十一
我有异乡忆，宛在云溶溶。凭此目不觏，要之心所钟。但欲附高鸟，安敢攀飞龙。至精无感遇，悲惋填心胸。归来扣寂寞，人愿天岂从。
感遇十二首 其十二
闭门迹群化，凭林结所思。啸叹此寒木，畴昔乃芳蕤。朝阳凤安在，日暮蝉独悲。浩思极中夜，深嗟欲待谁。所怀诚已矣，既往不可追。鼎食非吾事，云仙尝我期。胡越方杳杳，车马何迟迟。天壤一何异，幽嘿卧帘帷。","顾建国《张九龄年谱》中国社会科学出版社，2005年版 第267页",,,,"杨洁"
"唐","张九龄","玄宗开元二十六年戊寅","738","1",,"61","","山南东道","江陵府",,,"湖北","荆州市",,"112.24722","30.340606","荆州长史","是年在荆州长史任。正月，接玄宗春郊礼成推恩制书，遂上贺赦表，并因所部送永王俸料官当阳县主簿陈琇奉表以闻","唐玄宗","《贺赦表》","Article","贺赦表
臣言。伏奉今月八日制恩。春郊展礼。惟新布泽。臣闻古之王政。虽在方册。将崇旧典。必俟圣君。伏惟开元神武皇帝陛下德合天明。道高帝载。以为春者发生之气。气者含育之本。事乃重于岁始。礼故亲于东郊。振绝代之纲。作名王之法。布泽行庆。昭德顺时。以合阴阳之和。以乘天地之正。凡在品汇。莫不昭苏。臣待罪荆南。亦滥承恩赐。臣无任欣庆战荷之至。谨因所部送永王俸料官当阳县主簿陈琇奉表陈贺以闻。臣诚欢诚喜顿首顿首死罪死罪。谨言。","顾建国《张九龄年谱》中国社会科学出版社，2005年版 第275页",,,,"杨洁"
"唐","张九龄","玄宗开元二十六年戊寅","738",,,"61","","山南东道","江陵府",,,"湖北","荆州市",,"112.24722","30.340606","荆州长史","又有立春晨起对积雪诗，孟浩然亦有和作，称颂其燮理之才","孟浩然","《立春日晨起对积雪》","Poem","立春日晨起对积雪
忽对林亭雪，瑶华处处开。今年迎气始，昨夜伴春回。玉润窗前竹，花繁院里梅。东郊斋祭所，应见五神来。","顾建国《张九龄年谱》中国社会科学出版社，2005年版 第275页",,,,"杨洁"
"唐","张九龄","玄宗开元二十六年戊寅","738","2",,"61","","山南东道","江陵府",,,"湖北","荆州市",,"112.24722","30.340606","荆州长史","本月，行县劝农之际，孟浩然等陪侍其复往玉泉寺，彼此有诗唱和","孟浩然","《冬中至玉泉山寺属穷阴冰闭崖谷无色及仲春行县复往焉故有此作》","Poem","冬中至玉泉山寺属穷阴冰闭崖谷无色及仲春行县复往焉故有此作
灵境信幽绝，芳时重暄妍。再来及兹胜，一遇非无缘。万木柔可结，千花敷欲然。松间鸣好鸟，竹下流清泉。石壁开精舍，金光照法筵。真空本自寂，假有聊相宣。复此灰心者，仍追巢顶禅。简书虽有畏，身世亦相捐。","顾建国《张九龄年谱》中国社会科学出版社，2005年版 第275页",,,,"杨洁"
"唐","张九龄","玄宗开元二十六年戊寅","738","3","3","61","","山南东道","江陵府",,,"湖北","荆州市",,"112.24722","30.340606","荆州长史","本月，复有登龙山诗","","《三月三日登龙山》","Poem","三月三日登龙山
伊川与灞津，今日祓除人。岂似龙山上，还同湘水滨。衰颜忧更老，淑景望非春。禊饮岂吾事，聊将偶俗尘。","顾建国《张九龄年谱》中国社会科学出版社，2005年版 第275页",,,,"杨洁"
"唐","张九龄","玄宗开元二十六年戊寅","738","7",,"61","","山南东道","江陵府",,,"湖北","荆州市",,"112.24722","30.340606","荆州长史","秋七月，接玄宗册忠王为皇太子文，遂上庆贺表，并遣枝江县尉杨崇仙奉表陈贺","唐玄宗，忠王，杨崇仙","《庆册皇太子表》","Article","贺册皇太子表
臣言。伏奉今月二十日制。册立皇太子者。伏以皇太子天实生德。睿智夙备。爰以吉辰。光膺盛典。伏惟开元神武皇帝陛下建储固本。体天合圣。万方之心。永贞是属。一人之庆。大赉斯在。臣某待罪荆南。不获称庆阙庭。欣跃之诚。实百常品。无任悚踊庆跃之至。谨遣所部官宣义郎行枝江县尉杨崇先奉表陈贺以闻。臣诚欢诚喜顿首顿首死罪死罪。谨言。","顾建国《张九龄年谱》中国社会科学出版社，2005年版 第275页",,,,"杨洁"
"唐","张九龄","玄宗开元二十六年戊寅","738",,,"61","","山南东道","江陵府",,,"湖北","荆州市",,"112.24722","30.340606","荆州长史","是年，襄州刺史宋鼎巡按至荆州，有诗赠九龄，因有酬答之作","宋鼎","《酬宋使君》","Poem","酬宋使君见赠之作
时来不自意，宿昔谬枢衡。翊圣负明主，妨贤愧友生。罢归犹右职，待罪尚南荆。政有留棠旧，风因继组成。高轩问疾苦，烝庶荷仁明。衰废时所薄，秪言僚故情。","顾建国《张九龄年谱》中国社会科学出版社，2005年版 第275页",,,,"杨洁"
"唐","张九龄","玄宗开元二十七年己卯","739","2",,"62","","山南东道","江陵府",,,"湖北","荆州市",,"112.24722","30.340606","荆州长史","是年为荆州长史。二月，九龄曾参与主持编撰的《大唐六典》一书，告成奉上，百官称贺","","《大唐六典》","Article","","顾建国《张九龄年谱》中国社会科学出版社，2005年版 第278页",,,,"杨洁"
"唐","张九龄","玄宗开元二十七年己卯","739",,,"62","","山南东道","江陵府",,,"湖北","宜昌市","当阳市","111.794898","30.826871","荆州长史","春，巡县至当阳，有登临沮楼诗","","《登临沮楼》","Poem","登临沮楼
高深不可厌，巡属复来过。本与众山绝，况兹韶景和。危楼入水倒，飞槛向空摩。杂树缘青壁，樛枝挂绿萝。潭清能彻底，鱼乐好跳波。有象言虽具，无端思转多。同怀不在此，孤赏欲如何。","顾建国《张九龄年谱》中国社会科学出版社，2005年版 第279页",,,,"杨洁"
"唐","张九龄","玄宗开元二十七年己卯","739",,,"62","","山南东道","江陵府",,,"湖北","荆州市",,"112.24722","30.340606","荆州长史","钱起至荆州，与九龄有诗唱和","钱起",,"","","顾建国《张九龄年谱》中国社会科学出版社，2005年版 第279页",,,,"杨洁"
"唐","张九龄","玄宗开元二十七年己卯","739",,,"62","","山南东道","江陵府",,,"湖北","荆州市",,"112.24722","30.340606","荆州长史","夏，司勋员外郎萧诚使荆考课，九龄得会友人","萧诚",,"","","顾建国《张九龄年谱》中国社会科学出版社，2005年版 第279页",,,,"杨洁"
"唐","张九龄","玄宗开元二十七年己卯","739","7","22","62","","山南东道","江陵府",,,"湖北","荆州市",,"112.24722","30.340606","荆州长史","此日，封始兴县开国伯，食邑五百户","",,"","","顾建国《张九龄年谱》中国社会科学出版社，2005年版 第279页",,,,"杨洁"
"唐","张九龄","玄宗开元二十七年己卯","739",,,"62","","山南东道","江陵府",,,"湖北","荆州市",,"112.24722","30.340606","荆州长史","秋，与郡司马崔颂有诗唱和","崔颂",,"","","顾建国《张九龄年谱》中国社会科学出版社，2005年版 第279页",,,,"杨洁"
"唐","张九龄","玄宗开元二十七年己卯","739",,,"62","","山南东道","江陵府",,,"湖北","荆州市",,"112.24722","30.340606","荆州长史","宋之望为宋鼎绘写真图，请九龄为赞。依所请，有赞并序","宋之望，宋鼎","《宋使君写真图赞并序》","Article","宋使君写真图赞
宋公卓荦，体标山岳。匪石不移，如玉斯琢。被服忠信，规模礼乐。望之俨然，允谓高邈。","顾建国《张九龄年谱》中国社会科学出版社，2005年版 第279页",,,,"杨洁"
"唐","张九龄","玄宗开元二十七年己卯","739",,,"62","","山南东道","江陵府",,,"湖北","荆州市",,"112.24722","30.340606","荆州长史","冬，王昌龄贬岭南途中，有诗寄九龄","王昌龄",,"","","顾建国《张九龄年谱》中国社会科学出版社，2005年版 第279页",,,,"杨洁"
"唐","张九龄","玄宗开元二十七年己卯","739",,,"62","","山南东道","江陵府",,,"湖北","荆州市",,"112.24722","30.340606","荆州长史","卧病期间，有怀始兴南山旧居，企盼归老此处","","《始兴南山下有林泉尝卜居焉荆州卧病有怀此地》","Poem","始兴南山下有林泉尝卜居焉荆州卧病有怀此地
出处各有在，何者为陆沈。幸无迫贱事，聊可祛迷襟。世路少夷坦，孟门未岖嵚。多惭入火术，常惕履冰心。一跌不自保，万全焉可寻。行行念归路，眇眇惜光阴。浮生如过隙，先达已吾箴。敢忘丘山施，亦云年病侵。力衰在所养，时谢良不任。但忆旧栖息，愿言遂窥临。云间日孤秀，山下面清深。萝茑自为幄，风泉何必琴。归此老吾老，还当日千金。","顾建国《张九龄年谱》中国社会科学出版社，2005年版 第279页",,,,"杨洁"
"唐","张九龄","玄宗开元二十八年庚辰","740",,,"63","","山南东道","江陵府",,,"湖北","荆州市",,"112.24722","30.340606","荆州长史","是年在荆州长史。南归前，有送杨道士往天台诗","","《送杨道士往天台》","Poem","送杨道士往天台
鬼谷还成道，天台去学仙。行应松子化，留与世人传。此地烟波远，何时羽驾旋？当须一把袂，城郭共依然。","顾建国《张九龄年谱》中国社会科学出版社，2005年版 第283页",,,,"杨洁"
"唐","张九龄","玄宗开元二十八年庚辰","740",,,"63","","山南东道","江陵府",,,"湖北","荆州市",,"112.24722","30.340606","荆州长史","是年在荆州长史。南归前，赠澧阳韦明府诗","","《赠澧阳韦明府》","Poem","赠澧阳韦明府
君有百鍊刃，堪断七重犀。谁开太阿匣，持割武城鸡。竟与尚书佩，遥应天子提。何时遇操宰，当使玉如泥。","顾建国《张九龄年谱》中国社会科学出版社，2005年版 第283页",,,,"杨洁"
"唐","张九龄","玄宗开元二十八年庚辰","740",,,"63","","山南东道","江陵府",,,"湖北","荆州市",,"112.24722","30.340606","荆州长史","春，南归展墓。至湘中，有诗答王维","王维","《答王维》","Poem","","顾建国《张九龄年谱》中国社会科学出版社，2005年版 第283页",,,,"杨洁"
"唐","张九龄","玄宗开元二十八年庚辰","740",,,"63","","岭南道","韶州",,,"广东","韶关市",,"113.603757","24.816174","荆州长史","归韶州故里后，流连于南山旧居，时有蹉跎白发、形影自怜之感伤和悲叹","","《园中时蔬尽皆锄理唯秋兰数本委而不顾彼虽一物有足悲者遂赋二章》","Poem","园中时蔬尽皆锄理唯秋兰数本委而不顾彼虽一物有足悲者遂赋二章 其一
场藿已成岁，园葵亦向阳。兰时独不偶，露节渐无芳。旨异菁为蓄，甘非蔗有浆。人多利一饱，谁复惜馨香。
园中时蔬尽皆锄理唯秋兰数本委而不顾彼虽一物有足悲者遂赋二章 其二
幸得不锄去，孤苗守旧根。无心羡旨蓄，岂欲近名园。遇赏宁充佩，为生莫碍门。幽林芳意在，非是为人论。","顾建国《张九龄年谱》中国社会科学出版社，2005年版 第283页",,,,"杨洁"
"唐","张九龄","玄宗开元二十八年庚辰","740",,,"63","","岭南道","韶州",,,"广东","韶关市",,"113.603757","24.816174","荆州长史","归韶州故里后，流连于南山旧居，时有蹉跎白发、形影自怜之感伤和悲叹","","《题画山水障》","Poem","题画山水障
心累犹不尽，果为物外牵。偶因耳目好，复假丹青妍。尝抱野间意，而迫区中缘。尘事固已矣，秉意终不迁。良工适我愿，妙墨挥岩泉。变化合群有，高深侔自然。置陈北堂上，仿像南山前。静无户庭出，行已兹地偏。萱草忧可树，合欢忿益蠲。所因本微物，况乃凭幽筌。言象会自泯，意色聊自宣。对玩有佳趣，使我心渺绵。","顾建国《张九龄年谱》中国社会科学出版社，2005年版 第283页",,,,"杨洁"
"唐","张九龄","玄宗开元二十八年庚辰","740",,,"63","","岭南道","韶州",,,"广东","韶关市",,"113.603757","24.816174","荆州长史","归韶州故里后，流连于南山旧居，时有蹉跎白发、形影自怜之感伤和悲叹","","《照镜见白发联句》（宿昔青云志）","Poem","照镜见白发
宿昔青云志，蹉跎白发年。谁知明镜里，形影自相怜！","顾建国《张九龄年谱》中国社会科学出版社，2005年版 第283页",,,,"杨洁"
"唐","张九龄","玄宗开元二十八年庚辰","740","5","7","63","","岭南道","韶州",,,"广东","韶关市",,"113.603757","24.816174","荆州长史","此日，病卒于韶州曲江之私第，享年六十三岁。玄宗震悼其丧，褒赠荆州大都督，谥文献","",,"","","顾建国《张九龄年谱》中国社会科学出版社，2005年版 第283页",,,,"杨洁"