朝代,作家,皇帝年号及干支,年份,月,日,年岁,活动分期,活动地道、路,州,县,地点名胜,省,市,县,经度,纬度,任职官名,活动内容或创作缘起,交游者姓名,系年作品,系年作品文体,作品内容,材料来源,页码,备注1,备注2,录入者
"唐","元稹","大历十四年","779","2",,"1","","京畿道","京兆府","万年","靖安坊","陕西","西安市",,"108.946306","34.347436",,"是年，出生于长安万年县靖安坊。","",,"","","周相录《元稹年谱新编》，上海古籍出版社版2004年版，第12页",,,,"欧阳丹"
"唐","元稹","建中元年","780",,,"2","","京畿道","京兆府","万年","靖安坊","陕西","西安市",,"108.946306","34.347436",,"在长安。","",,"","","周相录《元稹年谱新编》，上海古籍出版社版2004年版，第14页",,,,"欧阳丹"
"唐","元稹","建中二年","781",,,"3","","京畿道","京兆府","万年","靖安坊","陕西","西安市",,"108.946306","34.347436",,"在长安。","",,"","","周相录《元稹年谱新编》，上海古籍出版社版2004年版，第14页",,,,"欧阳丹"
"唐","元稹","建中三年","782",,,"4","","京畿道","京兆府","万年","靖安坊","陕西","西安市",,"108.946306","34.347436",,"在长安。元稹母亲郑氏约此时开始掌管家事。","",,"","","周相录《元稹年谱新编》，上海古籍出版社版2004年版，第14页",,,,"欧阳丹"
"唐","元稹","建中四年","783",,,"5","","京畿道","京兆府","万年","靖安坊","陕西","西安市",,"108.946306","34.347436",,"在长安。韦丛生，其母裴氏卒，丛由庶母段氏抚养。元稹大姐嫁陆翰，翰时为太平县主簿。","",,"","","周相录《元稹年谱新编》，上海古籍出版社版2004年版，第15页",,,,"欧阳丹"
"唐","元稹","兴元元年","784",,,"6","","京畿道","京兆府","万年","靖安坊","陕西","西安市",,"108.946306","34.347436",,"在长安。七月，“崔莺莺”（不确）生。","“崔莺莺”（不确）",,"","","周相录《元稹年谱新编》，上海古籍出版社版2004年版，第15页",,,,"欧阳丹"
"唐","元稹","贞元元年","785",,,"7","","京畿道","京兆府","万年","靖安坊","陕西","西安市",,"108.946306","34.347436",,"在长安。","",,"","","周相录《元稹年谱新编》，上海古籍出版社版2004年版，第15页",,,,"欧阳丹"
"唐","元稹","贞元二年","786",,,"8","","京畿道","京兆府","万年","靖安坊","陕西","西安市",,"108.946306","34.347436",,"叔元宵卒。父元宽卒，“外诸翁”郑云逵撰元宽墓志。遭丧遇灾，家贫，有议卖府邸者，元秬阻之。","元宵（白居易叔），元宽（白居易父），元秬",,"","","周相录《元稹年谱新编》，上海古籍出版社版2004年版，第16页",,,,"欧阳丹"
"唐","元稹","贞元二年","786",,,"8","","京畿道","凤翔府","天兴",,"陕西","宝鸡市",,"107.243899","34.367747",,"为减少家庭开支，郑氏携元积、元稹赴凤翔，依靠舅族。郑氏亲自教育元积、元稹。","",,"","","周相录《元稹年谱新编》，上海古籍出版社版2004年版，第16-17页",,,,"欧阳丹"
"唐","元稹","贞元三年","787",,,"9","","京畿道","凤翔府","天兴",,"陕西","宝鸡市",,"107.243899","34.367747",,"在凤翔，丁父忧。从姨兄胡灵之学诗。","胡灵之",,"","","周相录《元稹年谱新编》，上海古籍出版社版2004年版，第17页",,,,"欧阳丹"
"唐","元稹","贞元四年","788",,,"10","","京畿道","凤翔府","天兴",,"陕西","宝鸡市",,"107.243899","34.367747",,"在凤翔，丁父忧。借书求学，以陆翰为师。识从姨兄吴士矩、吴士则。","陆翰，吴士矩，吴士则",,"","","周相录《元稹年谱新编》，上海古籍出版社版2004年版，第17页",,,,"欧阳丹"
"唐","元稹","贞元五年","789",,,"11","","京畿道","凤翔府","天兴",,"陕西","宝鸡市",,"107.243899","34.367747",,"在凤翔。父服已除。此后，常与胡灵之、吴士矩等游宴，自负擅长酒令，放浪形骸。","胡灵之，吴士矩",,"","","周相录《元稹年谱新编》，上海古籍出版社版2004年版，第18页",,,,"欧阳丹"
"唐","元稹","贞元六年","790",,,"12","","京畿道","凤翔府","天兴",,"陕西","宝鸡市",,"107.243899","34.367747",,"在凤翔。郑云逵为秘书少监。","",,"","","周相录《元稹年谱新编》，上海古籍出版社版2004年版，第19页",,,,"欧阳丹"
"唐","元稹","贞元七年","791",,,"13","","京畿道","凤翔府","天兴",,"陕西","宝鸡市",,"107.243899","34.367747",,"在凤翔。约本年或稍后与吴士矩分散。","吴士矩",,"","","周相录《元稹年谱新编》，上海古籍出版社版2004年版，第19页",,,,"欧阳丹"
"唐","元稹","贞元八年","792",,,"14","","京畿道","凤翔府","天兴",,"陕西","宝鸡市",,"107.243899","34.367747",,"在凤翔。","",,"","","周相录《元稹年谱新编》，上海古籍出版社版2004年版，第19页",,,,"欧阳丹"
"唐","元稹","贞元九年","793",,,"15","","京畿道","凤翔府","天兴",,"陕西","宝鸡市",,"107.243899","34.367747",,"冬以前，在凤翔。","",,"","","周相录《元稹年谱新编》，上海古籍出版社版2004年版，第20页",,,,"欧阳丹"
"唐","元稹","贞元九年","793",,,"15","","京畿道","京兆府","长安",,"陕西","西安市",,"108.946306","34.347436",,"约本年冬，元稹赴长安参加礼部明经科考试。","",,"","","周相录《元稹年谱新编》，上海古籍出版社版2004年版，第20页",,,,"欧阳丹"
"唐","元稹","贞元九年","793",,,"15","","京畿道","京兆府","长安","靖安坊","陕西","西安市",,"108.946306","34.347436",,"入居靖安坊旧宅。本年或稍后，胡灵之亦来长安，居永寿寺，与元稹为邻，二人常一起出游。","胡灵之",,"","","周相录《元稹年谱新编》，上海古籍出版社版2004年版，第20页",,,,"欧阳丹"
"唐","元稹","贞元十年","794",,,"16","","京畿道","京兆府","长安",,"陕西","西安市",,"108.946306","34.347436",,"元稹两经及第。开始守选。","",,"","","周相录《元稹年谱新编》，上海古籍出版社版2004年版，第21-22页",,,,"欧阳丹"
"唐","元稹","贞元十年","794",,,"16","","京畿道","京兆府","长安","开元观","陕西","西安市",,"108.946306","34.347436",,"寓居长安开元观（一名清都观），有诗。接触道教和佛教。","","《清都夜境》","Poem","清都夜境
夜久连观静，斜月何晶荧。寥天如碧玉，历历缀华星。楼榭自阴映，云牖深冥冥。纤埃悄不起，玉砌寒光清。栖鹤露微影，枯松多怪形。南厢俨容卫，音响如可聆。启圣发空洞，朝真趋广庭。闲开蕊珠殿，暗阅金字经。屏气动方息，凝神心自灵。悠悠车马上，浩思安得宁。","周相录《元稹年谱新编》，上海古籍出版社版2004年版，第21-26页",,,,"欧阳丹"
"唐","元稹","贞元十年","794",,,"16","","京畿道","京兆府","长安",,"陕西","西安市",,"108.946306","34.347436",,"是年，结交李宗闵、庾敬休、辛丘度，与其共游处，有诗。","李宗闵，庾敬休，辛丘度，郑云逵","《寄思玄子诗》","Poem","","周相录《元稹年谱新编》，上海古籍出版社版2004年版，第22页","诗共二十首（已亡佚）",,,"欧阳丹"
"唐","元稹","贞元十年","794",,,"16","","京畿道","京兆府","长安",,"陕西","西安市",,"108.946306","34.347436",,"读陈子昂《感遇诗》并作诗，郑云逵深赏之，由是勇于为文。开始喜欢杜甫诗。","郑元逵","《代曲江老人百韵》","Poem","代曲江老人百韵
何事花前泣，曾逢旧日春。先皇初在镐，贱子正游秦。拨乱干戈后，经文礼乐辰。徽章悬象魏，貔虎画骐驎。光武休言战，唐尧念睦姻。琳琅铺柱础，葛藟茂河漘。尚齿惇耆艾，搜材拔积薪。裴王持藻镜，姚宋斡陶钧。内史称张敞，苍生借寇恂。名卿唯讲德，命士耻忧贫。杞梓无遗用，刍荛不忘询。悬金收逸骥，鼓瑟荐嘉宾。羽翼皆随凤，圭璋肯杂珉。班行容济济，文质道彬彬。百度依皇极，千门辟紫宸。措刑非苟简，稽古蹈因循。书谬偏求伏，诗亡远听申。雄推三虎贾，群擢八龙荀。海外恩方洽，寰中教不泯。儒林精阃奥，流品重清淳。天净三光丽，时和四序均。卑官休力役，蠲赋免艰辛。蛮貊同车轨，乡原尽里仁。帝途高荡荡，风俗厚訚訚。暇日耕耘足，丰年雨露频。戍烟生不见，村竖老犹纯。耒耜勤千亩，牲牢奉六禋。南郊礼天地，东野辟原畇。校猎求初吉，先农卜上寅。万方来合杂，五色瑞轮囷。池籞呈朱雁，坛场得白麟。酹金光照耀，奠璧䌽璘玢。掉荡云门发，蹁跹鹭羽振。集灵撞玉磬，和鼓奏金錞。建簴崇牙盛，衔钟兽目嗔。总干形屹崒，戛敔背嶙峋。文物千官会，夷音九部陈。鱼龙华外戏，歌舞洛中嫔。佳节修酺礼，非时宴侍臣。梨园明月夜，花萼艳阳晨。李杜诗篇敌，苏张笔力匀。乐章轻鲍照，碑板笑颜竣。泰岳陪封禅，汾阴颂鬼神。星移逐西顾，风暖助东巡。浴德留汤谷，蒐畋过渭滨。沸天雷殷殷，匝地毂辚辚。沃土心逾炽，豪家礼渐湮。老农羞荷锸，贪贾学垂绅。曲艺争工巧，彫机变组紃。青凫连不解，红粟朽相因。山泽长孳货，梯航竞献珍。翠毛开越巂，龙眼弊瓯闽。玉馔薪然蜡，椒房烛用银。铜山供横赐，金屋贮宜嚬。班女恩移赵，思王赋感甄。辉光随顾步，生死属摇唇。世族功勋久，王姬宠爱亲。街衢连甲第，冠盖拥朱轮。大道垂珠箔，当垆踏锦茵。轩车隘南陌，钟磬满西邻。出入张公子，骄奢石季伦。鸡场潜介羽，马埒并扬尘。韬袖誇狐腋，弓弦尚鹿𦟘。紫绦牵白犬，绣䪜被花骃。箭倒南山虎，鹰擒东郭㕙。翻身迎过雁，劈肘取回鹑。竟蓄朱公产，争藏邴氏缗。桥桃矜马鹜，倚顿数牛犉。齑斗冬中韭，羹怜远处莼。万钱才下箸，五酘未称醇。曲水闲销日，倡楼醉度旬。探丸依郭解，投辖伴陈遵。共谓长之泰，那知遽搆屯。奸心兴桀黠，凶丑比顽嚚。斗柄侵妖彗，天泉化逆鳞。背恩欺乃祖，连祸及吾民。䝟貐当前路，鲸鲵得要津。王师才业业，暴卒已䖜䖜。杂虏同谋夏，宗周暂去豳。陵园深暮景，霜露下秋旻。凤阙悲巢鵩，鹓行乱野麇。华林荒茂草，寒竹碎贞筠。村落空垣坏，城隍旧井堙。破船沉古渡，战鬼聚阴燐。振臂谁相应，攒眉独不伸。毁容怀赤绂，混迹戴黄巾。木梗随波荡，桃源敩隐沦。弟兄书信断，鸥鹭往来驯。忽遇山光澈，遥瞻海气真。秘图推废主，后圣合经纶。野杏浑休植，幽兰不复纫。但惊心愤愤，谁恋水粼粼。尽室离深洞，轻桡荡小䑳。殷勤题白石，怅望出青蘋。梦寐平生在，经过处所新。阮郎迷里巷，辽鹤记城闉。虚过休明代，旋为朽病身。劳生常矻矻，语旧苦谆谆。晚岁多衰柳，先秋愧大椿。眼前年少客，无复昔时人。","周相录《元稹年谱新编》，上海古籍出版社版2004年版，第25页",,,,"欧阳丹"
"唐","元稹","贞元十一年","795",,,"17","","京畿道","京兆府","长安",,"陕西","西安市",,"108.946306","34.347436",,"在长安，元稹或代人作文。","","《论裴延龄表》","Article","论裴延龄表
臣某言。臣昨二十五日宰臣伏宣圣旨。以陆贽败官罪状。不可书于诏命。陛下慈仁爱人。恩宥愚直。仍令后有所见。得以上闻。臣忝职谏司。不胜大幸。臣等前所上表。言陆贽等得罪之由。起于谗构。此皆延龄每自倡言。以弄威宠。及奉宣示。奸诈乃明。陆赞久在禁垣。复典枢要。今之谴责。固出圣衷。窃以李克励志恤人。勤身奉职。惠爱之化。洽于细微。顷以公事之间。与延龄相敌。未贬之月。延龄亦以语人。谗搆之端。群情是惑。臣闻大臣之体。出于谗辞。安可持密勿之言。为忿怒之柄。朝廷侧目。远迩摇心。百官素不能亲附延龄者。屏气私门。不知自保。陛下圣德下照。物无所遗。岂独厚于一夫。而乃薄于天下。伏惟发诚谨中官。备问闾里。有言延龄无罪。李克有过。臣实微眇。敢逃天诛。李克覆族亡家。于臣何害。事关大本。不敢自私。延龄奸计万殊。方司邦赋。必能公用财贿。阴结匪人。则他时之过。彰闻路绝。伏以贞观遗训。日经宸心。去其邪谋。以慰天下。幸甚幸甚。臣不胜恳迫之至。","周相录《元稹年谱新编》，上海古籍出版社版2004年版，第26页",,,,"欧阳丹"
"唐","元稹","贞元十一年","795",,,"17","","京畿道","京兆府","长安",,"陕西","西安市",,"108.946306","34.347436",,"在长安，元稹或代人作文。","","《又论裴延龄表》","Article","又论裴延龄表
臣某言。间者陛下亲授臣以直言之诏。又命臣以言责之官。奉职以来。未尝忘死。誓将忠恳。上答镕造。窃以裴延龄亏损圣德。渎乱典章。逞其心欲。以蝥毒黎元。恣其苛刻。以动摇边鄙。弄陛下爵位。以公授私人。盗陛下威权。以诱胁忠善。贤愚注耳。朝野同辞。臣固不敢饰其繁文。再扰聪明。所以昼夜感愤。不能自宁者。以陛下执刑赏之柄。不僭在人。延龄狡诈公行。曾不为念。伏见去年十二月五日敕。度支讨管李玘配流播州。张勋配流崖州。仍各决六十。斯则延龄自快怒心。曲遂其状。陛下听之以诚。谓为当举。峻其所罚。用直群司。罪名及加。冤声大振。陛下深鉴其事。诏命中留。曾不旬朝。驰闻海内。使远方之人。疑陛下明有所壅。令无必行。奸以陷君。孰任其咎。傥二人独决延龄之手。死不得言。化理之失。岂不重乎。陛下常以登闻之鼓。置之于庭。必欲人情纤微。不滞于外。比来或事系度支。衔冤上诉。皆不即验问。尽付延龄。缧囚衣冠。攘夺孤贱。身不足偿其怒。家无以应其求。怨痛内缄。谁与为理。矰缴盈路。动而见拘。咫尺天门。不敢上诉。延龄之威益炽。疲人之苦日深。陛下以延龄为贤。言者皆妄。不若明白其罪。昭示万方。使延龄无辜。辨之何害。傥凶恶滋蔓。郁于人心。决之不时。所伤岂细。臣实寒心销肉。用是为忧。伏惟俯鉴众情。召臣问状。有一非据。罪在面欺。臣不胜迫切之至。","周相录《元稹年谱新编》，上海古籍出版社版2004年版，第26页",,,,"欧阳丹"
"唐","元稹","贞元十二年","796",,,"18","","京畿道","京兆府","长安","开元观","陕西","西安市",,"108.946306","34.347436",,"在长安，时寓开元观，并与吴士矩唱和，吴已入仕。","吴士矩","《开元观闲居酬吴士矩侍御三十韵》","Poem","开元观闲居酬吴士矩侍御三十韵
静习狂心尽，幽居道气添。神编启黄简，秘箓捧朱签。烂熳烟霞驻，优游岁序淹。登坛拥旄节，趋殿礼胡髯。醮起彤庭烛，香开白玉奁。结盟金剑重，斩魅宝刀铦。禹步星纲动，焚符灶鬼詹。冥搜呼直使，章奏役飞廉。仙籍聊凭检，浮名复为占。赤诚祈皓鹤，绿发代青缣。虚室常怀素，玄关屡引枮。貂蝉徒自宠，鸥鹭不相嫌。始悟身为患，唯欣禄未恬。龟龙恋淮海，鸡犬傍闾阎。松笠新偏翠，山峰远更尖。箫声吟茂竹，虹影逗虚檐。初日先通牖，轻飔每透帘。露盘朝滴滴，钩月夜纤纤。已得餐霞味，应嗤食蓼甜。工琴闲度昼，耽酒醉销炎。几案随宜设，诗书逐便拈。灌园多抱瓮，刈藿乍腰镰。野鸟终难絷，鹪鹩本易厌。风高云远逝，波骇鲤深潜。邸第过从隔，蓬壶梦寐瞻。所希颜颇练，谁恨突无黔。思拙惭圭璧，词烦杂米盐。谕锥言太小，求药意何谦。语默君休问，行藏我讵兼。狂歌终此曲，情尽口长钳。","周相录《元稹年谱新编》，上海古籍出版社版2004年版，第26-27页",,,,"欧阳丹"
"唐","元稹","贞元十二年","796",,,"18","","京畿道","京兆府","长安","开元观","陕西","西安市",,"108.946306","34.347436",,"在长安，时寓开元观，并与吴士矩、胡灵之等唱和。","吴士矩，胡灵之","《清都春霁寄胡三吴十一》","Poem","清都春霁寄胡三吴十一
蕊珠宫殿经微雨，草树无尘耀眼光。白日当空天气暖，好风飘树柳阴凉。蜂怜宿露攒芳久，燕得新泥拂户忙。时节催年春不住，武陵花谢忆诸郎。","周相录《元稹年谱新编》，上海古籍出版社版2004年版，第26-27页",,,,"欧阳丹"
"唐","元稹","贞元十二年","796",,,"18","","京畿道","京兆府","长安",,"陕西","西安市",,"108.946306","34.347436",,"在长安，与吴士矩春游，有诗。约本年，识杨巨源、李顾言。","吴士矩，杨巨源，李顾言","《与吴侍御春游》","Poem","与吴侍御春游
苍龙阙下陪骢马，紫阁峰头见白云。满眼流光随日度，今朝花落更纷纷。","周相录《元稹年谱新编》，上海古籍出版社版2004年版，第26-27页",,,,"欧阳丹"
"唐","元稹","贞元十二年","796",,,"18","","京畿道","京兆府","长安",,"陕西","西安市",,"108.946306","34.347436",,"贞元十年至十二年间，在长安作《春晚寄杨十二兼呈赵八》诗，姑系于此。","杨巨源，赵昌","《春晚寄杨十二兼呈赵八》","Poem","春晚寄杨十二兼呈赵八
蒙蒙竹树深，帘牖多清阴。避日坐林影，馀花委芳襟。倾尊就残酌，舒卷续微吟。空际飏高蝶，风中聆素琴。广庭备幽趣，复对商山岑。独此爱时景，旷怀云外心。迁莺恋嘉木，求友多好音。自无琅玕实，安得莲花簪。寄之二君子，希见双南金。","周相录《元稹年谱新编》，上海古籍出版社版2004年版，第27页",,,,"欧阳丹"
"唐","元稹","贞元十二年","796",,,"18","","京畿道","京兆府","长安","永寿寺","陕西","西安市",,"108.946306","34.347436",,"贞元十年至十二年间，在长安作《与杨十二李三早入永寿寺看牡丹》诗，姑系于此。","杨巨源，李顾言","《与杨十二李三早入永寿寺看牡丹》","Poem","与杨十二李三早入永寿寺看牡丹
晓入白莲宫，琉璃花界净。开敷多喻草，凌乱被幽径。压砌锦地铺，当霞日轮映。蝶舞香暂飘，蜂牵蕊难正。笼处彩云合，露湛红珠莹。结叶影自交，摇风光不定。繁华有时节，安得保全盛。色见尽浮荣，希君了真性。","周相录《元稹年谱新编》，上海古籍出版社版2004年版，第27页",,,,"欧阳丹"
"唐","元稹","贞元十二年","796",,,"18","","京畿道","京兆府","长安",,"陕西","西安市",,"108.946306","34.347436",,"贞元十年至十二年间，在长安作《春余遣兴》诗，姑系于此。","","《春余遣兴》","Poem","春馀遣兴
春去日渐迟，庭空草偏长。馀英间初实，雪絮萦蛛网。好鸟多息阴，新篁已成响。帘开斜照入，树袅游丝上。绝迹念物闲，良时契心赏。单衣颇新绰，虚室复清敞。置酒奉亲宾，树萱自怡养。笑倚连枝花，恭扶瑞藤杖。步屧恣优游，望山多气象。云叶遥卷舒，风裾动萧爽。簪缨固烦杂，江海徒浩荡。野马笼赤霄，无由负羁鞅。","周相录《元稹年谱新编》，上海古籍出版社版2004年版，第27页",,,,"欧阳丹"
"唐","元稹","贞元十二年","796",,,"18","","京畿道","京兆府","长安",,"陕西","西安市",,"108.946306","34.347436",,"贞元十年至十二年间，在长安作《忆云（灵）之》诗，姑系于此。","","《忆云（灵）之》","Poem","忆云之
为鱼实爱泉，食辛宁避蓼。人生既相合，不复论窕窕。沧海良有穷，白日非长皎。何事一人心，各在四方表。泛若逐水萍，居为附松茑。流浪随所之，萦纡牵所绕。百龄颇跼促，况复迷寿夭。芟发君已衰，冠岁予非小。娱乐不及时，暮年壮心少。感此幽念绵，遂为长悄悄。中庭草木春，历乱递相扰。奇树花冥冥，竹竿凤袅袅。幽芳被兰径，安得寄天杪。万里潇湘魂，夜夜南枝鸟。","周相录《元稹年谱新编》，上海古籍出版社版2004年版，第27页",,,,"欧阳丹"
"唐","元稹","贞元十二年","796",,,"18","","京畿道","京兆府","长安",,"陕西","西安市",,"108.946306","34.347436",,"贞元十年至十二年间，在长安作《别李三》诗，姑系于此。","李顾言","《别李三》","Poem","别李三
阶蓂附瑶砌，丛兰偶芳藿。高位良有依，幽姿亦相托。鲍叔知我贫，烹葵不为薄。半面契始终，千金比然诺。人生系时命，安得无苦乐。但感游子颜，又值馀英落。苍苍秦树云，去去缑山鹤。日暮分手归，杨花满城郭。","周相录《元稹年谱新编》，上海古籍出版社版2004年版，第27页",,,,"欧阳丹"
"唐","元稹","贞元十二年","796",,,"18","","京畿道","京兆府","长安",,"陕西","西安市",,"108.946306","34.347436",,"贞元十年至十二年间，在长安作《秋夕远怀》诗，姑系于此。","","《秋夕远怀》","Poem","秋夕远怀
旦夕天气爽，风飘叶渐轻。星繁河汉白，露逼衾枕清。丹鸟月中灭，莎鸡床下鸣。悠悠此怀抱，况复多远情。","周相录《元稹年谱新编》，上海古籍出版社版2004年版，第27页",,,,"欧阳丹"
"唐","元稹","贞元十三年","797",,,"19","","京畿道","京兆府","长安",,"陕西","西安市",,"108.946306","34.347436",,"或在长安。姑系于此。","",,"","","周相录《元稹年谱新编》，上海古籍出版社版2004年版，第27页",,,,"欧阳丹"
"唐","元稹","贞元十四年","798",,,"20","","京畿道","京兆府","长安",,"陕西","西安市",,"108.946306","34.347436",,"或在长安。姑系于此。","",,"","","周相录《元稹年谱新编》，上海古籍出版社版2004年版，第27页",,,,"欧阳丹"
"唐","元稹","贞元十五年","799",,,"21","","京畿道","同州","夏阳",,"陕西","渭南市","合阳县","110.155675","35.243795",,"至同州夏阳县，探望大姐。","",,"","","周相录《元稹年谱新编》，上海古籍出版社版2004年版，第31页",,,,"欧阳丹"
"唐","元稹","贞元十五年","799",,,"21","","京畿道","同州","夏阳","夏阳亭","陕西","渭南市","合阳县","110.155675","35.243795",,"至同州夏阳县，登夏阳亭怀河阳尧侍御，有诗。","","《夏阳亭临望寄河阳侍御尧》","Poem","夏阳亭临望寄河阳侍御尧
望远音书绝，临川意绪长。殷勤眼前水，千里到河阳。","周相录《元稹年谱新编》，上海古籍出版社版2004年版，第31页",,,,"欧阳丹"
"唐","元稹","贞元十五年","799",,,"21","","河东道","河中府",,"普救寺","山西",,,"112.569095","37.87976",,"寓普救寺，保护“崔莺莺”（不确）之家。","“崔莺莺”（不确）",,"","","周相录《元稹年谱新编》，上海古籍出版社版2004年版，第27页","（年谱中“崔莺莺”（不确）打了引号，这里原文录入）",,,"欧阳丹"
"唐","元稹","贞元十六年","800",,,"22","","河东道","河中府",,"普救寺","山西",,,"112.569095","37.87976",,"在普救寺，春，与“崔莺莺”（不确）恋爱。","“崔莺莺”（不确）","《古艳诗二首》","Poem","古艳诗二首 其一
春来频到宋家东，垂袖开怀待好风。莺藏柳闇无人语，惟有墙花满树红。
古艳诗二首 其二
深院无人草树光，娇莺不语趁阴藏。等闲弄水浮花片，流出门前赚阮郎。","周相录《元稹年谱新编》，上海古籍出版社版2004年版，第32页","(或作《春词》，今仅存“深院”一首）",,,"欧阳丹"
"唐","元稹","贞元十六年","800",,,"22","","河东道","河中府",,"普救寺","山西",,,"112.569095","37.87976",,"春，与“崔莺莺”（不确）恋爱，有诗。","“崔莺莺”（不确）（不确）","《白衣裳二首》","Poem","白衣裳二首 其一
雨湿轻尘隔院香，玉人初著白衣裳。半含惆怅闲看绣，一朵梨花压象床。
白衣裳二首 其二
藕丝衫子柳花裙，空著沈香慢火熏。闲倚屏风笑周昉，枉抛心力画朝云。","周相录《元稹年谱新编》，上海古籍出版社版2004年版，第35页",,,,"欧阳丹"
"唐","元稹","贞元十六年","800",,,"22","","河东道","河中府",,"普救寺","山西",,,"112.569095","37.87976",,"春，与“崔莺莺”（不确）恋爱，有诗。","“崔莺莺”（不确）（不确）","《恨妆成》","Poem","恨妆成
晓日穿隙明，开帷理妆点。傅粉贵重重，施朱怜冉冉。柔鬟背额垂，丛鬓随钗敛。凝翠晕蛾眉，轻红拂花脸。满头行小梳，当面施圆靥。最恨落花时，妆成独披掩。","周相录《元稹年谱新编》，上海古籍出版社版2004年版，第35页",,,,"欧阳丹"
"唐","元稹","贞元十六年","800",,,"22","","河东道","河中府",,"普救寺","山西",,,"112.569095","37.87976",,"春，与“崔莺莺”（不确）恋爱，有诗。","“崔莺莺”（不确）（不确）","《桃花》","Poem","桃花
桃花浅深处，似匀深浅妆。春风助肠断，吹落白衣裳。","周相录《元稹年谱新编》，上海古籍出版社版2004年版，第35页",,,,"欧阳丹"
"唐","元稹","贞元十六年","800",,,"22","","河东道","河中府",,"普救寺","山西",,,"112.569095","37.87976",,"春，与“崔莺莺”（不确）恋爱，有诗。","“崔莺莺”（不确）（不确）","《春词二首》","Poem","古艳诗二首 其一
春来频到宋家东，垂袖开怀待好风。莺藏柳闇无人语，惟有墙花满树红。
古艳诗二首 其二
深院无人草树光，娇莺不语趁阴藏。等闲弄水浮花片，流出门前赚阮郎。","周相录《元稹年谱新编》，上海古籍出版社版2004年版，第35页",,,,"欧阳丹"
"唐","元稹","贞元十六年","800",,,"22","","河东道","河中府",,"普救寺","山西",,,"112.569095","37.87976",,"春，与“崔莺莺”（不确）恋爱，有诗。","“崔莺莺”（不确）（不确）","《筝》","Poem","筝
莫愁私地爱王昌，夜夜筝声怨隔墙。火凤有凰求不得，春莺无伴啭空长。急挥舞破催飞燕，慢逐歌词弄小娘。死恨相如新索妇，枉将心力为他狂。","周相录《元稹年谱新编》，上海古籍出版社版2004年版，第35页",,,,"欧阳丹"
"唐","元稹","贞元十六年","800",,,"22","","河东道","河中府",,,"山西",,,"112.569095","37.87976",,"回忆与“崔莺莺”（不确）初次相见的场景，留诗。","“崔莺莺”（不确）（不确）","《莺莺诗》","Poem","莺莺诗
殷红浅碧旧衣裳，取次梳头闇澹妆。夜合带烟笼晓日，牡丹经雨泣残阳。低迷隐笑原非笑，散漫清香不似香。频动横波嗔阿母，等闲教见小儿郎。","周相录《元稹年谱新编》，上海古籍出版社版2004年版，第35页",,,,"欧阳丹"
"唐","元稹","贞元十六年","800",,,"22","","河东道","河中府",,,"山西",,,"112.569095","37.87976",,"秋，与“崔莺莺”（不确）分别，留诗。","“崔莺莺”（不确）（不确）","《晓将别》","Poem","晓将别
风露晓凄凄，月下西墙西。行人帐中起，思妇枕前啼。屑屑命僮御，晨装俨已齐。将去复携手，日高方解携。","周相录《元稹年谱新编》，上海古籍出版社版2004年版，第35页",,,,"欧阳丹"
"唐","元稹","贞元十六年","800",,,"22","","河东道","河中府",,,"山西",,,"112.569095","37.87976",,"秋，与“崔莺莺”（不确）分别，留诗。","“崔莺莺”（不确）（不确）","《赠双文》","Poem","赠双文
艳极翻含怨，怜多转自娇。有时还暂笑，闲坐爱无憀。晓月行看堕，春酥见欲消。何因肯垂手，不敢望回腰。","周相录《元稹年谱新编》，上海古籍出版社版2004年版，第35页",,,,"欧阳丹"
"唐","元稹","贞元十六年","800",,,"22","","河东道","河中府",,,"山西",,,"112.569095","37.87976",,"秋，与“崔莺莺”（不确）分别，留诗。","“崔莺莺”（不确）（不确）","《新秋》","Poem","新秋
旦暮已凄凉，离人远思忙。夏衣临晓薄，秋影入檐长。前事风随扇，归心燕在梁。殷勤寄牛女，河汉正相望。","周相录《元稹年谱新编》，上海古籍出版社版2004年版，第35页",,,,"欧阳丹"
"唐","元稹","贞元十六年","800",,,"22","","河东道","河中府",,,"山西",,,"112.569095","37.87976",,"秋，与“崔莺莺”（不确）分别，留诗。","“崔莺莺”（不确）（不确）","《暮秋》","Poem","暮秋
看著墙西日又沈，步廊回合戟门深。栖乌满树声声绝，小玉上床铺夜衾。","周相录《元稹年谱新编》，上海古籍出版社版2004年版，第35页",,,,"欧阳丹"
"唐","元稹","贞元十六年","800",,,"22","","河东道","河中府",,,"山西",,,"112.569095","37.87976",,"贞元十六年或之后回忆“崔莺莺”（不确），有诗，姑系于此。","“崔莺莺”（不确）（不确）","《忆事》","Poem","忆事
夜深闲到戟门边，却绕行廊又独眠。明月满庭池水渌，桐花垂在翠帘前。","周相录《元稹年谱新编》，上海古籍出版社版2004年版，第35页",,,,"欧阳丹"
"唐","元稹","贞元十六年","800",,,"22","","河东道","河中府",,,"山西",,,"112.569095","37.87976",,"贞元十六年或之后回忆“崔莺莺”（不确），有诗，姑系于此。","“崔莺莺”（不确）（不确）","《春别》","Poem","春别
幽芳本未阑，君去蕙花残。河汉秋期远，关山世路难。云屏留粉絮，风幌引香兰。肠断回文锦，春深独自看。","周相录《元稹年谱新编》，上海古籍出版社版2004年版，第35页",,,,"欧阳丹"
"唐","元稹","贞元十六年","800",,,"22","","京畿道","京兆府","长安",,"陕西","西安市",,"108.946306","34.347436","将仕郎（散官）","秋，守选期满，入长安参加冬集。始授散官将仕郎。","",,"","","周相录《元稹年谱新编》，上海古籍出版社版2004年版，第35页",,,,"欧阳丹"
"唐","元稹","贞元十七年","801",,,"23","","京畿道","京兆府","长安",,"陕西","西安市",,"108.946306","34.347436","将仕郎（散官）","春，铨选未中式，留西京，与“崔莺莺”（不确）通信，附诗。","“崔莺莺”（不确）","《鱼中素》","Poem","鱼中素
重叠鱼中素，幽缄手自开。斜红馀泪迹，知著脸边来。","周相录《元稹年谱新编》，上海古籍出版社版2004年版，第36页",,,,"欧阳丹"
"唐","元稹","贞元十七年","801",,,"23","","京畿道","京兆府","长安",,"陕西","西安市",,"108.946306","34.347436","将仕郎（散官）","留西京，回忆与“崔莺莺”（不确）恋爱的事情，有诗。杨巨源为之赋《崔娘诗》。","杨巨源","《会真诗三十韵》","Poem","会真诗三十韵
微月透帘栊，萤光度碧空。遥天初缥缈，低树渐葱茏。龙吹过庭竹，鸾歌拂井桐。罗绡垂薄雾，环佩响轻风。绛节随金母，云心捧玉童。更深人悄悄，晨会雨濛濛。珠莹光文履，花明隐绣栊。宝钗行彩凤，罗帔掩丹虹。言自瑶华浦，将朝碧帝宫。因游李城北，偶向宋家东。戏调初微拒，柔情已暗通。低鬟蝉影动，回步玉尘蒙。转面流花雪，登床抱绮丛。鸳鸯交颈舞，翡翠合欢笼。眉黛羞频聚，朱唇暖更融。气清兰蕊馥，肤润玉肌丰。无力慵移腕，多娇爱敛躬。汗光珠点点，发乱绿松松。方喜千年会，俄闻五夜穷。留连时有限，缱绻意难终。慢脸含愁态，芳词誓素衷。赠环明运合，留结表心同。啼粉流清镜，残灯绕暗虫。华光独冉冉，旭日渐曈曈。警乘还归洛，吹箫亦上嵩。衣香犹染麝，枕腻尚残红。羃羃临塘草，飘飘思渚蓬。素琴鸣怨鹤，清汉望归鸿。海阔诚难度，天高不易冲。行云无处所，萧史在楼中。","周相录《元稹年谱新编》，上海古籍出版社版2004年版，第37页",,,,"欧阳丹"
"唐","元稹","贞元十八年","802",,,"24","","京畿道","京兆府","长安",,"陕西","西安市",,"108.946306","34.347436","将仕郎（散官）","冬，应吏部试，作文。","","《错字判》","Article","错字判
文奏或差。本虞行诈。此例可办。必有原情。苟异因缘之奸。则矜过误之罚。丁也方将计簿。忽谬正名。曾不戒于爰毫。遂见尤为起草。然以法存按省。误有等差。倘以百为千。比赐缣而难赦。若当五而四。纵阙马而何伤。苟殊鱼鲁相悬。宜恕甲由未远。按其非是。虽怀三豕之疑。诉以可行。难书一字之贬。请诸会府。弃此小瑕。非愚诉人。在法当尔。","周相录《元稹年谱新编》，上海古籍出版社版2004年版，第37-39页",,,,"欧阳丹"
"唐","元稹","贞元十八年","802",,,"24","","京畿道","京兆府","长安",,"陕西","西安市",,"108.946306","34.347436","将仕郎（散官）","冬，应吏部试，作文。","","《易家有归藏判》","Article","易家有归藏判
四营成易。本用穷神。三代演图。孰云疑众。甲志敦素履。学洞青囊。不言非圣之书。忽招诬善之告。虽九六布卦。我则背于周经。而七八为占。尔盍观于殷道。徒惊异象。曾是同归。辨数虽冠履相暌。得意而筌蹄可忘。且穆姜遇艮。足徵麟史之文。尼父得坤。亦验归藏之首。以斯偿责。可用质疑。","周相录《元稹年谱新编》，上海古籍出版社版2004年版，第37-39页",,,,"欧阳丹"
"唐","元稹","贞元十八年","802",,,"24","","京畿道","京兆府","长安",,"陕西","西安市",,"108.946306","34.347436","将仕郎（散官）","冬，应吏部试，作文。","","《修堤请种树判》","Article","修堤请种树判
善防既毕。固合程功。柔木载施。亦将补败。乙之亟请。谁谓过求。隐椎之役虽终。列树之思尚切。有司见阻。无备实难。苟吝养材之资。盖非长利。远求为揵之用。岂不重劳。当有取于缮完。顾何烦于艺植。且十年可待。五步足徵。防在未萌。著之先甲。因而致用。庶无瓠子之灾。言之不从。恐累匏瓜之系。","周相录《元稹年谱新编》，上海古籍出版社版2004年版，第37-39页",,,,"欧阳丹"
"唐","元稹","贞元十八年","802",,,"24","","京畿道","京兆府","长安",,"陕西","西安市",,"108.946306","34.347436","将仕郎（散官）","冬，应吏部试，作文。","","《夜绩判》","Article","夜绩判
天回地旋。阳生阴息。玉衡指孟冬之野。促绩鸣寒。金昴临短景之昏。厥人当隩。相彼同色。懋哉惟时。戒坐塾之里胥。稽其既入。率同巷之众妇。绩以相从。素绪霜柔。其纷如于永漏。红光炎上。俱省费于馀辉。夜兼功以日多。日存课而年最。若廉叔之劝蜀。襦裤兴讴。类古公之居豳。茅绹斯诵。故令风俗翕习。家室乃宜。有未得其所然。或心伤而发咏。则摽梅求吉。编王化之音。采芑怀征。列雅章之内。行人掌乎宣布。载在搜扬。得咏言于此邦。将遐徇以遒迈。太师典乐。允被克谐之恭。按察观风。何为失职之禁。先王制法。宁罚有词。","周相录《元稹年谱新编》，上海古籍出版社版2004年版，第37-39页",,,,"欧阳丹"
"唐","元稹","贞元十八年","802",,,"24","","京畿道","京兆府","长安",,"陕西","西安市",,"108.946306","34.347436","将仕郎（散官）","冬，应吏部试，作文。","","《田中种树判》","Article","田中种树判
百草丽地。在物虽佳。五稼用天。于人尤急。乙姑勤树事。颇害农收。列植有昧于环庐。播穑遂妨于终亩。虽椅桐梓漆。或备梓人之材。而黍稷稻梁。宜先后稷之穑。苟亏冒陇。焉用成蹊。纵有念于息阴。岂可侔于望岁。植之场圃。合奉周官。置在田畴。殊乖汉制。既难偿责。无或顺非。","周相录《元稹年谱新编》，上海古籍出版社版2004年版，第37-39页",,,,"欧阳丹"
"唐","元稹","贞元十八年","802",,,"24","","京畿道","京兆府","长安",,"陕西","西安市",,"108.946306","34.347436","将仕郎（散官）","冬，应吏部试，作文。","","《屯田官考绩判》","Article","屯田官考绩判
要会有期。诚宜献状。籍敛未入。何以稽功。戊也将俟农收。方明绩用。三时罔害。然有别于耗登。五稼未终。安可议其诛赏。当从责实。宁俾课虚。苟欲考于岁成。姑合毕其田事。虽贤能是献。比要宜及于计偕。而稼穑其难。收功当俟于协入。详徵著令。固有常规。农扈之政不乖。兰省之非斯在。","周相录《元稹年谱新编》，上海古籍出版社版2004年版，第37-39页",,,,"欧阳丹"
"唐","元稹","贞元十八年","802",,,"24","","京畿道","京兆府","长安",,"陕西","西安市",,"108.946306","34.347436","将仕郎（散官）","冬，应吏部试，作文。","","《怒心鼓琴判》","Article","怒心鼓琴判
感物而动。乐容以和。苟气志愤兴。则琴音猛起。倘精察之不昧。岂情状之可逃。况乎乙异和鸣。甲惟善听。克谐清响。将穷舞鹤之能。俄见杀声。以属捕蝉之思。凭陵内积。趋数外形。未平君子之心。翻激小人之愠。既彰蓄憾。讵爽明言。详季札之观风。尚分理乱。知伯牙之在水。岂曰诪张。断以不疑。昭然无妄。宜加黜职。用刺褊心。","周相录《元稹年谱新编》，上海古籍出版社版2004年版，第37-39页",,,,"欧阳丹"
"唐","元稹","贞元十八年","802",,,"24","","京畿道","京兆府","长安",,"陕西","西安市",,"108.946306","34.347436","将仕郎（散官）","冬，应吏部试，作文。","","《回风变节判》","Article","回风变节判
八风从律。气必顺时。五音迭奏。和则变节。丝桐之妙苟极。寒暑之应或随。甲务以相宜。因而牙动。和饭牛之唱。白露乍结于东郊。授舞鹤之声。青阳忽生于南吕。鼓能气至。艺与天同。且异反常之妖。何伤应感而起。恶夫典乐。曾是滥科。凉风徐动于郑奏。遽云失节。寒谷倘移于邹律。何以加刑。克叶之薰。无令寘棘。","周相录《元稹年谱新编》，上海古籍出版社版2004年版，第37-39页",,,,"欧阳丹"
"唐","元稹","贞元十八年","802",,,"24","","京畿道","京兆府","长安",,"陕西","西安市",,"108.946306","34.347436","将仕郎（散官）","冬，应吏部试，作文。","","《五品女乐判》","Article","五品女乐判
声乐皆具。以奉常尊。名位不同。则难踰节。辛也荣沾五命。始用判悬。僭越三人。终乖仪制。非道不处。多备何为。苟耽盈耳之繁。遂过粲兮之数。广张女列。徒效尤于马融。内顾何功。欲思齐于魏绛。罔循唐令。空溺宋音。虽兴一部之词。其如隔品之异。请惩扰杂。以偿人言。","周相录《元稹年谱新编》，上海古籍出版社版2004年版，第37-39页",,,,"欧阳丹"
"唐","元稹","贞元十八年","802",,,"24","","京畿道","京兆府","长安",,"陕西","西安市",,"108.946306","34.347436","将仕郎（散官）","冬，应吏部试，作文。","","《学生鼓琴判》","Article","学生鼓琴判
夙夜惟寅。虽无舍业。琴瑟在御。谁谓溺音。苟未爽于克谐。亦何伤于不撤。已也良因释卷。雅尚安弦。期青紫于通经。喜趋槐市。鼓丝桐之逸韵。叶畅薰风。好滥既异于文侯。和声岂乖于曾子。欲科将落。合辨所操。傥杂桑间之淫。须惩烦手。若经杏坛之引。难责平心。未详绿绮之音。何速青衿之刺。忝司绵蕝。当隶国章。载考绳违。恐非善教。","周相录《元稹年谱新编》，上海古籍出版社版2004年版，第37-39页",,,,"欧阳丹"
"唐","元稹","贞元十八年","802",,,"24","","京畿道","京兆府","长安",,"陕西","西安市",,"108.946306","34.347436","将仕郎（散官）","冬，应吏部试，作文。","","《对父病杀牛判》","Article","对父病杀牛判
力施南亩。屠则干刑。祭比东邻。理难逢福。冠带纵勤于侍疾。铓刃宁同于彼祆。壬忧或满容。杀非无故。爱人以德。未闻易箦之言。获罪于天。遂抵椎肥之禁。志虽行孝。舍则乱常。父病诚切于肺肝。私祷岂侔于茧栗。且宋人皆用。或免乘城之虞。魏郡不诛。终非弃市之律。令不惟反。政是以常。县恐漏鱼。州符佩犊。","周相录《元稹年谱新编》，上海古籍出版社版2004年版，第37-39页",,,,"欧阳丹"
"唐","元稹","贞元十八年","802",,,"24","","京畿道","京兆府","长安",,"陕西","西安市",,"108.946306","34.347436","将仕郎（散官）","冬，应吏部试，作文。","","《对弓矢驱鸟鸢判》","Article","对弓矢驱鸟鸢判
蛮夷麇至。洁牛羊以宴私。弓矢载张。备鸟鸢之钞盗。苟馈食而则尔。岂荐飨之独然。况乎要服在庭。舌人委体。方示怀于犒饮。胡废职于驱除。且宾主恪恭。须防坠鼠之秽。牲牢备礼。宁无攫肉之虞。曾是阙于弦弧。复何徵于击豕。周礼尽在。既专分鸟之司。陈力自乖。宜惮乘骢之劾。","周相录《元稹年谱新编》，上海古籍出版社版2004年版，第37-39页",,,,"欧阳丹"
"唐","元稹","贞元十八年","802",,,"24","","京畿道","京兆府","长安",,"陕西","西安市",,"108.946306","34.347436","将仕郎（散官）","冬，应吏部试，作文。","","《千岁龟判》","Article","千岁龟判
献其介物。虽合疑年。验以生蓍。则当有数。戊得兹外骨。藉自幽丛。尝闻见梦之神。将期百中。况察退藏之所。足辨千龄。冀令偻句不欺。谁谓蜉蝣兴惑。盍徵幽赞。宁罪矫诬。居蔡于家。则吾岂敢。游莲有岁。视子非无。科之盖有不知。献者此宜无罪。","周相录《元稹年谱新编》，上海古籍出版社版2004年版，第37-39页",,,,"欧阳丹"
"唐","元稹","贞元十八年","802",,,"24","","京畿道","京兆府","长安",,"陕西","西安市",,"108.946306","34.347436","将仕郎（散官）","冬，应吏部试，作文。","","《对蕃客求鱼判》","Article","对蕃客求鱼判至鸿胪寺不供鱼客怒辞云獭未祭朝议失随时之义
沙漠实来。供宜必备。泽梁有禁。杀则以时。信能及于鲲鲵。化方行于蛮貊。彼卿之属。得礼之中。虽谕以象胥。或闻弹铗。而徵诸獭祭。未可振缗。既怀及物之虞。遂阻烹鲜之请。辞不失旧。事必有初。是曰国之典常。焉用随时之义。且驹支昧礼。信未习于华风。里革当朝。返有迷于夏滥。矜其异俗。责在有知。合恕过求。姑惩轻议。","周相录《元稹年谱新编》，上海古籍出版社版2004年版，第37-39页",,,,"欧阳丹"
"唐","元稹","贞元十八年","802",,,"24","","京畿道","京兆府","长安",,"陕西","西安市",,"108.946306","34.347436","将仕郎（散官）","冬，应吏部试，作文。","","《对宴客鳖小判》","Article","对宴客鳖小判
燕以示怀。鳖于何有。姑宜饮德。岂诮水烦。责外骨之不丰。顾褊心之奚甚。甲大将展礼。旋遇过求。水潦方涂。且乏大为贵者。壶餐苟备。何必长而食之。我惟敬于上宾。尔宁贪于介物。小不能忍。礼何以观。傥羞南涧之毛。尚当遗味。讵劳东海之鳖。然后合欢。词未爽于少施。怒难信于堵父。","周相录《元稹年谱新编》，上海古籍出版社版2004年版，第37-39页",,,,"欧阳丹"
"唐","元稹","贞元十八年","802",,,"24","","京畿道","京兆府","长安",,"陕西","西安市",,"108.946306","34.347436","将仕郎（散官）","冬，应吏部试，作文。","","《对养鸡猪判》","Article","对养鸡猪判
扇以仁风。阜财为急。教之畜扰。利俗则多。甲位列凭熊。政同佩犊。将除饥馁之患。用先蕃息之资。俾尔生生。非予扰扰。二彘既侔于龚遂。五㹀足验于陶朱。训养虽勤。割烹斯利。既符孳货。庶罔食贫。使荷蓧之夫。不空为黍。倚杖而牧。岂独刈葵。人无见卵之思。俗皆掩豆而祭。实惟务本。焉用他规。且异米盐之烦。宁惧纠绳之谏。","周相录《元稹年谱新编》，上海古籍出版社版2004年版，第37-39页",,,,"欧阳丹"
"唐","元稹","贞元十八年","802",,,"24","","京畿道","京兆府","长安",,"陕西","西安市",,"108.946306","34.347436","将仕郎（散官）","冬，应吏部试，作文。","","《对狗伤人有牌判》","Article","对狗伤人有牌判
畜狗不驯。伤人必罪。有标自触。徵偿则非。既悬迎吠之书。宁忘慎行之道。癸非用犬。乙岂尤人。防虞自失于周身。齧噬尚贪于求货。有牌记而莫慎。则欲请庚。无标识而或伤。若为加等。徵词可拟。往诉何凭。","周相录《元稹年谱新编》，上海古籍出版社版2004年版，第37-39页",,,,"欧阳丹"
"唐","元稹","贞元十八年","802",,,"24","","京畿道","京兆府","长安",,"陕西","西安市",,"108.946306","34.347436","将仕郎（散官）","是年，忆往事，有诗。","","《古决绝词三首》","Poem","相和歌辞 其一 古决绝词三首
乍可为天上牵牛织女星，不愿为庭前红槿枝。七月七日一相见，相见故心终不移。那能朝开暮飞去，一任东西南北吹。分不两相守，恨不两相思。对面且如此，背面当可知。春风撩乱伯劳语，况是此时抛去时。握手苦相问，竟不言后期。君情既决绝，妾意已参差。借如死生别，安得长苦悲。
相和歌辞 其二 古决绝词三首
噫春冰之将泮，何余怀之独结。有美一人，于焉旷绝。一日不见，比一日于三年，况三年之旷别。水得风兮小而已波，笋在苞兮高不见节。矧桃李之当春，竞众人之攀折。我自顾悠悠而若云，又安能保君皓皓之如雪。感破镜之分明，睹泪痕之馀血。幸他人之既不我先，又安能使他人之终不我夺。已焉哉，织女别黄姑，一年一度暂相见，彼此隔河何事无。
相和歌辞 其三 古决绝词三首
夜夜相抱眠，幽怀尚沈结。那堪一年事，长遣一宵说。但感久相思，何暇暂相悦。虹桥薄夜成，龙驾侵晨列。生憎野鹊往迟回，死恨天鸡识时节。曙色渐曈昽，华星次明灭。一去又一年，一年何时彻。有此迢遰期，不如生死别。","周相录《元稹年谱新编》，上海古籍出版社版2004年版，第39页",,,,"欧阳丹"
"唐","元稹","贞元十八年","802",,,"24","","京畿道","京兆府","长安",,"陕西","西安市",,"108.946306","34.347436","将仕郎（散官）","本年前识刘颇，时刘颇年约三十，尤未仕。本年或稍前，与白居易相识。","刘颇，白居易",,"","","周相录《元稹年谱新编》，上海古籍出版社版2004年版，第38页",,,,"欧阳丹"
"唐","元稹","贞元十八年","802",,,"24","","京畿道","京兆府","长安",,"陕西","西安市",,"108.946306","34.347436","将仕郎（散官）","贞元十七、十八年间在长安作有《牡丹二首》，姑系于此。","","《牡丹二首》","Poem","牡丹二首 其一
簇蕊风频坏，裁红雨更新。眼看吹落地，便别一年春。
牡丹二首 其二
繁绿阴全合，衰红展渐难。风光一抬举，犹得暂时看。","周相录《元稹年谱新编》，上海古籍出版社版2004年版，第39页",,,,"欧阳丹"
"唐","元稹","贞元十八年","802",,,"24","","京畿道","京兆府","长安",,"陕西","西安市",,"108.946306","34.347436","将仕郎（散官）","贞元十七、十八年间在长安作有《象人》，姑系于此。","","《象人》","Poem","象人
被色空成象，观空色异真。自悲人是假，那复假为人。","周相录《元稹年谱新编》，上海古籍出版社版2004年版，第39页",,,,"欧阳丹"
"唐","元稹","贞元十八年","802",,,"24","","京畿道","京兆府","长安",,"陕西","西安市",,"108.946306","34.347436","将仕郎（散官）","贞元十七、十八年间在长安作有《与杨十二巨源卢十九经济同游大安亭各赋二物各为五韵探得松石》，姑系于此。","杨巨源，卢经济","《与杨十二巨源卢十九经济同游大安亭各赋二物各为五韵探得松石》","Poem","与杨十二巨源卢十九经济同游大安亭各赋二物各为五韵探得松石
片石与孤松，曾经物外逢。月临栖鹤影，云抱老人峰。蜀客君当问，秦官我旧封。积膏当琥珀，新劫长芙蓉。待补苍苍去，樛柯早变龙。","周相录《元稹年谱新编》，上海古籍出版社版2004年版，第39页",,,,"欧阳丹"
"唐","元稹","贞元十八年","802",,,"24","","京畿道","京兆府","长安",,"陕西","西安市",,"108.946306","34.347436","将仕郎（散官）","贞元十七、十八年间在长安作有《赋得春雪映早梅》，姑系于此。","","《赋得春雪映早梅》","Poem","赋得春雪映早梅
飞舞先春雪，因依上番梅。一枝方渐秀，六出已同开。积素光逾密，真花节暗催。抟风飘不散，见晛忽偏摧。郢曲琴空奏，羌音笛自哀。今朝两成咏，翻挟昔人才。","周相录《元稹年谱新编》，上海古籍出版社版2004年版，第39页",,,,"欧阳丹"
"唐","元稹","贞元十八年","802",,,"24","","京畿道","京兆府","长安",,"陕西","西安市",,"108.946306","34.347436","将仕郎（散官）","贞元十七、十八年间在长安作有《赋得玉卮无当》，姑系于此。","","《赋得玉卮无当》","Poem","","周相录《元稹年谱新编》，上海古籍出版社版2004年版，第39页",,,,"欧阳丹"
"唐","元稹","贞元十八年","802",,,"24","","京畿道","京兆府","长安",,"陕西","西安市",,"108.946306","34.347436","将仕郎（散官）","贞元十七、十八年间在长安作有《杏园》，姑系于此。","","《杏园》","Poem","杏园
浩浩长安车马尘，狂风吹送每年春。门前本是虚空界，何事栽花误世人。","周相录《元稹年谱新编》，上海古籍出版社版2004年版，第40页",,,,"欧阳丹"
"唐","元稹","贞元十八年","802",,,"24","","京畿道","京兆府","长安",,"陕西","西安市",,"108.946306","34.347436","将仕郎（散官）","贞元十七、十八年间在长安作有《菊花》，姑系于此。","","《菊花》","Poem","菊花
秋丛绕舍似陶家，遍绕篱边日渐斜。不是花中偏爱菊，此花开尽更无花。","周相录《元稹年谱新编》，上海古籍出版社版2004年版，第40页",,,,"欧阳丹"
"唐","元稹","贞元十八年","802",,,"24","","京畿道","京兆府","长安",,"陕西","西安市",,"108.946306","34.347436","将仕郎（散官）","贞元十七、十八年间在长安作有《酬乐天秋兴见赠本句云莫怪独吟秋兴苦比君较近二毛年》，姑系于此。","白居易","《酬乐天秋兴见赠本句云莫怪独吟秋兴苦比君较近二毛年》","Poem","酬乐天秋兴见赠本句云莫怪独吟秋兴苦比君校近二毛年
劝君休作悲秋赋，白发如星也任垂。毕竟百年同是梦，长年何异少何为。","周相录《元稹年谱新编》，上海古籍出版社版2004年版，第40页",,,,"欧阳丹"
"唐","元稹","贞元十八年","802",,,"24","","京畿道","京兆府","长安",,"陕西","西安市",,"108.946306","34.347436","将仕郎（散官）","贞元十七、十八年间在长安作有《刘颇诗》，姑系于此。","刘颇","《刘颇诗》","Poem","刘颇诗
一言感激士，三世义忠臣。破瓮嫌妨路，烧庄耻属人。迥分辽海气，闲蹋洛阳尘。傥使权由我，还君白马津。","周相录《元稹年谱新编》，上海古籍出版社版2004年版，第40页",,,,"欧阳丹"
"唐","元稹","贞元十九年","803","3",,"25","","京畿道","京兆府","长安",,"陕西","西安市",,"108.946306","34.347436","秘书省校书郎","在长安中平判科第四等，礼部侍郎权德舆知贡举。署秘书省校书郎。与白居易交游密切，与李建结交。韦夏卿改太子判宾客。有文。","权德舆，韦夏卿，白居易，李建","《毁方瓦合判》","Article","毁方瓦合判
教以就贤。虽无黩下。俾其容众。则在毁方。太学以将务发蒙。宜先屈已。君子不器。须怀虚受之心。至人无方。何必自贤于物。爰因善诱。式念思恭。将戒同尘之诚。遂申合土之誉。况卑以自牧。仲尼尝述于为儒。礼贵用和。子张亦非于拒我。义存无傲。道在可嘉。长善之本不乖。成均之言何懵。","周相录《元稹年谱新编》，上海古籍出版社版2004年版，第40页",,,,"欧阳丹"
"唐","元稹","贞元十九年","803",,,"25","","京畿道","京兆府","长安",,"陕西","西安市",,"108.946306","34.347436","秘书省校书郎","与韦夏卿幼女韦丛结婚，有诗。韦夏卿改东都留守、东都畿汝防御使。","韦夏卿","《闺晚》","Poem","闺晚
红裙委塼阶，玉爪剺朱橘。素臆光如砑，明瞳艳凝溢。调弦不成曲，学书徒弄笔。夜色侵洞房，春烟透帘出。","周相录《元稹年谱新编》，上海古籍出版社版2004年版，第41页",,,,"欧阳丹"
"唐","元稹","贞元十九年","803","10",,"25","","都畿道","河南府","洛阳","履信宅","河南","洛阳市",,"112.460033","34.624376","秘书省校书郎","韦夏卿赴东都，元稹、韦丛侍从，有诗。","韦夏卿","《陪韦尚书丈归履信宅因赠韦氏兄弟》","Poem","陪韦尚书丈归履信宅因赠韦氏兄弟
紫垣驺骑入华居，公子文衣护锦舆。眠阁书生复何事，也骑羸马从尚书。","周相录《元稹年谱新编》，上海古籍出版社版2004年版，第41页",,,,"欧阳丹"
"唐","元稹","贞元十九年","803","10",,"25","","都畿道","河南府","洛阳","履信坊","河南","洛阳市",,"112.460033","34.624376","秘书省校书郎","住韦氏履信坊宅，欣赏歌舞。与卢戡结交。","卢戡",,"","","周相录《元稹年谱新编》，上海古籍出版社版2004年版，第42页",,,,"欧阳丹"
"唐","元稹","贞元十九年","803",,,"25","","京畿道","京兆府","长安",,"陕西","西安市",,"108.946306","34.347436","秘书省校书郎","回长安。","",,"","","周相录《元稹年谱新编》，上海古籍出版社版2004年版，第42页",,,,"欧阳丹"
"唐","元稹","贞元十九年","803",,,"25","","都畿道","河南府","洛阳",,"河南","洛阳市",,"112.460033","34.624376","秘书省校书郎","岁末，复至洛阳，有诗。约本年，胡灵之仕于晋州。","","《韦居守晚岁常言退休之志因署其居曰大隐洞命予赋诗因赠绝句》","Poem","韦居守晚岁常言退休之志因署其居曰大隐洞命予赋诗因赠绝句
谢公潜有东山意，已向朱门启洞门。大隐犹疑恋朝市，不如名作罢归园。","周相录《元稹年谱新编》，上海古籍出版社版2004年版，第42-43页",,,,"欧阳丹"
"唐","元稹","贞元十九年","803",,,"25","","京畿道","京兆府","长安",,"陕西","西安市",,"108.946306","34.347436","秘书省校书郎","贞元十九年前在长安曾与胡灵之唱和（胡灵之原唱已亡佚），有诗，姑系于此。","胡灵之","《酬胡三凭人问牡丹》","Poem","酬胡三凭人问牡丹
窃见胡三问牡丹，为言依旧满西栏。花时何处偏相忆，寥落衰红雨后看。","周相录《元稹年谱新编》，上海古籍出版社版2004年版，第44页",,,,"欧阳丹"
"唐","元稹","贞元十九年","803",,,"25","","京畿道","京兆府","长安","靖安坊","陕西","西安市",,"108.946306","34.347436","秘书省校书郎","贞元十九年前在长安曾作《靖安穷居》，姑系于此。","","《靖安穷居》","Poem","靖安穷居
喧静不由居远近，大都车马就权门。野人住处无名利，草满空阶树满园。","周相录《元稹年谱新编》，上海古籍出版社版2004年版，第44页",,,,"欧阳丹"
"唐","元稹","贞元二十年","804","1",,"26","","京畿道","京兆府","长安",,"陕西","西安市",,"108.946306","34.347436","秘书省校书郎","正月，回长安。","",,"","","周相录《元稹年谱新编》，上海古籍出版社版2004年版，第44页",,,,"欧阳丹"
"唐","元稹","贞元二十年","804","2","3","26","","京畿道","华州",,"华岳寺","陕西",,,"108.960637","34.271171","秘书省校书郎","至华州华岳寺游玩。","",,"","","周相录《元稹年谱新编》，上海古籍出版社版2004年版，第44页",,,,"欧阳丹"
"唐","元稹","贞元二十年","804","3",,"26","","京畿道","京兆府","长安",,"陕西","西安市",,"108.946306","34.347436","秘书省校书郎","自华州回长安。","",,"","","周相录《元稹年谱新编》，上海古籍出版社版2004年版，第44页",,,,"欧阳丹"
"唐","元稹","贞元二十年","804","3",,"26","","京畿道","华州",,"华岳寺","陕西",,,"108.960637","34.271171","秘书省校书郎","三月，自长安赴洛阳，经华州，再游华岳寺。","",,"","","周相录《元稹年谱新编》，上海古籍出版社版2004年版，第44-45页",,,,"欧阳丹"
"唐","元稹","贞元二十年","804",,,"26","","都畿道","河南府","洛阳",,"河南","洛阳市",,"112.460033","34.624376","秘书省校书郎","到洛阳。","",,"","","周相录《元稹年谱新编》，上海古籍出版社版2004年版，第45页",,,,"欧阳丹"
"唐","元稹","贞元二十年","804",,,"26","","都畿道","河南府","洛阳","仁风坊","河南","洛阳市",,"112.460033","34.624376","秘书省校书郎","在洛阳，于“李著作”仁风坊宅听管儿弹琵琶。","",,"","","周相录《元稹年谱新编》，上海古籍出版社版2004年版，第45页","“李著作”具体无考。",,,"欧阳丹"
"唐","元稹","贞元二十年","804","5",,"26","","都畿道","河南府","济源","王屋山天坛","河南","河南省直辖县级行政区划","济源市","112.609314","35.072867","秘书省校书郎","游王屋山天坛，有诗。","","《天坛上境》","Poem","天坛上境
野人性僻穷深僻，芸署官闲不似官。万里洞中朝玉帝，九光霞外宿天坛。洪涟浩渺东溟曙，白日低回上境寒。因为南昌检仙籍，马君家世奉还丹。","周相录《元稹年谱新编》，上海古籍出版社版2004年版，第45页",,,,"欧阳丹"
"唐","元稹","贞元二十年","804",,,"26","","都畿道","河南府","济源","王屋山天坛","河南","河南省直辖县级行政区划","济源市","112.609314","35.072867","秘书省校书郎","游王屋山天坛，有诗。","","《天坛归》","Poem","天坛归
为结区中累，因辞洞里花。还来旧城郭，烟火万人家。","周相录《元稹年谱新编》，上海古籍出版社版2004年版，第45页",,,,"欧阳丹"
"唐","元稹","贞元二十年","804",,,"26","","都畿道","河南府","济源","王屋山天坛","河南","河南省直辖县级行政区划","济源市","112.609314","35.072867","秘书省校书郎","游王屋山天坛，有诗。","","《封书》（鶴臺南望白雲關）","Poem","封书
鹤台南望白云关，城市犹存暂一还。书出步虚三百韵，蕊珠文字在人间。","周相录《元稹年谱新编》，上海古籍出版社版2004年版，第45页",,,,"欧阳丹"
"唐","元稹","贞元二十年","804",,,"26","","都畿道","河南府","济源","王屋山天坛","河南","河南省直辖县级行政区划","济源市","112.609314","35.072867","秘书省校书郎","游王屋山天坛，有诗。","","《幽栖》","Poem","幽栖
野人自爱幽栖所，近对长松远是山。尽日望云心不系，有时看月夜方闲。壶中天地乾坤外，梦里身名旦暮间。辽海若思千岁鹤，且留城市会飞还。","周相录《元稹年谱新编》，上海古籍出版社版2004年版，第45页",,,,"欧阳丹"
"唐","元稹","贞元二十年","804",,,"26","","京畿道","京兆府","长安",,"陕西","西安市",,"108.946306","34.347436","秘书省校书郎","回长安。元稹撰自传体小说，李绅作《莺莺歌》。","李绅","《莺莺传》","Article","","周相录《元稹年谱新编》，上海古籍出版社版2004年版，第45页",,,,"欧阳丹"
"唐","元稹","贞元二十年","804","9",,"26","","京畿道","京兆府","长安","渭北","陕西","西安市",,"108.946306","34.347436","秘书省校书郎","元稹与刘敦致同行，自长安东出渭北。","刘敦致",,"","","周相录《元稹年谱新编》，上海古籍出版社版2004年版，第46页",,,,"欧阳丹"
"唐","元稹","贞元二十年","804","9",,"26","","京畿道","京兆府","长安","栎阳","陕西","西安市",,"108.946306","34.347436","秘书省校书郎","元稹与刘敦致同行，经栎阳。","刘敦致",,"","","周相录《元稹年谱新编》，上海古籍出版社版2004年版，第46页",,,,"欧阳丹"
"唐","元稹","贞元二十年","804","9",,"26","","京畿道","华州",,"华岳寺","陕西","渭南市",,"109.516739","34.505687","秘书省校书郎","元稹与刘敦致同行，南行至华州华岳寺，有诗。","刘敦致","《与太白同之东洛至栎阳太白染病驻行予九月二十五日至华岳寺雪后望山》","Poem","与太白同之东洛至栎阳太白染疾驻行予九月二十五日至华岳寺雪后望山
共作洛阳千里伴，老刘因疾驻行轩。今朝独自山前立，雪满三峰倚寺门。","周相录《元稹年谱新编》，上海古籍出版社版2004年版，第46页",,,,"欧阳丹"
"唐","元稹","贞元二十年","804","9",,"26","","京畿道","华州",,"华岳寺","陕西","渭南市",,"109.516739","34.505687","秘书省校书郎","元稹与刘敦致同行，南行至华州华岳寺，有诗。","刘敦致","《华岳寺》","Poem","华岳寺
山前古寺临长道，来往淹留为爱山。双燕营巢始西别，百花成子又东还。暝驱羸马频看堠，晓听鸣鸡欲度关。羞见窦师无外役，竹窗依旧老身闲。","周相录《元稹年谱新编》，上海古籍出版社版2004年版，第46页",,,,"欧阳丹"
"唐","元稹","贞元二十年","804","9",,"26","","京畿道","华州","华阴","野狐泉店","陕西","渭南市","华阴市","110.098671","34.57172","秘书省校书郎","元稹与刘敦致同行，出华州，东经野狐泉店，有诗。","刘敦致","《野狐泉柳林》","Poem","野狐泉柳林
去日野狐泉上柳，紫牙初绽拂眉低。秋来寥落惊风雨，叶满空林踏作泥。","周相录《元稹年谱新编》，上海古籍出版社版2004年版，第46页",,,,"欧阳丹"
"唐","元稹","贞元二十年","804","9",,"26","","都畿道","河南府","寿安","同轨店","河南","洛阳市","宜阳县","112.185639","34.521112","秘书省校书郎","元稹与刘敦致同行，再向东宿同轨店。","刘敦致",,"","","周相录《元稹年谱新编》，上海古籍出版社版2004年版，第46页",,,,"欧阳丹"
"唐","元稹","贞元二十年","804","9",,"26","","都畿道","河南府","寿安","法护寺","河南","洛阳市","宜阳县","112.185639","34.521112","秘书省校书郎","上法护寺钟楼望月，有诗。","刘敦致","《雪后宿同轨店上法护寺钟楼望月》","Poem","雪后宿同轨店上法护寺钟楼望月
满山残雪满山风，野寺无门院院空。烟火渐稀孤店静，月明深夜古楼中。","周相录《元稹年谱新编》，上海古籍出版社版2004年版，第46页",,,,"欧阳丹"
"唐","元稹","贞元二十年","804","10",,"26","","都畿道","河南府","洛阳",,"河南","洛阳市",,"112.460033","34.624376","秘书省校书郎","十月初，至洛阳，期间有诗。刘敦致中途染疾，不幸病死。","刘敦致","《智度师二首》","Poem","智度师二首 其一
四十年前马上飞，功名藏尽拥禅衣。石榴园下擒生处，独自闲行独自归。
智度师二首 其二
三陷思明三突围，铁衣抛尽衲禅衣。天津桥上无人识，闲凭栏干望落晖。","周相录《元稹年谱新编》，上海古籍出版社版2004年版，第46页",,,,"欧阳丹"
"唐","元稹","贞元二十年","804","12",,"26","","都畿道","河南府","洛阳",,"河南","洛阳市",,"112.460033","34.624376","秘书省校书郎","大姐卒于河中府夏阳县。陆翰为夏阳县令。","",,"","","周相录《元稹年谱新编》，上海古籍出版社版2004年版，第48页",,,,"欧阳丹"
"唐","元稹","贞元二十一年、永贞元年","805",,,"27","","都畿道","河南府","洛阳",,"河南","洛阳市",,"112.460033","34.624376","秘书省校书郎","春末，元稹犹在洛阳。与哥舒恒酬唱。","哥舒恒","《酬哥舒大少府寄同年科第》","Poem","酬哥舒大少府寄同年科第
前年科第偏年少，未解知羞最爱狂。九陌争驰好鞍马，八人同著䌽衣裳。自言行乐朝朝是，岂料浮生渐渐忙。赖得官闲且疏散，到君花下忆诸郎。","周相录《元稹年谱新编》，上海古籍出版社版2004年版，第48页","本年八月，顺宗禅位，改贞元二十一年为永贞元年。",,,"欧阳丹"
"唐","元稹","贞元二十一年、永贞元年","805","10",,"27","","都畿道","河南府","洛阳",,"河南","洛阳市",,"112.460033","34.624376","秘书省校书郎","大姐葬洛阳，元稹奉母命为撰墓志。","元氏(元稹姊)","《夏阳县令陆翰妻河南元氏墓志铭》","Article","夏阳县令陆翰妻河南元氏墓志铭
予陆氏姊。事父母以孝闻。事姑如事母。善伯仲以悌达。事夫如事兄。睦族以惠和。煦下以慈爱。四者谓之吉德。然而不贵不寿。夭也呜呼。享年三十有五。殁世于夏阳县之私第。是岁有唐之贞元二十五年十二月之初五日也。冬十月十有四日。葬于河南洛阳之清风乡平乐里之北邙原。从祖姑兆。太上永贞之元年岁乙酉朔旦景申辰在己酉。须时顺也。我系祖有魏昭成皇帝。后嗣失国。今称河南洛阳人焉。六代祖讳严。在周为内史大夫。以谏废。在隋为兵部尚书昌平公。以忠进。君子曰。忠之后必复。降五世而生我皇考府君。府君讳某。以四教垂子孙。孝先之。俭次之。学次之。政成之。当乾元广德之间。郡国多事。由云阳昭应尉冯翊猗氏长迁于殿中侍御史。或未环岁。或未浃时。而五命自天。非夫公不来则人不苏。公不迁则善不耸。何是之速也。董方书奏议者凡八人。其在比部郎中也。宗人得罪有不察。夫玉与珉类而不杂者屈。我府君为虢州别驾。累迁舒王府长史。至则悬车息宴。浩如也。尝著百叶书要。以萃群言。秘牒一开。则万卷皆废。由□惧夫百氏之徒。一归于我囿。所不乐也。故世莫得传。呜呼。盛德大业至矣。不峻其位。不流其化。时哉时哉。我外祖睦州刺史荥阳郑公讳济。官族甲天下。我太夫人圣善仪六姻。训子妇。以悯默罚婢仆佣保。以庄厉为鞭笞用。至于儿稚不能名夏楚。而嗃嗃于他门。肆我伯姊。穆其严风。柔以慈旨。于人有加矣。生十四年。遂归于吴郡陆翰。翰国朝左侍极兼右相敦信之元孙。临汝令泌之元子。魏出也。魏之先文贞。有匡君之大德。翰少孤。事亲以至行立。释褐太平主簿。我姊由是而归之。逮陆君之宰夏阳也。事姑垂二十年矣。姑爱之若慈母。妇敬之若严君。虽母兄之馈。不授于姑则不至。而况于私其财乎。闺门之内。未尝以往复之言闻婢仆。而况于相色乎。及太夫人之沈痼也。夫人亦不利行作有年矣。然而药不尝于口则不进。衣不出于手则不献。冬之夜。夏之日。环侍其侧者周二三岁。衣不释体。倦不形色。曾不以己之疾为瘉矣。呜呼。闵之养其亲也。方于此何如。吾不知也。至于陆君之在疚也。克哀敬以终之。旧疾暴加。不数日而衅作。陆君縻职他县。至则无及矣。将诀之际。子号女泣。问其遗训。则曰。吾幼也辞家。报亲日短。今则已矣。不见吾亲。亲乎亲乎。西望而绝。痛夫。孝于亲。敬于姑。顺于夫。友于兄弟。辞世之日。母不获抚。夫不及决。兄不得临。弟不得侍。天乎淑善。反以为罪乎。二女曰燕曰迎。两男师道峤。夫人兄沂兄秬。弟积弟稹。或游远。或守官。或归养。皆不克会葬。陆君先是职于使。又不克董丧。从父季廙以二子襄事。礼也。我尊夫人有命于小子稹曰。吾大惧夫馨香之行。莫炽于后。尔其识之。是用衔恤陨涕。篆铭于圹。铭曰。呜呼有唐陆氏。孝夫人元氏之墓。","周相录《元稹年谱新编》，上海古籍出版社版2004年版，第48页",,,,"欧阳丹"
"唐","元稹","贞元二十一年、永贞元年","805",,,"27","","京畿道","京兆府","长安",,"陕西","西安市",,"108.946306","34.347436","秘书省校书郎","回长安。冬，在长安与白居易一同准备应制举考试。任校书郎期间，尝与白居易、李建、李复礼、辛丘度、李绅、刘敦质等游。","白居易，李建，李复礼，辛丘度，李绅，刘敦质",,"","","周相录《元稹年谱新编》，上海古籍出版社版2004年版，第48页",,,,"欧阳丹"
"唐","元稹","贞元二十一年、永贞元年","805",,,"27","","京畿道","京兆府","长安","西明寺","陕西","西安市",,"108.946306","34.347436","秘书省校书郎","贞元二十一年或以前在长安作有《寻西明寺僧不在》，姑系于此。","","《寻西明寺僧不在》","Poem","寻西明寺僧不在
春来日日到西林，飞锡经行不可寻。莲池旧是无波水，莫逐狂风起浪心。","周相录《元稹年谱新编》，上海古籍出版社版2004年版，第51页",,,,"欧阳丹"
"唐","元稹","贞元二十一年、永贞元年","805",,,"27","","京畿道","京兆府","长安",,"陕西","西安市",,"108.946306","34.347436","秘书省校书郎","贞元二十一年或以前在长安作有《送林复梦赴韦令辟》，姑系于此。","林蕴","《送林复梦赴韦令辟》","Poem","送林复梦赴韦令辟
蜀路危于剑，怜君自坦途。几回曾啖炙，千里远衔珠。野性便荒饮，时风忌酒徒。相门多礼让，前后莫相踰。","周相录《元稹年谱新编》，上海古籍出版社版2004年版，第51页",,,,"欧阳丹"
"唐","元稹","贞元二十一年、永贞元年","805",,,"27","","京畿道","京兆府","长安",,"陕西","西安市",,"108.946306","34.347436","秘书省校书郎","贞元二十一年或以前在长安作有《送复梦赴韦令幕》，姑系于此。","林蕴","《送复梦赴韦令幕》","Poem","送复梦赴韦令幕
世上于今重检身，吾徒耽酒作狂人。西曹旧事多持法，慎莫吐他丞相茵。","周相录《元稹年谱新编》，上海古籍出版社版2004年版，第51页",,,,"欧阳丹"
"唐","元稹","贞元二十一年、永贞元年","805",,,"27","","京畿道","京兆府","长安",,"陕西","西安市",,"108.946306","34.347436","秘书省校书郎","贞元二十一年或以前在长安作有《伴僧行》，姑系于此。","","《伴僧行》","Poem","伴僧行
春来求事百无成，因向愁中识道情。花满杏园千万树，几人能伴老僧行。","周相录《元稹年谱新编》，上海古籍出版社版2004年版，第51页",,,,"欧阳丹"
"唐","元稹","贞元二十一年、永贞元年","805",,,"27","","京畿道","京兆府","长安","西明寺","陕西","西安市",,"108.946306","34.347436","秘书省校书郎","贞元二十一年或以前在长安作有《西明寺牡丹》，姑系于此。","","《西明寺牡丹》","Poem","西明寺牡丹
花向琉璃地上生，光风炫转紫云英。自从天女盘中见，直至今朝眼更明。","周相录《元稹年谱新编》，上海古籍出版社版2004年版，第52页",,,,"欧阳丹"
"唐","元稹","贞元二十一年、永贞元年","805",,,"27","","京畿道","京兆府","长安","奉诚园","陕西","西安市",,"108.946306","34.347436","秘书省校书郎","贞元二十一年或以前在长安作有《奉诚园》，姑系于此。","","《奉诚园》","Poem","奉诚园
萧相深诚奉至尊，旧居求作奉诚园。秋来古巷无人扫，树满空墙闭戟门。","周相录《元稹年谱新编》，上海古籍出版社版2004年版，第52页",,,,"欧阳丹"
"唐","元稹","贞元二十一年、永贞元年","805",,,"27","","京畿道","京兆府","长安",,"陕西","西安市",,"108.946306","34.347436","秘书省校书郎","贞元十九至二十一年间任秘书郎时作有《恭王故太妃挽词二首》，姑系于此。","","《恭王故太妃挽歌词二首》","Poem","恭王故太妃挽歌词二首 其一
燕姞贻天梦，梁王尽孝思。虽从魏诏葬，得用汉藩仪。曙月残光敛，寒箫度曲迟。平生奉恩地，哀挽欲何之。
恭王故太妃挽歌词二首 其二
文卫罗新圹，仙娥掩暝山。雪云埋陇合，箫鼓望城还。寒树风难静，霜郊夜更闲。哀荣深孝嗣，仪表在河间。","周相录《元稹年谱新编》，上海古籍出版社版2004年版，第52页",,,,"欧阳丹"
"唐","元稹","贞元二十一年、永贞元年","805",,,"27","","京畿道","京兆府","长安",,"陕西","西安市",,"108.946306","34.347436","秘书省校书郎","贞元十九至二十一年间任秘书郎时作有《病逢春期白二十二辛大不至十韵》，姑系于此。","","《病逢春期白二十二辛大不至十韵》","Poem","病减逢春期白二十二辛大不至十韵
病与穷阴退，春从血气生。寒肤渐舒展，阳脉乍虚盈。就日临阶坐，扶床履地行。问人知面瘦，祝鸟愿身轻。风暖牵诗兴，时新变卖声。饥馋看药忌，闲闷点书名。旧雪依深竹，微和动早萌。推迁悲往事，疏数辨交情。琴待嵇中散，杯思阮步兵。世间除却病，何者不营营。","周相录《元稹年谱新编》，上海古籍出版社版2004年版，第52页",,,,"欧阳丹"
"唐","元稹","贞元二十一年、永贞元年","805",,,"27","","京畿道","京兆府","长安",,"陕西","西安市",,"108.946306","34.347436","秘书省校书郎","贞元十九至二十一年间任秘书郎时作有《赠乐天》，姑系于此。","白居易","《赠乐天》","Poem","","周相录《元稹年谱新编》，上海古籍出版社版2004年版，第52页",,,,"欧阳丹"
"唐","元稹","贞元二十一年、永贞元年","805",,,"27","","京畿道","京兆府","长安",,"陕西","西安市",,"108.946306","34.347436","秘书省校书郎","贞元十九至二十一年间任秘书郎时作有《压墙花》，姑系于此。","","《压墙花》","Poem","压墙花
野性大都迷里巷，爱将高树记人家。春来偏认平阳宅，为见墙头拂面花。","周相录《元稹年谱新编》，上海古籍出版社版2004年版，第52页",,,,"欧阳丹"
"唐","元稹","元和元年","806","1","2","28","","京畿道","京兆府","长安","曲江","陕西","西安市",,"108.946306","34.347436","秘书省校书郎","与李绅、庾敬休同游曲江，有诗。","李绅，庾敬休","《永贞二年正月二日上御丹凤楼赦天下予与李公垂庾顺之闲行曲江不及盛观》","Poem","永贞二年正月二日上御丹凤楼赦天下予与李公垂庾顺之闲行曲江不及盛观
春来饶梦慵朝起，不看千官拥御楼。却著闲行是忙事，数人同傍曲江头。","周相录《元稹年谱新编》，上海古籍出版社版2004年版，第52页",,,,"欧阳丹"
"唐","元稹","元和元年","806","1",,"28","","京畿道","京兆府","长安",,"陕西","西安市",,"108.946306","34.347436","秘书省校书郎","韦夏卿薨于洛阳，年六十四。","",,"","","周相录《元稹年谱新编》，上海古籍出版社版2004年版，第58页",,,,"欧阳丹"
"唐","元稹","元和元年","806",,,"28","","京畿道","京兆府","长安",,"陕西","西安市",,"108.946306","34.347436","秘书省校书郎","永贞二年正月二日以后改元和，历名永贞，止元旦一日，元稹以其时事作诗。","","《永贞历》","Poem","贞元历
象魏才颁历，龙镳已御天。犹看后元历，新署永贞年。半岁光阴在，三朝礼数迁。无因书简册，空得咏诗篇。","周相录《元稹年谱新编》，上海古籍出版社版2004年版，第60页",,,,"欧阳丹"
"唐","元稹","元和元年","806",,,"28","","京畿道","京兆府","长安",,"陕西","西安市",,"108.946306","34.347436","秘书省校书郎","宪宗下诏讨刘辟，元稹代人作表。","","《论讨刘贼表》","Article","论讨贼表
臣伏见贼辟有不庭之罪。陛下尚覆露以待之。此诚陛下罪已泣辜之仁也。微臣何足以识之哉。然臣闻之。天之所以为天者。以其能化物也。物之性不一。故天之道有和煦震曜之异焉。始其生也。动之以幽伏。被之以春阳。扇之以仁风。润之以膏雨。则百果草木之柔者顺者。油然而生矣。及夫勾曲角觡。坚本顽心。凝者滞者。幽者蛰者。扇之以和煦而不出。润之以膏雨而不滋。则必迅之以雷震。曜之以威赫。然后顽滞之心改。幽蛰之气宣。岂天之道。仁于彼而厉于此乎。化与不化之异也。是以蚩尤之乱作。黄帝铸五兵以杀绝之。共工之行恶。虞舜揭五刑以放死之。岂不欲梦华胥舞干羽。而跻之于仁寿哉。盖不可化也。及夫舞干而适至。因垒而来归。此又物之可化者也。岂黄帝虞舜文王之德有优劣哉。盖蚩尤共工苗人崇人罪有深浅也。今陛下法天之德。与物为春。凡在生成。孰不柔茂。而蕞尔微丑。天将弃之。寘蟊贼于其心。假蝼蚁以为聚。忠臣孝子。思得食其肉而快其心久矣。陛下犹耸之以名爵。导之以训诰。崇之以宠章而不至。假之以旄钺而益骄。戕贼我忠贞。损污我仁义。人人不胜其愤。有司不忍其威。是以违陛下匿瑕含垢之仁。顺皇天震曜杀戮之用。此诚天下人人快愤激忠之日也。陛下犹思因垒以降之。舞干以化之。善则善矣。其如天下之愤何。其如天下之愤何。臣愿陛下可有司之奏。法皇天之威。与公卿大臣议斩叛吊人之师。以快天下人人之愤。实天下幸甚。微臣无任恳悃嫉恶之至。","周相录《元稹年谱新编》，上海古籍出版社版2004年版，第59页",,,,"欧阳丹"
"唐","元稹","元和元年","806",,,"28","","京畿道","京兆府","长安","华阳观","陕西","西安市",,"108.946306","34.347436","秘书省校书郎","春，与白居易居华阳观，闭户累月，揣摩时事，以备制举考试。李绅、李宗闵亦时相过从。裴垍曾予指导。","白居易，李绅，李宗闵，裴垍",,"","","周相录《元稹年谱新编》，上海古籍出版社版2004年版，第52页",,,,"欧阳丹"
"唐","元稹","元和元年","806",,,"28","","京畿道","京兆府","长安",,"陕西","西安市",,"108.946306","34.347436","秘书省校书郎","与白居易送李绅进士及第后归觐，有诗。","李绅，白居易","《赠李十二牡丹花片因以饯行》","Poem","赠李十二牡丹花片因以饯行
莺涩馀声絮堕风，牡丹花尽叶成丛。可怜颜色经年别，收取朱阑一片红。","周相录《元稹年谱新编》，上海古籍出版社版2004年版，第60页",,,,"欧阳丹"
"唐","元稹","元和元年","806",,,"28","","京畿道","京兆府","长安",,"陕西","西安市",,"108.946306","34.347436","秘书省校书郎","与白居易送李绅进士及第后归觐，有诗。","李绅，白居易","《折枝花赠行》","Poem","折枝花赠行
樱桃花下送君时，一寸春心逐折枝。别后相思最多处，千株万片绕林垂。","周相录《元稹年谱新编》，上海古籍出版社版2004年版，第60页",,,,"欧阳丹"
"唐","元稹","元和元年","806","4","13","28","","京畿道","京兆府","长安",,"陕西","西安市",,"108.946306","34.347436","秘书省校书郎","参加制举考试，作文。","","《才识兼茂名于体用策一道》","Article","","周相录《元稹年谱新编》，上海古籍出版社版2004年版，第53页",,,,"欧阳丹"
"唐","元稹","元和元年","806","4",,"28","","京畿道","京兆府","长安",,"陕西","西安市",,"108.946306","34.347436","左拾遗","登才识兼茂明于体用科，考策官为韦贯之、张弘靖。授左拾遗。","韦贯之，张弘靖。",,"","","周相录《元稹年谱新编》，上海古籍出版社版2004年版，第53-55页",,,,"欧阳丹"
"唐","元稹","元和元年","806","5",,"28","","京畿道","京兆府","长安",,"陕西","西安市",,"108.946306","34.347436","左拾遗","“外诸翁”京兆尹郑云逵卒。","",,"","","周相录《元稹年谱新编》，上海古籍出版社版2004年版，第55页",,,,"欧阳丹"
"唐","元稹","元和元年","806","7",,"28","","京畿道","京兆府","长安",,"陕西","西安市",,"108.946306","34.347436","左拾遗","太上皇唐顺宗葬于丰陵，有诗记之。","","《顺宗至德大圣大安孝皇帝挽歌词三首》","Poem","顺宗至德大圣大安孝皇帝挽歌词三首 其一
不改延洪祚，因成揖让朝。讴歌同戴启，遏密共思尧。雨露施恩广，梯航会葬遥。号弓那独切，曾感昔年招。
顺宗至德大圣大安孝皇帝挽歌词三首 其二
前春文祖庙，大舜嗣尧登。及此踰年感，还因是月崩。寿缘追孝促，业在继明兴。俭诏同今古，山川绕灞陵。
顺宗至德大圣大安孝皇帝挽歌词三首 其三
七月悲风起，凄凉万国人。羽仪经巷内，辒𨍇转城闉。暝色依陵早，秋声入辂新。自嗟同草木，不识永贞春。","周相录《元稹年谱新编》，上海古籍出版社版2004年版，第62页",,,,"欧阳丹"
"唐","元稹","元和元年","806","7",,"28","","京畿道","京兆府","长安",,"陕西","西安市",,"108.946306","34.347436","左拾遗","议迁庙之礼，作文。","","《迁庙议状》","Article","迁庙议
谨按礼官以顺宗至德大圣大安孝皇帝神主升祔。则中宗大和大圣大昭孝皇帝神主为代数当迁之庙。议者云。中宗复辟中兴。当为百代不迁之庙。台省官等又议云。则天为居摄。则中宗非中兴之主。不得为不迁之庙。以愚所裁。皆非得礼之中也。案礼官与台省官等议。但以为中宗非中兴。故不得为不迁之宗。曾不知虽实为中兴。亦不得为不迁之庙。何则。祖有功而宗有德。盖谓始有功者为祖。始有德者为宗。非谓后代有功有德者尽为祖宗也。礼纬云。唐虞立二昭二穆。与太祖之庙为五。夏不立太祖之庙。四庙而已。至后代以禹为宗。亦立五庙。其馀仲康复厥位。少康代寒浞。岂非嗣夏中兴哉。并无祖宗之号。至殷以契为始祖。初立五庙。后代以汤为宗。遂立六庙。太戊武丁之徒。虽有中宗高宗之名。盖子孙加之懿号而已。亦无不祧之说。周人以后稷为始祖。后代又祖文王而宗武王。遂立七庙。唐虞夏殷周。虽立庙之数不同。其实亲亲之庙。皆以四为准。礼记王制云。天子七庙。三昭三穆。与太祖之庙七。盖后稷文武三庙为不迁。其馀成康已降。尽为祧庙。故周礼守祧注云。先公之祧。祔于后稷之庙。先王之祧。祔于文武之庙。若以为后代有功有德者尽为不迁之庙。则成康刑措。宣王中兴。平王东周之始王。并无不祧之说。岂非有功有德哉。盖以为七庙之数既定。若亲尽之庙不毁。则亲亲之昭穆无所设矣。故不得不祧耳。至汉承秦灭学之后。诸儒不通大义。匡衡贡禹之徒遂建议云。高帝为太祖。孝文为太宗。孝武为世宗。孝宣为中宗。惠景已下为迁庙。适值汉祚不永。昭成已降。德不逮于四君。向若汉有八百之祚。继德之君有若孝文孝武者七人。尽为不迁之庙。岂可后代遂不祀其祖祢哉。不经之言。孰甚于此。又有以七庙之外。别立祖宗之庙为说者。以理推之。尤为不可。假如圣朝以景皇帝为太祖。神尧大圣大光孝皇帝为高祖。文武大圣大广孝皇帝为太宗。别列昭穆之庙六。合不迁之庙为九。盖以为积厚者流泽广。故以增亲亲之庙六矣。夫传无穷者。为万代计。国家以圣生圣。以明继明。无非有德之宗。尽为有功之祖。则百祖千宗。尽居别庙。于礼又可乎。必若俟其褒贬。然后定祧迁。则是臣子有轻议之非。万代无可传之法。考殷周则无据。言情理则两乖。考古宜今。孰云可者。曷若削汉朝不经之说。徵殷周可久之文。从亲尽则迁之常规。为万代不朽之定制。不易亲亲之祀。终无惑惑之疑。诚一王之盛典也。谨议。","周相录《元稹年谱新编》，上海古籍出版社版2004年版，第62页",,,,"欧阳丹"
"唐","元稹","元和元年","806","7",,"28","","京畿道","京兆府","长安",,"陕西","西安市",,"108.946306","34.347436","左拾遗","盩厔尉权摄昭应县白居易作诗寄元稹、李翱，元稹酬和。","白居易","《酬乐天》","Poem","酬乐天
放鹤在深水，置鱼在高枝。升沈或异势，同谓非所宜。君为邑中吏，皎皎鸾凤姿。顾我何为者，翻侍白玉墀。昔作芸香侣，三载不暂离。逮兹忽相失，旦夕梦魂思。崔嵬骊山顶，宫树遥参差。祗得两相望，不得长相随。多君岁寒意，裁作秋兴诗。上言风尘苦，下言时节移。官家事拘束，安得携手期。愿为云与雨，会合天之垂。","周相录《元稹年谱新编》，上海古籍出版社版2004年版，第62页",,,,"欧阳丹"
"唐","元稹","元和元年","806","8","13","28","","京畿道","京兆府","长安","延英殿","陕西","西安市",,"108.946306","34.347436","左拾遗","延英昭对。","唐宪宗",,"","","周相录《元稹年谱新编》，上海古籍出版社版2004年版，第56页",,,,"欧阳丹"
"唐","元稹","元和元年","806",,,"28","","京畿道","京兆府","长安",,"陕西","西安市",,"108.946306","34.347436","左拾遗","是年，上书言政事。","唐宪宗","《论西戎表》","Article","论西戎表
蒙恩顾问。窃见陛下患戎之意深矣。自贞元以来。国家所以甘亿兆之费于塞下。盖以犬戎有侵轶之患。而边人思守御之利也。然而河湟之地日削。田莱之业日空。塞下之人日亡。戎狄之心日炽。若此非他。不得备之之术也。且臣闻之。君之命帅。帅之命将。将之使卒。犹心之使臂。臂之使指。然后敌可擒而军可制也。今之屯戍者则不然。众其城堡。异其师长。获一马则图功。虏一戎则告捷。至于屠县道掠万人。则曰力弱不足以应敌。援寡不足以摧凶。苟谨闲缮完不失其守者。则朝廷议赏之不给。又孰肯摧锋刃冒殊死。而出入于系虏哉。此又非他。众分力散。而责师之刑无所加也。而又加之以为农者不教战。屯聚者不兼农。寇至则卒伍被甲而乘城。野人空弮以应敌。此又耕战之术不修。而屯聚之方太逸也。今夫邠岐汧陇之地。皆后稷公刘之所理也。土宜植物。人务稼穑。陛下诚能使本道节制。广于荒隙。大建屯田。塞下诸军。除使令守防之外。一切出之于野。限人名田。复其租入。然后因其阡陌。制之闾井。因其卒伍。树之师长。固其塍堑。以备不虞。犬戎适至。则有连阡接畛之兵。戎骑才归。则复耰锄穫耨之事。若此。则曩时之聚食者。尽归之于服勤之农矣。前此之系虏者。尽化为守御之兵矣。三五年间。塞下有相因之粟。边人无侵轶之虞。陛下又董之以良帅。威之以必刑。则彼琐琐之戎。陛下将署其君长。征其牛羊。奴虏以擒之可也。蝼蚁以攘之可也。又何必询王恢。使苏武。用晁错。访娄敬。而后复河湟称即叙哉。此备戎之大略也。方今犹有急于此者。臣敢冒昧殊死而言之。臣闻善奕棋者。将劫其棋。必固其羸。是以敌可杀而地不危。今庸蜀有犬吠之惊。南蛮绝贡诚之路。陛下又辍边将以统问罪之师。脱或蜂虿相完。尚稽天讨。兵连不解。绵夏涉秋。则犬戎乘衅启心之日也。陛下其图之。臣无任恳款忧边之至。","周相录《元稹年谱新编》，上海古籍出版社版2004年版，第60页",,,,"欧阳丹"
"唐","元稹","元和元年","806",,,"28","","京畿道","京兆府","长安",,"陕西","西安市",,"108.946306","34.347436","左拾遗","是年，上书言政事。","唐宪宗","《献事表》","Article","献事表
臣闻理乱之始。各有萌象。二者无门。在君上启之而巳。所谓萌象。岂有他哉。容直言。广视听。躬勤庶务。委信大臣。使左右近习者不敢蔽疏远之臣庶。此理之象也。此而不理。万无一焉。大臣不亲。直言不进。抵忌讳者杀。犯左右者刑。与一二近习者决事于深宫之中。群臣莫得参筹画。此乱之萌也。此而不乱。亦万无一焉。是以古者人君即位之始。萌象未见之时。必有狂直敢言之士。抵忌讳。献危言。在上者苟或宥而容之。激而进之。则天下之君子望风而悦曰。彼之狂而犹容于上。上之人其欲来天下之士乎。吾之道可以行矣。其小人竦利而喜曰。彼之直可以得幸于上。吾将直言以徼利可也。由是天下之贤不肖。各以所忠贡言于上。上下之志。霈然而通。得失之情。幽远必达。合天下之智。理万物之心。人人乐得其所。戴其上如赤子之亲慈母也。虽欲诱之为乱。其可得乎。臣故曰容直言广视听而不理者。万无一焉。及夫进计者入而不出。直言者戮而不容。则天下之君子自谋于心曰。与其言且不用而身为戮。吾宁危行言逊。以保其终乎。其小人择利而喜曰。君之所恶者。拂心逆耳之言也。吾将苟顺是非以事之可也。由是进见者草而不内。言事者寝而不闻。若此则十步之事。不得见也。朝廷之情。不得闻也。而况于天下之大。四方之远乎。故曰聋瞽之君。非无耳目也。盖左右前后者屏蔽之不使视听尔。此而不乱。其可得哉。昔太宗文皇帝初即位时。天下之人。莫有谏者。唯孙伏伽尝以小事特谏于上。文皇帝大悦。厚赐田宅以勉之。自是言事者惟惧乎言不直。谏不极。不能激文皇帝之盛意。曾不以触龙鳞犯忌讳为不可矣。于是房杜王魏之徒。议可否于前。天下四方之人。言得失于外。不四三年。而天下大理。岂文皇独运聪明于上哉。盖亦群下各尽其言。以宣扬发畅于天下也。且夫乐全安而恶戮辱。古今之情一也。岂独贞观之人。轻犯忌讳。而不恶戮辱哉。盖文皇激而进之之功也。喜顺从而怒謇犯。亦古今之情一也。岂独文皇甘逆耳而怒从心哉。盖以顺从之利轻。而危亡之祸大。无穷之业重。而奉己之事微。思为子孙垂不朽建永安之计也。为后嗣者。其可顺一朝之意。而轻用文皇之天下乎。累圣传序。于今垂二百年矣。莫不率由斯道。致俗和平。况陛下以上圣之资。绍复前统。即位之日。天下惟新。罪叔文之徒。而凶邪之党散。悬惠琳之首。而悖乱之气消。发承光之诈。而假威之孽除。反焦陂之田。而蒸庶之情感。其馀涤瑕缓死。薄赋恤人。赐帛耆年。旌闾孝悌。修废学。建义仓。莫不曲被殊私。覃于有截。斯皆陛下上法尧舜。近法太宗。致理之萌形见者数十。岂臣庸劣一二而能明。然而臣窃复孜孜咄咄有所未决者。独以陛下即位巳来。既周岁矣。百辟卿士。至于天下四方之人。曾未有献一计进一言。受陛下伏伽之赏者。左右前后。拾遗补阙。亦未有奏一封执一谏。受陛下激而进之之劝者。设谏鼓。置匦函。曾未闻雪一冤决一事。明陛下无幽不察之意者。若臣等备位谏列。名为供奉官。旷日弥年。不得召见。每就位。屏气鞠躬。不敢仰视。又安暇议得失献可否哉。供奉官尚尔。又况于疏远之臣庶。虽有特达不群之智。思欲自效。其路何阶。遂使凡今之人。以谏鼓匦函为虚器。谓拾遗补阙为冗员。臣窃思之。以陛下之睿博宏深。励精求理。岂或入而不出。言而不用哉。盖群下因循不能有所发明之罪也。且臣思之。今之备召见承顾问者。独一二执政而巳。每一对扬。不及俄顷之间。议天下之事。臣窃料之。恭承圣问仰谢宠光之不暇。又安暇陈理乱议教化哉。其馀琐琐有司。或时一召见。言薄书之出入。计钱榖之登降不暇。又安足置牙齿间。臣窃惟陛下以景命惟新之初。何如贞观致理之后。当贞观致理之后。以房杜王魏匡辅之智。而犹上封进计者荐至。献可替否者日闻。今陛下当致理之初。在四方多虞之日。然而言事进计者。终岁无一人。岂非群下因循窃位之罪乎。若臣稹者。禀性驽钝。昧然无识。然以当陛下临御之始。首陛下策贤之科。擢授谏司。恩迈常品。若复默默与在位者处。则臣莫大之罪。亦迈于常品矣。辄敢冒昧殊死。件奏十事于后。一曰教太子以崇邦本。二曰封宗王以固磐石。三曰出宫人以消水旱。四曰嫁诸女以遂人伦。五曰无时召宰相以讲庶政。六曰序次对百辟以广聪明。七曰复正衙奏事以示躬亲。八曰许方幅纠弹以慑奸佞。九曰禁非时贡献以绝诛求。十曰省出入畋游以防衔蹶。凡此十者。设使言之而是。是而见用。非臣之福也。天下之福也。苟或言之而非。非而见罪。乃臣之分也。亦臣之愿也。无任恳悃奋激效节爱时之至。谨诣东上阖门奏表并事件以闻。臣稹诚惶诚恐顿首顿首死罪死罪。谨言。","周相录《元稹年谱新编》，上海古籍出版社版2004年版，第60页",,,,"欧阳丹"
"唐","元稹","元和元年","806",,,"28","","京畿道","京兆府","长安",,"陕西","西安市",,"108.946306","34.347436","左拾遗","是年，上书言政事。","唐宪宗","《论教书本》","Article","论教本书
臣伏见陛下降明诏。修废学。增冑子。选司成。大哉尧之为君。伯夷典礼夔教冑子之深旨也。然而事有万万急于此者。敢冒死而言之。臣闻诸贾生曰。三代之君仁且久者。教之然也。诚哉是言。且夫周成王。人之中才也。近管蔡则谗入。有周召则义闻。岂可谓天聪明哉。然而克终于道者。得不谓教之然耶。始其为太子也。未生胎教。既生保教。太公为之师。周公为之傅。召公为之保。伯禽唐叔与之游。礼乐诗书为之习。目不得阅淫艳妖诱之色。耳不得闻优笑凌乱之声。口不得习操断击搏之书。居不得近容顺阴邪之党。游不得恣追禽逐兽之乐。玩不得有遐异僻绝之珍。凡此数者。非谓备之于前而不为也。亦将不得见而为之矣。及其长而为君也。血气既定。游习既成。虽有放心快已之事日陈于前。固不能夺巳成之习巳定之心矣。则彼忠直道德之言。固吾之所习闻也。陈之者有以谕焉。回佞庸违之说。固吾之所积惧也。谄之者有以辨焉。人之情。莫不欲耀其所能。而党其所近。苟将得志。则必快其所蕴矣。物之性亦然。是以鱼得水而游。马逸驾而走。鸟乘风而翔。火得薪而炽。此皆物之快其所蕴也。今夫成王。所蕴道德也。所近圣贤也。是以举其近。则周公左而召公右。伯禽鲁而太公齐。快其蕴。则兴礼乐而朝诸侯。措刑罚而美教化。教之至也。可不谓信然哉。及夫秦则不然。灭先王之学。曰将以愚天下。黜师保之位。曰将以明君臣。胡亥之生也。诗书不得闻。圣贤不得近。彼赵高者。诈宦之戮人也。而傅之以残忍戕贼之术。且日恣睢天下以为贵。莫见其面以为尊。是以天下之人未尽愚。而胡亥固巳不能分兽畜矣。赵高之威慑天下。而胡亥巳自幽于深宫矣。彼李斯者。秦之宠丞相也。因谗冤死。无以自明。而况于疏远之臣庶乎。若此。则秦之亡。有以致之也。汉高承之以兵革。汉文守之以廉谨。卒不能苏复大训。是以景武昭宣。天资甚美。才可以免祸乱。哀平之间。则不能虞篡弑矣。然而惠帝废易之际。犹赖羽翼以胜其邪心。是后有国之君议教化者。莫不以兴廉举孝设学崇儒为意。曾不知教化之不行。自贵者始。略其贵者。教其贱者。无乃邻于倒置乎。洎我太宗文皇帝之在藩邸以至于为太子也。选知道德者十八人。与之游习。即位之后。虽宴游饮食之间。若十八人者实在其中。上失无不言。下情无不达。不四三年。而名高盛古。岂一日二日而致是乎。游习之渐也。贞观巳还。师傅之官。皆宰相兼领。其馀宫僚。选亦甚重。马周以位高。恨不得为司议郎。此其验也。文皇之后。渐疏贱之。至于母后临朝。剪弃王族。当中睿二圣危难之际。虽有骨鲠敢言之士。既不得在调护保安之职。终不能措扶卫之一词。而令匠胡安金藏剖腹以明之。岂不大哀哉。兵兴以来。兹弊尤甚。师资保傅之官。非疾废眊瞆不任事者为之。即休戎罢帅不知书者处之。至于友谕赞议之徒。疏冗散贱之士。甚者搢绅耻之。夫以匹夫之爱其子。犹求明哲慈惠之师以教之。直谅多闻之友以成之。岂天下之元子。而可以疾废眊瞆不知书者为之师。疏冗散贱不适用者为之友乎。此何不及上古之甚也。近制宫僚之外。往往以沉滞僻老之儒充侍直侍读之选。而又疏弃斥远之。越月踰时。不得召见。彼又安能傅成道德而保养其躬哉。臣以为积此弊者。岂不以皇天眷佑。祚我唐德。以舜继舜。以尧继尧。传陛下十一圣矣。莫不生而神明。长而仁圣。以是为屑屑习仪者。故不之省耳。臣独以为于列圣之谋则可也。计无穷之业以传后嗣则不可。脱或万代之后。有若周成王之中才者。而又生于深宫优笑之间。无周召保助之教。则将不能知喜怒哀乐之所自矣。况稼穑之艰难乎。今陛下以上圣之资。肇临海内。是天下之人倾耳注目之日也。特愿陛下思成王训导之功。念文皇游习之渐。选重师保。慎简宫寮。皆用博厚宏深之儒。而又练达机务者为之。更进迭见。日就月将。因令皇太子洎诸王定齿冑讲业之仪。行严师问道之礼。至德要道以成之。撤膳记过以警之。血气未定。则辍禽色之娱以就学。圣质既备。则资游习之善以宏德。此所谓一人元良。万国以贞之化也。岂直修废学选司成而足伦匹其盛哉。而又俾则百王。莫不幼同师。长同术。识君道之素定。知天伦之自然。然后选用贤良。树为藩屏。出则有晋郑鲁卫之盛。入则有东牟朱虚之强。盖所谓宗子维城。犬牙磐石之势也。又岂与夫魏晋以降。囚贼其兄弟。而自剪其本枝者。同年而语乎。微臣窃不自揆。思为陛下建永永无穷之长算。辄敢冒昧殊死而言之。臣稹谨奏。","周相录《元稹年谱新编》，上海古籍出版社版2004年版，第60页",,,,"欧阳丹"
"唐","元稹","元和元年","806",,,"28","","京畿道","京兆府","长安",,"陕西","西安市",,"108.946306","34.347436","左拾遗","是年，上书言政事。","唐宪宗","《论谏职表》","Article","论谏职表
臣闻先王之制禄也。居其位而不行其职者诛。是以上无虚授。下不隐情。臣窃观今之备位素餐不得其职者。莫过于臣辈。臣闻太宗文皇帝时。王圭魏徵为谏官。文皇虽宴游寝食之间。王魏实在其所。用至于文皇发一言。则王魏善之而后出。举一事。则王魏虑之而后行。以文皇之明。合王魏之智。是以举无遗事。言有典常。文皇犹以为视听之未广也。因命三品以上入议军国大政。必遣谏官一人随入以参验之。当是之时。司股肱耳目之任者。有君臣之义焉。有父子之恩焉。有朋友之欢焉。是以否无不替。可无不行。不四三年。而天下大理。蛮夷君长带刀入侍者。不可胜计。岂干戈征伐之所致乎。盖拥蔽之患销。而幽远之情达也。若此然后可以称天子之诤臣矣。近之司谏诤者则不然。大不得备召见。次不得参时政。排行就列。累累而巳。且臣闻之。谏官之职。曰左右前后拾遗补阙。大则廷议。小则上封。近年已来。正衙不奏事。庶官罢廷对。若此则不见遗阙。补拾何阶。不得敷陈。廷议安设。其所谓举谏职者。唯独诰令有不便。除授有不当。则奏一封执一见而已。以臣思之。君臣之际。论列是非。讽谕于未形。筹画于至密。尚不能回至尊之盛意。备谗慝之巧言。而况于既行之诰令。已命之除授。然后奏一封执一见。思欲收丝纶之诏。回日月之光。信无裨于万一矣。至使凡今之人。以上封进计为妄动。拾遗补阙为冗员。以此称供奉官。与王圭魏徵为等列。臣虽至愚能不自愧。且陛下若以为臣等无所裨补。不足参侍从。固不当假以名器。立之于朝。苟以为务广聪明。稍关理道。又不当屏弃疏贱之。使至于此。伏愿陛下许臣于延英候对。召臣一见。赐以温颜。使臣得尽愚恳之诚。备陈谏官之职。苟或言有可采。得裨陛下万分之一。是臣千载之一时也。如或言不诣理。尘黩圣聪。则臣自寘刑书。以谢谬官之罪。亦臣之所以甘心也。无任恳款发愤效职忘躯之至。谨诣东上閤门奉表以闻。","周相录《元稹年谱新编》，上海古籍出版社版2004年版，第60页",,,,"欧阳丹"
"唐","元稹","元和元年","806",,,"28","","京畿道","京兆府","长安",,"陕西","西安市",,"108.946306","34.347436","左拾遗","是年，上书言政事。","唐宪宗","《论追制表》","Article","论追制表
臣闻令之必行于下者信也。令苟不信。患莫大焉。今陛下初临宇内。务切黎元。至于牧守字人之官。所宜详择。苟未得人。不当虚授。苟或任使。不可屡迁。臣窃见近除宁州刺史论傪虔州刺史高宏本通州刺史豆卢靖。曾不涉旬。并已追制。又以杜兼为苏州刺史。行未半途。复改郎署。臣不知谁请于陛下而授之。谁请于陛下而追之。追之是。则授之非。授之是。则追之非。以非为是者罚必加。然后人不敢轻其举。以是为非者罪必及。然后下不敢用其私。此先王所以不令而人从。不言而人信。岂异事哉。率是道也。今陛下如纶之令朝降。反污之诏夕施。纷纷纭纭。无所归咎。臣窃恐陛下之令。未能取信于朝廷。而况于取信天下乎。臣伏愿陛下徵举者之词。察追者之请。若举者之词直。则请而追之者不得无过。若追之者理胜。则举而授之者不得无辜。赏罚是非。所宜明当。况陛下肇临黎庶。教化惟新。诰令之间。四方所仰。小有得失。天下必闻。臣实庸愚。谬居谏列。职当言责。不敢偷安。苟有所裨。万死无恨。无任愚迫恳款之至。","周相录《元稹年谱新编》，上海古籍出版社版2004年版，第60页",,,,"欧阳丹"
"唐","元稹","元和元年","806",,,"28","","京畿道","京兆府","长安",,"陕西","西安市",,"108.946306","34.347436","左拾遗","秋，有感秋之诗。","","《秋堂夕》","Poem","秋堂夕
炎凉正回互，金火郁相乘。云雷时交构，川泽方蒸腾。清风一朝胜，白露忽已凝。草木凡气尽，始见天地澄。况此秋堂夕，幽怀旷无朋。萧条帘外雨，倏闪案前灯。书卷满床席，蟏蛸悬复升。啼儿屡哑咽，勌僮时寝兴。泛览昏夜目，咏谣畅烦膺。况吟获麟章，欲罢久不能。尧舜事已远，丘道安可胜。蜉蝣不信鹤，蜩鴳肯窥鹏。当年且不偶，没世何必称。胡为揭闻见，褒贬贻爱憎。焉用汨其泥，岂在清如冰。非白又非黑，谁能点青蝇。处世苟无闷，佯狂道非弘。无言被人觉，予亦笑孙登。","周相录《元稹年谱新编》，上海古籍出版社版2004年版，第62页",,,,"欧阳丹"
"唐","元稹","元和元年","806",,,"28","","京畿道","京兆府","长安",,"陕西","西安市",,"108.946306","34.347436","左拾遗","秋，有感秋之诗。","","《含风夕》","Poem","含风夕
炎昏勌烦久，逮此含风夕。夏服稍轻清，秋堂已岑寂。载欣凉宇旷，复念佳辰掷。络纬惊岁功，顾我何成绩。青荧微月钩，幽晖洞阴魄。水镜涵玉轮，若见渊泉璧。参差帘牖重，次第笼虚白。树影满空床，萤光缀深壁。怅望牵牛星，复为经年隔。露网袅风珠，轻河泛遥碧。讵无深秋夜，感此乍流易。亦有迟暮年，壮年良自惜。循环切中肠，感念追往昔。接瞬无停阴，何言问陈积。馨香推蕙兰，坚贞谕松柏。生物固有涯，安能比金石。况兹百龄内，扰扰纷众役。日月东西驰，飞车无留迹。来者良未穷，去矣定奚适。委顺在物为，营营复何益。","周相录《元稹年谱新编》，上海古籍出版社版2004年版，第62页",,,,"欧阳丹"
"唐","元稹","元和元年","806","9","10","28","","京畿道","京兆府","长安",,"陕西","西安市",,"108.946306","34.347436","河南尉","因屡次上书言事，为执政所忌，出为河南尉。","唐宪宗",,"","","周相录《元稹年谱新编》，上海古籍出版社版2004年版，第56页",,,,"欧阳丹"
"唐","元稹","元和元年","806","9",,"28","",,,,,,,,"0","0","河南尉","与监察御史贬河南府功曹参军裴度同赴东都，途中得诗，姑系于此。","裴度","《华之巫》","Poem","华之巫
有一人兮神之侧，庙森森兮神默默。神默默兮可奈何，愿一见神兮何可得。女巫索我何所有，神之开闭予之手。我能进若神之前，神不自言寄予口。尔欲见神安尔身，买我神钱沽我酒。我家又有神之盘，尔进此盘神尔安。此盘不进行路难，陆有摧车舟有澜。我闻此语长太息，岂有神明欺正直。尔居大道谁南北，恣矫神言假神力。假神力兮神未悟，行道之人不得度。我欲见神诛尔巫，岂是因巫假神祜。尔巫，尔巫。尔独不闻乎？与其媚于奥，不若媚于灶。使我倾心事尔巫，吾宁驱车守吾道。尔巫尔巫且相保，吾心自有丘之祷。","周相录《元稹年谱新编》，上海古籍出版社版2004年版，第57页；周相录《元稹集校注》，上海古籍出版社版2011年版，第764页",,,,"欧阳丹"
"唐","元稹","元和元年","806","9",,"28","",,,,,,,,"0","0","河南尉","与监察御史贬河南府功曹参军裴度同赴东都，途中得诗，姑系于此。。","裴度","《庙之神》","Poem","庙之神
我马烦兮释我车，神之庙兮山之阿。予一拜而一祝，祝予心之无涯。涕汍澜而零落，神寂默而无哗。神兮，神兮。奈神之寂默而不言何，复再拜而再祝。鼓吾腹兮歌吾歌，歌曰。今耶，古耶。有耶，无耶。福不自神耶，神不福人耶。巫尔惑耶，稔而诛耶。谒不得耶，终不可谒耶。返吾驾而遵吾道，庙之木兮山之花。","周相录《元稹年谱新编》，上海古籍出版社版2004年版，第57页；周相录《元稹集校注》，上海古籍出版社版2011年版，第765页",,,,"欧阳丹"
"唐","元稹","元和元年","806","9",,"28","","都畿道","河南府","洛阳",,"河南","洛阳市",,"112.460033","34.624376","河南尉","至洛阳。","",,"","","周相录《元稹年谱新编》，上海古籍出版社版2004年版，第57页",,,,"欧阳丹"
"唐","元稹","元和元年","806","9",,"28","","都畿道","河南府","洛阳",,"河南","洛阳市",,"112.460033","34.624376","河南尉","母郑氏卒。闻母卒。","",,"","","周相录《元稹年谱新编》，上海古籍出版社版2004年版，第57页",,,,"欧阳丹"
"唐","元稹","元和元年","806","9",,"28","","京畿道","京兆府","长安",,"陕西","西安市",,"108.946306","34.347436",,"回长安。丁母忧。","",,"","","周相录《元稹年谱新编》，上海古籍出版社版2004年版，第57页",,,,"欧阳丹"
"唐","元稹","元和元年","806",,,"28","","京畿道","京兆府","长安",,"陕西","西安市",,"108.946306","34.347436",,"丁母忧。有诗。","","《赋得九月尽》","Poem","赋得九月尽
霜降三旬后，蓂馀一叶秋。玄阴迎落日，凉魄尽残钩。半夜灰移琯，明朝帝御裘。潘安过今夕，休咏赋中愁。","周相录《元稹年谱新编》，上海古籍出版社版2004年版，第62页",,,,"欧阳丹"
"唐","元稹","元和元年","806",,,"28","","京畿道","京兆府","长安",,"陕西","西安市",,"108.946306","34.347436",,"丁母忧。有诗。","","《赋得雨后花》","Poem","赋得雨后花
红芳怜静色，深与雨相宜。馀滴下纤蕊，残珠堕细枝。浣花江上思，啼粉镜中窥。念此低回久，风光幸一吹。","周相录《元稹年谱新编》，上海古籍出版社版2004年版，第62页",,,,"欧阳丹"
"唐","元稹","元和二年","807",,,"29","","京畿道","京兆府","长安",,"陕西","西安市",,"108.946306","34.347436",,"丁母忧。","",,"","","周相录《元稹年谱新编》，上海古籍出版社版2004年版，第62页",,,,"欧阳丹"
"唐","元稹","元和二年","807","2",,"29","","京畿道","京兆府","咸阳","洪渎原","陕西","咸阳市",,"108.715712","34.335599",,"郑氏葬于咸阳县奉贤乡洪渎原。白居易为撰墓志铭。","白居易",,"","","周相录《元稹年谱新编》，上海古籍出版社版2004年版，第62页",,,,"欧阳丹"
"唐","元稹","元和三年","808",,,"30","","京畿道","京兆府","长安",,"陕西","西安市",,"108.946306","34.347436",,"丁母忧。","",,"","","周相录《元稹年谱新编》，上海古籍出版社版2004年版，第62页",,,,"欧阳丹"
"唐","元稹","元和三年","808",,,"30","","江南东道","杭州",,,"浙江","杭州市",,"120.161693","30.280059",,"是年，曾游海门。","",,"","","周相录《元稹年谱新编》，上海古籍出版社版2004年版，第63页",,,,"欧阳丹"
"唐","元稹","元和三年","808","7",,"30","","京畿道","京兆府","长安",,"陕西","西安市",,"108.946306","34.347436",,"与白居易进行唱和，有诗。","白居易","《和乐天招钱蔚章看山绝句》","Poem","和乐天招钱蔚章看山绝句
碧落招邀闲旷望，黄金城外玉方壶。人间还有大江海，万里烟波天上无。","周相录《元稹年谱新编》，上海古籍出版社版2004年版，第63页",,,,"欧阳丹"
"唐","元稹","元和三年","808","12",,"30","","京畿道","京兆府","长安",,"陕西","西安市",,"108.946306","34.347436",,"母服除。丁母忧期间，白居易曾资助之。","白居易",,"","","周相录《元稹年谱新编》，上海古籍出版社版2004年版，第63页",,,,"欧阳丹"
"唐","元稹","元和四年","809","2",,"31","","京畿道","京兆府","长安",,"陕西","西安市",,"108.946306","34.347436","监察御史","除监察御史，系宰相裴垍提拔。","裴垍",,"","","周相录《元稹年谱新编》，上海古籍出版社版2004年版，第63页",,,,"欧阳丹"
"唐","元稹","元和四年","809","3",,"31","","京畿道","京兆府","长安",,"陕西","西安市",,"108.946306","34.347436","监察御史","充剑南东川详覆使，按任敬仲狱。","任敬仲",,"","","周相录《元稹年谱新编》，上海古籍出版社版2004年版，第64页",,,,"欧阳丹"
"唐","元稹","元和四年","809","3","7","31","","京畿道","京兆府","盩厔","骆谷道","陕西","西安市","周至县","108.228551","34.169587","监察御史","自长安出发，经骆谷道。","",,"","","周相录《元稹年谱新编》，上海古籍出版社版2004年版，第64页",,,,"欧阳丹"
"唐","元稹","元和四年","809","3",,"31","","京畿道","京兆府","盩厔","骆口驿","陕西","西安市","周至县","108.228551","34.169587","监察御史","过骆口驿，见白居易、崔韶、李逢吉、王质夫题名与题诗，拂拭赏叹，留恋久之，有诗。","","《使东川·骆口驿二首》","Poem","使东川 其一 骆口驿二首
邮亭壁上数行字，崔李题名王白诗。尽日无人共言语，不离墙下至行时。
使东川 其二 骆口驿二首
二星徼外通蛮服，五夜灯前草御文。我到东川恰相半，向南看月北看云。","周相录《元稹年谱新编》，上海古籍出版社版2004年版，第65页；周相录《元稹集校注》，上海古籍出版社版2011年版，第529页",,,,"欧阳丹"
"唐","元稹","元和四年","809","3",,"31","","京畿道","京兆府","盩厔","青山驿","陕西","西安市","周至县","108.228551","34.169587","监察御史","过青山驿，有诗。","","《使东川·邮亭月》","Poem","使东川 邮亭月
君多务实我多情，大抵偏嗔步月明。今夜山邮与蛮嶂，君应坚卧我还行。","周相录《元稹集校注》，上海古籍出版社2011年版，第529页",,,,"欧阳丹"
"唐","元稹","元和四年","809","3",,"31","","山南西道","兴元府","城固",,"陕西","汉中市","城固县","107.340332","33.162351","监察御史","过城固。","",,"","","周相录《元稹年谱新编》，上海古籍出版社版2004年版，第66页",,,,"欧阳丹"
"唐","元稹","元和四年","809","3",,"31","","山南西道","兴元府",,"汉江","陕西","汉中市",,"107.030197","33.07382","监察御史","沿汉江自东向西，有诗。","","《使东川·南秦雪》","Poem","使东川 南秦雪
帝城寒尽临寒食，骆谷春深未有春。才见岭头云似盖，已惊岩下雪如尘。千峰笋石千株玉，万树松萝万朵银。飞鸟不飞猿不动，青骢御史上南秦。","周相录《元稹年谱新编》，上海古籍出版社版2004年版，第66页；周相录《元稹集校注》，上海古籍出版社版2011年版，第531页",,,,"欧阳丹"
"唐","元稹","元和四年","809","3",,"31","","山南西道","兴元府",,"汉江","陕西","汉中市",,"107.030197","33.07382","监察御史","沿汉江自东向西，有诗。","","《使东川·江上行》","Poem","使东川 江上行
闷见汉江流不息，悠悠漫漫竟何成。江流不语意相问，何事远来江上行。","周相录《元稹年谱新编》，上海古籍出版社版2004年版，第66页；周相录《元稹集校注》，上海古籍出版社版2011年版，第533页",,,,"欧阳丹"
"唐","元稹","元和四年","809","3",,"31","","山南西道","兴元府",,"汉川驿","陕西","汉中市",,"107.030197","33.07382","监察御史","至汉川驿，梦与李建、白居易同游曲江及慈恩寺诸院，有诗。","","《使东川·梁州梦》","Poem","使东川 梁州梦
梦君同绕曲江头，也向慈恩院院游。亭吏呼人排去马，忽惊身在古梁州。","周相录《元稹年谱新编》，上海古籍出版社版2004年版，第页；周相录《元稹集校注》，上海古籍出版社版2011年版，第531页",,,,"欧阳丹"
"唐","元稹","元和四年","809","3",,"31","","山南西道","兴元府","褒城","褒城驿","陕西","汉中市",,"107.030197","33.07382","监察御史","至褒城驿，有诗。","","《褒城驿》","Poem","褒城驿
严秦修此驿，兼涨驿前池。已种千竿竹，又栽千树梨。四年三月半，新笋晚花时。怅望东川去，等闲题作诗。","周相录《元稹年谱新编》，上海古籍出版社版2004年版，第66页；周相录《元稹集校注》，上海古籍出版社版2011年版，第459页",,,,"欧阳丹"
"唐","元稹","元和四年","809","3",,"31","","山南西道","兴元府","褒城",,"陕西","汉中市",,"107.030197","33.07382","监察御史","在褒城，有诗。","","《使东川·亚枝红》","Poem","使东川 亚枝红
平阳池上亚枝红，怅望山邮事事同。还向万竿深竹里，一枝浑卧碧流中。","周相录《元稹年谱新编》，上海古籍出版社版2004年版，第66页；周相录《元稹集校注》，上海古籍出版社版2011年版，第530页",,,,"欧阳丹"
"唐","元稹","元和四年","809","3",,"31","","山南西道","兴元府","褒城",,"陕西","汉中市",,"107.030197","33.07382","监察御史","在褒城，遇故人黄明府，见窦群去年题诗，题诗“应好池”。有诗。","黄明府","《黄明府诗》","Poem","黄明府诗
少年曾痛饮，黄令苦飞觥。席上当时走，马前今日迎。依稀迷姓氏，积渐识平生。故友身皆远，他乡眼暂明。便邀连榻坐，兼共榜船行。酒思临风乱，霜棱埽地平。不堪深浅酌，贪怆古今情。逦迤七盘路，坡陁数丈城。花疑褒女笑，栈想武侯征。一种埋幽石，老闲千载名。","周相录《元稹年谱新编》，上海古籍出版社版2004年版，第66页；周相录《元稹集校注》，上海古籍出版社版2011年版，第528页",,,,"欧阳丹"
"唐","元稹","元和四年","809","3",,"31","","山南西道","兴元府","西县",,"陕西","汉中市",,"107.030197","33.07382","监察御史","复西行，有诗。","","《使东川·清明日》","Poem","使东川 清明日
常年寒食好风轻，触处相随取次行。今日清明汉江上，一身骑马县官迎。","周相录《元稹年谱新编》，上海古籍出版社版2004年版，第69页；周相录《元稹集校注》，上海古籍出版社版2011年版，第529页","据《两千年中西历对照表》知清明当在农历三月十七日左右。",,,"欧阳丹"
"唐","元稹","元和四年","809","3","15","31","","山南西道","兴元府","西县","白马驿","陕西","汉中市","勉县","106.679566","33.159925","监察御史","至西县白马驿，回忆往事，有诗。","","《使东川·汉江上笛》","Poem","使东川 汉江上笛
小年为写游梁赋，最说汉江闻笛愁。今夜听时在何处，月明西县驿南楼。","周相录《元稹年谱新编》，上海古籍出版社版2004年版，第67页；周相录《元稹集校注》，上海古籍出版社版2011年版，第533页","据周相录考证：《汉江上笛》题下注云：“二月十五日夜，于西县白马驿南楼闻笛怅然。”但元稹三月七日才出长安，故“二”当时“三”形近之讹。",,,"欧阳丹"
"唐","元稹","元和四年","809",,,"31","","山南西道","兴元府","西县","西县驿","陕西","汉中市","勉县","106.679566","33.159925","监察御史","经西县驿，有诗。","","《使东川·西县驿》","Poem","使东川 汉江上笛
小年为写游梁赋，最说汉江闻笛愁。今夜听时在何处，月明西县驿南楼。","周相录《元稹年谱新编》，上海古籍出版社版2004年版，第67页；周相录《元稹集校注》，上海古籍出版社版2011年版，第536页",,,,"欧阳丹"
"唐","元稹","元和四年","809","3",,"31","","山南西道","兴元府","西县","百牢关","陕西","汉中市","勉县","106.679566","33.159925","监察御史","复西行，经百牢关，有诗。","","《使东川·百牢关》","Poem","使东川 百牢关
嘉陵江上万重山，何事临江一破颜。自笑只缘任敬仲，等闲身度百牢关。","周相录《元稹年谱新编》，上海古籍出版社版2004年版，第69页；周相录《元稹集校注》，上海古籍出版社版2011年版，第535页",,,,"欧阳丹"
"唐","元稹","元和四年","809","3",,"31","","山南西道","兴元府","西县","百牢关","陕西","汉中市","勉县","106.679566","33.159925","监察御史","复西行，经百牢关，有诗。","","《使东川·夜深行》","Poem","使东川 夜深行
夜深犹自绕江行，震地江声似鼓声。渐见戍楼疑近驿，百牢关吏火前迎。","周相录《元稹年谱新编》，上海古籍出版社版2004年版，第69页；周相录《元稹集校注》，上海古籍出版社版2011年版，第537页",,,,"欧阳丹"
"唐","元稹","元和四年","809","3",,"31","","山南西道","巴州","七盘","七盘岭","四川","巴中市",,"106.753912","31.872851","监察御史","复西行，经七盘岭。","",,"","","周相录《元稹年谱新编》，上海古籍出版社版2004年版，第69页",,,,"欧阳丹"
"唐","元稹","元和四年","809","3",,"31","","山南西道","利州","嘉川","嘉川驿","四川","广元市","旺苍县","106.296233","32.235093","监察御史","至嘉川驿。月夜追忆与李建、白居易、白行简、李复礼、庾顺之游曲江，有诗。","","《使东川·江楼月》","Poem","使东川 江楼月
嘉陵江岸驿楼中，江在楼前月在空。月色满床兼满地，江声如鼓复如风。诚知远近皆三五，但恐阴晴有异同。万一帝乡还洁白，几人潜傍杏园东。","周相录《元稹年谱新编》，上海古籍出版社版2004年版，第69页；周相录《元稹集校注》，上海古籍出版社版2011年版，第532页",,,,"欧阳丹"
"唐","元稹","元和四年","809","3",,"31","","山南西道","利州","嘉川","嘉陵江","四川","广元市",,"105.849993","32.441808","监察御史","经嘉陵江，有诗。","","《离思五首》","Poem","离思五首 其一
自爱残妆晓镜中，环钗谩篸绿丝丛。须臾日射燕脂颊，一朵红苏旋欲融。
离思五首 其二
山泉散漫绕阶流，万树桃花映小楼。闲读道书慵未起，水晶帘下看梳头。
离思五首 其三
红罗著压逐时新，吉了花纱嫩曲尘。第一莫嫌材地弱，些些纰缦最宜人。
离思五首 其四
曾经沧海难为水，除却巫山不是云。取次花丛懒回顾，半缘修道半缘君。
离思五首 其五
寻常百种花齐发，偏摘梨花与白人。今日江头两三树，可怜和叶度残春。","周相录《元稹年谱新编》，上海古籍出版社版2004年版，第84页",,,,"欧阳丹"
"唐","元稹","元和四年","809","3",,"31","","山南西道","利州","嘉川","嘉陵江","四川","广元市",,"105.849993","32.441808","监察御史","经嘉陵江，有诗。","","《使东川·江花落》","Poem","使东川 江花落
日暮嘉陵江水东，梨花万片逐江风。江花何处最肠断，半落江流半在空。","周相录《元稹年谱新编》，上海古籍出版社版2004年版，第84页；周相录《元稹集校注》，上海古籍出版社版2011年版，第535页",,,,"欧阳丹"
"唐","元稹","元和四年","809",,,"31","","山南西道","利州","嘉川","嘉陵江","四川","广元市",,"105.849993","32.441808","监察御史","经嘉陵江，有诗。","","《使东川·嘉陵江二首》","Poem","使东川 其一 嘉陵江二首
秦人惟识秦中水，长想吴江与蜀江。今日嘉川驿楼下，可怜如练绕明窗。
使东川 其二 嘉陵江二首
千里嘉陵江水声，何年重绕此江行。只应添得清宵梦，时见满江流月明。","周相录《元稹年谱新编》，上海古籍出版社版2004年版，第70页；周相录《元稹集校注》，上海古籍出版社版2011年版，第535页",,,,"欧阳丹"
"唐","元稹","元和四年","809","3",,"31","","山南西道","利州",,"大、小漫天岭","四川","广元市",,"105.849993","32.441808","监察御史","经大、小漫天岭。","",,"","","周相录《元稹年谱新编》，上海古籍出版社版2004年版，第70页",,,,"欧阳丹"
"唐","元稹","元和四年","809","3",,"31","","山南西道","利州",,"嘉陵驿","四川","广元市",,"105.849993","32.441808","监察御史","至利州嘉陵驿，忆“崔莺莺”（不确），有诗。","","《使东川·嘉陵驿二首》","Poem","使东川 其一 嘉陵驿二首
嘉陵驿上空床客，一夜嘉陵江水声。仍对墙南满山树，野花撩乱月胧明。
使东川 其二 嘉陵驿二首
墙外花枝压短墙，月明还照半张床。无人会得此时意，一夜独眠西畔廊。","周相录《元稹年谱新编》，上海古籍出版社版2004年版，第70页；周相录《元稹集校注》，上海古籍出版社版2011年版，第535页",,,,"欧阳丹"
"唐","元稹","元和四年","809","3",,"31","","山南西道","利州",,"望喜驿","四川","广元市",,"105.849993","32.441808","监察御史","至望喜驿，思念韦丛，有诗。","","《使东川·望喜驿》","Poem","使东川 望喜驿
满眼文书堆案边，眼昏偷得暂时眠。子规惊觉灯又灭，一道月光横枕前。","周相录《元稹年谱新编》，上海古籍出版社版2004年版，第71页；周相录《元稹集校注》，上海古籍出版社版2011年版，第536页",,,,"欧阳丹"
"唐","元稹","元和四年","809",,,"31","","山南西道","利州",,"望驿台","四川","广元市",,"105.849993","32.441808","监察御史","至望驿台，有诗。","","《使东川·望驿台》","Poem","使东川 望驿台
可怜三月三旬足，怅望江边望驿台。料得孟光今日语，不曾春尽不归来。","周相录《元稹年谱新编》，上海古籍出版社版2004年版，第71页；周相录《元稹集校注》，上海古籍出版社版2011年版，第537页",,,,"欧阳丹"
"唐","元稹","元和四年","809",,,"31","","剑南道","剑州","剑门",,"四川","广元市","剑阁县","105.531838","32.294266","监察御史","至剑门，有诗。","","《使东川·惭问囚》","Poem","使东川 惭问囚
司马子微坛上头，与君深结白云俦。尚平村落拟连买，王屋山泉为别游。各待陆浑求一尉，共资三径便同休。那知今日蜀门路，带月夜行缘问囚。","周相录《元稹年谱新编》，上海古籍出版社版2004年版，第71页；周相录《元稹集校注》，上海古籍出版社版2011年版，第532页",,,,"欧阳丹"
"唐","元稹","元和四年","809",,,"31","","剑南道","梓州","郪县",,"四川","绵阳市","三台县","105.101082","31.101709","监察御史","复西南行，至东川治所梓州，有诗。","","《使东川·好时节》","Poem","使东川 好时节
身骑骢马峨眉下，面带霜威卓氏前。虚度东川好时节，酒楼元被蜀儿眠。","周相录《元稹年谱新编》，上海古籍出版社版2004年版，第71页；周相录《元稹集校注》，上海古籍出版社版2011年版，第537页",,,,"欧阳丹"
"唐","元稹","元和四年","809",,,"31","",,,,,,,,"0","0","监察御史","自长安到梓州途中有《杂忆诗五首》，姑系于此。","","《杂忆五首》","Poem","杂忆五首 其一
今年寒食月无光，夜色才侵已上床。忆得双文通内里，玉栊深处暗闻香。
杂忆五首 其二
花笼微月竹笼烟，百尺丝绳拂地悬。忆得双文人静后，潜教桃叶送鞦韆。
杂忆五首 其三
寒轻夜浅绕回廊，不辨花丛暗辨香。忆得双文胧月下，小楼前后捉迷藏。
杂忆五首 其四
山榴似火叶相兼，亚拂塼阶半拂檐。忆得双文独披掩，满头花草倚新帘。
杂忆五首 其五
春冰消尽碧波湖，漾影残霞似有无。忆得双文衫子薄，钿头云映褪红酥。","周相录《元稹年谱新编》，上海古籍出版社版2004年版，第84页",,,,"欧阳丹"
"唐","元稹","元和四年","809",,,"31","","剑南道","梓州","郪县",,"四川","绵阳市","三台县","105.101082","31.101709","监察御史","在梓州，弹奏故剑南东川节度使严砺等“擅没管内将士、官吏、百姓及前资寄往等庄宅奴婢”及“于两税外加征钱、米及草”等，作文。弹劾取得部分胜利。此举得百姓好评，亦使朋砺者切齿。","严砺","《弹奏剑南东川节度使状》","Article","弹奏剑南东川节度使状
剑南东川详覆使言。故剑南东川节度观察处置等使严砺在任日擅没管内将士官吏百姓及前资寄住等庄宅奴婢今于两税外加徵钱米及草等谨件如后。严砺擅籍没管内将士官吏百姓及前资寄住涂山甫等八十八户庄宅共一百二十二所。奴婢共二十七人。并在诸州项内分析。右。臣伏准前后制敕。令出使御史。所在访察不法。具状奏闻。臣昨奉三月一日敕。令往剑南东川。详覆泸州监官任敬仲赃犯。于彼访闻严砺在任日。擅没前件庄宅奴婢等。至今月十七日详覆事毕。追得所没庄宅奴婢文案。及执行案典耿琚马元亮等检勘得实。据严砺元和二年正月十八日举牒云。管内诸州。应经逆贼刘辟重围内并贼兵到处所有应接。及投事西川军将州县官所由典正前资寄住等。所犯虽该霈泽。庄田须有所归。其有庄宅奴婢桑柘钱物斛㪷邸店碾硙等。悉皆搜检。勘得涂山甫等八十八户案内并不经验问虚实。亦不具事职名。便收家产没官。其时都不闻奏。所收资财奴婢。悉皆货卖破用。及配充作坊驱使。其庄宅桑田元和二年三年租课。严砺并已徵收支用讫。臣伏准元和元年十月五日制。西川诸军诸镇刺史大将及参佐官吏将健百姓等。应被胁从补署职官。一切不问。又准元和二年正月三日赦文。自今日已前。大逆缘坐。并与洗涤。况前件人等。悉是东川将吏百姓。及寄住衣冠。与贼党素无管属。贼军奄至。暂被胁从。狂寇既平。再蒙恩荡。严砺公违诏命。苟利资财。擅破八十馀家。曾无一字闻奏。岂惟剥下。实谓欺天。其庄宅等至今被使司收管。臣访闻本主并在侧近。控告无路。渐至流亡。伏乞圣慈勒本道长吏及诸州刺史。招缉疲人。一切却还产业。庶使孤穷有托。编户再安。其本判官及所管刺史。仍乞重加贬责。以惩奸欺。严砺又于管内诸州元和二年两税钱外。加配百姓草。共四十一万四千八百六十七束。每束重一十一斤。右。臣伏准前后制敕及每岁旨条。两税留州使钱外。加率一钱一物。州府长吏并同枉法计赃。仍令出使御史访察闻奏。又准元和三年赦文。大辟罪已下。蒙恩涤荡。惟官典犯赃。不在此限。臣访闻严砺加配前件草。准前月日追得文案。及执行案典姚孚检勘得实。据严砺元和二年七月二十一日举牒称。管内邮驿要草。于诸州秋税钱上。每贯加配一束。至三年秋税。又准前加配。计当上件草。臣伏准每年旨条。馆驿自有正科。不合于两税钱外擅有加徵。况严砺元和三年举牒。已云准二年旧例徵收。必恐自此相承。永为疲人重困。伏乞勒本道长吏。严加禁断。本判官及刺史等。伏乞准前科责。以息诛求。严砺又于梓遂两州。元和二年两税外。加徵钱共七千贯文。米共五千石。右。臣伏准前月日追得文案。及执行案典赵明志检勘得实。据严砺元和二年六月举牒称。绵剑两州供元和元年北军顿递。费用倍多。量于梓遂两州秋税外加配上件钱米。添填绵剑两州顿递费用者。臣又牒勘绵州。得报称。元和二年军资钱米。悉准旧额徵收。尽送使讫。并不曾交领得梓遂等州钱米添填顿递。亦无尅折当州钱米处者。臣又牒勘剑州。得报称。元和元年所供顿递。侵用百姓腹内两年夏税钱四千二十三贯三文。使司今于其年军资钱内尅下讫。其米即用元和元年米充。并不侵用二年军资米数。使司亦不曾支梓州遂州钱米充填者。臣伏念绵剑两州供顿。自合准敕优矜。梓遂百姓何辜。擅令倍出租赋。况所徵钱米数内。惟尅下剑州军资钱四千二十三贯三文。其馀钱米。并是严砺加徵。别有支用。其本判官及梓州遂州刺史。悉合科处。以例将来。擅收没涂山甫等庄宅奴婢及于两税外加配钱米草等本判官及诸州刺史名衔。并所收色目。谨具如后。擅收没奴婢庄宅等。元举牒判官度支副使检校尚书刑部员外郎兼侍御史赐绯鱼袋崔廷。都计诸州擅没庄共六十三所。宅四十八所。奴一十人。婢一十七人。于管内诸州元和二年三年秋税钱外随贯加配草。元举牒判官观察判官殿中侍御史内供奉卢诩。都计诸州共加配草四十一万四千八百六十七束。加徵梓遂两州元和二年秋税外钱及米。元举牒判官摄节度判官监察御史里行裴誗。计两州加徵钱共七千贯文。米共五千石。梓州刺史检校尚书左仆射兼御史大夫严砺。元和四年三月八日身亡。擅收涂山甫等庄二十九所。宅四十一所。奴九人。婢一十七人。加徵三千贯文。米二千石。草七万五千九百五十三束。遂州刺史柳蒙。擅收没李简等庄八所。宅四所。奴一人。加徵钱四千贯文。米三千石。草四万九千九百八十五束。绵州刺史陶锽。擅收没文怀进等庄二十所。宅十三所。加徵草八万八千六百八十八束。剑州刺史崔实成。擅收没邓琮等庄六所。加徵草二万一千八百一十七束。普州刺史李怤。元和二年加徵钱草六千束。三年加徵草九千四百五十束。合州刺史张平。元和二年加配草三千四百六十二束。三年加徵草五千六百五束。荣州刺史陈当。元和二年加徵草九千四百三束。三年加徵草五千六百二十七束。渝州刺史邵膺。元和二年加徵草二千六百一十四束。三年加徵草三千七百二十七束。泸州刺史兼御史刘文翼。元和二年加徵草三千八百五十三束。三年加徵草三千八百五十一束。资州元和二年加徵草一万五千七百九十八束。三年一万六千二百二十五束。简州元和二年加徵草二万四千一百四束。三年二万三千一百一十八束。陵州元和二年加徵草二万四千六百六束。三年二万三千八百六十一束。龙州元和二年加徵草八百九十一束。三年八百一十一束。右。已上本判官及刺史等名衔。并所徵收色目。谨具如前。其资州等四州刺史。或缘割属西川。或缘停替迁授。伏乞委本道长吏。各据徵收年月。具勘名衔闻奏。以前件状如前。伏以圣慈轸念。切在苍生。临御五年。三布赦令。殷勤晓谕。优惠困穷。事涉扰人。频加禁断。况严砺本是梓州百姓。素无才行可称。久在兵间。过蒙奖拔。陛下录其末效。移镇东川。仗节还乡。宠光无比。固合抚绥黎庶。上副天心。蠲减征徭。内荣乡里。而乃横征暴赋。不奉典常。擅破人家。自丰私室。访闻管内产业。阡陌相连。童仆资财。动以万计。虽即没身谢咎。而犹遗患在人。谓宜谥以丑名。削其褒赠。用惩不法。以警将来。其本判官及诸州刺史等。或苟务容躯。竞谋侵削。或分忧列郡。莫顾诏条。但受节将指挥。不惧朝廷典宪。共为蒙蔽。皆合痛绳。臣职在触邪。不胜其愤。谨录奏闻。伏候敕旨。中书门下牒御史台。牒。奉敕。籍没资财。不明罪犯。税外科配。岂顾章程。致使衔冤。无由仰诉。不有察视。孰当举明。所没庄宅奴婢。一物已上。并委观察使据元没数。一一分付本主。纵有已货卖破除者。亦收赎却还。其加徵钱米草等。亦委观察使严加禁断。仍榜示村乡。使百姓知委。判官崔廷等。名叨参佐。非道容身。刺史柳蒙等。任窃藩条。无心守职。成此弊政。害及平人。抚事论情。岂宜免戾。但以罪非首坐。法合会恩。亦以恩后加徵。又已去官停职。俾从宥。重此典常。其恩后加徵草。及柳蒙陶锽李怤张平邵膺陈当刘文翼等。宜各罚两月俸料。仍书下考。馀并释放。牒至。准敕故牒。","周相录《元稹年谱新编》，上海古籍出版社版2004年版，第71页",,,,"欧阳丹"
"唐","元稹","元和四年","809",,,"31","","剑南道","梓州","郪县",,"四川","绵阳市","三台县","105.101082","31.101709","监察御史","在梓州，有诗。","","《山枇杷花二首》","Poem","山枇杷
山枇杷，花似牡丹殷泼血。往年乘传过青山，正值山花好时节。压枝凝艳已全开，映叶香苞才半裂。紧搏红袖欲支颐，慢解绛囊初破结。金线丛飘繁蕊乱，珊瑚朵重纤茎折。因风旋落裙片飞，带日斜看目精热。亚水依岩半倾侧，笼云隐雾多愁绝。绿珠语尽身欲投，汉武眼穿神渐灭。秾姿秀色人皆爱，怨媚羞容我偏别。说向闲人人不听，曾向乐天时一说。昨来谷口先相问，及到山前已消歇。左降通州十日迟，又与幽花一年别。山枇杷，尔托深山何太拙。天高万里看不精，帝在九重声不彻。园中杏树良人醉，陌上柳枝年少折。因尔幽芳喻昔贤，磻溪冷坐权门咽。","周相录《元稹年谱新编》，上海古籍出版社版2004年版，第71页","（已亡佚）",,,"欧阳丹"
"唐","元稹","元和四年","809",,,"31","","剑南道","梓州","郪县",,"四川","绵阳市","三台县","105.101082","31.101709","监察御史","于梓州识清闲道人。有诗。","清闲道人","《西州院》","Poem","西州院
自入西州院，唯见东川城。今夜城头月，非暗又非明。文案床席满，卷舒赃罪名。惨悽且烦勌，弃之阶下行。怅望天回转，动摇万里情。参辰次第出，牛女颠倒倾。况此风中柳，枝条千万茎。到来篱下笋，亦已长短生。感怆正多绪，鸦鸦相唤惊。墙上杜鹃鸟，又作思归鸣。以彼撩乱思，吟为幽怨声。吟罢终不寝，鼕鼕复铛铛。","周相录《元稹年谱新编》，上海古籍出版社版2004年版，第73页",,,,"欧阳丹"
"唐","元稹","元和四年","809","5",,"31","","京畿道","京兆府","长安",,"陕西","西安市",,"108.946306","34.347436","监察御史","至长安后，作文弹奏山南西道于两税外加配驿草，节度使裴玢罚一月俸，刺史罚一季俸，仍令元和四年后禁断。","唐宪宗","《弹奏山南西道两税外草状》","Article","弹奏山南西道两税外草状
山南西道管内州府。每年两税外。配率供驿禾草共四万六千四百七十七围。每围重二十斤。兴元府二万围。内五千围每年折徵价钱充使司杂用。每围一百二十文。据元和三年使牒减免不徵。馀一万五围见徵率。利州一万一千四百七十七围。右。访闻前件州府每年两税外。加配驿草。遂于路次州县检勘文案。据谕后使牒。并称准旧例于两税外科配。又牒山南西道观察处置等使裴玢勘得报称。自建中元年已后。每年随税据贯配率前件禾草。将供驿用者。伏准元和元年已后三度赦文每年旨条。两税留州留使钱外。加率一钱一物。州府长吏。并以枉法赃论。又准今年二月三日制节文。诸道两税外榷率。比来制敕处分。非不丁宁。如闻或未遵行。尚有欺弊。永言奉法。事理当然。申敕长吏。明加禁断。如刺史承使牒于界内榷率。□加惩责。仍委御史台及出使郎中官御史访察闻奏。□伏以前件草并是两税外徵率。准制合勒本道明□□□□州府长吏。仍令节级科处分。勘择得实以前。剑南东川详覆使监察御史元稹奏。谨具如前。","周相录《元稹年谱新编》，上海古籍出版社版2004年版，第72页",,,,"欧阳丹"
"唐","元稹","元和四年","809",,,"31","","京畿道","京兆府","长安",,"陕西","西安市",,"108.946306","34.347436","监察御史","在长安，代御史中丞李夷简作谢官表。","李夷简","《代李中丞谢官表》","Article","代李中丞谢官表
臣某言。伏奉今月二十九日。制授臣御史中丞。宠秩踰涯。心魂战越。臣某中谢。臣生值圣时。荫分天属。虽牵丝入仕。或因琐碎之文。而执简当朝。实由睦族而致。顷以材驽气直。屡弃遐荒。陛下擢自远藩。任兼台阁。夙夜循省。效报无阶。岂谓天眷曲临。过蒙奖拔。坐令专席。位忝中司。因当陈乞于天。安敢叨荣于已。如或纶言既降。丹慊莫从。则当破柱求奸。碎首请事。死而后已。义不苟然。增日月之末光。答天地之殊造。无任恳款屏营之至。","周相录《元稹年谱新编》，上海古籍出版社版2004年版，第74页",,,,"欧阳丹"
"唐","元稹","元和四年","809",,,"31","","京畿道","京兆府","长安",,"陕西","西安市",,"108.946306","34.347436","监察御史","使东川时共作诗“三十二章”，有序。白行简为之写为东川卷。","白行简","《使东川·序》","Article","","周相录《元稹年谱新编》，上海古籍出版社版2004年版，第73页",,,,"欧阳丹"
"唐","元稹","元和四年","809","6",,"31","","京畿道","京兆府","长安",,"陕西","西安市",,"108.946306","34.347436","监察御史分务东台","得罪权贵，分务东台。","",,"","","周相录《元稹年谱新编》，上海古籍出版社版2004年版，第74页",,,,"欧阳丹"
"唐","元稹","元和四年","809","6",,"31","","京畿道","京兆府","长安",,"陕西","西安市",,"108.946306","34.347436","监察御史分务东台","与次兄万年县丞元秬别，白居易因故未能送行。有诗。","元秬","《东台去》","Poem","东台去
陶君喜不遇，予每为君言。今日东台去，澄心在陆浑。旋抽随日俸，并买近山园。千万崔兼白，殷勤承主恩。","周相录《元稹年谱新编》，上海古籍出版社版2004年版，第74页",,,,"欧阳丹"
"唐","元稹","元和四年","809","6",,"31","","都畿道","河南府","洛阳",,"河南","洛阳市",,"112.460033","34.624376","监察御史分务东台","至洛阳，时东都留守为郑馀庆。","郑馀庆",,"","","周相录《元稹年谱新编》，上海古籍出版社版2004年版，第74页",,,,"欧阳丹"
"唐","元稹","元和四年","809","7","9","31","","都畿道","河南府","洛阳",,"河南","洛阳市",,"112.460033","34.624376","监察御史分务东台","妻子韦丛卒于洛阳。","",,"","","周相录《元稹年谱新编》，上海古籍出版社版2004年版，第75页",,,,"欧阳丹"
"唐","元稹","元和四年","809","8",,"31","","都畿道","河南府","洛阳","陶化坊","河南","洛阳市",,"112.460033","34.624376","监察御史分务东台","与吕炅同宿于东都陶化坊，相互唱和。","吕炅","《赠吕三校书》","Poem","赠吕三校书
同年同拜校书郎，触处潜行烂熳狂。共占花园争赵辟，竞添钱贯定秋娘。七年浮世皆经眼，八月闲宵忽并床。语到欲明欢又泣，傍人相笑两相伤。","周相录《元稹年谱新编》，上海古籍出版社版2004年版，第76页",,,,"欧阳丹"
"唐","元稹","元和四年","809","9",,"31","","都畿道","河南府","洛阳",,"河南","洛阳市",,"112.460033","34.624376","监察御史分务东台","韦丛庶母段氏卒于洛阳，元稹为其撰墓志铭。","段氏（韦丛庶母）","《唐左千牛韦佩段氏墓志铭》","Article","唐左千牛韦佩母段氏墓志铭
唐少保赠仆射韦公幼子左千牛佩。母曰武威段氏。故衢州司田参军岌之第二女也。其四代祖褒国公扬州都督赠辅国大将军。生曾祖宣州长史讳宏圭。生大父鄜州刺史讳怀本。先是仆射裴夫人早世。女抱子幼。思所以仁之者。命主养之。始长安令至于都留守。持门户主婚嫁者。殆十五岁。当贵大之家。处谦谦之势。然而不怨不德。礼得其宜。信难矣。今仆射丧益不失。非盛勋烈之后。其孰能如此哉。元和四年九月十九日。暴疾终于履信第。享年四十。定其年十二月二日。葬于河南县龙门乡之午桥村。凡韦氏之族姻闻其丧。莫不亲者悲。疏者叹。不亦善处其身哉。故仆射诸子洎诸女。皆服兄弟之母服。而哀有加焉。始予亡妻生不月而先夫人殁。免水火之灾。成习柔之性。用至于妆栉针组书诫琴瑟之事无遗训。诚有以赖焉。是以予妻之言于予曰。离则思。思则梦。梦则悲。疾则泣。恋恋然予不知其异所亲矣。诀予之际。切以始终于敬为托焉。今日之志其终乎。铭曰。母以子贵。贵必因人。人本乎祖。祖盛厥勋。昔我稚室。没怀其仁。仁莫之报。没而有云。今复泯矣。报之斯文。","周相录《元稹年谱新编》，上海古籍出版社版2004年版，第76页",,,,"欧阳丹"
"唐","元稹","元和四年","809","10",,"31","","都畿道","河南府","洛阳",,"河南","洛阳市",,"112.460033","34.624376","监察御史分务东台","遣家人葬韦丛于咸阳县奉贤乡洪渎原，有诗。请韩愈、沈传师书墓志铭。","韩愈，沈传师","《空屋题》","Poem","空屋题
朝从空屋里，骑马入空台。尽日推閒事，还归空屋来。月明穿暗隙，灯烬落残灰。更想咸阳道，魂车昨夜回。","周相录《元稹年谱新编》，上海古籍出版社版2004年版，第77页",,,,"欧阳丹"
"唐","元稹","元和四年","809","10",,"31","","都畿道","河南府","洛阳",,"河南","洛阳市",,"112.460033","34.624376","监察御史分务东台","遣家人将韦丛灵柩自洛阳运回长安。有诗谢卢真。","卢真","《城外回谢子蒙见谕》","Poem","城外回谢子蒙见谕
十里抚柩别，一身骑马回。寒烟半堂影，烬火满庭灰。稚女凭人问，病夫空自哀。潘安寄新咏，仍是夜深来。","周相录《元稹年谱新编》，上海古籍出版社版2004年版，第77-78页",,,,"欧阳丹"
"唐","元稹","元和四年","809",,,"31","","都畿道","河南府","洛阳",,"河南","洛阳市",,"112.460033","34.624376","监察御史分务东台","是年，有感秋之作。","","《秋相望》","Poem","秋相望
檐月惊残梦，浮凉满夏衾。蟏蛸低户网，萤火度墙阴。炉暗灯光短，床空帐影深。此时相望久，高树忆横岑。","周相录《元稹年谱新编》，上海古籍出版社版2004年版，第84页",,,,"欧阳丹"
"唐","元稹","元和四年","809",,,"31","","都畿道","河南府","洛阳",,"河南","洛阳市",,"112.460033","34.624376","监察御史分务东台","是年，有感秋之作。","","《夜闲》","Poem","夜閒
感极都无梦，魂销转易惊。风帘半钩落，秋月满床明。怅望临阶坐，沈吟绕树行。孤琴在幽匣，时迸断弦声。","周相录《元稹年谱新编》，上海古籍出版社版2004年版，第84页",,,,"欧阳丹"
"唐","元稹","元和四年","809",,,"31","","都畿道","河南府","洛阳",,"河南","洛阳市",,"112.460033","34.624376","监察御史分务东台","是年，有感秋之作。","","《感小株夜合》","Poem","感小株夜合
纤干未盈把，高条才过眉。不禁风苦动，偏受露先萎。不分秋同尽，深嗟小便衰。伤心落残叶，犹识合昏期。","周相录《元稹年谱新编》，上海古籍出版社版2004年版，第85页",,,,"欧阳丹"
"唐","元稹","元和四年","809",,,"31","","都畿道","河南府","洛阳",,"河南","洛阳市",,"112.460033","34.624376","监察御史分务东台","是年，有感秋之作。","","《醉醒》","Poem","醉醒
积善坊中前度饮，谢家诸婢笑扶行。今宵还似当时醉，半夜觉来闻哭声。","周相录《元稹年谱新编》，上海古籍出版社版2004年版，第85页",,,,"欧阳丹"
"唐","元稹","元和四年","809",,,"31","","都畿道","河南府","洛阳",,"河南","洛阳市",,"112.460033","34.624376","监察御史分务东台","是年，有感秋之作。","","《追昔游》","Poem","追昔游
谢傅堂前音乐和，狗儿吹笛胆娘歌。花园欲盛千场饮，水阁初成百度过。醉摘樱桃投小玉，懒梳丛鬓舞曹婆。再来门馆唯相吊，风落秋池红叶多。","周相录《元稹年谱新编》，上海古籍出版社版2004年版，第85页",,,,"欧阳丹"
"唐","元稹","元和四年","809",,,"31","","都畿道","河南府","洛阳",,"河南","洛阳市",,"112.460033","34.624376","监察御史分务东台","是年，有感秋之作。","","《直台》","Poem","直台
麋入神羊队，乌惊海鹭眠。仍教百馀日，迎送直厅前。","周相录《元稹年谱新编》，上海古籍出版社版2004年版，第86页",,,,"欧阳丹"
"唐","元稹","元和四年","809",,,"31","","都畿道","河南府","洛阳",,"河南","洛阳市",,"112.460033","34.624376","监察御史分务东台","是年，有感秋之作。","","《竹簟》","Poem","竹簟
竹簟衬重茵，未忍都令卷。忆昨初来日，看君自施展。","周相录《元稹年谱新编》，上海古籍出版社版2004年版，第85页",,,,"欧阳丹"
"唐","元稹","元和四年","809",,,"31","","都畿道","河南府","洛阳",,"河南","洛阳市",,"112.460033","34.624376","监察御史分务东台","秋，怀念亡妻，有诗。","","《雨后》","Poem","雨后
倦寝数残更，孤灯暗又明。竹梢馀雨重，时复拂帘惊。","周相录《元稹年谱新编》，上海古籍出版社版2004年版，第85-86页",,,,"欧阳丹"
"唐","元稹","元和四年","809",,,"31","","都畿道","河南府","洛阳",,"河南","洛阳市",,"112.460033","34.624376","监察御史分务东台","秋，怀念亡妻，有诗。","","《封书》","Poem","","周相录《元稹年谱新编》，上海古籍出版社版2004年版，第85-86页",,,,"欧阳丹"
"唐","元稹","元和四年","809",,,"31","","都畿道","河南府","洛阳",,"河南","洛阳市",,"112.460033","34.624376","监察御史分务东台","秋，感丧妻之悲，与卢真唱和。","卢真","《初寒夜寄卢子蒙》","Poem","初寒夜寄卢子蒙
月是阴秋镜，寒为寂寞资。轻寒酒醒后，斜月枕前时。倚壁思闲事，回灯检旧诗。闻君亦同病，终夜远相悲。","周相录《元稹年谱新编》，上海古籍出版社版2004年版，第85-86页",,,,"欧阳丹"
"唐","元稹","元和四年","809",,,"31","","都畿道","河南府","洛阳",,"河南","洛阳市",,"112.460033","34.624376","监察御史分务东台","秋，感丧妻之悲，与卢真唱和。","卢真","《谕子蒙》","Poem","谕子蒙
抚稚君休感，无儿我不伤。片云离岫远，双燕念巢忙。大壑谁非水，华星各自光。但令长有酒，何必谢家庄。","周相录《元稹年谱新编》，上海古籍出版社版2004年版，第85-86页",,,,"欧阳丹"
"唐","元稹","元和四年","809",,,"31","","都畿道","河南府","洛阳",,"河南","洛阳市",,"112.460033","34.624376","监察御史分务东台","是年，识薛荣，荣时为河南府河南县令。与李宗闵、周隐客唱和。","薛荣，，李宗闵，周隐客","《台中鞫狱忆开元观旧事呈损之兼赠周兄四十韵》","Poem","台中鞫狱忆开元观旧事呈损之兼赠周兄四十韵
忆在开元观，食柏练玉颜。疏慵日高卧，自谓轻人寰。李生隔墙住，隔墙如隔山。怪我久不识，先来问骄顽。十过乃一往，遂成相往还。以我文章卷，文章甚斒斓。因言辛庾辈，亦愿访羸孱。既回数子顾，展转相连攀。驱令选科目，若在阓与阛。学随尘土坠，漫数公卿关。唯恐坏情性，安能惧谤讪。还招辛庾李，静处杯巡环。进取果由命，不由趋险艰。穿杨二三子，弓矢次第弯。推我亦上道，再联朝士班。二月除御史，三月使巴蛮。蛮民詀諵诉，齧指明痛瘝。怜蛮不解语，为发昏帅奸。归来五六月，旱色天地殷。分司别兄弟，各各泪潸潸。哀哉剧部职，唯数赃罪锾。死款依稀取，斗辞方便删。道心常自愧，柔发难久黫。折支望车乘，支痛谁置患。奇哉乳臭儿，绯紫绷被间。渐大官渐贵，渐富心渐悭。闹装辔头𧤾，静拭腰带斑。鹞子绣线𩏪，狗儿金油镮。香汤洗骢马，翠篾笼白鹇。月请公主封，冰受天子颁。开筵试歌舞，别宅宠妖娴。坐卧摩绵褥，捧拥綟丝鬟。旦夕不相离，比翼若飞𪈿。而我亦何苦，三十身已鳏。愁吟心骨颤，寒卧支体𤸷。居处虽幽静，尤悔少愉懒。不如周道士，鹤岭临钟湾。绕院松瑟瑟，通畦水潺潺。阳坡自寻蕨，村沼看沤菅。穷通两未遂，营营真老闲。","周相录《元稹年谱新编》，上海古籍出版社版2004年版，第85-86页",,,,"欧阳丹"
"唐","元稹","元和四年","809",,,"31","","都畿道","河南府","洛阳",,"河南","洛阳市",,"112.460033","34.624376","监察御史分务东台","居洛阳，有乐府诗。","","《望云骓马歌（并序）》","Poem","望云骓马歌
忆昔先皇幸蜀时，八马入谷七马疲。肉绽筋挛四蹄脱，七马死尽无马骑。天子蒙尘天雨泣，巉岩道路淋漓湿。峥嵘白草眇难期，謥洞黄泉安可入。朱泚围兵抽未尽，怀光寇骑追行及。嫔娥相顾倚树啼，鹓鹭无声仰天立。圉人初进望云骓，彩色憔悴众马欺。上前喷吼如有意，耳尖卓立节踠奇。君王试遣回胸臆，撮骨锯牙骈两肋。蹄悬四跼脑颗方，胯耸三山尾株直。圉人畏诮仍相惑，此马无良空有力。频频齧掣辔难施，往往跳趫鞍不得。色沮声悲仰天诉，天不遣言君未识。亚身受取白玉羁，开口衔将紫金勒。君王自此方敢骑，似遇良臣久悽恻。龙腾鱼鳖啅然惊，骥朌驴骡少颜色。七圣心迷运方厄，五丁力尽路犹窄。橐它山上斧刃堆，望秦岭下锥头石。五六百里真符县，八十四盘青山驿。掣开流电有辉光，突过浮云无朕迹。地平险尽施黄屋，九九属车十二纛。齐映前导引骓头，严震迎号抱骓足。路傍垂白天宝民，望骓礼拜见骓哭。皆言玄宗当时无此马，不免骑骡来幸蜀。雄雄猛将李令公，收城杀贼豺狼空。天旋地转日再中，天子却坐明光宫。朝廷无事忘征战，校猎朝回暮毬宴。御马齐登拟用槽，君王自试宣徽殿。圉人还进望云骓，性强步阔无方便。分騣摆杖头太高，擘肘回头项难转。人人共恶难回跋，潜遣飞龙减刍秣。银鞍绣韂不复施，空尽天年御槽活。当时邹谚已有言，莫倚功高浪开阔。登山纵似望云骓，平地须饶红叱拨。长安三月花垂草，果下翩翩紫骝好。千官煖热李令闲，百马生狞望云老。望云骓，尔之种类世世奇。当时项王乘尔祖，分配英豪称霸主。尔身今日逢圣人，从幸巴渝归入秦。功成事遂身退天之道，何必随群逐队到死蹋红尘。望云骓，用与不用各有时，尔勿悲。","周相录《元稹年谱新编》，上海古籍出版社版2004年版，第85-86页",,,,"欧阳丹"
"唐","元稹","元和四年","809",,,"31","","都畿道","河南府","洛阳",,"河南","洛阳市",,"112.460033","34.624376","监察御史分务东台","听庾承宣弹古琴曲《乌夜啼》，有诗。","庾承宣","《听庾及之弹乌夜啼引》","Poem","听庾及之弹乌夜啼引
君弹乌夜啼，我传乐府解古题。良人在狱妻在闺，官家欲赦乌报妻。乌前再拜泪如雨，乌作哀声妻暗语。后人写出乌啼引，吴调哀弦声楚楚。四五年前作拾遗，谏书不密丞相知。谪官诏下吏驱遣，身作囚拘妻在远。归来相见泪如珠，唯说闲宵长拜乌。君来到舍是乌力，妆点乌盘邀女巫。今君为我千万弹，乌啼啄啄泪澜澜。感君此曲有深意，昨日乌啼桐叶坠。当时为我赛乌人，死葬咸阳原上地。","周相录《元稹年谱新编》，上海古籍出版社版2004年版，第85-86页",,,,"欧阳丹"
"唐","元稹","元和四年","809",,,"31","","都畿道","河南府","洛阳",,"河南","洛阳市",,"112.460033","34.624376","监察御史分务东台","与卢真饮酒，有诗。","卢真","《拟醉》","Poem","拟醉
九月闲宵初向火，一尊清酒始行杯。怜君城外遥相忆，冒雨冲泥黑地来。","周相录《元稹年谱新编》，上海古籍出版社版2004年版，第85-86页",,,,"欧阳丹"
"唐","元稹","元和四年","809",,,"31","","都畿道","河南府","洛阳",,"河南","洛阳市",,"112.460033","34.624376","监察御史分务东台","与卢真饮酒，有诗。","卢真","《惧醉》","Poem","惧醉
闻道秋来怯夜寒，不辞泥水为杯盘。殷勤惧醉有深意，愁到醒时灯火阑。","周相录《元稹年谱新编》，上海古籍出版社版2004年版，第85-86页",,,,"欧阳丹"
"唐","元稹","元和四年","809",,,"31","","都畿道","河南府","洛阳",,"河南","洛阳市",,"112.460033","34.624376","监察御史分务东台","与卢真饮酒，有诗。","卢真","《劝醉》","Poem","劝醉
窦家能酿销愁酒，但是愁人便与销。愿我共君俱寂寞，只应连夜复连朝。","周相录《元稹年谱新编》，上海古籍出版社版2004年版，第85-86页",,,,"欧阳丹"
"唐","元稹","元和四年","809",,,"31","","都畿道","河南府","洛阳",,"河南","洛阳市",,"112.460033","34.624376","监察御史分务东台","与卢真饮酒，有诗。","卢真","《任醉》","Poem","任醉
本怕酒醒浑不饮，因君相劝觉情来。殷勤满酌从听醉，乍可欲醒还一杯。","周相录《元稹年谱新编》，上海古籍出版社版2004年版，第85-86页",,,,"欧阳丹"
"唐","元稹","元和四年","809",,,"31","","都畿道","河南府","洛阳",,"河南","洛阳市",,"112.460033","34.624376","监察御史分务东台","居洛阳，除夕夜，有诗。","","《除夜》","Poem","除夜
忆昔岁除夜，见君花烛前。今宵祝文上，重叠叙新年。闲处低声哭，空堂背月眠。伤心小儿女，撩乱火堆边。","周相录《元稹年谱新编》，上海古籍出版社版2004年版，第85-86页",,,,"欧阳丹"
"唐","元稹","元和四年","809",,,"31","","都畿道","河南府","洛阳",,"河南","洛阳市",,"112.460033","34.624376","监察御史分务东台","元稹分务东台时，曾作文弹劾武宁军节度使王绍，姑系于此。","王绍，唐宪宗","《论转牒事》","Article","论转牒事
据武宁军节度使王绍六月二十七日违敕擅牒路次州县馆驿。供给当道故监军孟升进丧柩赴上都勾当部送军将官健驴马等。转牒白一道。谨具如前。又得东都都亭驿状报。前件丧柩人马等。准武宁军节度转牒。祇供今月二十三日未时到驿宿者。伏准前后制敕。入驿须给正券。并无转牒供拟之例。况丧柩私行。不合擅入馆驿停止。及给递乘人夫等。当时追得都勾当押衙赵伾到责状称。孟监军去六月十四日身亡。至七月五日蒙本使差押领神柩到上都。领得转牒。累路州县。并是馆驿。供熟食草料人夫牛等。又状称。其监军只是亡日闻奏。更不别奏。只是本使仆射发遣。亦别无敕追者。谨检兴元元年闰十月十四日敕。应缘公事乘驿。一切合给正券。比来或闻诸州诸使。妄出食牒。烦扰馆驿。自今已后。除门下省东都留守及诸州府给券外。馀并不得辄入馆驿。宜委诸道观察使及所在州县切加捉捕。如违犯。请资官所在勒留。具名闻奏。馀并量事科决。仍具给牒所由牒中书门下者。又准元和二年四月十五日敕节文。诸道差使赴上都奏事。及押领进奉官并部领诸军防秋军资钱物官。及边军合于度支请受军资粮料等官。并在给券。馀并不得给。如违。本道专知判官录事参军。并准兴元元年十二月十七日敕处分者。谨详前后敕文。并不令丧柩入驿。及转牒州县祇供。今月二十四日已牒河南府。并不令供给人牛及熟食草料等。仍牒都亭驿。画时发遣出驿。并追得本道牒到在台收纳讫。右件谨具如前。伏以凶柩入驿。秽触典常。转牒祗供。违越制敕。正仆射位崇端揆。合守朝章。徇苟且之请。紊经制之法。给长行人畜甚众。劳传递牛夫颇多。弊缘路之疲人。奉一朝之私惠。恐须明罚。以励将来。伏准前后敕文。给券违越。并合申牒中书门下。不敢别状弹奏。伏乞特有科绳。其本判官等。准敕并合节级科。附谨具事由如前。伏听处分。具状上中书门下。谨录状上。","周相录《元稹年谱新编》，上海古籍出版社版2004年版，第85-86页","杨军《元稹集编年笺注》中系为元和五年（810）所作。",,,"欧阳丹"
"唐","元稹","元和四年","809",,,"31","","都畿道","河南府","洛阳",,"河南","洛阳市",,"112.460033","34.624376","监察御史分务东台","元稹分务东台时，曾作文议论时事，姑系于此。","","《论浙西观察使封仗决杀县令事》","Article","论浙西观察使封杖决杀县令事
右。御史台奏。得东台状。访闻有前件事。先牒湖州勘得报称。孙澥先准使牒差摄乌程县令日。判状追村正沈朏。不出正帖不用印。奉观察使七月十六日牒。决孙澥臀杖十下。仍差衙前虞候安士文监决第三等杖。二十二日安士文到科决。孙澥官忝字人。一邑父母。白状追摄。过犯绝轻。科罚所施。合是本州刺史。且观察使职在六条访察。事有不法。即合具状奏闻。封杖决人。不知何典。数日致死。又托以痢疾。为念冤魂。有伤和气。其湖州刺史受命专城。过于畏懦。受使司军将科决县令致死。寝而不言。并请准科。以明典宪。其诸道观察使辄封杖决巡内官吏。典法无文。伏望严加禁断。庶使遐方士子。免有衔冤。敕。封杖决人。殊非文法。因此致死。有足矜嗟。韩皋备历中外。合尊典宪。有此乖越。良所怃然。罚一月俸料。据决孙澥月日。是旧刺史辛秘离任之后。新刺史范传正未到之时。俱无愆尤。不可议罚。馀依。","周相录《元稹年谱新编》，上海古籍出版社版2004年版，第85-86页","杨军《元稹集编年笺注》中系为元和五年（810）所作。",,,"欧阳丹"
"唐","元稹","元和四年","809",,,"31","","都畿道","河南府","洛阳",,"河南","洛阳市",,"112.460033","34.624376","监察御史分务东台","元稹分务东台时，曾作文关心民生，姑系于此。","","《为河南百姓诉车状》","Article","为河南百姓诉车
河南府应供行营般粮草等车。准敕粮料使牒共雇四千三十五乘。每乘每里脚钱三十五文。约计从东都至行营所八百馀里。钱二千八文。共给盐利虚估匹段。绢一匹。约估四千已上。时估七百文。䌷一匹。约估五千。时估八百文。约计二十八千。得䌷绢共六匹。折当实钱四千五百已来。五百乘准敕供怀州已来载草。右件草。准元敕令于河次收贮。待河开般运。送至行营。绩准度支奏。令差河南郑滑河阳等道车共一千乘般载。今据每车彊弱相兼。用牛四头。每头日食草各三束。计一十二束。从武德界至行营。约六百里。车行一十二日程。往来二十四日。并停住约三十馀日。计每车须食草三百六十束。料及人粮在外。若自赍持。每车更须四乘车别载缘路粮草。若于累路旋买。计一千车每顿须买草六千馀束。州县店肆。必无祗供得办。况今年河路。元不甚冻。及至装车般载。至发时已是来年正月上旬已后。即水路自然去得。只校旬日之间。实恐虚成其弊。三千五百三十五乘准粮料使及东都河阴两院牒般。载军粮。右件军粮。伏据中书门下奏称。若并籴贮。恐事平之后。无支用处。且今收籴来年春季粮料。今据邢洺魏博等州和籴。已合支得累月。即前件粮。亦合得春水路般载。以前两件车。准敕并令和雇。今据度支河阴匹段十乘估价。召雇一乘不得。令府司还是据户科配。况河南府耕牛素少。昨因军过宰杀。及充递车。已无大半。今若更发四千馀车。约计用牛一万二千头。假令估价并得实钱。百姓悉皆愿去。亦须草木尽化为牛。然后可充给头数。今假令府司排户差遣。十分发得一二。即来岁春农必当尽废。百姓见坐流亡。河南府既然。即郑滑河阳。亦是小处。假使凶竖即擒伏。恐饥荒荐至。万一尚稽天讨。不知何以供求。稹忝在官司。备知利害。伏以事非职任。不敢上言。仰荷陶甄。冀裨万一。无任冒昧狂愚之至。伏听详察处分。谨录状上。","周相录《元稹年谱新编》，上海古籍出版社版2004年版，第85-86页","杨军《元稹集编年笺注》中系为元和五年（810）所作。",,,"欧阳丹"
"唐","元稹","元和四年","809",,,"31","","都畿道","河南府","洛阳",,"河南","洛阳市",,"112.460033","34.624376","监察御史分务东台","元稹分务东台时，曾作文怀念亡妻，姑系于此。","","《寄亡妻韦氏文》","Article","祭亡妻韦氏文
呜呼。叙官阀。志德行。具哀词。陈荐奠。皆生者之事也。于死者何有哉。然而死者为不知也。故圣人有无知□□呜呼。死而有知。岂夫人而不知予之心乎。尚何言哉。且曰人必有死。死何足悲。死且不悲。则寿夭贵贱。缞麻哭泣。藐尔遗稚。蹙然鳏夫。皆死之末也。又何悲焉。况夫人之生也。选甘而味。借光而衣。顺耳而声。便心而使。亲戚骄其意。父兄可其求。将二十年矣。非女子之幸耶。逮归于我。始知贱贫。食亦不饱。衣亦不温。然而不悔于色。不戚于言。他人以我为拙。夫人以我为尊。置生涯于濩落。夫人以我为适道。捐昼夜于朋宴。夫人以我为狎贤。隐于幸中之言。呜呼。成我者朋友。恕我者夫人。有夫如此其感也。非夫人之仁耶。呜呼歔欷。恨亦有之。始予为吏。得禄甚微。以日前之戚戚。每相缓以前期。纵斯言之可践。奈夫人之已而。况携手于千里。忽分形而独飞。昔惨悽于少别。今永逝与终离。将何以解予怀之万恨。故前此而言曰。死犹不悲。呜呼哀哉。惟神尚飨。","周相录《元稹年谱新编》，上海古籍出版社版2004年版，第85-86页",,,,"欧阳丹"
"唐","元稹","元和四年","809",,,"31","","都畿道","河南府","洛阳",,"河南","洛阳市",,"112.460033","34.624376","监察御史分务东台","本年，校书郎李绅作《新题乐府》，元稹见而选和之。已生白发。已萌“休退之心”。误传元稹使东川时与薛涛恋爱。","李绅","《和李校书新题乐府十二首》","Poem","和李校书新题乐府十二首 其一 上阳白发人
天宝年中花鸟使，撩花狎鸟含春思。满怀墨诏求嫔御，走上高楼半酣醉。醉酣直入卿士家，闺闱不得偷回避。良人顾妾心死别，小女呼爷血垂泪。十中有一得更衣，永配深宫作宫婢。御马南奔胡马蹙，宫女三千合宫弃。宫门一闭不复开，上阳花草青苔地。月夜闲闻洛水声，秋池暗度风荷气。日日长看提众门，终身不见门前事。近年又送数人来，自言兴庆南宫至。我悲此曲将彻骨，更想深冤复酸鼻。此辈贱嫔何足言，帝子天孙古称贵。诸王在閤四十年，七宅六宫门户閟。隋炀枝条袭封邑，肃宗血胤无官位。王无妃媵主无婿，阳亢阴淫结灾累。何如决壅顺众流，女遣从夫男作吏。
和李校书新题乐府十二首 其二 华原磬
泗滨浮石裁为磬，古乐疏音少人听。工师小贱牙旷稀，不辨邪声嫌雅正。正声不屈古调高，钟律参差管弦病。铿金戛瑟徒相杂，投玉敲冰杳然零。华原软石易追琢，高下随人无雅郑。弃旧美新由乐胥，自此黄钟不能竞。玄宗爱乐爱新乐，梨园弟子承恩横。霓裳才彻胡骑来，云门未得蒙亲定。我藏古磬藏在心，有时激作南风咏。伯夔曾抚野兽驯，仲尼暂叩春雷盛。何时得向笋簴悬，为君一吼君心醒。愿君每听念封疆，不遣豺狼剿人命。
和李校书新题乐府十二首 其三 五弦弹
赵璧五弦弹徵调，徵声巉绝何清峭。辞雄皓鹤警露啼，失子哀猿绕林啸。风入春松正凌乱，莺含晓舌怜娇妙。呜呜暗溜咽冰泉，杀杀霜刀涩寒鞘。促节频催渐繁拨，珠幢斗绝金铃掉。千靫鸣镝发胡弓，万片清球击虞庙。众乐虽同第一部，德宗皇帝常偏召。旬休节假暂归来，一声狂杀长安少。主第侯家最难见，挼歌按曲皆承诏。水精帘外教贵嫔，玳瑁筵心伴中要。臣有五贤非此弦，或在拘囚或屠钓。一贤得进胜累百，两贤得进同周召。三贤事汉灭暴彊，四贤镇岳宁边徼。五贤并用调五常，五常既叙三光耀。赵璧五弦非此贤，九九何劳设庭燎。
和李校书新题乐府十二首 其四 西凉伎
吾闻昔日西凉州，人烟扑地桑柘稠。蒲萄酒熟恣行乐，红艳青旗朱粉楼。楼下当垆称卓女，楼头伴客名莫愁。乡人不识离别苦，更卒多为沈滞游。哥舒开府设高宴，八珍九酝当前头。前头百戏竞撩乱，丸剑跳踯霜雪浮。狮子摇光毛彩竖，胡腾醉舞筋骨柔。大宛来献赤汗马，赞普亦奉翠茸裘。一朝燕贼乱中国，河湟没尽空遗丘。开远门前万里堠，今来蹙到行原州。去京五百而近何其逼，天子县内半没为荒陬。西凉之道尔阻脩，连城边将但高会，每听此曲能不羞。
和李校书新题乐府十二首 其五 法曲
吾闻黄帝鼓清角，弭伏熊罴舞玄鹤。舜持干羽苗革心，尧用咸池凤巢阁。大夏濩武皆象功，功多已讶玄功薄。汉祖过沛亦有歌，秦王破阵非无作。作之宗庙见艰难，作之军旅传糟粕。明皇度曲多新态，宛转侵淫易沈著。赤白桃李取花名，霓裳羽衣号天落。雅弄虽云已变乱，夷音未得相参错。自从胡骑起烟尘，毛毳腥膻满咸洛。女为胡妇学胡妆，伎进胡音务胡乐。火凤声沈多咽绝，春莺啭罢长萧索。胡音胡骑与胡妆，五十年来竞纷泊。
和李校书新题乐府十二首 其六 驯犀
建中之初放驯象，远归林邑近交广。兽返深山鸟搆巢，鹰雕鹞鹘无羁鞅。贞元之岁贡驯犀，上林置圈官司养。玉盆金栈非不珍，虎啖狴牢鱼食网。渡江之橘踰汶貉，反时易性安能长。腊月北风霜雪深，蜷跼鳞身遂长往。行地无疆费传驿，通天异物罹幽枉。乃知养兽如养人，不必人人自敦奖。不扰则得之于理，不夺有以多于赏。脱衣推食衣食之，不若男耕女令纺。尧民不自知有尧，但见安闲聊击壤。前观驯象后驯犀，理国其如指诸掌。
和李校书新题乐府十二首 其七 立部伎
胡部新声锦筵坐，中庭汉振高音播。太宗庙乐传子孙，取类群凶阵初破。戢戢攒枪霜雪耀，腾腾击鼓云雷磨。初疑遇敌身启行，终象由文士宪左。昔日高宗常立听，曲终然后临玉座。如今节将一掉头，电卷风收尽摧挫。宋晋郑女歌声发，满堂会客齐喧㰤。珊珊佩玉动腰身，一一贯珠随咳唾。顷向圜丘见郊祀，亦曾正旦亲朝贺。太常雅乐备宫悬，九奏未终百寮惰。惉滞难令季札辨，迟回但恐文侯卧。工师尽取聋昧人，岂是先王作之过。宋沇尝传天宝季，法曲胡音忽相和。明年十月燕寇来，九庙千门虏尘涴。我闻此语叹复泣，古来邪正将谁奈。奸声入耳佞入心，侏儒饱饭夷齐饿。
和李校书新题乐府十二首 其八 骠国乐
骠之乐器头象驼，音声不合十二和。促舞跳趫筋节硬，繁辞变乱名字讹。千弹万唱皆咽咽，左旋右转空傞傞。俯地呼天终不会，曲成调变当如何。德宗深意在柔远，笙镛不御停娇娥。史馆书为朝贡传，太常编入鞮靺科。古时陶尧作天子，逊遁亲听康衢歌。又遣遒人持木铎，遍采讴谣天下过。万人有意皆洞达，四岳不敢施烦苛。尽令区中击壤块，燕及海外覃恩波。秦霸周衰古官废，下堙上塞王道颇。共矜异俗同声教，不念齐民方荐瘥。传称鱼鳖亦咸若，苟能效此诚足多。借如牛马未蒙泽，岂在抱瓮滋鼋鼍。教化从来有源委，必将泳海先泳河。是非倒置自古有，骠兮骠兮谁尔诃。
和李校书新题乐府十二首 其九 胡旋女
天宝欲末胡欲乱，胡人献女能胡旋。旋得明王不觉迷，妖胡奄到长生殿。胡旋之义世莫知，胡旋之容我能传。蓬断霜根羊角疾，竿戴朱盘火轮炫。骊珠迸珥逐飞星，虹晕轻巾掣流电。潜鲸暗噏笡波海，回风乱舞当空霰。万过其谁辨终始，四座安能分背面。才人观者相为言，承奉君恩在圜变。是非好恶随君口，南北东西逐君眄。柔软依身著佩带，裴回绕指同环钏。佞臣闻此心计回，荧惑君心君眼眩。君言似曲屈为钩，君言好直舒为箭。巧随清影触处行，妙学春莺百般啭。倾天侧地用君力，抑塞周遮恐君见。翠华南幸万里桥，玄宗始悟坤维转。寄言旋目与旋心，有国有家当共谴。
和李校书新题乐府十二首 其十 蛮子朝
西南六诏有遗种，僻在荒陬路寻壅。部落支离君长贱，比诸夷狄为幽冗。犬戎彊盛频侵削，降有愤心战无勇。夜防抄盗保深山，朝望烟尘上高冢。鸟道绳桥来款附，非因慕化因危悚。清平官系金呿嵯，求天叩地持双珙。益州大将韦令公，顷实遭时定汧陇。自居剧镇无他绩，幸得蛮来固恩宠。为蛮开道引蛮朝，迎蛮送蛮常继踵。天子临轩四方贺，朝廷无事唯端拱。漏天走马春雨寒，泸水飞蛇瘴烟重。椎头丑类除忧患，尰足役夫劳汹涌。匈奴互市岁不供，云蛮通好辔长駷。戎王养马渐多年，南人耗悴西人恐。
和李校书新题乐府十二首 其十一 缚戎人
边头大将差健卒，入抄禽生快于鹘。但逢赪面即捉来，半是边人半戎羯。大将论功重多级，捷书飞奏何超忽。圣朝不杀谐至仁，远送炎方示微罚。万里虚劳肉食费，连头尽被毡裘暍。华裀重席卧腥臊，病犬愁鸪声咽嗢。中有一人能汉语，自言家本长城窟。少年随父戍安西，河渭瓜沙眼看没。天宝未乱犹数载，狼星四角光蓬勃。中原祸作边防危，果有豺狼四来伐。蕃马臕成正翘健，蕃兵肉饱争唐突。烟尘乱起无亭燧，主帅惊跳弃旄钺。半夜城摧鹅雁鸣，妻啼子叫曾不歇。阴森神庙未敢依，脆薄河冰安可越。荆棘深处共潜身，前困蒺藜后臲卼。平明蕃骑四面走，古墓深林尽株榾。少壮为俘头被髡，老翁留居足多刖。乌鸢满野尸狼藉，楼榭成灰墙突兀。暗水溅溅入旧池，平沙漫漫铺明月。戎王遣将来安慰，口不敢言心咄咄。供进腋腋御叱般，岂料穹庐拣肥腯。五六十年消息绝，中间盟会又猖獗。眼穿东日望尧云，肠断正朝梳汉发。近年如此思汉者，半为老病半埋骨。常教孙子学乡音，犹话平时好城阙。老者傥尽少者壮，生长蕃中似蕃悖。不知祖父皆汉民，便恐为蕃心矻矻。缘边饱喂十万众，何不齐驱一时发。年年但捉两三人，精卫衔芦塞溟渤。
和李校书新题乐府十二首 其十二 阴山道
年年买马阴山道，马死阴山帛空耗。元和天子念女工，内出金银代酬犒。臣有一言昧死进，死生甘分荅恩焘。费财为马不独生，耗帛伤工有他盗。臣闻平时七十万匹马，关中不省闻嘶噪。四十八监选龙媒，时贡天庭付良造。如今坰野十无一，尽在飞龙相践暴。万束刍茭供旦暮，千钟菽粟长牵漕。屯军郡国百馀镇，缣缃岁奉春冬劳。税户逋逃例摊配，官司折纳仍贪冒。挑纹变䌰力倍费，弃旧从新人所好。越縠缭绫织一端，十匹素缣功未到。豪家富贾踰常制，令族清班无雅操。从骑爱奴丝布衫，臂鹰小儿云锦韬。群臣利己要差僭，天子深衷空悯悼。绰立花塼鹓凤行，雨露恩波几时报。","周相录《元稹年谱新编》，上海古籍出版社版2004年版，第78-82页",,,,"欧阳丹"
"唐","元稹","元和四年","809",,,"31","","都畿道","河南府","洛阳",,"河南","洛阳市",,"112.460033","34.624376","监察御史分务东台","元和四年以前在洛阳曾与卢真相互酬答，有诗，姑系于此。","卢真","《答子蒙》","Poem","答子蒙
报卢君，门外雪纷纷。纷纷门外雪，城中鼓声绝。强梁御史人觑步，安得夜开沽酒户。","周相录《元稹年谱新编》，上海古籍出版社版2004年版，第86页",,,,"欧阳丹"
"唐","元稹","元和五年","810","1",,"32","","都畿道","河南府","洛阳",,"河南","洛阳市",,"112.460033","34.624376","监察御史分务东台","在洛阳，为监察御史分务东台。向韩愈索要辛夷花，有诗。","韩愈","《辛夷花》","Poem","辛夷花
问君辛夷花，君言已斑駮。不畏辛夷不烂开，顾我筋骸官束缚。缚遣推囚名御史，狼藉囚徒满田地。明日不推缘国忌，依前不得花前醉。韩员外家好辛夷，开时乞取三两枝。折枝为赠君莫惜，纵君不折风亦吹。","周相录《元稹年谱新编》，上海古籍出版社版2004年版，第86页",,,,"欧阳丹"
"唐","元稹","元和五年","810",,,"32","","都畿道","河南府","洛阳",,"河南","洛阳市",,"112.460033","34.624376","监察御史分务东台","因卢真而与卢元辅唱和。","卢真，卢元辅","《卢十九子蒙吟卢七员外洛川怀古六韵命予和》","Poem","卢十九子蒙吟卢七员外洛川怀古六韵命余和
闻道卢明府，闲行咏洛神。浪圆疑靥笑，波斗忆眉嚬。蹀躞桥头马，空濛水上尘。草芽犹犯雪，冰岸欲消春。寓目终无限，通辞未有因。子蒙将此曲，吟似独眠人。","周相录《元稹年谱新编》，上海古籍出版社版2004年版，第87页",,,,"欧阳丹"
"唐","元稹","元和五年","810",,,"32","","都畿道","河南府","洛阳",,"河南","洛阳市",,"112.460033","34.624376","监察御史分务东台","元稹伏庚寅之诏，作赋。","","《奉制试乐为御赋》","Article","奉制试乐为御赋
臣伏奉庚寅之诏曰。天子以乐为御。其义则那。臣以为引重任者无御不可。播盛德者非乐而何。蟠乎地而际乎天。周流既超于马力。发乎迩而应乎远。驰声亦倍于銮和。喻之为至。此实居多。大道既移。则舞行象成于覆载。小戎或驾。则琴音决胜于驺歌。故圣王取彼驩然。喻诸沃若。制其节奏。戒乎行作。听祈招之什。冀绝迹于奔车。赋盘游之词。俾虑危于朽索。是以南薰驰而虞德盛。北里骋而殷道恶。控海内当并骛于勋华。执人柄岂争功于良乐。斯御也。动无险阻。发自和平。周旋罔害。欢爱则行。止之而优游灵府。推之而浃洽寰瀛。非劳辕轭。但布茎英。陋乎足迹。运以精诚。尔或驰驱。难期于无灾无害。我之步骤。乃在于大鸣小鸣。故曰得禽而诡遇。不如率兽以仁声。且跋涉者疲于山川。条畅者格乎穹昊。慕入律而百蛮麇至。锡有功而诸侯轨道。岂出户庭。非专击考。乘六气之辨。哂六辔之徒施。鼓八风而行。知八骏之非宝。于是屏造父。命后夔。或无声而至矣。或先进以道之。岂独周域中而利其衔策。亦将肥天下而沦乎肤肌。若此则宇宙盖由乎一马。牵制尽在于四维。虽质文更变。而公共操持。莫不得之者昌。失之者损。俗化清而鞭扑废。和顺积而车书混。故臣稹前跪而言曰。引重任者御为之先。播盛德者乐为之本。伏惟皇帝陛下推是心而居其奥。臣徒欲贡所闻而安敢窥其阃。","周相录《元稹年谱新编》，上海古籍出版社版2004年版，第89页",,,,"欧阳丹"
"唐","元稹","元和五年","810",,,"32","","都畿道","河南府","洛阳",,"河南","洛阳市",,"112.460033","34.624376","监察御史分务东台","赏春，有诗。","","《厅前柏》","Poem","厅前柏
厅前柏，知君曾对罗希奭。我本癫狂耽酒人，何事与君为对敌。为对敌，洛阳城中花赤白。花赤白，囚渐多，花之赤白奈尔何。","周相录《元稹年谱新编》，上海古籍出版社版2004年版，第104页",,,,"欧阳丹"
"唐","元稹","元和五年","810",,,"32","","都畿道","河南府","洛阳",,"河南","洛阳市",,"112.460033","34.624376","监察御史分务东台","赏春，有诗。","","《村花晚》","Poem","村花晚
三春已暮桃李伤，棠梨花白蔓菁黄。村中女儿争摘将，插刺头鬓相誇张。田翁蚕老迷臭香，晒暴㪑𣀳熏衣裳。非无后秀与孤芳，奈尔千株万顷之茫茫。天公此意何可量，长教尔辈时节长。","周相录《元稹年谱新编》，上海古籍出版社版2004年版，第104页",,,,"欧阳丹"
"唐","元稹","元和五年","810",,,"32","","都畿道","河南府","洛阳",,"河南","洛阳市",,"112.460033","34.624376","监察御史分务东台","寄诗与刘颇。","刘颇","《寄刘颇二首》","Poem","寄刘颇二首 其一
平生嗜酒颠狂甚，不许诸公占丈夫。唯爱刘君一片胆，近来还敢似人无。
寄刘颇二首 其二
前年碣石烟尘起，共看官军过洛城。无限公卿因战得，与君依旧绿衫行。","周相录《元稹年谱新编》，上海古籍出版社版2004年版，第104页",,,,"欧阳丹"
"唐","元稹","元和五年","810",,,"32","","都畿道","河南府","洛阳","韦氏馆","河南","洛阳市",,"112.460033","34.624376","监察御史分务东台","与吕炅等同泛韦氏池，有诗。","吕炅，庾承宣，杜元颖","《同醉》","Poem","同醉
柏树台中推事人，杏花坛上鍊形真。心源一种闲如水，同醉樱桃林下春。","周相录《元稹年谱新编》，上海古籍出版社版2004年版，第104页",,,,"欧阳丹"
"唐","元稹","元和五年","810",,,"32","","都畿道","河南府","洛阳","韦氏馆","河南","洛阳市",,"112.460033","34.624376","监察御史分务东台","与吕炅等同泛韦氏池，有诗。","吕炅，庾承宣，杜元颖","《韦氏馆与周隐客杜归和泛舟》","Poem","韦氏馆与周隐客杜归和泛舟
天色低澹澹，池光漫油油。轻舟闲缴绕，不远池上楼。时物欣外奖，真元随内修。神恬津藏满，气委支节柔。众处岂自异，旷怀谁我俦。风车笼野马，八荒安足游。开颜陆浑杜，握手灵都周。持君宝珠赠，顶戴头上头。","周相录《元稹年谱新编》，上海古籍出版社版2004年版，第104页",,,,"欧阳丹"
"唐","元稹","元和五年","810",,,"32","","都畿道","河南府","洛阳","刘氏馆","河南","洛阳市",,"112.460033","34.624376","监察御史分务东台","与卢真等集刘氏馆，有诗。","刘敦质，吕炅，庾承宣，杜元颖","《刘氏馆集隐客归和子元及之子蒙晦之》","Poem","刘氏馆集隐客归和子元及之子蒙晦之
湿垫缘竹径，寥落护岸冰。偶然沽市酒，不越四五升。诗客爱时景，道人话升腾。笑言各有趣，悠哉古孙登。","周相录《元稹年谱新编》，上海古籍出版社版2004年版，第104页",,,,"欧阳丹"
"唐","元稹","元和五年","810",,,"32","","都畿道","河南府","洛阳",,"河南","洛阳市",,"112.460033","34.624376","监察御史分务东台","与卢真饮酒，有诗。","卢真","《宿醉》","","宿醉
风引春心不自由，等闲冲席饮多筹。朝来始向花前觉，度却醒时一夜愁。","周相录《元稹年谱新编》，上海古籍出版社版2004年版，第104页",,,,"欧阳丹"
"唐","元稹","元和五年","810",,,"32","","都畿道","河南府","洛阳",,"河南","洛阳市",,"112.460033","34.624376","监察御史分务东台","与卢真饮酒，有诗。","卢真","《羡醉》","","羡醉
绮陌高楼竞醉眠，共期憔悴不相怜。也应自有寻春日，虚度而今正少年。","周相录《元稹年谱新编》，上海古籍出版社版2004年版，第104页",,,,"欧阳丹"
"唐","元稹","元和五年","810",,,"32","","都畿道","河南府","洛阳",,"河南","洛阳市",,"112.460033","34.624376","监察御史分务东台","与卢真饮酒，有诗。","卢真","《先醉》","","先醉
今日樽前败饮名，三杯未尽不能倾。怪来花下长先醉，半是春风荡酒情。","周相录《元稹年谱新编》，上海古籍出版社版2004年版，第104页",,,,"欧阳丹"
"唐","元稹","元和五年","810",,,"32","","都畿道","河南府","洛阳",,"河南","洛阳市",,"112.460033","34.624376","监察御史分务东台","与卢真饮酒，有诗。","卢真","《独醉》","","独醉
一树芳菲也当春，漫随车马拥行尘。桃花解笑莺能语，自醉自眠那藉人。","周相录《元稹年谱新编》，上海古籍出版社版2004年版，第104页",,,,"欧阳丹"
"唐","元稹","元和五年","810",,,"32","","都畿道","河南府","洛阳","仁风坊","河南","洛阳市",,"112.460033","34.624376","监察御史分务东台","于“李著作”仁风坊南园听管儿弹琵琶，有诗。","“李著作”，李建，管儿","《仁风李著作园醉后寄李十》","Poem","仁风李著作园醉后寄李十
胧明春月照花枝，花下音声是管儿。却笑西京李员外，五更骑马趁朝时。","周相录《元稹年谱新编》，上海古籍出版社版2004年版，第88页",,,,"欧阳丹"
"唐","元稹","元和五年","810","2",,"32","","都畿道","河南府","洛阳",,"河南","洛阳市",,"112.460033","34.624376","监察御史分务东台","河南尹房式“诈谖事发”，元稹奏摄之。朝廷罚元稹一季俸，召回长安。元稹在东台未满一年，弹劾数十事。","","《叙奏》","Article","","周相录《元稹年谱新编》，上海古籍出版社版2004年版，第87页",,,,"欧阳丹"
"唐","元稹","元和五年","810","3",,"32","","都畿道","河南府","洛阳",,"河南","洛阳市",,"112.460033","34.624376","监察御史","启程回长安，与窦巩话别，有诗。","窦巩","《西还》","Poem","西还
悠悠洛阳梦，郁郁灞陵树。落日正西归，逢君又东去。","周相录《元稹年谱新编》，上海古籍出版社版2004年版，第94页",,,,"欧阳丹"
"唐","元稹","元和五年","810","3","3","32","","都畿道","河南府","洛阳","三泉驿","河南","洛阳市",,"112.460033","34.624376","监察御史","经三泉驿，有诗。","","《三泉驿》","Poem","三泉驿
三泉驿内逢上巳，新叶趋尘花落地。劝君满盏君莫辞，别后无人共君醉。洛阳城中无限人，贵人自贵贫自贫。","周相录《元稹年谱新编》，上海古籍出版社版2004年版，第94页",,,,"欧阳丹"
"唐","元稹","元和五年","810","3","6","32","","都畿道","陕州",,,"河南",,,"113.759604","34.772024","监察御史","经陕州，晤吴士矩、崔韶，有诗。","吴士矩，崔韶","《元和五年予官不了罚俸西归三月六日至陕府与吴十一兄端公崔二十二院长思怆曩游因投五十韵》","Poem","元和五年予官不了罚俸西归三月六日至陕府与吴十一兄端公崔二十二院长思怆曩游因投五十韵
小年闲爱春，认得春风意。未有花草时，先醲晓窗睡。霞朝澹云色，霁景牵诗思。渐到柳枝头，川光始明媚。长安车马客，倾心奉权贵。昼夜尘土中，那言早春至。此时我独游，我游有伦次。闲行曲江岸，便宿慈恩寺。扣林引寒龟，疏丛出幽翠。凌晨过杏园，晓露凝芳气。初阳好明净，嫩树怜低庳。排房似缀珠，欲啼红脸泪。新莺语娇小，浅水光流利。冷饮空腹杯，因成日高醉。酒醒闻饭钟，随僧受遗施。餐罢还复游，过从上文记。行逢二月半，始足游春骑。是时春已老，我游亦云既。藤开九华观，草结三条隧。新笋踊犀株，落梅翻蝶翅。名倡绣毂车，公子青丝辔。朝士还旬休，豪家得春赐。提携好音乐，剪铲空田地。同占杏花园，喧阗各丛萃。顾予烦寝兴，复往散憔悴。倦仆色肌羸，蹇驴行跛痹。春衫未成就，冬服渐尘腻。倾盖吟短章，书空忆难字。遥闻公主笑，近被王孙戏。邀我上华筵，横头坐宾位。那知我年少，深解酒中事。能唱犯声歌，偏精变筹义。含词待残拍，促舞递繁吹。叫噪掷投盘，生狞摄觥使。逡巡光景晏，散乱东西异。古观闭閒门，依然复幽閟。无端矫情性，漫学求科试。薄艺何足云，虚名偶频遂。拾遗天子前，密奏升平议。召见不须臾，憸庸已猜忌。朝陪香案班，暮作风尘尉。去岁又登朝，登为柏台吏。台官相束缚，不许放情志。寓直劳送迎，上堂烦避讳。分司在东洛，所职尤不易。罚俸得西归，心知受朝庇。常山攻小寇，淮右择良帅。国难身不行，劳生欲何为。吾兄谙性灵，崔子同臭味。投此挂冠词，一生还自恣。","周相录《元稹年谱新编》，上海古籍出版社版2004年版，第94页",,,,"欧阳丹"
"唐","元稹","元和五年","810","3",,"32","","京畿道","华州",,"敷水驿","陕西","渭南市",,"109.516739","34.505687","监察御史","经华州，宿敷水驿，宦官仇士良等后至，与元稹争厅，刘士元以鞭击稹伤面。","仇士良，刘士元",,"","","周相录《元稹年谱新编》，上海古籍出版社版2004年版，第95页",,,,"欧阳丹"
"唐","元稹","元和五年","810","3",,"32","",,,,,,"西安市",,"108.946306","34.347436","监察御史","西归长安途中，有《东西道》诗，姑系于此。","","《东西道》","Poem","东西道
天皇开四极，便有东西道。万古阅行人，行人几人老。顾我倦行者，息阴何不早？少壮尘事多，那言壮年好。","周相录《元稹年谱新编》，上海古籍出版社版2004年版，第105-106页",,,,"欧阳丹"
"唐","元稹","元和五年","810","3",,"32","",,,,,,"西安市",,"108.946306","34.347436","监察御史","西归长安途中，有《分流水》诗，姑系于此。","","《分流水》","Poem","分流水
古时愁别泪，滴作分流水。日夜东西流，分流几千里。通塞两不见，波澜各自起。与君相背飞，去去心如此。","周相录《元稹年谱新编》，上海古籍出版社版2004年版，第105-106页",,,,"欧阳丹"
"唐","元稹","元和五年","810","3",,"32","",,,,,,"西安市",,"108.946306","34.347436","监察御史","西归长安途中，有《寄隐客》诗，姑系于此。","","《寄隐客》","Poem","寄隐客
我年三十二，鬓有八九丝。非无官次第，其如身早衰。今人夸贵富，肉食与妖姬。而我俱不乐，贵富亦何为。况逢多士朝，贤俊若布棋。班行次第立，朱紫相参差。谟猷密勿进，羽檄纵横驰。监察官甚小，发言无所裨。小官仍不了，谴夺亦已随。时或不之弃，得不自弃之。陶君喜不遇，顾我复何疑。潜书周隐士，白云今有期。","周相录《元稹年谱新编》，上海古籍出版社版2004年版，第105-106页",,,,"欧阳丹"
"唐","元稹","元和五年","810","3",,"32","",,,,,,"西安市",,"108.946306","34.347436","监察御史","西归长安途中，有《归田》诗，姑系于此。","","《归田》","Poem","归田
陶君三十七，挂绶出都门。我亦今年去，商山淅岸村。冬修方丈室，春种桔槔园。千万人间事，从兹不复言。","周相录《元稹年谱新编》，上海古籍出版社版2004年版，第105-106页",,,,"欧阳丹"
"唐","元稹","元和五年","810","3",,"32","",,,,,,"西安市",,"108.946306","34.347436","监察御史","西归长安途中，有《缘路》诗，姑系于此。","","《缘路》","Poem","缘路
总是玲珑竹，兼藏浅漫溪。沙平深见底，石乱不成泥。烟火遥村落，桑麻隔稻畦。此中如有问，甘被到头迷。","周相录《元稹年谱新编》，上海古籍出版社版2004年版，第105-106页",,,,"欧阳丹"
"唐","元稹","元和五年","810","3",,"32","",,,,,,"西安市",,"108.946306","34.347436","监察御史","西归长安途中，有《春鸠》诗，姑系于此。","","《春鸠》","Poem","春鸠
春鸠与百舌，音响讵同年。如何一时语，俱得春风怜。犹知化工意，当春不生蝉。免教争叫噪，沸渭桃花前。","周相录《元稹年谱新编》，上海古籍出版社版2004年版，第105-106页",,,,"欧阳丹"
"唐","元稹","元和五年","810","3",,"32","",,,,,,"西安市",,"108.946306","34.347436","监察御史","西归长安途中，有《旅眠》诗，姑系于此。","","《旅眠》","Poem","旅眠
内外都无隔，帷屏不复张。夜眠兼客坐，同在火炉床。","周相录《元稹年谱新编》，上海古籍出版社版2004年版，第105-106页",,,,"欧阳丹"
"唐","元稹","元和五年","810","3",,"32","","京畿道","京兆府","长安",,"陕西","西安市",,"108.946306","34.347436","监察御史","三月中旬，至长安。","",,"","","周相录《元稹年谱新编》，上海古籍出版社版2004年版，第96页",,,,"欧阳丹"
"唐","元稹","元和五年","810",,,"32","","京畿道","京兆府","长安",,"陕西","西安市",,"108.946306","34.347436","江陵士曹参军","宪宗包庇宦官，贬元稹江陵士曹参军。白居易、李绛、崔群上疏谏止，无果。","白居易，李绛，崔群，唐宪宗",,"","","周相录《元稹年谱新编》，上海古籍出版社版2004年版，第96页",,,,"欧阳丹"
"唐","元稹","元和五年","810",,,"32","","京畿道","京兆府","长安",,"陕西","西安市",,"108.946306","34.347436","江陵士曹参军","离京赴任，与白居易相遇于街衢，居易命弟送行，并赠诗一轴，供其在途讽诵。","白居易",,"","","周相录《元稹年谱新编》，上海古籍出版社版2004年版，第98页",,,,"欧阳丹"
"唐","元稹","元和五年","810",,,"32","","京畿道","京兆府","蓝田","化感寺","陕西","西安市","蓝田县","109.329839","34.157639","江陵士曹参军","经化感寺。","",,"","","周相录《元稹集校注》，上海古籍出版社版2011年版第453页",,,,"欧阳丹"
"唐","元稹","元和五年","810",,,"32","","京畿道","京兆府","蓝田","清源寺","陕西","西安市","蓝田县","109.329839","34.157639","江陵士曹参军","至清源寺，有诗。","","《山竹枝》","Poem","山竹枝
深院虎溪竹，远公身自栽。多惭折君节，扶我出山来。贵宅安危步，难将混俗材。还投辋川水，从作老龙回。","周相录《元稹年谱新编》，上海古籍出版社版2004年版，第98页；周相录《元稹集校注》，上海古籍出版社版2011年版，第453页",,,,"欧阳丹"
"唐","元稹","元和五年","810",,,"32","","京畿道","京兆府","蓝田","辋川","陕西","西安市","蓝田县","109.329839","34.157639","江陵士曹参军","溯灞水，有诗。","","《辋川》","Poem","辋川
世累为身累，闲忙不自由。殷勤辋川水，何事出山流。","周相录《元稹年谱新编》，上海古籍出版社版2004年版，第98页；周相录《元稹集校注》，上海古籍出版社版2011年版，第474页",,,,"欧阳丹"
"唐","元稹","元和五年","810",,,"32","","山南东道","商州","上洛","商山路","陕西","商洛市",,"109.94688","33.876525","江陵士曹参军","入商山路，有诗。","","《春蝉》","Poem","春蝉
我自东归日，厌苦春鸠声。作诗怜化工，不遣春蝉生。及来商山道，山深气不平。春秋两相似，虫豸百种鸣。风松不成韵，蜩螗沸如羹。岂无朝阳凤，羞与微物争。安得天上雨，奔浑河海倾。荡涤反时气，然后好晴明。","周相录《元稹年谱新编》，上海古籍出版社版2004年版，第98页；周相录《元稹集校注》，上海古籍出版社版2011年版，第7页",,,,"欧阳丹"
"唐","元稹","元和五年","810",,,"32","","山南东道","商州","上洛","商山驿馆","陕西","商洛市",,"109.94688","33.876525","江陵士曹参军","宿商山驿馆，有诗。","","《感梦》（行吟坐歎知何極）","Poem","感梦
行吟坐叹知何极，影绝魂销动隔年。今夜商山馆中梦，分明同在后堂前。","周相录《元稹年谱新编》，上海古籍出版社版2004年版，第98页；周相录《元稹集校注》，上海古籍出版社版2011年版，第251页",,,,"欧阳丹"
"唐","元稹","元和五年","810",,,"32","","山南东道","商州","上洛","商山驿馆","陕西","商洛市",,"109.94688","33.876525","江陵士曹参军","宿商山驿馆，有诗。","","《商州酬乐天》","Poem","","周相录《元稹年谱新编》，上海古籍出版社版2004年版，第98页；周相录《元稹集校注》，上海古籍出版社版2011年版，第109页","（拟题）",,,"欧阳丹"
"唐","元稹","元和五年","810",,,"32","","山南东道","商州","上洛","四皓驿","陕西","商洛市",,"109.94688","33.876525","江陵士曹参军","经四皓驿，有诗。","","《四皓庙》","Poem","四皓庙
巢由昔避世，尧舜不得臣。伊吕虽急病，汤武乃可君。四贤胡为者，千载名氛氲。显晦有遗迹，前后疑不伦。秦政虐天下，黩武穷生民。诸侯战必死，壮士眉亦嚬。张良韩孺子，椎碎属车轮。遂令英雄意，日夜思报秦。先生相将去，不复婴世尘。云卷在孤岫，龙潜为小鳞。秦王转无道，谏者鼎镬亲。茅焦脱衣谏，先生无一言。赵高杀二世，先生如不闻。刘项取天下，先生游白云。海内八年战，先生全一身。汉业日已定，先生名亦振。不得为济世，宜哉为隐沦。如何一朝起，屈作储贰宾。安存孝惠帝，摧悴戚夫人。舍大以谋细，虬盘而蠖伸。惠帝竟不嗣，吕氏祸有因。虽怀安刘志，未若周与陈。皆落子房术，先生道何屯。出处贵明白，故吾今有云。","周相录《元稹年谱新编》，上海古籍出版社版2004年版，第98页；周相录《元稹集校注》（上海古籍出版社2011版），第26页",,,,"欧阳丹"
"唐","元稹","元和五年","810","3","24","32","","山南东道","商州",,"曾峰馆","陕西","商洛市",,"109.94688","33.876525","江陵士曹参军","至曾峰馆，有诗。","白居易","《三月二十四日宿曾峰馆夜对桐花寄乐天》","Poem","三月二十四日宿曾峰馆夜对桐花寄乐天
微月照桐花，月微花漠漠。怨澹不胜情，低回拂帘幕。叶新阴影细，露重枝条弱。夜久春恨多，风清暗香薄。是夕远思君，思君瘦如削。但感事睽违，非言官好恶。奏书金銮殿，步屣青龙阁。我在山馆中，满地桐花落。","周相录《元稹年谱新编》，上海古籍出版社版2004年版，第98页；周相录《元稹集校注》，上海古籍出版社版2011年版，第159页","曾峰馆在今陕西商州之东、武关之西",,,"欧阳丹"
"唐","元稹","元和五年","810",,,"32","","山南东道","商州",,"曾峰馆","陕西","商洛市",,"109.94688","33.876525","江陵士曹参军","至曾峰馆，有诗。","","《桐花》","Poem","桐花
胧月上山馆，紫桐垂好阴。可惜暗澹色，无人知此心。舜没苍梧野，凤归丹穴岑。遗落在人世，光华那复深。年年怨春意，不竞桃杏林。唯占清明后，牡丹还复侵。况此空馆闭，云谁恣幽寻。徒烦鸟噪集，不语山嵚岑。满院青苔地，一树莲花簪。自开还自落，暗芳终暗沈。尔生不得所，我愿裁为琴。安置君王侧，调和元首音。安问宫徵角，先辨雅郑淫。宫弦春以君，君若春日临。商弦廉以臣，臣作旱天霖。人安角声畅，人困斗不任。羽以类万物，祆物神不歆。徵以节百事，奉事罔不钦。五者苟不乱，天命乃可忱。君若问孝理，弹作梁山吟。君若事宗庙，拊以和球琳。君若不好谏，愿献触疏箴。君若不罢猎，请听荒于禽。君若侈台殿，雍门可沾襟。君若傲贤隽，鹿鸣有食芩。君闻祈招什，车马勿骎骎。君若欲败度，中有式如金。君闻薰风操，志气在愔愔。中有阜财语，勿受来献琛。北里当绝听，祸莫大于淫。南风苟不竞，无往遗之擒。奸声不入耳，巧言宁孔壬。枭音亦云革，安得沴与祲。天子既穆穆，群材亦森森。剑士还农野，丝人归织纴。丹凤巢阿阁，文鱼游碧浔。和气浃寰海，易若溉蹄涔。改张乃可鼓，此语无古今。非琴独能尔，事有谕因针。感尔桐花意，闲怨杳难禁。待我持斤斧，置君为大琛。","周相录《元稹年谱新编》，上海古籍出版社版2004年版，第98页；周相录《元稹集校注》，上海古籍出版社版2011年版，第12页",,,,"欧阳丹"
"唐","元稹","元和五年","810",,,"32","","山南东道","商州",,"曾峰馆","陕西","商洛市",,"109.94688","33.876525","江陵士曹参军","至曾峰馆，有诗。","","《桐花落》","Poem","桐花落
莎草遍桐阴，桐花满莎落。盖覆相团圆，可怜无厚薄。昔岁幽院中，深堂下帘幕。同在后门前，因论花好恶。君誇沈檀样，云是指撝作。暗澹灭紫花，句连蹙金萼。都绣六七枝，斗成双孔雀。尾上稠叠花，又将金解络。我爱看不已，君烦睡先著。我作绣桐诗，系君裙带著。别来苦修道，此意都萧索。今日竟相牵，思量偶然错。","周相录《元稹年谱新编》，上海古籍出版社版2004年版，第98页",,,,"欧阳丹"
"唐","元稹","元和五年","810",,,"32","","山南东道","商州","商洛","武关","陕西","商洛市",,"109.94688","33.876525","江陵士曹参军","过武关，忆白居易，题诗道旁墙上。","",,"","","周相录《元稹年谱新编》，上海古籍出版社版2004年版，第98页",,,,"欧阳丹"
"唐","元稹","元和五年","810",,,"32","","山南东道","商州","商洛","青云驿","陕西","商洛市",,"109.94688","33.876525","江陵士曹参军","过青云驿，有诗。","","《青云驿》","Poem","青云驿
岧峣青云岭，下有千仞溪。裴回不可上，人倦马亦嘶。愿登青云路，若望丹霞梯。谓言青云驿，绣户芙蓉闺。谓言青云骑，玉勒黄金蹄。谓言青云具，瑚琏杂象犀。谓言青云吏，的的颜如圭。怀此青云望，安能复久稽。攀援信不易，风雨正凄凄。已怪杜鹃鸟，先来山下啼。才及青云驿，忽遇蓬蒿妻。延我开荜户，凿窦宛如圭。逡巡吏来谒，头白颜色黧。馈食频叫噪，假器仍乞醯。向时延我者，共舍藿与藜。乘我牂牁马，蒙茸大如羝。悔为青云意，此意良噬脐。昔游蜀门下，有驿名青泥。闻名意惨怆，若坠牢与狴。云泥异所称，人物一以齐。复闻阊阖上，下视日月低。银城蕊珠殿，玉版金字题。大帝直南北，群仙侍东西。龙虎俨队仗，雷霆轰鼓鼙。元君理庭内，左右桃花蹊。丹霞烂成绮，景云轻若绨。天池光滟滟，瑶草绿萋萋。众真千万辈，柔颜尽如荑。手持凤尾扇，头戴翠羽笄。云韶互铿戛，霞服相提携。双双发皓齿，各各扬轻袿。天祚乐未极，溟波浩无堤。秽贱灵所恶，安肯问黔黎。桑田变成海，宇县烹为齑。虚皇不愿见，云雾重重翳。大帝安可梦，阊阖何由跻。灵物可见者，愿以谕端倪。虫蛇吐云气，妖氛变虹蜺。获麟书诸册，豢龙醢为臡。凤皇占梧桐，丛杂百鸟栖。野鹤啄腥虫，贪饕不如鸡。山鹿藏窟穴，虎豹吞其麛。灵物比灵境，冠履宁甚暌。道胜即为乐，何惭居稗稊。金张好车马，于陵亲灌畦。在梁或在火，不变玉与鹈。上天勿行行，潜穴勿悽悽。吟此青云谕，达观终不迷。","周相录《元稹年谱新编》，上海古籍出版社版2004年版，第100页；周相录《元稹集校注》，上海古籍出版社版2011年版，第31页",,,,"欧阳丹"
"唐","元稹","元和五年","810",,,"32","","山南东道","商州",,"阳城驿","陕西","商洛市",,"109.94688","33.876525","江陵士曹参军","过阳城驿，有诗。","","《阳城驿》","Poem","阳城驿
商有阳城驿，名同阳道州。阳公没已久，感我泪交流。昔公孝父母，行与曾闵俦。既孤善兄弟，兄弟和且柔。一夕不相见，若怀三岁忧。遂誓不婚娶，没齿同衾裯。妹夫死他县，遗骨无人收。公令季弟往，公与仲弟留。相别竟不得，三人同远游。共负他乡骨，归来藏故丘。栖迟居夏邑，邑人无苟媮。里中竞长短，来问劣与优。官刑一朝耻，公短终身羞。公亦不遗布，人自不盗牛。问公何能尔，忠信先自修。发言当道理，不顾党与雠。声香渐翕习，冠盖若云浮。少者从公学，老者从公游。往来相告报，县尹与公侯。名落公卿口，涌如波荐舟。天子得闻之，书下再三求。书中愿一见，不异旱地虬。何以持为聘，束帛藉琳球。何以持为御，驷马驾安辀。公方伯夷操，事殷不事周。我实唐士庶，食唐之田畴。我闻天子忆，安敢专自由。来为谏大夫，朝夕侍冕旒。希夷惇薄俗，密勿献良筹。神医不言术，人瘼曾暗瘳。月请谏官俸，诸弟相对谋。皆曰亲戚外，酒散目前愁。公云不有尔，安得此嘉猷。施馀尽酤酒，客来相献酬。日旰不谋食，春深仍敝裘。人心良戚戚，我乐独由由。贞元岁云暮，朝有曲如钩。风波势奔蹙，日月光绸缪。齿牙属为猾，禾黍暗生蟊。岂无司言者，肉食吞其喉。岂无司搏者，利柄扼其鞲。鼻复势气塞，不得辩薰莸。公虽未显谏，惴惴如患瘤。飞章八九上，皆若珠暗投。炎炎日将炽，积燎无人抽。公乃帅其属，决谏同报仇。延英殿门外，叩閤仍叩头。且曰事不止，臣谏誓不休。上知不可遏，命以美语酬。降官司成署，俾之为赘疣。奸心不快活，击刺砺戈矛。终为道州去，天道竟悠悠。遂令不言者，反以言为尤。喉舌坐成木，鹰鹯化为鸠。避权如避虎，冠豸如冠猴。平生附我者，诗人称好逑。私来一执手，恐若坠诸沟。送我不出户，决我不回眸。唯有太学生，各具粮与糇。咸言公去矣，我亦去荒陬。公与诸生别，步步驻行驺。有生不可诀，行行过闽瓯。为师得如此，得为贤者不。道州闻公来，鼓舞歌且讴。昔公居夏邑，狎人如狎鸥。况自为刺史，岂复援鼓桴。滋章一时罢，教化天下遒。炎瘴不得老，英华忽已秋。有鸟哭杨震，无儿悲邓攸。唯馀门弟子，列树松与楸。今来过此驿，若吊汨罗洲。辞曹讳羊祜，此驿何不侔。我愿避公讳，名为避贤邮。此名有深意，蔽贤天所尤。吾闻玄元教，日月冥九幽。幽阴蔽翳者，永为幽翳囚。","周相录《元稹年谱新编》，上海古籍出版社版2004年版，第100页；周相录《元稹集校注》，上海古籍出版社版2011年版，第37页","阳城驿在今陕西商南东陕、豫交界处。",,,"欧阳丹"
"唐","元稹","元和五年","810",,,"32","","山南东道","商州",,"阳城驿","陕西","商洛市",,"109.94688","33.876525","江陵士曹参军","在阳城驿，寄书及《三月二十四日宿曾峰馆夜对桐花寄乐天》诗与白居易，其中书已亡佚。","白居易",,"Article","","周相录《元稹年谱新编》，上海古籍出版社版2004年版，第100页","《三月二十四日宿曾峰馆夜对桐花寄乐天》乃元稹前在曾峰馆所作，而书信已亡。",,,"欧阳丹"
"唐","元稹","元和五年","810",,,"32","","山南东道","襄州","襄阳","谷隐寺","湖北","襄阳市",,"112.129089","32.014789","江陵士曹参军","过襄阳谷隐寺，有诗。","","《襄阳道》","Poem","襄阳道
羊公名渐远，唯有岘山碑。近日称难继，曹王任马彝。椒兰俱下世，城郭到今时。汉水清如玉，流来本为谁。","周相录《元稹年谱新编》，上海古籍出版社版2004年版，第101页；周相录《元稹集校注》，上海古籍出版社版2011年版，第114页",,,,"欧阳丹"
"唐","元稹","元和五年","810",,,"32","","山南东道","襄州","襄阳","岘山羊祜碑","湖北","襄阳市",,"112.129089","32.014789","江陵士曹参军","过岘山羊祜碑，有诗。","","《狂醉》","Poem","狂醉
一自柏台为御史，二年辜负两京春。岘亭今日颠狂醉，舞引红娘乱打人。","周相录《元稹年谱新编》，上海古籍出版社版2004年版，第101页；周相录《元稹集校注》，上海古籍出版社版2011年版，第514页",,,,"欧阳丹"
"唐","元稹","元和五年","810",,,"32","","山南东道","襄州","襄阳","清水驿","湖北","襄阳市",,"112.129089","32.014789","江陵士曹参军","过清水驿，有诗。","","《蔷薇架》","Poem","蔷薇架
五色阶前架，一张笼上被。殷红稠叠花，半绿鲜明地。风蔓罗裙带，露英莲脸泪。多逢走马郎，可惜帘边思。","周相录《元稹年谱新编》，上海古籍出版社版2004年版，第101页",,,,"欧阳丹"
"唐","元稹","元和五年","810",,,"32","",,,,,,,,"0","0","江陵士曹参军","自长安贬江陵途中作《思归乐》诗，姑系于此。","","《思归乐》","Poem","思归乐
山中思归乐，尽作思归鸣。尔是此山鸟，安得失乡名。应缘此山路，自古离人征。阴愁感和气，俾尔从此生。我虽失乡去，我无失乡情。惨舒在方寸，宠辱将何惊。浮生居大块，寻丈可寄形。身安即形乐，岂独乐咸京。命者道之本，死者天之平。安问远与近，何言殇与彭。君看赵工部，八十支体轻。交州二十载，一到长安城。长安不须臾，复作交州行。交州又累岁，移镇广与荆。归朝新天子，济济为上卿。肌肤无瘴色，饮食康且宁。长安一昼夜，死者如霣星。丧车四门出，何关炎瘴萦。况我三十二，百年未半程。江陵道涂近，楚俗云水清。遐想玉泉寺，久闻岘山亭。此去尽绵历，岂无心赏并。红餐日充腹，碧涧朝析酲。开门待宾客，寄书安弟兄。闲穷四声韵，闷阅九部经。身外皆委顺，眼前随所营。此意久已定，谁能求苟荣。所以官甚小，不畏权势倾。倾心岂不易，巧诈神之刑。万物有本性，况复人性灵。金埋无土色，玉坠无瓦声。剑折有寸利，镜破有片明。我可俘为囚，我可刃为兵。我心终不死，金石贯以诚。此诚患不至，诚至道亦亨。微哉满山鸟，叫噪何足听。","周相录《元稹年谱新编》，上海古籍出版社版2004年版，第107页",,,,"欧阳丹"
"唐","元稹","元和五年","810",,,"32","",,,,,,,,"0","0","江陵士曹参军","自长安贬江陵途中作《古社》诗，姑系于此。","","《古社》","Poem","古社
古社基阯在，人散社不神。惟有空心树，妖狐藏魅人。狐惑意颠倒，臊腥不复闻。丘坟变城郭，花草仍荆榛。良田千万顷，占作天荒田。主人议芟斫，怪见不敢前。那言空山烧，夜随风马奔。飞声鼓鼙震，高燄旗帜翻。逡巡荆棘尽，狐兔无子孙。狐死魅人灭，烟消坛墠存。绕坛旧田地，给授有等伦。农收村落盛，社树新团圆。社公千万岁，永保村中民。","周相录《元稹年谱新编》，上海古籍出版社版2004年版，第107页",,,,"欧阳丹"
"唐","元稹","元和五年","810",,,"32","",,,,,,,,"0","0","江陵士曹参军","自长安贬江陵途中作《松树》诗，姑系于此。","","《松树》","Poem","松树
华山高幢幢，上有高高松。株株遥各各，叶叶相重重。槐树夹道植，枝叶俱冥蒙。既无贞直干，复有罥挂虫。何不种松树，使之摇清风。秦时已曾种，憔悴种不供。可怜孤松意，不与槐树同。闲在高山顶，樛盘虬与龙。屈为大厦栋，庇荫侯与公。不肯作行伍，俱在尘土中。","周相录《元稹年谱新编》，上海古籍出版社版2004年版，第107页",,,,"欧阳丹"
"唐","元稹","元和五年","810",,,"32","",,,,,,,,"0","0","江陵士曹参军","自长安贬江陵途中作《桐花》诗，姑系于此。","","《桐花》","Poem","桐花
胧月上山馆，紫桐垂好阴。可惜暗澹色，无人知此心。舜没苍梧野，凤归丹穴岑。遗落在人世，光华那复深。年年怨春意，不竞桃杏林。唯占清明后，牡丹还复侵。况此空馆闭，云谁恣幽寻。徒烦鸟噪集，不语山嵚岑。满院青苔地，一树莲花簪。自开还自落，暗芳终暗沈。尔生不得所，我愿裁为琴。安置君王侧，调和元首音。安问宫徵角，先辨雅郑淫。宫弦春以君，君若春日临。商弦廉以臣，臣作旱天霖。人安角声畅，人困斗不任。羽以类万物，祆物神不歆。徵以节百事，奉事罔不钦。五者苟不乱，天命乃可忱。君若问孝理，弹作梁山吟。君若事宗庙，拊以和球琳。君若不好谏，愿献触疏箴。君若不罢猎，请听荒于禽。君若侈台殿，雍门可沾襟。君若傲贤隽，鹿鸣有食芩。君闻祈招什，车马勿骎骎。君若欲败度，中有式如金。君闻薰风操，志气在愔愔。中有阜财语，勿受来献琛。北里当绝听，祸莫大于淫。南风苟不竞，无往遗之擒。奸声不入耳，巧言宁孔壬。枭音亦云革，安得沴与祲。天子既穆穆，群材亦森森。剑士还农野，丝人归织纴。丹凤巢阿阁，文鱼游碧浔。和气浃寰海，易若溉蹄涔。改张乃可鼓，此语无古今。非琴独能尔，事有谕因针。感尔桐花意，闲怨杳难禁。待我持斤斧，置君为大琛。","周相录《元稹年谱新编》，上海古籍出版社版2004年版，第107页",,,,"欧阳丹"
"唐","元稹","元和五年","810",,,"32","",,,,,,,,"0","0","江陵士曹参军","自长安贬江陵途中作《雉媒》诗，姑系于此。","","《雉媒》","Poem","雉媒
双雉在野时，可怜同嗜欲。毛衣前后成，一种文章足。一雉独先飞，冲开芳草绿。网罗幽草中，暗被潜羁束。剪刀摧六翮，丝线缝双目。啖养能几时，依然已驯熟。都无旧性灵，返与他心腹。置在芳草中，翻令诱同族。前时相失者，思君意弥笃。朝朝旧处飞，往往巢边哭。今朝树上啼，哀音断还续。远见尔文章，知君草中伏。和鸣忽相召，鼓翅遥相瞩。畏我未肯来，又啄翳前粟。敛翮远投君，飞驰势奔蹙。罥挂在君前，向君声促促。信君决无疑，不道君相覆。自恨飞太高，疏罗偶然触。看看架上鹰，拟食无罪肉。君意定何如，依旧雕笼宿。","周相录《元稹年谱新编》，上海古籍出版社版2004年版，第107页",,,,"欧阳丹"
"唐","元稹","元和五年","810",,,"32","",,,,,,,,"0","0","江陵士曹参军","自长安贬江陵途中作《箭镞》诗，姑系于此。","","《箭镞》","Poem","箭镞
箭镞本求利，淬砺良甚难。砺将何所用，砺以射凶残。不砺射不入，不射人不安。为盗即当射，宁问私与官。夜射官中盗，中之血阑干。带箭君前诉，君王悄不欢。顷曾为盗者，百箭中心攒。竞将儿女泪，滴沥助辛酸。君王责良帅，此祸谁为端。帅言发硎罪，不使刃稍刓。君王不忍杀，逐之如迸丸。仍令后来箭，尽可头团团。发硎去虽远，砺镞心不阑。会射蛟螭尽，舟行无恶澜。","周相录《元稹年谱新编》，上海古籍出版社版2004年版，第107页",,,,"欧阳丹"
"唐","元稹","元和五年","810",,,"32","",,,,,,,,"0","0","江陵士曹参军","自长安贬江陵途中作《大觜乌》诗，姑系于此。","","《大觜乌》","Poem","大觜乌
阳乌有二类，觜白者名慈。求食哺慈母，因以此名之。饮啄颇廉俭，音响亦柔雌。百巢同一树，栖宿不复疑。得食先反哺，一身常苦羸。缘知五常性，翻被众禽欺。其一觜大者，攫搏性贪痴。有力强如鹘，有爪利如锥。音响甚㕭嗗，潜通妖怪词。受日馀光庇，终天无死期。翱翔富人屋，栖息屋前枝。巫言此乌至，财产日丰宜。主人一心惑，诱引不知疲。转见乌来集，自言家转孳。白鹤门外养，花鹰架上维。专听乌喜怒，信受若神龟。举家同此意，弹射不复施。往往清池侧，却令鹓鹭随。群乌饱粱肉，毛羽色泽滋。远近恣所往，贪残无不为。巢禽攫雏卵，厩马啄疮痍。渗沥脂膏尽，凤皇那得知。主人一朝病，争向屋檐窥。呦鷕呼群鵩，翩翻集怪鸱。主人偏养者，啸聚最奔驰。夜半仍惊噪，鸺鹠逐老狸。主人病心怯，灯火夜深移。左右虽无语，奄然皆泪垂。平明天出日，阴魅走参差。乌来屋檐上，又惑主人儿。儿即富家业，玩好方爱奇。占募能言鸟，置者许高赀。陇树巢鹦鹉，言语好光仪。美人倾心献，雕笼身自持。求者临轩坐，置在白玉墀。先问鸟中苦，便言乌若斯。众乌齐搏铄，翠羽几离披。远掷千馀里，美人情亦衰。举家惩此患，事乌踰昔时。向言池上鹭，啄肉寝其皮。夜漏天终晓，阴云风定吹。况尔乌何者，数极不知危。会结弥天网，尽取一无遗。常令阿阁上，宛宛宿长离。","周相录《元稹年谱新编》，上海古籍出版社版2004年版，第107页",,,,"欧阳丹"
"唐","元稹","元和五年","810",,,"32","",,,,,,,,"0","0","江陵士曹参军","自长安贬江陵途中作《分水岭》诗，姑系于此。","","《分水岭》","Poem","分水岭
崔嵬分水岭，高下与云平。上有分流水，东西随势倾。朝同一源出，暮隔千里情。风雨各自异，波澜相背惊。势高竞奔注，势曲已回萦。偶值当途石，蹙缩又纵横。有时遭孔穴，变作呜咽声。褊浅无所用，奔波奚所营。团团井中水，不复东西征。上应美人意，中涵孤月明。旋风四面起，井深波不生。坚冰一时合，井深冻不成。终年汲引绝，不耗复不盈。五月金石铄，既寒亦既清。易时不易性，改邑不改名。定如拱北极，莹若烧玉英。君门客如水，日夜随势行。君看守心者，井水为君盟。","周相录《元稹年谱新编》，上海古籍出版社版2004年版，第107页",,,,"欧阳丹"
"唐","元稹","元和五年","810",,,"32","",,,,,,,,"0","0","江陵士曹参军","自长安贬江陵途中作《芳树》诗，姑系于此。","","《芳树》","Poem","芳树
芳树已寥落，孤英尤可嘉。可怜团团叶，盖覆深深花。游蜂竞钻刺，斗雀亦纷拿。天生细碎物，不爱好光华。非无歼殄法，念尔有生涯。春雷一声发，惊燕亦惊蛇。清池养神蔡，已复长虾蟆。雨露贵平施，吾其春草芽。","周相录《元稹年谱新编》，上海古籍出版社版2004年版，第107页",,,,"欧阳丹"
"唐","元稹","元和五年","810",,,"32","",,,,,,,,"0","0","江陵士曹参军","自长安贬江陵途中作《邮竹》诗，姑系于此。","","《邮竹》","Poem","邮竹
庭有萧萧竹，门有阗阗骑。嚣静本殊途，因依偶同寄。亭亭乍干云，袅袅亦垂地。人有异我心，我无异人意。","周相录《元稹年谱新编》，上海古籍出版社版2004年版，第109页",,,,"欧阳丹"
"唐","元稹","元和五年","810",,,"32","",,,,,,,,"0","0","江陵士曹参军","自长安贬江陵途中作《兔丝》诗，姑系于此。","","《兔丝》","Poem","兔丝
人生莫依倚，依倚事不成。君看兔丝蔓，依倚榛与荆。荆榛易蒙密，百鸟撩乱鸣。下有狐兔穴，奔走亦纵横。樵童斫将去，柔蔓与之并。翳荟生可耻，束缚死无名。桂树月中出，珊瑚石上生。俊鹘度海食，应龙升天行。灵物本特达，不复相缠萦。缠萦竟何者，荆棘与飞茎。","周相录《元稹年谱新编》，上海古籍出版社版2004年版，第107页",,,,"欧阳丹"
"唐","元稹","元和五年","810",,,"32","",,,,,,,,"0","0","江陵士曹参军","自长安贬江陵途中作《赛神》诗，姑系于此。","","《赛神》","Poem","","周相录《元稹年谱新编》，上海古籍出版社版2004年版，第107页",,,,"欧阳丹"
"唐","元稹","元和五年","810",,,"32","",,,,,,,,"0","0","江陵士曹参军","自长安贬江陵途中作《贬江陵途中寄乐天杓直以员外郎判盐铁乐天以拾遗在翰林》诗，姑系于此。","白居易，李建","《贬江陵途中寄乐天杓直以员外郎判盐铁乐天以拾遗在翰林》","Poem","贬江陵途中寄乐天杓直杓直以员外郎判盐铁乐天以拾遗在翰林
想到江陵无一事，酒杯书卷缀新文。紫芽嫩茗和枝采，朱橘香苞数瓣分。暇日上山狂逐鹿，凌晨过寺饱看云。算缗草诏终须解，不敢将心远羡君。","周相录《元稹年谱新编》，上海古籍出版社版2004年版，第107页",,,,"欧阳丹"
"唐","元稹","元和五年","810",,,"32","","山南东道","江陵府","江陵",,"湖北","荆州市",,"112.24722","30.340606","江陵士曹参军","至江陵，寄途中所作诗十七首与白居易，居易和答之。再寄《梦游春诗》与白居易，居易复答之。时江陵尹、荆南节度使为赵宗儒。","白居易，赵宗儒","《梦游春七十韵》","Poem","梦游春七十韵
昔岁梦游春，梦游何所遇。梦入深洞中，果遂平生趣。清泠浅漫流，画舫兰篙渡。过尽万株桃，盘旋竹林路。长廊抱小楼，门牖相回互。楼下杂花丛，丛边绕鸳鹭。池光漾霞影，晓日初明煦。未敢上阶行，频移曲池步。乌龙不作声，碧玉曾相慕。渐到帘幕间，裴回意犹惧。闲窥东西閤，奇玩参差布。隔子碧油糊，驼钩紫金镀。逡巡日渐高，影响人将寤。鹦鹉饥乱鸣，娇娃睡犹怒。帘开侍儿起，见我遥相谕。铺设绣红茵，施张钿妆具。潜褰翡翠帷，瞥见珊瑚树。不辨花貌人，空惊香若雾。身回夜合偏，态敛晨霞聚。睡脸桃破风，汗妆莲委露。丛梳百叶髻，金蹙重台屦。纰软钿头裙，玲珑合欢裤。鲜妍脂粉薄，闇澹衣裳故。最似红牡丹，雨来春欲暮。梦魂良易惊，灵境难久寓。夜夜望天河，无由重沿溯。结念心所期，返如禅顿悟。觉来八九年，不向花回顾。杂合两京春，喧阗众禽护。我到看花时，但作怀仙句。浮生转经历，道性尤坚固。近作梦仙诗，亦知劳肺腑。一梦何足云，良时事婚娶。当年二纪初，嘉节三星度。朝蕣玉佩迎，高松女萝附。韦门正全盛，出入多欢裕。甲第涨清池，鸣驺引朱辂。广榭舞萎蕤，长筵宾杂厝。青春讵几日，华实潜幽蠹。秋月照潘郎，空山怀谢傅。红楼嗟坏壁，金谷迷荒戍。石压破阑干，门摧旧梐枑。虽云觉梦殊，同是终难驻。悰绪竟何如，棼丝不成絇。卓女白头吟，阿娇金屋赋。重璧盛姬台，青冢明妃墓。尽委穷尘骨，皆随流波注。幸有古如今，何劳缣比素。况余当盛时，早岁谐如务。诏册冠贤良，谏垣陈好恶。三十再登朝，一登还一仆。宠荣非不早，邅回亦云屡。直气在膏肓，氛氲日沈痼。不言意不快，快意言多忤。忤诚人所贼，性亦天之付。乍可沈为香，不能浮作瓠。诚为坚所守，未为明所措。事事身已经，营营计何误。美玉琢文圭，良金填武库。徒谓自坚贞，安知受砻铸。长丝羁野马，密网罗阴兔。物外各迢迢，谁能远相锢。时来既若飞，祸速当如骛。曩意自未精，此行何所诉。努力去江陵，笑言谁与晤。江花纵可怜，奈非心所慕。石竹逞奸黠，蔓青誇亩数。一种薄地生，浅深何足妒。荷叶水上生，团团水中住。泻水置叶中，君看不相污。","周相录《元稹年谱新编》，上海古籍出版社版2004年版，第101页",,,,"欧阳丹"
"唐","元稹","元和五年","810","6",,"32","","山南东道","江陵府","江陵",,"湖北","荆州市",,"112.24722","30.340606","江陵士曹参军","张季友、李景俭、王文仲、王众仲邀元稹月夜泛舟，有诗记之。","张季友，李景俭，王文仲，王众仲","《泛江玩月十二韵（并序）》","Poem","泛江玩月十二韵
楚塞分形势，羊公压大邦。因依多士子，参画尽敦厖。岳璧闲相对，荀龙自有双。共将船载酒，同泛月临江。远树悬金镜，深潭倒玉幢。委波添净练，洞照灭凝釭。阗咽沙头市，玲珑竹岸窗。巴童唱巫峡，海客话神泷。已困连飞盏，犹催未倒缸。饮荒情烂熳，风棹乐峥摐。胜事他年忆，愁心此夜降。知君皆逸韵，须为应莛撞。","周相录《元稹年谱新编》，上海古籍出版社版2004年版，第102页；周相录《元稹集校注》，上海古籍出版社2011年版，第345页",,,,"欧阳丹"
"唐","元稹","元和五年","810",,,"32","","山南东道","江陵府","江陵",,"湖北","荆州市",,"112.24722","30.340606","江陵士曹参军","白居易寄信一封、诗一首，赞元稹和诗七章，元稹复次韵答之。","白居易","《书乐天纸》","Poem","书乐天纸
金銮殿里书残纸，乞与荆州元判司。不忍拈将等闲用，半封京信半题诗。","周相录《元稹年谱新编》，上海古籍出版社版2004年版，第103页",,,,"欧阳丹"
"唐","元稹","元和五年","810",,,"32","","山南东道","江陵府","江陵",,"湖北","荆州市",,"112.24722","30.340606","江陵士曹参军","在江陵，回忆与吴士矩元和五年三月六日相会事，有诗。","吴士矩","《寄吴士矩端公五十韵》","Poem","寄吴士矩端公五十韵
昔在凤翔日，十岁即相识。未有好文章，逢人赏颜色。可怜何郎面，二十才冠饰。短发予近梳，罗衫紫蝉翼。伯舅各骄纵，仁兄未摧抑。事业在杯盘，诗书甚徽纆。西州戎马地，贤豪事雄特。百万时可赢，十千良易借。寒食桐阴下，春风柳林侧。藉草送远游，列筵酬博塞。萎蕤云幕翠，灿烂红茵赩。脍缕轻似丝，香醅腻如膱。将军频下城，佳人尽倾国。媚语娇不闻，纤腰软无力。歌辞妙宛转，舞态能剜刻。筝弦玉指调，粉汗红绡拭。予时最年少，专务酒中职。未能解生狞，偏矜任狂直。曲庇桃根盏，横讲捎云式。乱布斗分朋，惟新间谗慝。耻作最先吐，羞言未朝食。醉眼渐纷纷，酒声频餩餩。扣节参差乱，飞觥往来织。强起相维持，翻成两匍匐。边霜飒然降，战马鸣不息。但喜秋光丽，谁忧塞云黑。常随猎骑走，多在豪家匿。夜饮天既明，朝歌日还昃。荒狂岁云久，名利心潜逼。时辈多得途，亲朋屡相敕。闲因适农野，忽复爱稼穑。平生中圣人，翻然腐肠贼。亦从酒仙去，便被书魔惑。脱迹壮士场，甘心竖儒域。矜持翠筠管，敲断黄金勒。屡益兰膏灯，犹研兔枝墨。崎岖来掉荡，矫枉事沈默。隐笑甚艰难，敛容还屴崱。与君始分散，勉我劳修饰。岐路各营营，别离长恻恻。行看二十载，万事纷何极。相值或须臾，安能洞胸臆。昨来陕郊会，悲欢两难克。问我新相知，但报长相忆。岂无新知者，不及小相得。亦有生岁游，同年不同德。为别讵几时，伊予坠沟洫。大江鼓风浪，远道参荆棘。往事返无期，前途浩难测。一旦得自由，相求北山北。","周相录《元稹年谱新编》，上海古籍出版社版2004年版，第106页",,,,"欧阳丹"
"唐","元稹","元和五年","810",,,"32","","山南东道","江陵府","江陵",,"湖北","荆州市",,"112.24722","30.340606","江陵士曹参军","在江陵，依韵酬和白居易《赠元稹》一诗。","白居易","《种竹》","Poem","种竹
昔公怜我直，比之秋竹竿。秋来苦相忆，种竹厅前看。失地颜色改，伤根枝叶残。清风犹淅淅，高节空团团。鸣蝉聒暮景，跳蛙集幽阑。尘土复昼夜，梢云良独难。丹丘信云远，安得临仙坛。瘴江冬草绿，何人惊岁寒。可怜亭亭干，一一青琅玕。孤凤竟不至，坐伤时节阑。","周相录《元稹年谱新编》，上海古籍出版社版2004年版，第107页","（与白居易）",,,"欧阳丹"
"唐","元稹","元和五年","810",,,"32","","山南东道","江陵府","江陵",,"湖北","荆州市",,"112.24722","30.340606","江陵士曹参军","在江陵，依韵酬和白居易《赠樊著作》一诗。","白居易","《和乐天赠樊著作》","Poem","和乐天赠樊著作
君为著作诗，志激词且温。璨然光扬者，皆以义烈闻。千虑竟一失，冰玉不断痕。谬予顽不肖，列在数子间。因君讥史氏，我亦能具陈。羲黄眇云远，载籍无遗文。煌煌二帝道，铺设在典坟。尧心惟舜会，因著为话言。皋夔益稷禹，粗得无间然。缅然千载后，后圣曰孔宣。迥知皇王意，缀书为百篇。是时游夏辈，不敢措舌端。信哉作遗训，职在圣与贤。如何至近古，史氏为闲官。但令识字者，窃弄刀笔权。由心书曲直，不使当世观。贻之千万代，疑信相并传。人人异所见，各各私所偏。以是曰褒贬，不如都无焉。况乃丈夫志，用舍贵当年。顾予有微尚，愿以出处论。出非利吾已，其出贵道全。全道岂虚设，道全当及人。全则富与寿，亏则饥与寒。遂我一身逸，不如万物安。解悬不泽手，拯溺无折旋。神哉伊尹心，可以冠古先。其次有独善，善己不善民。天地为一物，死生为一源。合杂分万变，忽若风中尘。抗哉巢由志，尧舜不可迁。舍此二者外，安用名为宾。持谢著书郎，愚不愿有云。","周相录《元稹年谱新编》，上海古籍出版社版2004年版，第107页",,,,"欧阳丹"
"唐","元稹","元和五年","810",,,"32","","山南东道","江陵府","江陵",,"湖北","荆州市",,"112.24722","30.340606","江陵士曹参军","在江陵，依韵酬和白居易《感鹤》一诗。","白居易","《和乐天感鹤》","Poem","和乐天感鹤
我有所爱鹤，毛羽霜雪妍。秋霄一滴露，声闻林外天。自随卫侯去，遂入大夫轩。云貌久已隔，玉音无复传。吟君感鹤操，不觉心惕然。无乃予所爱，误为微物迁。因兹谕直质，未免柔细牵。君看孤松树，左右萝茑缠。既可习为鲍，亦可薰为荃。期君常善救，勿令终弃捐。","周相录《元稹年谱新编》，上海古籍出版社版2004年版，第107页",,,,"欧阳丹"
"唐","元稹","元和五年","810",,,"32","","山南东道","江陵府","江陵",,"湖北","荆州市",,"112.24722","30.340606","江陵士曹参军","在江陵，次韵酬和白居易《初与元九别后忽梦见之及寤而书适至兼寄桐花诗怅然感怀因以此寄》一诗。","白居易","《酬乐天书怀见寄》","Poem","酬乐天书怀见寄
新昌北门外，与君从此分。街衢走车马，尘土不见君。君为分手归，我行行不息。我上秦岭南，君直枢星北。秦岭高崔嵬，商山好颜色。月照山馆花，裁诗寄相忆。天明作诗罢，草草随所如。凭人寄将去，三月无报书。荆州白日晚，城上鼓鼕鼕。行逢贺州牧，致书三四封。封题乐天字，未坼已沾裳。坼书八九读，泪落千万行。中有酬我诗，句句截我肠。仍云得诗夜，梦我魂凄凉。终言作书处，上直金銮东。诗书费一夕，万恨缄其中。中宵宫中出，复见宫月斜。书罢月亦落，晓灯垂暗花。想君书罢时，南望劳所思。况我江上立，吟君怀我诗。怀我浩无极，江水秋正深。清见万丈底，照我平生心。感君求友什，因报壮士吟。持谢众人口，销尽犹是金。","周相录《元稹年谱新编》，上海古籍出版社版2004年版，第107页",,,,"欧阳丹"
"唐","元稹","元和五年","810",,,"32","","山南东道","江陵府","江陵",,"湖北","荆州市",,"112.24722","30.340606","江陵士曹参军","在江陵，寄诗与白居易。","白居易","《江陵三梦》（三首）","Poem","江陵三梦 其二
古原三丈穴，深葬一枝琼。崩剥山门坏，烟绵坟草生。久依荒陇坐，却望远村行。惊觉满床月，风波江上声。
江陵三梦 其三
君骨久为土，我心长似灰。百年何处尽，三夜梦中来。逝水良已矣，行云安在哉？坐看朝日出，众鸟双裴回。
江陵三梦 其一
平生每相梦，不省两相知。况乃幽明隔，梦魂徒尔为。情知梦无益，非梦见何期。今夕亦何夕，梦君相见时。依稀旧妆服，晻淡昔容仪。不道间生死，但言将别离。分张碎针线，襵叠故屏帏。抚稚再三嘱，泪珠千万垂。嘱云唯此女，自叹总无儿。尚念娇且騃，未禁寒与饥。君复不憘事，奉身犹脱遗。况有官缚束，安能长顾私。他人生间别，婢仆多谩欺。君在或有托，出门当付谁。言罢泣幽噎，我亦涕淋漓。惊悲忽然寤，坐卧若狂痴。月影半床黑，虫声幽草移。心魂生次第，觉梦久自疑。寂默深想像，泪下如流澌。百年永已诀，一梦何太悲。悲君所娇女，弃置不我随。长安远于日，山川云间之。纵我生羽翼，网罗生絷维。今宵泪零落，半为生别滋。感君下泉魄，动我临川思。一水不可越，黄泉况无涯。此怀何由极，此梦何由追。坐见天欲曙，江风吟树枝。","周相录《元稹年谱新编》，上海古籍出版社版2004年版，第107页",,,,"欧阳丹"
"唐","元稹","元和五年","810",,,"32","","山南东道","江陵府","江陵",,"湖北","荆州市",,"112.24722","30.340606","江陵士曹参军","在江陵，寄诗与白居易。","白居易","《张旧蚊帱》","Poem","张旧蚊帱
踰年间生死，千里旷南北。家居无见期，况乃异乡国。破尽裁缝衣，忘收遗翰墨。独有缬纱帱，凭人远携得。施张合欢榻，展卷双鸳翼。已矣长空虚，依然旧颜色。裴回将就寝，徙倚情何极。昔透香田田，今无魂恻恻。隙穿斜月照，灯背空床黑。达理强开怀，梦啼还过臆。平生贫寡欢，夭枉劳苦忆。我亦距几时，胡为自摧逼。烛蛾焰中舞，茧蚕丛上织。燋烂各自求，他人顾何力。多离因苟合，恶影当务息。往事勿复言，将来幸前识。","周相录《元稹年谱新编》，上海古籍出版社版2004年版，第107页",,,,"欧阳丹"
"唐","元稹","元和五年","810",,,"32","","山南东道","江陵府","江陵",,"湖北","荆州市",,"112.24722","30.340606","江陵士曹参军","在江陵，寄诗与白居易。","白居易","《三遣悲怀》","Poem","","周相录《元稹年谱新编》，上海古籍出版社版2004年版，第107页",,,,"欧阳丹"
"唐","元稹","元和五年","810",,,"32","","山南东道","江陵府","江陵",,"湖北","荆州市",,"112.24722","30.340606","江陵士曹参军","在江陵，闻张季友丧妻，有诗哀之。","张季友","《独夜伤怀赠呈张侍御》","Poem","独夜伤怀赠呈张侍御
烬火孤星灭，残灯寸焰明。竹风吹面冷，檐雪坠阶声。寡鹤连天叫，寒雏彻夜惊。秪应张侍御，潜会我心情。","周相录《元稹集校注》，上海古籍出版社2011年版，第259页",,,,"欧阳丹"
"唐","元稹","元和五年","810",,,"32","","山南东道","江陵府","江陵",,"湖北","荆州市",,"112.24722","30.340606","江陵士曹参军","在江陵，次韵酬和白居易《代书诗一百韵寄微之》一诗。","白居易","《酬翰林白学士代书一百韵（并序）》","Poem","酬翰林白学士代书一百韵
昔岁俱充赋，同年遇有司。八人称迥拔，两郡滥相知。逸骥初翻步，鞲鹰暂脱羁。远途忧地窄，高视觉天卑。并入红兰署，偏亲白玉规。近朱怜冉冉，伐木愿偲偲。鱼鲁非难识，铅黄自懒持。心轻马融帐，谋夺子房帷。秀发幽岩电，清澄隘岸陂。九霄排直上，万里整前期。勇赠栖鸾句，惭当古井诗。多闻全受益，择善颇相师。脱俗殊常调，潜工大有为。还醇凭酎酒，运智托围棋。情会招车胤，闲行觅戴逵。僧餐月灯阁，醵宴劫灰池。胜概争先到，篇章竞出奇。输赢论破的，点窜肯容丝。山岫当街翠，墙花拂面枝。莺声爱娇小，燕翼玩逶迤。辔为逢车缓，鞭缘趁伴施。密携长上乐，偷宿静坊姬。僻性慵朝起，新晴助晚嬉。相欢常满目，别处鲜开眉。翰墨题名尽，光阴听话移。绿袍因醉典，乌帽逆风遗。暗插轻筹箸，仍提小屈卮。本弦才一举，下口已三迟。逃席冲门出，归倡借马骑。狂歌繁节乱，醉舞半衫垂。散漫纷长薄，邀遮守隘岐。几遭朝士笑，兼任巷童随。苟务形骸达，浑将性命推。何曾爱官序，不省计家资。忽悟成虚掷，翻然叹未宜。使回耽乐事，坚赴策贤时。寝食都忘倦，园庐遂绝窥。劳神甘戚戚，攻短过孜孜。叶怯穿杨箭，囊藏透颖锥。超遥望云雨，摆落占泉坻。略削荒凉苑，搜求激直词。那能作牛后，更拟助洪基。唱第听鸡集，趋朝忘马疲。内人舆御案，朝景丽神旗。首被呼名姓，多惭冠等衰。千官容眷盼，五色照离披。鹓侣从兹洽，鸥情转自縻。分张殊品命，中外却驱驰。出入称金籍，东西侍碧墀。斗班云汹涌，开扇雉参差。切愧寻常质，亲瞻咫尺姿。日轮光照耀，龙服瑞葳蕤。誓欲通愚謇，生憎效喔咿。佞存真妾妇，谏死是男儿。便殿承偏召，权臣惧挠私。庙堂虽稷契，城社有狐狸。似锦言应巧，如弦数易欺。敢嗟身暂黜，所恨政无毗。谬辱良由此，升腾亦在斯。再令陪宪禁，依旧履阽危。使蜀常绵远，分台更崄巇。匿奸劳发掘，破党恶持疑。斧刃迎皆碎，盘牙老未萎。乍能还帝笏，讵忍折吾支。虎尾元来险，圭文却类疵。浮荣齐壤芥，闲气咏江蓠。阙下殷勤拜，樽前啸傲辞。飘沈委蓬梗，忠信敌蛮夷。戏诮青云驿，讥题皓发祠。贪过谷隐寺，留读岘山碑。草没章台阯，堤横楚泽湄。野莲侵稻陇，亚柳压城陴。遇物伤凋换，登楼思漫㳽。金攒嫩橙子，瑿泛远鸬鹚。仰竹藤缠屋，苫茆荻补篱。面梨通蒂朽，火米带芒炊。苇笋针筒束，鳊鱼箭羽鬐。芋羹真底可，鲈鲙漫劳思。北渚销魂望，南风著骨吹。度梅衣色渍，食稗马蹄羸。院榷和泥碱，官酤小曲醨。讹音烦缴绕，轻俗丑威仪。树罕贞心柏，畦丰卫足葵。坳洼饶尰矮，游惰压庸缁。病赛乌称鬼，巫占瓦代龟。连阴蛙张王，瘴疟雪治医。我正穷于是，君宁念及兹。一篇从日下，双鲤送天涯。坐捧迷前席，行吟忘结綦。匡床铺错绣，几案踊灵芝。形影同初合，参商喻此离。扇因秋弃置，镜异月盈亏。壮志诚难夺，良辰岂复追。宁牛终夜永，潘鬓去年衰。溟渤深那测，穹苍意在谁。驭方轻騕袅，车肯重辛夷。卧辙希濡沫，低颜受颔颐。世情焉足怪，自省固堪悲。溷鼠虚求洁，笼禽方讶饥。犹胜忆黄犬，幸得早图之。","周相录《元稹年谱新编》，上海古籍出版社版2004年版，第106-109页",,,,"欧阳丹"
"唐","元稹","元和五年","810",,,"32","","山南东道","江陵府","江陵",,"湖北","荆州市",,"112.24722","30.340606","江陵士曹参军","在江陵，寄诗与李景俭。","李景俭","《纪怀赠李六户曹崔二十功曹五十韵》","Poem","纪怀赠李六户曹崔二十功曹五十韵
昔冠诸生首，初因三道徵。公卿碧墀会，名姓白麻称。日月光遥射，烟霄志渐弘。荣班联锦绣，谏纸赐笺藤。便欲呈肝胆，何言犯股肱。椎埋冲斗剑，消碎莹壶冰。赤县才分务，青骢已迥乘。因骑度海鹘，拟杀蔽天鹏。缚虎声空壮，连鳌力未胜。风翻波竟蹙，山压势逾崩。僇辱徒相困，苍黄性不能。酣歌离岘顶，负气入江陵。华表当蟾魄，高楼挂玉绳。角声悲掉荡，城影暗棱层。军幕威容盛，官曹礼数兢。心虽出云鹤，身尚触笼鹰。竦足良甘分，排衙苦未曾。通名参将校，抵掌见亲朋。喣沫求涓滴，沧波怯斗升。荒居邻鬼魅，羸马步殑㱥。白草堂檐短，黄梅雨气蒸。沾黏经汗席，飐闪尽油灯。夜怯餐肤蚋，朝烦拂面蝇。过从愁厌贱，专静畏猜仍。旅寓谁堪托，官联自可凭。甲科崔并骛，柱史李齐升。共展排空翼，俱遭激远矰。他乡元易感，同病转相矜。投分多然诺，忘言少爱憎。誓将探肺腑，耻更辨淄渑。会宿形骸远，论交意气增。一心吞渤澥，戮力拔嵩恒。语到磨圭角，疑消破弩症。吹嘘期指掌，患难许檐簦。铩翮鸾栖棘，藏锋箭在弸。雪中方睹桂，木上莫施罾。且泛夤沿水，兼过被病僧。有时鞭款段，尽日醉儚僜。蹑屐看秧稻，敲船和采菱。叉鱼江火合，唤客谷神应。啸傲虽开口，幽忧复满膺。望云鳍拨剌，透匣色腾凌。每想潢池寇，犹稽赤族惩。夔龙劳算画，貔虎带威棱。逐鸟忠潜奋，悬旌意远凝。韬弓思彻札，绊骥闷牵縆。运甓调辛苦，闻鸡屡寝兴。闲随人兀兀，梦听鼓鼟鼟。班笔行看掷，黄陂莫漫澄。骐驎高阁上，须及壮时登。","周相录《元稹集校注》，上海古籍出版社2011年版，第318页","曹崔二十功曹未详。",,,"欧阳丹"
"唐","元稹","元和五年","810",,,"32","","山南东道","江陵府","江陵",,"湖北","荆州市",,"112.24722","30.340606","江陵士曹参军","在江陵，次韵胡灵之诗，原诗已经亡佚。","胡灵之","《答姨兄胡灵之见寄五十（二）韵》","Poem","答姨兄胡灵之见寄五十韵
忆昔凤翔城，龆年是事荣。理家烦伯舅，相宅尽吾兄。诗律蒙亲授，朋游忝自迎。题头筠管缦，教射角弓骍。矮马驼鬉䪜，犛牛兽面缨。对谈依赳赳，送客步盈盈。米碗诸贤让，蠡杯大户倾。一船席外语，三榼拍心精。传盏加分数，横波掷目成。华奴歌淅淅，媚子舞卿卿。斗设狂为好，谁忧饮败名。屠过隐朱亥，楼梦古秦嬴。环坐唯便草，投盘暂废觥。春郊才烂熳，夕鼓已砰轰。荏苒移灰琯，喧阗勌塞兵。糟浆闻渐足，书剑讶无成。抵璧惭虚弃，弹珠觉用轻。遂笼云际鹤，来狎谷中莺。学问攻方苦，篇章兴太清。囊疏萤易透，锥钝股多坑。笔阵戈矛合，文房栋桷撑。豆萁才敏俊，羽猎正峥嵘。岐下寻时别，京师触处行。醉眠街北庙，闲绕宅南营。柳爱凌寒软，梅怜上番惊。观松青黛笠，栏药紫霞英。尽日听僧讲，通宵咏月明。正耽幽趣乐，旋被宦途萦。吏晋资材枉，留秦岁序更。我髯黳数寸，君发白千茎。芸阁怀铅暇，姑峰带雪晴。何由身倚玉，空睹翰飞琼。世道难于剑，谗言巧似笙。但憎心可转，不解跽如擎。始效神羊触，俄随旅雁征。孤芳安可驻，五鼎几时烹。潦倒沉泥滓，欹危践矫衡。登楼王粲望，落帽孟嘉情。巫峡连天水，章台塞路荆。雨摧渔火燄，风引竹枝声。分作屯之蹇，那知困亦亨。官曹三语掾，国器万寻桢。逸杰雄姿迥，皇王雅论评。蕙依潜可习，云合定谁令。原燎逢冰井，鸿流值木罂。智囊推有在，勇爵敢徒争。迅拔看鹏举，高音侍鹤鸣。所期人拭目，焉肯自佯盲。铅钝丁宁淬，芜荒展转耕。穷通须豹变，撄搏笑狼狞。愧捧芝兰赠，还披肺腑呈。此生如未死，未拟变平生。","周相录《元稹集校注》，上海古籍出版社2011年版，第328页",,,,"欧阳丹"
"唐","元稹","元和五年","810",,,"32","","山南东道","江陵府","江陵",,"湖北","荆州市",,"112.24722","30.340606","江陵士曹参军","在江陵，依韵酬和白居易《八月十五夜禁中独直对月忆元九》一诗。","白居易","《酬乐天八月十五夜禁中独直玩月见寄》","Poem","酬乐天八月十五夜禁中独直玩月见寄
一年秋半月偏深，况就烟霄极赏心。金凤台前波漾漾，玉钩帘下影沈沈。宴移明处清兰路，歌待新词促翰林。何意枚皋正承诏，瞥然尘念到江阴。","周相录《元稹年谱新编》，上海古籍出版社版2004年版，第108页",,,,"欧阳丹"
"唐","元稹","元和五年","810",,,"32","","山南东道","江陵府","江陵",,"湖北","荆州市",,"112.24722","30.340606","江陵士曹参军","在江陵，依韵酬和白居易《和梦游春诗一百韵（并序）》一诗。","白居易","《梦游春七十韵》","Poem","梦游春七十韵
昔岁梦游春，梦游何所遇。梦入深洞中，果遂平生趣。清泠浅漫流，画舫兰篙渡。过尽万株桃，盘旋竹林路。长廊抱小楼，门牖相回互。楼下杂花丛，丛边绕鸳鹭。池光漾霞影，晓日初明煦。未敢上阶行，频移曲池步。乌龙不作声，碧玉曾相慕。渐到帘幕间，裴回意犹惧。闲窥东西閤，奇玩参差布。隔子碧油糊，驼钩紫金镀。逡巡日渐高，影响人将寤。鹦鹉饥乱鸣，娇娃睡犹怒。帘开侍儿起，见我遥相谕。铺设绣红茵，施张钿妆具。潜褰翡翠帷，瞥见珊瑚树。不辨花貌人，空惊香若雾。身回夜合偏，态敛晨霞聚。睡脸桃破风，汗妆莲委露。丛梳百叶髻，金蹙重台屦。纰软钿头裙，玲珑合欢裤。鲜妍脂粉薄，闇澹衣裳故。最似红牡丹，雨来春欲暮。梦魂良易惊，灵境难久寓。夜夜望天河，无由重沿溯。结念心所期，返如禅顿悟。觉来八九年，不向花回顾。杂合两京春，喧阗众禽护。我到看花时，但作怀仙句。浮生转经历，道性尤坚固。近作梦仙诗，亦知劳肺腑。一梦何足云，良时事婚娶。当年二纪初，嘉节三星度。朝蕣玉佩迎，高松女萝附。韦门正全盛，出入多欢裕。甲第涨清池，鸣驺引朱辂。广榭舞萎蕤，长筵宾杂厝。青春讵几日，华实潜幽蠹。秋月照潘郎，空山怀谢傅。红楼嗟坏壁，金谷迷荒戍。石压破阑干，门摧旧梐枑。虽云觉梦殊，同是终难驻。悰绪竟何如，棼丝不成絇。卓女白头吟，阿娇金屋赋。重璧盛姬台，青冢明妃墓。尽委穷尘骨，皆随流波注。幸有古如今，何劳缣比素。况余当盛时，早岁谐如务。诏册冠贤良，谏垣陈好恶。三十再登朝，一登还一仆。宠荣非不早，邅回亦云屡。直气在膏肓，氛氲日沈痼。不言意不快，快意言多忤。忤诚人所贼，性亦天之付。乍可沈为香，不能浮作瓠。诚为坚所守，未为明所措。事事身已经，营营计何误。美玉琢文圭，良金填武库。徒谓自坚贞，安知受砻铸。长丝羁野马，密网罗阴兔。物外各迢迢，谁能远相锢。时来既若飞，祸速当如骛。曩意自未精，此行何所诉。努力去江陵，笑言谁与晤。江花纵可怜，奈非心所慕。石竹逞奸黠，蔓青誇亩数。一种薄地生，浅深何足妒。荷叶水上生，团团水中住。泻水置叶中，君看不相污。","周相录《元稹年谱新编》，上海古籍出版社版2004年版，第108页",,,,"欧阳丹"
"唐","元稹","元和五年","810",,,"32","","山南东道","江陵府","江陵",,"湖北","荆州市",,"112.24722","30.340606","江陵士曹参军","在江陵，有诗。","","《楚歌十首》","Poem","楚歌十首 其一
楚人千万户，生死系时君。当璧便为嗣，贤愚安可分。干戈长浩浩，篡乱亦纷纷。纵有明在下，区区何足云。
楚歌十首 其二
陶虞事已远，尼父独将明。潜穴龙无位，幽林兰自生。楚王谋授邑，此意复中倾。未别子西语，纵来何所成。
楚歌十首 其三
平王渐昏惑，无极转承恩。子建犹相贰，伍奢安得存。生居宫雉閟，死葬寝园尊。岂料奔吴士，鞭尸郢市门。
楚歌十首 其四
惧盈因邓曼，罢猎为樊姬。盛德留金石，清风鉴薄帷。襄王忽妖梦，宋玉复淫辞。万事捐宫馆，空山云雨期。
楚歌十首 其五
宜僚南市住，未省食人恩。临难忽相感，解纷宁用言。何如晋夷甫，坐占紫微垣。看著五胡乱，清谈空自尊。
楚歌十首 其六
谁恃王深宠，谁为楚上卿。包胥心独许，连夜哭秦兵。千乘徒虚尔，一夫安可轻。殷勤聘名士，莫但倚方城。
楚歌十首 其七
梁业雄图尽，遗孙世运消。宣明徒有号，江汉不相朝。碑碣高临路，松枝半作樵。唯馀开圣寺，犹学武皇妖。
楚歌十首 其八
江陵南北道，长有远人来。死别登舟去，生心上马回。荣枯诚异日，今古尽同灰。巫峡朝云起，荆王安在哉。
楚歌十首 其九
三峡连天水，奔波万里来。风涛各自急，前后苦相推。倒入黄牛漩，惊冲滟滪堆。古今流不尽，流去不曾回。
楚歌十首 其十
八荒同日月，万古共山川。生死既由命，兴衰还付天。栖栖王粲赋，愤愤屈平篇。各自埋幽恨，江流终宛然。","周相录《元稹年谱新编》，上海古籍出版社版2004年版，第108页",,,,"欧阳丹"
"唐","元稹","元和五年","810",,,"32","","山南东道","江陵府","江陵",,"湖北","荆州市",,"112.24722","30.340606","江陵士曹参军","在江陵，呈诗与李景俭。","李景俭","《江边四十韵》","Poem","江边四十韵
官借江边宅，天生地势坳。敧危饶坏构，迢递接长郊。怪鵩频栖息，跳蛙颇混殽。总无篱缴绕，尤怕虎咆哮。停潦鱼招獭，空仓鼠敌猫。土虚烦穴蚁，柱朽畏藏蛟。蛇虺吞檐雀，豺狼逐野麃。犬惊狂浩浩，鸡乱响嘐嘐。濩落贫甘守，荒凉秽尽包。断帘飞熠耀，当户网蟏蛸。曲突翻成沼，行廊却代庖。桥横老颠蘖，马病裛刍茭。一一床头点，连连砌下泡。辱泥疑在绛，避雨想经崤。相顾忧为鳖，谁能复系匏。誓心来利往，卜食过安爻。何计逃昏垫，移文报旧交。栋梁存伐木，苫盖愧分茅。金琯排黄荻，琅玕袅翠梢。花塼水面斗，鸳瓦玉声敲。方础荆山采，修椽郢匠刨。隐锥雷震蛰，破竹箭鸣骹。正寝初停午，频眠欲转胞。囷圆收薄禄，厨敝备嘉肴。各各人宁宇，双双燕贺巢。高门受车辙，华厩称蒲捎。尺寸皆随用，毫釐敢浪抛。篾馀笼白鹤，枝剩架青鵁。制榻容筐篚，施关拒斗筲。栏干防汲井，密室待持胶。庭草佣工薙，园蔬稚子掊。本图闲种植，那要择肥硗。绿柚勤勤数，红榴个个抄。池清漉螃蟹，瓜蠹拾𧏘蟊。晒篆看沙鸟，磨刀绽海鲛。罗灰修药灶，筑垛阅弓弰。散诞都由习，童蒙剩懒教。最便陶静饮，还作解愁嘲。近浦闻归楫，遥城罢晓铙。王孙如有问，须为并挥鞘。","周相录《元稹集校注》，上海古籍出版社2011年版，第407页",,,,"欧阳丹"
"唐","元稹","元和五年","810",,,"32","","山南东道","江陵府","江陵",,"湖北","荆州市",,"112.24722","30.340606","江陵士曹参军","在江陵，呈诗与李景俭。","李景俭","《哀病骢呈致用》","Poem","","周相录《元稹集校注》，上海古籍出版社2011年版，第543页",,,,"欧阳丹"
"唐","元稹","元和五年","810",,,"32","","山南东道","江陵府","江陵",,"湖北","荆州市",,"112.24722","30.340606","江陵士曹参军","在江陵，依韵酬和白居易《曲江感秋》一诗。","白居易","《和乐天秋题曲江》","Poem","和乐天秋题曲江
十载定交契，七年镇相随。长安最多处，多是曲江池。梅杏春尚小，芰荷秋已衰。共爱寥落境，相将偏此时。绵绵红蓼水，飏飏白鹭鸶。诗句偶未得，酒杯聊久持。今来云雨旷，旧赏魂梦知。况乃江枫夕，和君秋兴诗。","周相录《元稹年谱新编》，上海古籍出版社版2004年版，第108页",,,,"欧阳丹"
"唐","元稹","元和五年","810",,,"32","","山南东道","江陵府","江陵",,"湖北","荆州市",,"112.24722","30.340606","江陵士曹参军","在江陵，次韵酬和白居易《春暮寄元九》一诗。","白居易","《酬乐天早夏见怀》","Poem","酬乐天早夏见怀
庭柚有垂实，燕巢无宿雏。我亦辞社燕，茫茫焉所如。君诗夏方早，我叹秋已徂。食物风土异，衾裯时节殊。荒草满田地，近移江上居。八日复切九，月明侵半除。","周相录《元稹年谱新编》，上海古籍出版社版2004年版，第106-109页",,,,"欧阳丹"
"唐","元稹","元和五年","810",,,"32","","山南东道","江陵府","江陵",,"湖北","荆州市",,"112.24722","30.340606","江陵士曹参军","在江陵，次韵酬和白居易《劝酒寄元九》一诗。","白居易","《酬乐天劝醉》","Poem","酬乐天劝醉
神曲清浊酒，牡丹深浅花。少年欲相饮，此乐何可涯。沈机造神境，不必悟楞伽。酡颜返童貌，安用成丹砂。刘伶称酒德，所称良未多。愿君听此曲，我为尽称嗟。一杯颜色好，十盏胆气加。半酣得自恣，酩酊归太和。共醉真可乐，飞觥撩乱歌。独醉亦有趣，兀然无与他。美人醉灯下，左右流横波。王孙醉床上，颠倒眠绮罗。君今劝我醉，劝醉意如何。","周相录《元稹年谱新编》，上海古籍出版社版2004年版，第106-109页",,,,"欧阳丹"
"唐","元稹","元和五年","810",,,"32","","山南东道","江陵府","江陵",,"湖北","荆州市",,"112.24722","30.340606","江陵士曹参军","在江陵，次韵酬和白居易《初授户曹喜而言志》一诗。","白居易","《酬乐天初授户曹喜而言志》","Poem","和乐天初授户曹喜而言志
王爵无细大，得请即为恩。君求户曹掾，贵以禄奉亲。闻君得所请，感我欲沾巾。今人重轩冕，所重华与纷。矜誇仕台阁，奔走无朝昏。君衣不盈箧，君食不满囷。君言养既薄，何以荣我门。披诚再三请，天子怜俭贫。词曹直文苑，捧诏荣且忻。归来高堂上，兄弟罗酒尊。各称千万寿，共饮三四巡。我实知君者，千里能具陈。感君求禄意，求禄殊众人。上以奉颜色，馀以及亲宾。弃名不弃实，谋养不谋身。可怜白华士，永愿凌青云。","周相录《元稹年谱新编》，上海古籍出版社版2004年版，第106-109页",,,,"欧阳丹"
"唐","元稹","元和五年","810",,,"32","","山南东道","江陵府","江陵",,"湖北","荆州市",,"112.24722","30.340606","江陵士曹参军","在江陵，酬和白居易《赠吴丹》一诗。","白居易","《和乐天赠吴丹》","Poem","和乐天赠吴丹
不识吴生面，久知吴生道。迹虽染世名，心本奉天老。雌一守命门，回九填血脑。委气荣卫和，咽津颜色好。传闻共甲子，衰隤尽枯槁。独有冰雪容，纤华夺鲜缟。问人何能尔，吴实旷怀抱。弁冕徒挂身，身外非所宝。伊予固童昧，希真亦云早。石坛玉晨尊，昼夜长自埽。密印视丹田，游神梦三岛。万过黄庭经，一食青精稻。冥搜方朔桃，结念安期枣。绿发幸未改，丹诚自能保。行当摆尘缨，吴门事探讨。君为先此词，终期搴瑶草。","周相录《元稹年谱新编》，上海古籍出版社版2004年版，第106-109页",,,,"欧阳丹"
"唐","元稹","元和五年","810",,,"32","","山南东道","江陵府","江陵",,"湖北","荆州市",,"112.24722","30.340606","江陵士曹参军","在江陵，依韵酬和白居易《别舍弟后月夜》一诗。","白居易","《和乐天别弟后月夜作》","Poem","和乐天别弟后月夜作
闻君别爱弟，明天照夜寒。秋雁拂檐影，晓琴当砌弹。怅望天澹澹，因思路漫漫。吟为别弟操，闻者为辛酸。况我兄弟远，一身形影单。江波浩无极，但见时岁阑。","周相录《元稹年谱新编》，上海古籍出版社版2004年版，第106-109页",,,,"欧阳丹"
"唐","元稹","元和五年","810",,,"32","","山南东道","江陵府","江陵",,"湖北","荆州市",,"112.24722","30.340606","江陵士曹参军","在江陵，酬和白居易《秋题牡丹丛》。","白居易","《和乐天秋题牡丹丛》","Poem","和乐天秋题牡丹丛
敝宅艳山卉，别来长叹息。吟君晚丛咏，似见摧隤色。欲识别后容，勤过晚丛侧。","周相录《元稹年谱新编》，上海古籍出版社版2004年版，第106-109页",,,,"欧阳丹"
"唐","元稹","元和五年","810",,,"32","","山南东道","江陵府","江陵",,"湖北","荆州市",,"112.24722","30.340606","江陵士曹参军","在江陵，与白居易书，有诗。","白居易","《江陵寄乐天书》（拟题，诗已佚）","Poem","贬江陵途中寄乐天杓直杓直以员外郎判盐铁乐天以拾遗在翰林
想到江陵无一事，酒杯书卷缀新文。紫芽嫩茗和枝采，朱橘香苞数瓣分。暇日上山狂逐鹿，凌晨过寺饱看云。算缗草诏终须解，不敢将心远羡君。","周相录《元稹年谱新编》，上海古籍出版社版2004年版，第109页",,,,"欧阳丹"
"唐","元稹","元和五年","810",,,"32","","山南东道","江陵府","江陵",,"湖北","荆州市",,"112.24722","30.340606","江陵士曹参军","在江陵，与李景俭酬别，有诗。","李景俭","《酬别致用》","Poem","詶别致用
风行自委顺，云合非有期。神哉心相见，无眹安得离。我有恳愤志，三十无人知。修身不言命，谋道不择时。达则济亿兆，穷亦济毫氂。济人无大小，誓不空济私。研几未淳熟，与世忽参差。意气一为累，猜仍良已随。昨来窜荆蛮，分与平生隳。那言返为遇，获见心所奇。一见肺肝尽，坦然无滞疑。感念交契定，泪流如断縻。此交定生死，非为论盛衰。此契宗会极，非为同路岐。君今虎在柙，我亦鹰就羁。驯养保性命，安能奋殊姿。玉色深不变，井水挠不移。相看各年少，未敢深自悲。","周相录《元稹集校注》，上海古籍出版社2011年版，第70页",,,,"欧阳丹"
"唐","元稹","元和五年","810",,,"32","","山南东道","江陵府","江陵",,"湖北","荆州市",,"112.24722","30.340606","江陵士曹参军","本年，作诗寄管儿，兼诲其弟子铁山。","管儿，铁山","《琵琶歌》","Poem","琵琶歌
琵琶宫调八十一，旋宫三调弹不出。玄宗偏许贺怀智，段师此艺还相匹。自后流传指拨衰，昆崙善才徒尔为。澒声少得似雷吼，缠弦不敢弹羊皮。人间奇事会相续，但有卞和无有玉。段师弟子数十人，李家管儿称上足。管儿不作供奉儿，抛在东都双鬓丝。逢人便请送杯盏，著尽工夫人不知。李家兄弟皆爱酒，我是酒徒为密友。著作曾邀连夜宿，中碾春溪华新绿。平明船载管儿行，尽日听弹无限曲。曲名无限知者鲜，霓裳羽衣偏宛转。凉州大遍最豪嘈，六么散序多笼撚。我闻此曲深赏奇，赏著奇处惊管儿。管儿为我双泪垂，自弹此曲长自悲。泪垂捍拨朱弦湿，冰泉呜咽流莺涩。因兹弹作雨霖铃，风雨萧条鬼神泣。一弹既罢又一弹，珠幢夜静风珊珊。低回慢弄关山思，坐对燕然秋月寒。月寒一声深殿磬，骤弹曲破音繁并。百万金铃旋玉盘，醉客满船皆暂醒。自兹听后六七年，管儿在洛我朝天。游想慈恩杏园里，梦寐仁风花树前。去年御史留东台，公私蹙促颜不开。今春制狱正撩乱，昼夜推囚心似灰。暂辍归时寻著作，著作南园花坼萼。胭脂耀眼桃正红，雪片满溪梅已落。是夕青春值三五，花枝向月云含吐。著作施樽命管儿，管儿久别今方睹。管儿还为弹六么，六么依旧声迢迢。猿鸣雪岫来三峡，鹤唳晴空闻九霄。逡巡弹得六么彻，霜刀破竹无残节。幽关鸦轧胡雁悲，断弦砉騞层冰裂。我为含悽叹奇绝，许作长歌始终说。艺奇思寡尘事多，许来寒暑又经过。如今左降在閒处，始为管儿歌此歌。歌此歌，寄管儿，管儿管儿忧尔衰。尔衰之后继者谁，继之无乃在铁山。铁山已近曹穆间，性灵甚好功犹浅。急处未得臻幽閒，努力铁山勤学取，莫遣后来无所祖。","周相录《元稹年谱新编》，上海古籍出版社版2004年版，第103页",,,,"欧阳丹"
"唐","元稹","元和五年","810",,,"32","","山南东道","江陵府","江陵",,"湖北","荆州市",,"112.24722","30.340606","江陵士曹参军","本年，作书诲侄等。","","《诲侄等书》","Article","诲侄等书
告崙等。吾谪窜方始。见汝未期。粗以所怀。贻诲于汝。汝等心志未立。冠岁行登。古人讥十九童心。能不自惧。吾不能远谕他人。汝独不见吾兄之奉家法乎。吾家世俭贫。先人遗训。常恐置产怠子孙。故家无樵苏之地。尔所详也。吾窃见吾兄自二十年来。以下士之禄。持窘绝之家。其间半是乞丐𮊠游。以相给足。然而吾生三十二年矣。知衣食之所自。始东都为御史时。吾常自思。尚不省受吾兄正色之训。而况于鞭笞诘责乎。呜呼。吾所以幸而为兄者。则汝等又幸而为父矣。有父如此。尚不足为汝师乎。吾尚有血诚。将告于汝。吾幼乏岐嶷。十岁知方。严毅之训不闻。师友之资尽废。忆得初读书时。感慈旨一言之叹。遂志于学。是时尚在凤翔。每借书于齐仓曹家。徒步执卷。就陆姊夫师授。栖栖勤勤。其始也若此。至年十五。得明经及第。因捧先人旧书。于西窗下钻仰沉吟。仅于不窥园井矣。如是者十年。然后粗沾一命。粗成一名。及今思之。上不能及乌鸟之报复。下未能减亲戚之饥寒。抱衅终身。偷活今日。故李密云。生愿为人兄。得奉养之日长。吾每念此言。无不雨涕。汝等又见吾自为御史来。效职无避祸之心。临事有致命之志。尚知之乎。吾此意虽吾弟兄未忍及此。盖以往岁忝职谏官。不忍小见。妄干朝听。谪弃河南。泣血西归。生死无告。不幸馀命不殒。重戴冠缨。常誓效死君前。扬名后代。殁有以谢先人于地下耳。呜呼。及其时而不思。既思之而不及。尚何言哉。今汝等父母天地。兄弟成行。不于此时佩服诗书。以求荣达。其为人耶。其曰人耶。吾又以吾兄所识。易涉悔尤。汝等出入游从。亦宜切慎。吾诚不宜言及于此。吾生长京城。朋从不少。然而未尝识倡优之门。不曾于喧哗纵观。汝信之乎。吾终鲜姊妹。陆氏诸生。念之倍汝。小婢子等既抱吾殁身之恨。未有吾克已之诚。日夜思之。若忘生次。汝因便录吾此书寄之。庶其自发。千万努力。无弃斯须。稹付崙郑等。","周相录《元稹年谱新编》，上海古籍出版社版2004年版，第103页","具体交游的对象无考。",,,"欧阳丹"
"唐","元稹","元和五年","810",,,"32","",,,,,,,,"0","0","江陵士曹参军","元和五年之前作有《和乐天折剑头》一诗，姑系于此。","白居易","《和乐天折剑头》","Poem","和乐天折剑头
闻君得折剑，一片雄心起。讵意铁蛟龙，潜在延津水。风云会一合，呼吸期万里。雷震山岳碎，电斩鲸鲵死。莫但宝剑头，剑头非此比。","周相录《元稹年谱新编》，上海古籍出版社版2004年版，第109页",,,,"欧阳丹"
"唐","元稹","元和五年","810",,,"32","",,,,,,,,"0","0","江陵士曹参军","元和五年之前作有《赠咸阳少府萧郎》一诗，姑系于此。","","《赠咸阳少府萧郎》","Poem","赠咸阳少府萧郎
莫怪逢君泪每盈，仲由多感有深情。陆家幼女托良婿，阮氏诸房无外生。顾我自伤为弟拙，念渠能继事姑名。别时何处最肠断，日暮渭阳驱马行。","周相录《元稹年谱新编》，上海古籍出版社版2004年版，第109页","萧郎无考。",,,"欧阳丹"
"唐","元稹","元和五年","810",,,"32","",,,,,,,,"0","0","江陵士曹参军","元和五年之前作有《梦昔时》一诗，姑系于此。","","《梦昔时》","Poem","梦昔时
閒窗结幽梦，此梦谁人知。夜半初得处，天明临去时。山川已久隔，云雨两无期。何事来相感，又成新别离。","周相录《元稹年谱新编》，上海古籍出版社版2004年版，第109页",,,,"欧阳丹"
"唐","元稹","元和五年","810",,,"32","",,,,,,,,"0","0","江陵士曹参军","元和五年之前作有《樱桃花》一诗，姑系于此。","","《樱桃花》","Poem","樱桃花
樱桃花，一枝两枝千万朵。花塼曾立摘花人，窣破罗裙红似火。","周相录《元稹年谱新编》，上海古籍出版社版2004年版，第109页",,,,"欧阳丹"
"唐","元稹","元和六年","811","2",,"33","","山南东道","江陵府","江陵",,"湖北","荆州市",,"112.24722","30.340606","江陵士曹参军","窦巩赴黔州窦群处，途径江陵，与元稹相会并酬和，有诗。","窦巩","《酬窦校书二十韵》","Poem","酬窦校书二十韵
鸥鹭元相得，杯觞每共传。芳游春烂熳，晴望月团圆。调笑风流剧，论文属对全。赏花珠并缀，看雪璧常连。竹寺荒唯好，松斋小更怜。潜投孟公辖，狂乞莫愁钱。尘土抛书卷，枪筹弄酒权。令誇齐箭道，力斗抹弓弦。但喜添樽满，谁忧乏桂然。渐轻身外役，浑證饮中禅。及我辞云陛，逢君仕圃田。音徽千里断，魂梦两情偏。足听猿啼雨，深藏马腹鞭。官醪半清浊，夷馔杂腥膻。顾影无依倚，甘心守静专。那知暮江上，俱会落英前。款曲生平在，悲凉岁序迁。鹤方同北渚，鸿又过南天。丽句惭虚掷，沈机懒强牵。粗酬珍重意，工拙定相悬。","周相录《元稹年谱新编》，上海古籍出版社版2004年版，第110页",,,,"欧阳丹"
"唐","元稹","元和六年","811","2",,"33","","山南东道","江陵府","江陵",,"湖北","荆州市",,"112.24722","30.340606","江陵士曹参军","窦巩赴黔州窦群处，途径江陵，与元稹相会并酬和，有诗。","窦巩","《酬友封话旧叙怀二十韵》","Poem","","周相录《元稹年谱新编》，上海古籍出版社版2004年版，第110页",,,,"欧阳丹"
"唐","元稹","元和六年","811","2",,"33","","山南东道","江陵府","江陵","开善寺","湖北","荆州市",,"112.24722","30.340606","江陵士曹参军","窦巩赴黔州窦群处，途径江陵，与元稹相会并酬和，有诗。","窦巩","《和友封题开善寺十韵》","Poem","和友封题开善寺十韵
梁王开佛庙，云构岁时遥。珠缀飞闲鸽，红泥落碎椒。灯笼青燄短，香印白灰销。古匣收遗施，行廊画本朝。藏经沾雨烂，魔女捧花娇。亚树牵藤阁，横查压石桥。竹荒新笋细，池浅小鱼跳。匠正琉璃瓦，僧锄芍药苗。旋蒸茶嫩叶，偏把柳长条。便欲忘归路，方知隐易招。","周相录《元稹年谱新编》，上海古籍出版社版2004年版，第110页",,,,"欧阳丹"
"唐","元稹","元和六年","811","2",,"33","","山南东道","江陵府","江陵",,"湖北","荆州市",,"112.24722","30.340606","江陵士曹参军","窦巩离开江陵时，元稹有诗赠别。","窦巩","《送友封二首》","Poem","送友封二首 其一
桃叶成阴燕引雏，南风吹浪飐樯乌。瘴云拂地黄梅雨，明月满帆青草湖。迢递旅魂归去远，颠狂酒兴病来孤。知君兄弟怜诗句，遍为姑将恼大巫。
送友封二首 其二
惠和坊里当时别，岂料江陵送上船。鹏翼张风期万里，马头无角已三年。甘将泥尾随龟后，尚有云心在鹤前。若见中丞忽相问，为言腰折气冲天。","周相录《元稹年谱新编》，上海古籍出版社版2004年版，第110页",,,,"欧阳丹"
"唐","元稹","元和六年","811",,,"33","","山南东道","江陵府","江陵",,"湖北","荆州市",,"112.24722","30.340606","江陵士曹参军","春，有诗吟好光景。","","《梦井》","Poem","梦井
梦上高高原，原上有深井。登高意枯渴，愿见深泉冷。裴回绕井顾，自照泉中影。沈浮落井瓶，井上无悬绠。念此瓶欲沈，荒忙为求请。遍入原上村，村空犬仍猛。还来绕井哭，哭声通复哽。哽噎梦忽惊，觉来房舍静。灯焰碧胧胧，泪光疑囧囧。钟声夜方半，坐卧心难整。忽忆咸阳原，荒田万馀顷。土厚圹亦深，埋魂在深埂。埂深安可越，魂通有时逞。今宵泉下人，化作瓶相憬。感此涕汍澜，汍澜涕沾领。所伤觉梦间，便觉死生境。岂无同穴期，生期谅绵永。又恐前后魂，安能两知省。寻环意无极，坐见天将炳。吟此梦井诗，春朝好光景。","周相录《元稹年谱新编》，上海古籍出版社版2004年版，第115页",,,,"欧阳丹"
"唐","元稹","元和六年","811",,,"33","","山南东道","江陵府","江陵",,"湖北","荆州市",,"112.24722","30.340606","江陵士曹参军","春，有诗吟好光景。","","《有酒十章》","Poem","有酒十章 其一
有酒有酒鸡初鸣，夜长睡足神虑清。悄然危坐心不平，浩思一气初彭亨。澒洞浩汗真无名，胡不终浑成。胡为沈浊以升清，矗然分画高下程。天蒸地郁群动萌，毛鳞裸介如鬇鬡。呜呼万物纷已生，我可奈何兮杯一倾。
有酒十章 其二
有酒有酒东方明，一杯既进吞元精。尚思天地之始名，一元既二分浊清。地居方直天体明，胡不八荒圢圢如砥平。胡山高屹崒海泓澄，胡不日车杲杲昼夜行，胡为月轮灭缺星𥋝盯。呜呼不得真宰情，我可奈何兮杯再倾。
有酒十章 其三
有酒有酒兮湛渌波，饮将愉兮气弥和。念万古之纷罗，我独慨然而浩歌。歌曰：天耶，地耶。肇万物耶，储胥大庭之君耶。恍耶，忽耶。有耶，传而信耶。久而谬耶，文字生而羲农作耶。仁义别而圣贤出耶，炎始暴耶。蚩尤炽耶，轩辕战耶。不得已耶，仁耶。圣耶，悯人之毒耶。天荡荡耶，尧穆穆耶。岂其让耶，归有德耶。舜其贪耶，德能嗣耶。岂其让耶，授有功耶。禹功大耶，人戴之耶。益不逮耶，启能德耶。家天下耶，荣后嗣耶。于后嗣之荣则可耶，于天下之荣其可耶。呜呼远尧舜之日耶，何弃舜之速耶。辛癸虐耶，汤武革耶。顺天意耶，公天下耶。踵夏荣嗣，私其公耶。并建万国，均其私耶。专征递伐，斗海内耶。秦埽其类，威定之耶。二代而陨，守不仁耶。汉魏而降，乘其机耶。短长理乱，系其术耶。尧耶，舜耶。终不可逮耶，将德之者不位。位者不逮其德耶，时耶。时耶，时其可耶，我可奈何兮一杯又进歌且歌。
有酒十章 其四
有酒有酒兮黯兮溟，仰天大呼兮。天漫漫兮高兮青，高兮漫兮吾孰知天否与灵。取人之仰者，无乃在乎昭昭乎曰与夫日星。何三光之并照兮，奄云雨之冥冥。幽妖倏忽兮水怪族形，鼋鼍岸走兮海若斗鲸。河溃溃兮愈浊，济翻翻兮不宁。蛇喷云而出穴，虎啸风兮屡鸣。污高巢而凤去兮，溺厚地而芝兰以之不生。葵心倾兮何向，松影直而孰明。人惧愁兮戴荣，天寂默兮无声。呜呼！天在云之上兮，人在云之下兮。又安能决云而上征，呜呼。既上征之不可兮，我奈何兮杯复倾。
有酒十章 其五
有酒有酒香满尊，君宁不饮开君颜。岂不知君饮此心恨，君今独醒谁与言。君宁不见飓风翻海火燎原，巨鳌唐突高燄延。精卫衔芦塞海溢，枯鱼喷沫救池燔。筋疲力竭波更大，鳍燋甲裂身已乾。有翼劝尔升九天，有鳞劝尔登龙门。九天下视日月转，龙门上激雷雨奔。螗螂虽怒谁尔惧，鹖旦虽啼谁尔怜。抟空意远风来壮，我可奈何兮一杯又进消我烦。
有酒十章 其六
有酒有酒歌且哀，江春例早多早梅。樱桃桃李相续开，间以木兰之秀香裴回。东风吹尽南风来，莺声渐涩花摧隤。四月清和艳残卉，芍药翻红蒲映水。夏龙痡毒雷雨多，蒲叶离披艳红死。红艳犹存榴树花，紫苞欲绽高笋牙。笋牙成竹冒霜雪，榴花落地还销歇。万古盈亏相逐行，君看夜夜当窗月。荣落亏盈可奈何，生成未遍霜霰过。霜霰过兮复奈何，灵芝夐绝荆棘多。荆棘多兮可奈何，可奈何兮终奈何。秦皇尧舜俱腐骨，我可奈何兮又进一杯歌复歌。
有酒十章 其七
有酒有酒方烂漫，饮酣拔剑心眼乱。声若雷砰目流电，醉舞翻环身眩转。乾纲倒轧坤维旋，白日横空星宿见，一夫心醉万物变。何况蚩尤之蹴蹋，安得不以熊罴战。呜呼！风后力牧得亲见，我可奈何兮又进一杯除健羡。
有酒十章 其八
有酒有酒兮告临江，风漫漫兮波长。渺渺兮注海，海苍苍兮路茫茫。彼万流之混入兮，又安能分若畎浍淮河与夫岷吴之巨江。味作咸而若一，虽甘淡兮谁谓尔为良。济涓涓而缕贯，将奈何兮万里之浑黄。鲸归穴兮渤溢，鳌载山兮低昂。阴火然兮众族沸渭，飓风作兮昼夜猖狂。顾千珍与万怪兮，皆委润而深藏。信天地之潴蓄兮，我可奈何兮一杯又进兮包大荒。
有酒十章 其九
有酒有酒兮日将落，馀光委照在林薄。阳乌撩乱兮屋上栖，阴怪跳趫兮水中跃。月争光兮星又繁，烧横空兮燄仍烁。我可奈何兮时既昏，一杯又进兮聊处廓。
有酒十章 其十
有酒有酒兮再祝，祝予心兮何欲。欲天泰而地宁，欲人康而岁熟。欲凤翥而鹓随兮，欲龙亨而骥逐。欲日盛而星微兮，欲滋兰而歼毒。欲人欲而天从，苟天未从兮，我可奈何兮一杯又进聊自足。","周相录《元稹年谱新编》，上海古籍出版社版2004年版，第117页",,,,"欧阳丹"
"唐","元稹","元和六年","811",,,"33","","山南东道","江陵府","江陵",,"湖北","荆州市",,"112.24722","30.340606","江陵士曹参军","春，有感春之诗。","","《遣春十首》","Poem","遣春十首 其一
晓月笼云影，莺声馀雾中。暗芳飘露气，轻寒生柳风。冉冉一趋府，未为劳我躬。因兹得晨起，但觉情兴隆。
遣春十首 其二
久雨怜霁景，偶来堤上行。空濛天色嫩，杳淼江面平。百草短长出，众禽高下鸣。春阳各有分，予亦澹无情。
遣春十首 其三
镜皎碧潭水，微波粗成文。烟光垂碧草，琼脉散纤云。岸柳好阴影，风裾遗垢氛。悠然送春目，八荒谁与群。
遣春十首 其四
低迷笼树烟，明净当霞日。阳燄波春空，平湖漫凝溢。雪鹭远近飞，渚牙浅深出。江流复浩荡，相为坐纡郁。
遣春十首 其五
暄寒深浅春，红白前后花。颜色讵相让，生成良有涯。梅芳勿自早，菊秀勿自赊。各将一时意，终年无再华。
遣春十首 其六
高屋童稚少，春来归燕多。葺旧良易就，新院亦已罗。俯怜雏化卵，仰愧鹏无窠。巢栋与巢幕，秋风俱奈何。
遣春十首 其七
撩乱扑树蜂，摧残恋房蕊。风吹雨又频，安得繁于绮。酒杯沈易过，世事纷何已。莫倚颜似花，君看岁如水。
遣春十首 其八
绕郭高高冢，半是荆王墓。后嗣炽阳台，前贤甘荜路。善恶徒自分，波流尽东注。胡然不饮酒，坐落桐花树。
遣春十首 其九
花阴莎草长，藉莎闲自酌。坐看莺斗枝，轻花满尊杓。葛巾竹稍挂，书卷琴上阁。沽酒过此生，狂歌眼前乐。
遣春十首 其十
梨叶已成阴，柳条纷起絮。波绿紫屏风，螺红碧筹箸。三杯面上热，万事心中去。我意风散云，何劳问行处。","周相录《元稹年谱新编》，上海古籍出版社版2004年版，第117页",,,,"欧阳丹"
"唐","元稹","元和六年","811",,,"33","","山南东道","江陵府","江陵",,"湖北","荆州市",,"112.24722","30.340606","江陵士曹参军","寒食节，作诗悼念韦丛。严绶为江陵尹、荆节度使。春末或夏初，李景俭为元稹卜姓安氏。","严绶，李景俭","《六年春遣怀八首》","Poem","六年春遣怀八首 其一
伤禽我是笼中鹤，沈剑君为泉下龙。重纩犹存孤枕在，春衫无复旧裁缝。
六年春遣怀八首 其二
检得旧书三四纸，高低阔狭粗成行。自言并食寻高事，唯念山深驿路长。
六年春遣怀八首 其三
公无渡河音响绝，已隔前春复去秋。今日闲窗拂尘土，残弦犹迸钿箜篌。
六年春遣怀八首 其四
婢仆晒君馀服用，娇痴稚女绕床行。玉梳钿朵香胶解，尽日风吹玳瑁筝。
六年春遣怀八首 其五
伴客销愁长日饮，偶然乘兴便醺醺。怪来醒后傍人泣，醉里时时错问君。
六年春遣怀八首 其六
我随楚泽波中梗，君作咸阳泉下泥。百事无心值寒食，身将稚女帐前啼。
六年春遣怀八首 其七
童稚痴狂撩乱走，绣毬花仗满堂前。病身一到繐帷下，还向临阶背日眠。
六年春遣怀八首 其八
小于潘岳头先白，学取庄周泪莫多。止竟悲君须自省，川流前后各风波。","周相录《元稹年谱新编》，上海古籍出版社版2004年版，第111页",,,,"欧阳丹"
"唐","元稹","元和六年","811","7",,"33","","山南东道","江陵府","江陵",,"湖北","荆州市",,"112.24722","30.340606","江陵士曹参军","遣侄某至下邽祭白居易之母，有文。白氏丁忧期间，三次分己之俸以济之。裴垍卒，东山在起希望渺茫。","白居易","《祭翰林白学士太夫人文》","Article","祭翰林白学士太夫人文
维元和六年七月某日。文林郎守江陵府士曹参军元稹。谨遣弟某侄男。祗酌捧馔。敢昭告于白氏太夫人之灵。呜呼。分同伯仲。古则拜亲。既陪长幼之列。遂生骨肉之恩。礼由情展。情以义殷。情至则尔。岂独古人。况稹早岁而孤。资性疏愚。既不得为达识者所顾。亦不愿与顺俗者同趋。行过二十。块然无徒。及太夫人令子艺成。学茂德馨。一举而搴芳兰署。再举而振藻彤庭。愚亦乘喧滥吹。谬列茎英。迹由情合。言以心诚。遂定死生之契。期于日月可盟。谊同金石。爱等弟兄。每均捧檄之禄。迭庆循陔之荣。用至于二门之童孺。莫不达广孝之深情。逮稹谪居东洛。泣血西归。无天可告。无地可依。喘息将尽。心魂以飞。太夫人推济壑之念。悯绝浆之迟。问讯残疾。告谕礼仪。减旨甘之直。续盐酪之资。寒温必服。药饵必时。虽白日屡化。而深仁不衰。天乎是感。人乎讵知。不幸馀生苟活。重戴冠缨。再展升堂之拜。旋为去国之行。□泽畔之云几。奄天祸之无名。朋友讣告。慰问纵横。犹恍恍而期误。忽浪浪而泪盈。处众悯默。入门屏营。移疾于趋府之辰。孰知潜恸。视惟幼女在侧。无处言情。行吟倚叹。梦哭魂惊。往往不寐。晨钟坐听。岂由礼而当尔。盖感深之所萦。呜呼。仁之莫报。哀不得申。□太夫人以犹在。感今古之同尘。呜呼哀哉。太夫人族茂□□仁深圣善。励诸子以学。故大被择邻。示诸子以正。故寸葱方判。保参不疑。戒歜非浅。仲则金銮之英。季则蓬山之选。岂□因地而德。所贵饬躬而显。何昊天之不吊。罔终惠于哲人。既生贤与种德。何憔悴之相因。见聚萤而肄业。知织缕之尝勤。□将期于万石。曾不待夫重茵。呜呼哀哉。谁非顾复。我实□□疾有萌渐。祸无因缘。哀感行路。况乃令子之交亲。虽千词之稠叠。终万恨之莫陈。呜呼哀哉。伏惟尚飨。","周相录《元稹年谱新编》，上海古籍出版社版2004年版，第112页",,,,"欧阳丹"
"唐","元稹","元和六年","811",,,"33","","山南东道","江陵府","江陵",,"湖北","荆州市",,"112.24722","30.340606","江陵士曹参军","夏，有诗感怀。","","《表夏十首》","Poem","表夏十首 其一
夏风多暖暖，树木有繁阴。新笋紫长短，早樱红浅深。楝花云幕重，榴艳朝景侵。华实各自好，讵云芳意沈。
表夏十首 其四
孟月夏犹浅，奇云未成峰。度霞红漠漠，压浪白溶溶。玉委有馀润，飙驰无去踪。何如捧云雨，喷毒随蛟龙。
表夏十首 其二
初日满阶前，轻风动帘影。旬时得休浣，高卧阅清景。僮儿拂巾箱，鸦轧深林井。心到物自闲，何劳远箕颍。
表夏十首 其三
江瘴炎夏早，蒸腾信难度。今宵好风月，独此荒庭趣。露叶倾暗光，流星委馀素。但恐清夜徂，讵悲朝景暮。
表夏十首 其五
流芳递炎景，繁英尽寥落。公署香满庭，晴霞覆阑药。裁红起高燄，缀绿排新萼。凭此遣幽怀，非言念将谑。
表夏十首 其六
红丝散芳树，旋转光风急。烟泛被笼香，露浓妆面湿。佳人不在此，恨望阶前立。忽厌夏景长，今春行已及。
表夏十首 其七
百舌渐吞声，黄莺正娇小。云鸿方警夜，笼鸡已鸣晓。当时客自适，运去谁能矫。莫厌夏虫多，蜩螗定相扰。
表夏十首 其八
翩翩帘外燕，戢戢巢内雏。啖食筋力尽，毛衣成紫襦。朝来各飞去，雄雌梁上呼。养子将备老，恶儿那胜无。
表夏十首 其九
西山夏雪消，江势东南泻。风波高若天，滟滪低于马。正被黄牛旋，难期白帝下。我在平地行，翻忧济川者。
表夏十首 其十
灵均死波后，是节常浴兰。䌽缕碧筠粽，香粳白玉团。逝者良自苦，今人反为欢。哀哉徇名士，没命求所难。","周相录《元稹年谱新编》，上海古籍出版社版2004年版，第117页",,,,"欧阳丹"
"唐","元稹","元和六年","811",,,"33","","山南东道","江陵府","江陵",,"湖北","荆州市",,"112.24722","30.340606","江陵士曹参军","秋，有伤秋之诗。","","《解秋十首》","Poem","解秋十首 其一
清晨颒寒水，动摇襟袖轻。翳翳林上叶，不知秋暗生。回悲镜中发，华白三四茎。岂无满头黑，念此衰已萌。
解秋十首 其二
微霜才结露，翔鸠初变鹰。无乃天地意，使之行小惩。鸱鸮诚可恶，蔽日有高鹏。舍大以擒细，我心终不能。
解秋十首 其三
往岁学仙侣，各在无何乡。同时骛名者，次第鹓鹭行。而我两不遂，三十鬓添霜。日暮江上立，蝉鸣枫树黄。
解秋十首 其四
后伏火犹在，先秋蝉已多。云色日夜白，骄阳能几何。壤隙漏江海，丝微成网罗。勿言时不至，但恐岁蹉跎。
解秋十首 其五
新月才到地，轻河如泛云。萤飞高下火，树影参差文。露簟有微润，清香时暗焚。夜闲心寂默，洞庭无垢氛。
解秋十首 其六
霁丽床前影，飘萧帘外竹。簟凉朝睡重，梦觉茶香熟。亲烹园内葵，凭买家家曲。酿酒并毓蔬，人来有棋局。
解秋十首 其七
寒竹秋雨重，凌霄晚花落。低回翠玉梢，散乱栀黄萼。颜色有殊异，风霜无好恶。年年百草芳，毕意同萧索。
解秋十首 其八
春非我独春，秋非我独秋。岂念百草死，但念霜满头。头白古所同，胡为坐烦忧。茫茫百年内，处身良未休。
解秋十首 其九
西风冷衾簟，展转布华茵。来者承玉体，去者流芳尘。适意丑为好，及时疏亦亲。衰周仲尼出，无乃为妖人。
解秋十首 其十
漠漠江面烧，微微枫树烟。今日复今夕，秋怀方浩然。况我头上发，衰白不待年。我怀有时极，此意何由诠。","周相录《元稹年谱新编》，上海古籍出版社版2004年版，第117页",,,,"欧阳丹"
"唐","元稹","元和六年","811","8","6","33","","山南东道","江陵府","松滋","碧涧寺","湖北","荆州市","松滋市","111.774012","30.175338","江陵士曹参军","游碧涧寺，留诗。","如展，韦戴","《八月六日与僧如展前松滋主簿韦戴同游碧涧寺赋得扉字韵寺邻蜀江内有碧涧穿注两廊又有龙女洞能兴云雨诗中喷字以平声韵》","Poem","八月六日与僧如展前松滋主簿韦戴同游碧涧寺赋得扉字韵寺临蜀江内有碧涧穿注两廊又有龙女洞能兴云雨诗中喷字以平声韵
空阔长江碍铁围，高低行树倚岩扉。穿廊玉涧喷红旭，踊塔金轮拆翠微。草引风轻驯虎睡，洞驱云入毒龙归。他生莫忘灵山别，满壁人名后会稀。","周相录《元稹年谱新编》，上海古籍出版社版2004年版，第112-115页",,,,"欧阳丹"
"唐","元稹","元和六年","811","8",,"33","","山南东道","江陵府","松滋","碧涧寺","湖北","荆州市","松滋市","111.774012","30.175338","江陵士曹参军","游碧涧寺，留诗。","如展，韦戴","《僧如展及韦载同游碧涧寺各赋诗予落句云他生莫忘灵山座满壁人名后会稀展共吟他生之句因话释氏缘会所以莫不悽然久之不十日而展公长逝惊悼返覆则他生岂有兆耶其间展公仍赋黄字五十韵飞札相示予方属和未毕自此不复撰成徒以四韵为识》","Poem","僧如展及韦载同游碧涧寺各赋诗予落句云他生莫忘灵山座满壁人名后会稀展共吟他生之句因话释氏缘会所以莫不悽然久之不十日而展公长逝惊悼返覆则他生岂有兆耶其间展公仍赋黄字五十韵飞札相示予方属和未毕自此不复撰成徒以四韵为识
重吟前日他生句，岂料踰旬便隔生。会拟一来身塔下，无因共绕寺廊行。紫毫飞札看犹湿，黄字新诗和未成。纵使得如羊叔子，不闻兼记旧交情。","周相录《元稹年谱新编》，上海古籍出版社版2004年版，第112-115页",,,,"欧阳丹"
"唐","元稹","元和六年","811","8",,"33","","山南东道","江陵府","当阳","玉泉寺","湖北","宜昌市","当阳市","111.794898","30.826871","江陵士曹参军","游玉泉寺。","如展，韦戴",,"","","周相录《元稹年谱新编》，上海古籍出版社版2004年版，第112-115页",,,,"欧阳丹"
"唐","元稹","元和六年","811","8",,"33","","山南东道","江陵府","当阳","度门寺","湖北","宜昌市","当阳市","111.794898","30.826871","江陵士曹参军","游度门寺。游三寺后，有诗诮卢戡。","如展，韦戴，卢戡","《诮卢戡与予数约游三寺戡独沈醉而不行》","Poem","诮卢戡与予数约游三寺戡独沈醉而不行
乘兴无羁束，闲行信马蹄。路幽穿竹远，野迥望云低。素帚茅花乱，圆珠稻实齐。如何卢进士，空恋醉如泥。","周相录《元稹年谱新编》，上海古籍出版社版2004年版，第112-115页","三寺中碧涧寺在今湖北松滋，其余两寺均在今湖北当阳。",,,"欧阳丹"
"唐","元稹","元和六年","811","8",,"33","","山南东道","江陵府","当阳",,"湖北","宜昌市","当阳市","111.794898","30.826871","江陵士曹参军","游三寺后有诗呈于严绶。吕温卒于衡州，年四十。","如展，韦戴，严绶","《游三寺回呈上府主严司空时因寻寺道出当阳县奉命覆视县去囚牵于游行不暇详究故以诗自诮尔》","Poem","游三寺回呈上府主严司空时因寻寺道出当阳县奉命覆视县囚牵于游行不暇详究故以诗自诮尔
谢公恣纵颠狂掾，触处闲行许自由。举板支颐对山色，当筵吹帽落台头。贪缘稽首他方佛，无暇精心满县囚。莫责寻常吐茵吏，书囊赤白报君侯。","周相录《元稹年谱新编》，上海古籍出版社版2004年版，第112-115页","三寺中碧涧寺在今湖北松滋，其余两寺均在今湖北当阳。",,,"欧阳丹"
"唐","元稹","元和六年","811","10",,"33","","山南东道","江陵府","江陵",,"湖北","荆州市",,"112.24722","30.340606","江陵士曹参军","吕温篙葬于江陵之野。元稹有诗哭之。刘禹锡作诗伤吕温，柳宗元酬唱刘禹锡，并寄元稹。","刘禹锡，柳宗元","《哭吕衡州六首》","Poem","哭吕衡州六首 其一
气敌三人杰，交深一纸书。我投冰莹眼，君报水怜鱼。髀股惟夸瘦，膏肓岂暇除。伤心死诸葛，忧道不忧馀。
哭吕衡州六首 其二
望有经纶钓，虔收宰相刀。江文驾风远，云貌接天高。国待球琳器，家藏虎豹韬。尽将千载宝，埋入五原蒿。
哭吕衡州六首 其三
白马双旌队，青山八阵图。请缨期系虏，枕草誓捐躯。势激三千壮，年应四十无。遥闻不瞑目，非是不怜吴。
哭吕衡州六首 其四
雕鹗生难敌，沉檀死更香。儿童喧巷市，羸老哭碑堂。雁起沙汀闇，云连海气黄。祝融峰上月，几照北人丧。
哭吕衡州六首 其五
回雁峰前雁，春回尽却回。联行四人去，同葬一人来。铙吹临江返，城池隔雾开。满船深夜哭，风棹楚猿哀。
哭吕衡州六首 其六
杜预春秋癖，扬雄著述精。在时兼不语，终古定归名。耒水波文细，湘江竹叶轻。平生思风月，潜寐若为情。","周相录《元稹年谱新编》，上海古籍出版社版2004年版，第113页",,,,"欧阳丹"
"唐","元稹","元和六年","811","12",,"33","","山南东道","江陵府","江陵",,"湖北","荆州市",,"112.24722","30.340606","江陵士曹参军","窦巩北返过江陵，与元稹相遇，元作以诗赠之。","窦巩","《送友封》","Poem","送友封
轻风略略柳欣欣，晴色空濛远似尘。斗柄未回犹带闰，江痕潜上已生春。兰成宅里寻枯树，宋玉亭前别故人。心断洛阳三两处，窈娘堤抱古天津。","周相录《元稹年谱新编》，上海古籍出版社版2004年版，第113页",,,,"欧阳丹"
"唐","元稹","元和六年","811",,,"33","","山南东道","江陵府","江陵",,"湖北","荆州市",,"112.24722","30.340606","江陵士曹参军","冬，安氏生子，名荆。约本年或稍前，识崔倰。约本年，元稹患痰、头风，裴垍教服橘皮朴消丸，数月而愈。","崔倰，裴垍",,"","","周相录《元稹年谱新编》，上海古籍出版社版2004年版，第114页",,,,"欧阳丹"
"唐","元稹","元和六年","811",,,"33","","山南东道","江陵府","江陵",,"湖北","荆州市",,"112.24722","30.340606","江陵士曹参军","是年，与李景俭酬唱，留诗。","李景俭","《酬李六醉后见寄口号》","Poem","酬李六醉后见寄口号
顿愈头风疾，因吟口号诗。文章纷似绣，珠玉布如棋。健羡觥飞酒，苍黄日映篱。命童寒色倦，抚稚晚啼饥。潦倒惭相识，平生颇自奇。明公将有问，林下是灵龟。","周相录《元稹年谱新编》，上海古籍出版社版2004年版，第116页",,,,"欧阳丹"
"唐","元稹","元和六年","811",,,"33","","山南东道","江陵府","江陵",,"湖北","荆州市",,"112.24722","30.340606","江陵士曹参军","是年，与刘禹锡酬唱，留诗。","刘禹锡","《刘二十八以文石枕见赠仍题绝句以将厚意因持壁州鞭酬兼广为四韵》","Poem","刘二十八以文石枕见赠仍题绝句以将厚意因持壁州鞭酬谢兼广为四韵
枕截文琼珠缀篇，野人酬赠壁州鞭。用长时节君须策，泥醉风云我要眠。歌眄彩霞临药灶，执陪仙仗引炉烟。张骞却上知何日，随会归期在此年。","周相录《元稹年谱新编》，上海古籍出版社版2004年版，第116页",,,,"欧阳丹"
"唐","元稹","元和六年","811",,,"33","","山南东道","江陵府","江陵",,"湖北","荆州市",,"112.24722","30.340606","江陵士曹参军","是年，昼夜常有鸟虫闹，故作诗以自遣。","","《有鸟二十首》","Poem","有鸟二十章 其一
有鸟有鸟名老鸱，鸱张贪很老不衰。似鹰指爪唯攫肉，戾天羽翮徒翰飞。朝偷暮窃恣昏饱，后顾前瞻高树枝。珠丸弹射死不去，意在护巢兼护儿。
有鸟二十章 其二
有鸟有鸟毛似鹤，行步虽迟性灵恶。主人但见闲慢容，许占蓬莱最高阁。弱羽长忧俊鹘拳，疽肠暗著鹓雏啄。千年不死伴灵龟，枭心鹤貌何人觉。
有鸟二十章 其三
有鸟有鸟如鹳雀，食蛇抱礐天姿恶。行经水浒为毒流，羽拂酒杯为死药。汉后忍渴天岂知，骊姬坟地君宁觉。呜呼为有白色毛，亦得乘轩谬称鹤。
有鸟二十章 其四
有鸟有鸟名为鸠，毛衣软毳心性柔。鹘缘暖足怜不吃，鹞为同科曾共游。飞飞渐上高高阁，百鸟不猜称好逑。佳人许伴鹓雏食，望尔化为张氏钩。
有鸟二十章 其五
有鸟有鸟名野鸡，天姿耿介行步齐。主人偏养怜整顿，玉粟充肠瑶树栖。池塘潜狎不鸣雁，津梁暗引无用鹈。秋鹰迸逐霜鹘远，鵩鸟护巢当昼啼。主人频问遣妖术，力尽计穷音响悽。当时何不早量分，莫遣辉光深照泥。
有鸟二十章 其六
有鸟有鸟群翠碧，毛羽短长心并窄。皆曾偷食渌池鱼，前去后来更逼迫。食鱼满腹各自飞，池上见人长似客。飞飞竞占嘉树林，百鸟不争缘凤惜。
有鸟二十章 其七
有鸟有鸟群纸鸢，因风假势童子牵。去地渐高人眼乱，世人为尔羽毛全。风吹绳断童子走，馀势尚存犹在天。愁尔一朝还到地，落在深泥谁复怜。
有鸟二十章 其八
有鸟有鸟名啄木，木中求食常不足。偏啄邓林求一虫，虫孔未穿长觜秃。木皮已穴虫在心，虫蚀木心根柢覆。可怜树上百鸟儿，有时飞向新林宿。
有鸟二十章 其九
有鸟有鸟众蝙蝠，长伴佳人占华屋。妖鼠多年羽翮生，不辨雌雄无本族。穿墉伺隙善潜身，昼伏宵飞恶明烛。大厦虽存柱石倾，暗齧栋梁成蠹木。
有鸟二十章 其十
有鸟有鸟名为鸮，深藏孔穴难动摇。鹰鹯绕树探不得，随珠弹尽声转娇。主人烦惑罢擒取，许占神林为物妖。当时幸有燎原火，何不鼓风连夜烧。
有鸟二十章 其十一
有鸟有鸟名燕子，口中未省无泥滓。春风吹送廊庑间，秋社驱将嵌孔里。雷惊雨洒一时苏，云压霜摧半年死。驱去驱来长信风，暂托栋梁何用喜。
有鸟二十章 其十二
有鸟有鸟名老乌，贪痴突悖天下无。田中攫肉吞不足，偏入诸巢探众雏。归来仍占主人树，腹饱巢高声响粗。山鸦野鹊闲受肉，凤皇不得闻罪辜。秋鹰掣断架上索，利爪一挥毛血落。可怜鸦鹊慕腥膻，犹向巢边竞纷泊。
有鸟二十章 其十三
有鸟有鸟谓白鹇，雪毛皓白红觜殷。贵人妾妇爱光彩，行提坐臂怡朱颜。妖姬谢宠辞金屋，雕笼又伴新人宿。无心为主拟衔花，空长白毛映红肉。
有鸟二十章 其十四
有鸟有鸟群雀儿，中庭啄粟篱上飞。秋鹰欺小嫌不食，凤皇容众从尔随。大鹏忽起遮白日，馀风簸荡山岳移。翩翾百万徒惊噪，扶摇势远何由知。古来妄说衔花报，纵解衔花何所为。可惜官仓无限粟，伯夷饿死黄口肥。
有鸟二十章 其十五
有鸟有鸟皆百舌，舌端百啭声咄㗧。先春尽学百鸟啼，真伪不分听者悦。伶伦凤律乱宫商，盘木天鸡误时节。朝朝暮暮主人耳，桃李无言管弦咽。五月炎光朱火盛，阳燄烧阴幽响绝。安知不是卷舌星，化作刚刀一时截。
有鸟二十章 其十六
有鸟有鸟毛羽黄，雄者为鸳雌者鸯。主人并养七十二，罗列雕笼开洞房。雄鸣一声雌鼓翼，夜不得栖朝不食。气息榻然双翅垂，犹入笼中就颜色。
有鸟二十章 其十七
有鸟有鸟名鹞雏，铃子眼睛苍锦襦。贵人腕软怜易臂，奋肘一挥前后呼。俊鹘无由拳狡兔，金雕不得擒魅狐。文王长在苑中猎，何日非熊休卖屠。
有鸟二十章 其十八
有鸟有鸟名鹦鹉，养在雕笼解人语。主人曾问私所闻，因说妖姬暗欺主。主人方惑翻见疑，趁归陇底双翅垂。山鸦野雀怪鹦语，竞噪争窥无已时。君不见隋朝陇头姥，娇养双鹦嘱新妇。一鹦曾说妇无仪，悍妇杀鹦欺主母。一鹦闭口不复言，母问不言何太久。鹦言悍妇杀鹦由，母为逐之乡里丑。当时主母信尔言，顾尔微禽命何有。今之主人翻尔疑，何事笼中漫开口。
有鸟二十章 其十九
有鸟有鸟名俊鹘，鹞小雕痴俊无匹。雏鸭拂爪血迸天，狡兔中拳头粉骨。平明度海朝未食，拔上秋空云影没。瞥然飞下人不知，搅碎荒城魅狐窟。
有鸟二十章 其二十
有鸟有鸟真白鹤，飞上九霄云漠漠。司晨守夜悲鸡犬，啄腐吞腥笑雕鹗。尧年值雪度关山，晋室闻琴下寥廓。辽东尽尔千岁人，怅望桥边旧城郭。","周相录《元稹年谱新编》，上海古籍出版社版2004年版，第116页",,,,"欧阳丹"
"唐","元稹","元和七年","812",,,"34","","山南东道","江陵府","公安","远安寺","湖北","荆州市","公安县","112.235979","30.06431","江陵士曹参军","春夏之交，游公安县远安寺，忆僧如展，有诗。","僧如展","《公安县远安寺水亭见展公题壁漂然泪流因书四韵》","Poem","公安县远安寺水亭见展公题壁漂然泪流因书四韵
碧涧去年会，与师三两人。今来见题壁，师已是前身。芰叶迎僧夏，杨花度俗春。空将数行泪，洒遍塔中尘。","周相录《元稹年谱新编》，上海古籍出版社版2004年版，第118页",,,,"欧阳丹"
"唐","元稹","元和七年","812","10",,"34","","山南东道","江陵府","当阳","玉泉寺","湖北","宜昌市","当阳市","111.794898","30.826871","江陵士曹参军","元稹赴襄阳拜谒，途中经玉泉寺，有诗。","","《玉泉道中作》","Poem","玉泉道中作
楚俗物候晚，孟冬才有霜。早农半华实，夕水含风凉。遐想云外寺，峰峦渺相望。松门接官路，泉脉连僧房。微露上弦月，暗焚初夜香。谷深烟壒净，山虚钟磬长。念此清境远，复忧尘事妨。行行即前路，勿滞分寸光。","周相录《元稹年谱新编》，上海古籍出版社版2004年版，第118页",,,,"欧阳丹"
"唐","元稹","元和七年","812","10",,"34","","山南东道","襄州","襄阳",,"湖北","襄阳市",,"112.129089","32.014789","江陵士曹参军","元稹赴襄阳拜谒南东道节度使李夷简，识甄逢。","李夷简","《送致用》","Poem","送致用
泪沾双袖血成文，不为悲身为别君。望鹤眼穿期海外，待乌头白老江濆。遥看逆浪愁翻雪，渐失征帆错认云。欲识九回肠断处，浔阳流水逐条分。","周相录《元稹年谱新编》，上海古籍出版社版2004年版，第118页",,,,"欧阳丹"
"唐","元稹","元和七年","812",,,"34","",,,,,,,,"0","0","江陵士曹参军","本年，因李景俭之请，编次十六岁以后诗八百余首，为十体二十卷。安氏生女樊。有诗。","李景俭","《遣兴十首》","Poem","遣兴十首 其一
始见梨花房，坐对梨花白。行看梨叶青，已复梨叶赤。严霜九月半，危蒂几时客。况有高高原，秋风四来迫。
遣兴十首 其二
莫厌夏日长，莫愁冬日短。欲识短复长，君看寒又暖。城中百万家，冤哀杂丝管。草没奉诚园，轩车昔曾满。
遣兴十首 其三
孤竹迸荒园，误与蓬麻列。久拥萧萧风，空长高高节。严霜荡群秽，蓬断麻亦折。独立转亭亭，心期凤皇别。
遣兴十首 其四
艳艳剪红英，团团削翠茎。托根在褊浅，因依泥滓生。中有合欢蕊，池枯难遽呈。凉宵露华重，低徊当月明。
遣兴十首 其五
晚荷犹展卷，早蝉遽萧嘹。露叶行已重，况乃江风摇。炎夏火再伏，清商暗回飙。寄言抱志士，日月东西跳。
遣兴十首 其六
买马买锯牙，买犊买破车。养禽当养鹘，种树先种花。人生负俊健，天意与光华。莫学蚯蚓辈，食泥近土涯。
遣兴十首 其七
爱直莫爱夸，爱疾莫爱斜。爱谟莫爱诈，爱施莫爱奢。择才不求备，任物不过涯。用人如用己，理国如理家。
遣兴十首 其八
㸌㸌刀刃光，弯弯弓面张。入水斩犀兕，上山椎虎狼。里中无老少，唤作癫儿郎。一日风云会，横行归故乡。
遣兴十首 其九
团团规内星，未必明如月。托迹近北辰，周天无沦没。老人在南极，地远光不发。见则寿圣明，愿照高高阙。
遣兴十首 其十
河清谅嘉瑞，吾帝真圣人。时哉不我梦，此时为废民。光阴本跳踯，功业劳苦辛。一到江陵郡，三年成去尘。","周相录《元稹年谱新编》，上海古籍出版社版2004年版，第120页",,,,"欧阳丹"
"唐","元稹","元和七年","812",,,"34","",,,,,,,,"0","0","江陵士曹参军","是年，怀念吕温，有诗。","吕温","《哭吕衡州》","Poem","","周相录《元稹年谱新编》，上海古籍出版社版2004年版，第120页",,,,
"唐","元稹","元和八年","813",,,"35","","山南东道","襄州","襄阳",,"湖北","襄阳市",,"112.129089","32.014789","江陵士曹参军","在襄阳，与卢真、窦巩宴饮，有诗。","卢真，窦巩","《襄阳为卢窦纪事五首》","Poem","襄阳为卢窦纪事 其一
帝下真符召玉真，偶逢游女暂相亲。素书三卷留为赠，从向人间说向人。
襄阳为卢窦纪事 其二
风弄花枝月照阶，醉和春睡倚香怀。依稀似觉双环动，潜被萧郎卸玉钗。
襄阳为卢窦纪事 其三
莺声撩乱曙灯残，暗觅金钗动晓寒。犹带春酲懒相送，樱桃花下隔帘看。
襄阳为卢窦纪事 其四
琉璃波面月笼烟，暂逐萧郎走上天。今日归时最肠断，回江还是夜来船。
襄阳为卢窦纪事 其五
花枝临水复临堤，闲照江流亦照泥。千万春风好抬举，夜来曾有凤皇栖。","周相录《元稹年谱新编》，上海古籍出版社版2004年版，第120页",,,,"欧阳丹"
"唐","元稹","元和八年","813","3",,"35","","山南东道","襄州","襄阳",,"湖北","襄阳市",,"112.129089","32.014789","江陵士曹参军","韩愈迁比部郎中、史馆修撰，请编甄济事入国史，作书寄之。","韩愈","《与史馆韩侍郎书》","Article","与史馆韩侍郎书
侍郎退之足下。稹与前襄州文学掾甄逢游善。逢故刑部员外郎济之子。济天宝中隐于卫之青岩山。采访使苗公等五人皆以状荐。凡十徵不起。末以左拾遗就拜之。适值禄山朝奏京师。恳于上前求为宾介。玄宗可其奏。禄山还至卫县。遣太守郑遵意诣山致命。辍行信宿以俟之。甄生惧其难免。俛首从事。至天宝十二载。禄山反状潜兆。虑不得脱。乃伪瘖其口。复隐青岩。踰年而禄山叛。即日遣伪节度使蔡希德缄刃逼召。且曰。或不可强。斩首来徇。既而甄生噤闭无言。延颈承刃。气色和定。若甘心然。希德义而舍之。禄山亦终不能致。庆绪继逆。虏而囚之于东都安国观。代宗复洛。甄生卧匡床诣元帅府。至则号摽自治。代宗为之动色。遂命传置长安。肃宗高其行。因授馆于三司治所。令从贼官囚惭拜之。受污者莫不俯伏仰叹。恨不即死于其地。且夫辨所从于居易之时。坚直操于利人之际。而犹褊浅巽懦者之所不为。盖怫人之心难。而害己之避深也。况乎天下乱矣。王泽竭矣。死忠者不必显。从乱者不必诛。而能眷眷本朝。甘心白刃。难矣哉。是以治平则为公为卿为鹓为鹭。世变则为蛇为豕为獍为枭者。十恒八九焉。若甄生冕弁不加于其身。禄食不进于其口。于天宝末盖青岩之一男子耳。及乱则延颈受刃。分死不回。不以不显而废忠。不以不诛而从乱。参合古今之士。盖百一焉。稹常读注记。缺而未书。谨备所闻。盖欲执事者编此义烈。以永永于来世耳。子逢始生之岁。颜太师崔太傅皆为歌诗以美贤者之有后。且序甄生之本末云。及逢既长。耕先人旧田于襄之宜城。读书为文。不诣州里。岁馑则力穑节用。以给足于亲戚。岁穰则施馀于邻里乡党之不能自持者。前后斥家财排患难于朋友者数四。由是以义闻。襄之守状为文学。始就羁于吏职。稹闻风既久。因与之游。逢每冤其父之名不在于史。将欲抱所冤诣京师。告诉于司史氏。盖行有日矣。以愚料之。甄子仆短马瘦。言简行孤。得不为骄阍之所排诃。则权力者疑诞以临之。固无自而入矣。因晓甄生以无自入之势。且告以执事者辱与稹游。愿得所冤之状告。甄生厚相信待。由是辍行。既而自思。滓贱之中。犹愿贡所闻于执事。得非愚且僭耶。然而诮笑之暇。幸垂察焉。不宣。某再拜。","周相录《元稹年谱新编》，上海古籍出版社版2004年版，第121页",,,,"欧阳丹"
"唐","元稹","元和八年","813",,,"35","","山南东道","江陵府","当阳","度门寺","湖北","宜昌市","当阳市","111.794898","30.826871","江陵士曹参军","南返江陵，途中经度门寺，有诗。","","《度门寺》","Poem","度门寺
北祖三禅地，西山万树松。门临溪一带，桥映竹千重。剪凿基阶正，包藏景气浓。诸岩分院宇，双岭抱垣墉。舍利开层塔，香炉占小峰。道场居士置，经藏大师封。太子知栽植，神王守要冲。由旬排讲座，丈六写真容。佛语迦陵说，僧行猛虎从。修罗抬日拒，楼至拔霜锋。画井垂枯朽，穿池救噞喁。蕉非难败坏，槿喻暂丰茸。宝界留遗事，金棺灭去踪。钵传烘玛瑙，石长翠芙蓉。影帐纱全落，绳床土半壅。荒林迷醉象，危壁亚盘龙。行色怜初月，归程待晓钟。心源虽了了，尘世苦憧憧。宿荫高声忏，斋粮并力舂。他生再来此，还愿总相逢。","周相录《元稹年谱新编》，上海古籍出版社版2004年版，第121页",,,,"欧阳丹"
"唐","元稹","元和八年","813","4",,"35","","山南东道","江陵府","江陵",,"湖北","荆州市",,"112.24722","30.340606","江陵士曹参军","窦群改容管经略使，自开州赴容州，途径江陵，与元稹相会，有诗。","窦群","《奉和窦容州》","Poem","奉和窦容州
明公莫讶容州远，一路潇湘景气浓。斑竹初成二妃庙，碧莲遥耸九疑峰。禁林闻道长倾凤，池水那能久滞龙。自叹风波去无极，不知何日又相逢。","周相录《元稹年谱新编》，上海古籍出版社版2004年版，第122页",,,,"欧阳丹"
"唐","元稹","元和八年","813","5",,"35","","山南东道","朗州",,,"湖南","常德市",,"111.704994","29.037723","江陵士曹参军、申光蔡招抚使从事","严绶奉命讨张伯靖，窦常为判官，元稹为从事，至朗州。","严绶，窦常，张伯靖",,"","","周相录《元稹年谱新编》，上海古籍出版社版2004年版，第122页",,,,"欧阳丹"
"唐","元稹","元和八年","813","8",,"35","","江南西道","岳州",,"洞庭湖","湖南","岳阳市",,"113.135679","29.363262","江陵士曹参军","伯靖降。班师时，经洞庭湖，有诗。","严绶，窦常，张伯靖","《洞庭湖》","Poem","洞庭湖
人生除泛海，便到洞庭波。驾浪沉西日，吞空接曙河。虞巡竟安在，轩乐讵曾过。唯有君山下，狂风万古多。","周相录《元稹年谱新编》，上海古籍出版社版2004年版，第125页；周相录《元稹集校注》，上海古籍出版社版2011年版，第470页",,,,"欧阳丹"
"唐","元稹","元和八年","813","8",,"35","","江南西道","岳州",,"洞庭湖","湖南","岳阳市",,"113.135679","29.363262","江陵士曹参军","伯靖降。班师时，经洞庭湖遭风，有诗。","严绶，窦常，张伯靖","《遭风二十韵》","Poem","遭风二十韵
洞庭㳽漫接天回，一点君山似措杯。暝色已笼秋竹树，夕阳犹带旧楼台。湘南贾伴乘风信，夏口篙工厄溯洄。后侣逢滩方拽𥮘，前宗到浦已眠桅。俄惊四面云屏合，坐见千峰雪浪堆。罔象睢盱频逞怪，石尤翻动忽成灾。胜凌岂但河宫溢，坱轧浑忧地轴摧。疑是阴兵致昏黑，果闻灵鼓借喧豗。龙归窟穴深潭漩，蜃作波涛古岸隤。水客暗游烧野火，枫人夜长吼春雷。浸淫沙市儿童乱，汨没汀洲雁鹜哀。自叹生涯看转烛，更悲商旅哭沈财。樯乌㪷折头仓掉，水狗斜倾尾缆开。在昔讵惭横海志，此时甘乏济川才。历阳旧事曾为鳖，鲧穴相传有化能。闭目唯愁满空电，冥心真类不然灰。那知否极休徵至，渐觉宵分曙气催。怪族潜收湖黯湛，幽妖尽走日崔嵬。紫衣将校临船问，白马君侯傍柳来。唤上驿亭还酩酊，两行红袖拂樽罍。","周相录《元稹年谱新编》，上海古籍出版社版2004年版，第125页；周相录《元稹集校注》，上海古籍出版社版2011年版，第581页",,,,"欧阳丹"
"唐","元稹","元和八年","813",,,"35","","山南东道","江陵府","江陵",,"湖北","荆州市",,"112.24722","30.340606","江陵士曹参军","秋，元稹患疟，日久未愈，有诗。","","《遣病十首》","Poem","遣病十首 其一
服药备江瘴，四年方一疠。岂是药无功，伊予久留滞。滞留人固薄，瘴久药难制。去日良已甘，归途奈无际。
遣病十首 其二
弃置何所任，郑公怜我病。三十九万钱，资予养顽瞑。身贱杀何益，恩深报难罄。公其万千年，世有天之郑。
遣病十首 其三
忆作孩稚初，健羡成人列。倦学厌日长，嬉游念佳节。今来渐讳年，顿与前心别。白日速如飞，佳晨亦骚屑。
遣病十首 其四
昔在痛饮场，憎人病辞醉。病来身怕酒，始悟他人意。怕酒岂不闲，悲无少年气。传语少年儿，杯盘莫回避。
遣病十首 其五
忆初头始白，昼夜惊一缕。渐及鬓与须，多来不能数。壮年等闲过，过壮年已五。华发不再青，劳生竟何补。
遣病十首 其六
在家非不病，有病心亦安。起居甥侄扶，药饵兄嫂看。今病兄远路，道遥书信难。寄言娇小弟，莫作官家官。
遣病十首 其七
燕巢官舍内，我尔俱为客。岁晚我独留，秋深尔安适。风高翅羽垂，路远烟波隔。去去玉山岑，人间网罗窄。
遣病十首 其八
檐宇夜来旷，暗知秋已生。卧悲衾簟冷，病觉支体轻。炎昏岂不勌，时去聊自惊。浩叹终一夕，空堂天欲明。
遣病十首 其九
秋依静处多，况乃凌晨趣。深竹蝉昼风，翠茸衫晓露。庭莎病看长，林果闲知数。何以强健时，公门日劳骛。
遣病十首 其十
朝结故乡念，暮作空堂寝。梦别泪亦流，啼痕暗横枕。昔愁凭酒遣，今病安能饮。落尽秋槿花，离人病犹甚。","周相录《元稹年谱新编》，上海古籍出版社版2004年版，第125页",,,,"欧阳丹"
"唐","元稹","元和八年","813",,,"35","","山南东道","江陵府","江陵",,"湖北","荆州市",,"112.24722","30.340606","江陵士曹参军","秋，元稹患疟，日久未愈，有诗。","","《痁卧闻幕中诸公征乐会饮因有戏呈三十韵》","Poem","痁卧闻幕中诸公徵乐会饮因有戏呈三十韵
濩落因寒甚，沈阴与病偕。药囊堆小案，书卷塞空斋。胀腹看成鼓，羸形渐比柴。道情忧易适，温瘴气难排。治尰扶轻杖，开门立静街。耳鸣疑暮角，眼暗助昏霾。野竹连荒草，平陂接断崖。坐隅甘对鵩，当路恐遭豺。蛇蛊迷弓影，雕翎落箭靫。晚篱喧斗雀，残菊半枯荄。怅望悲回雁，依迟傍古槐。一生长苦节，三省讵行怪。奔北翻成勇，司南却是呙。穹苍真漠漠，风雨漫喈喈。彼美犹溪女，其谁占馆娃。诚知通有日，太极浩无涯。布卦求无妄，祈天愿孔皆。藏衰谋计拙，地僻往还乖。况羡莲花侣，方欣绮席谐。钿车迎妓乐，银翰屈朋侪。白纻颦歌黛，同蹄坠舞钗。纤身霞出海，艳脸月临淮。筹箸随宜放，投盘止罚啀。红娘留醉打，觥使及醒差。顾我潜孤愤，何人想独怀。夜灯然槲叶，冻雪堕塼阶。坏壁虚缸倚，深炉小火埋。鼠骄衔笔砚，被冷束筋骸。毕竟图斟酌，先须遣疠痎。枪旗如在手，那复敢崴㠢。","周相录《元稹年谱新编》，上海古籍出版社版2004年版，第125页",,,,"欧阳丹"
"唐","元稹","元和八年","813",,,"35","","山南东道","江陵府","江陵",,"湖北","荆州市",,"112.24722","30.340606","江陵士曹参军","秋，元稹患疟，日久未愈，有诗。","","《晨起送使病不行因过王十一馆居二首》","Poem","晨起送使病不行因过王十一馆居二首 其一
自笑今朝误夙兴，逢他御史疟相仍。过君未起房门掩，深映寒窗一盏灯。
晨起送使病不行因过王十一馆居二首 其二
密宇深房小火炉，饭香鱼熟近中厨。野人爱静仍耽寝，自问黄昏肯去无。","周相录《元稹年谱新编》，上海古籍出版社版2004年版，第125页",,,,"欧阳丹"
"唐","元稹","元和八年","813",,,"35","","山南东道","江陵府","江陵",,"湖北","荆州市",,"112.24722","30.340606","江陵士曹参军","白居易寄药给元稹，附诗。元稹依韵酬和白居易《闻微之江陵卧病以大通中散碧腴垂云膏寄之因题四韵》。","白居易","《予病瘴乐天寄通中散碧腴垂云膏仍题四韵以慰远开坼之间因有酬答》","Poem","予病瘴乐天寄通中散碧腴垂云膏仍题四韵以慰远怀开坼之间因有酬答
紫河变鍊红霞散，翠液煎研碧玉英。金籍真人天上合，盐车病骥轭前惊。愁肠欲转蛟龙吼，醉眼初开日月明。唯有思君治不得，膏销雪尽意还生。","周相录《元稹年谱新编》，上海古籍出版社版2004年版，第125页",,,,"欧阳丹"
"唐","元稹","元和八年","813",,,"35","","山南东道","江陵府","江陵","后湖","湖北","荆州市",,"112.24722","30.340606","江陵士曹参军","冬，严绶命百姓疏浚后湖，元稹有诗记之。","严绶","《后湖》","Poem","后湖
荆有泥泞水，在荆之邑郛。郛前水在后，谓之为后湖。环湖十馀里，岁积潢与污。臭腐鱼鳖死，不植菰与蒲。郑公理三载，其理用喣愉。岁稔民四至，隘廛亦隘衢。公乃署其地，为民先矢谟。人人傥自为，我亦不庀徒。下里得闻之，各各相俞俞。提携翁及孙，捧戴妇与姑。壮者负砾石，老亦捽茅刍。斤磨片片雪，椎隐连连珠。朝餐布庭落，夜宿完户枢。邻里近相告，亲戚远相呼。鬻者自为鬻，酤者自为酤。鸡犬丰中市，人民岐下都。百年废滞所，一旦奥浩区。我实司水土，得为官事无。人言贱事贵，贵直不贵谀。此实公所小，安用歌裤襦。答云潭及广，以至鄂与吴。万里尽泽国，居人皆垫濡。富者不容盖，贫者不庇躯。得不歌此事，以我为楷模。","周相录《元稹年谱新编》，上海古籍出版社版2004年版，第125页",,,,"欧阳丹"
"唐","元稹","元和八年","813",,,"35","","山南东道","江陵府","江陵",,"湖北","荆州市",,"112.24722","30.340606","江陵士曹参军","本年，杜嗣业迁杜甫之柩归葬河南府偃师县首阳山前，元稹为其撰墓志铭。安氏生女降真。","杜嗣业","《唐故工部员外郎杜君墓系铭》","Article","唐故工部员外郎杜君墓系铭
予读诗至杜子美。而知古人之才有所总萃焉。始尧舜时。君臣以赓歌相和。是后诗人继作。历夏殷周千馀年。仲尼缉拾选练。取其干预教化之尤者三百篇。其馀无闻焉。骚人作而怨愤之态繁。然犹去风雅日近。尚相比拟。秦汉以还。采诗之官既废。天下俗谣民讴。歌颂讽赋。曲度嬉戏之词。亦随时间作。逮至汉武赋柏梁诗。而七言之体具。苏子卿李少卿之徒。尤工为五言。虽句读文律各异。雅郑之音亦杂。而词意简远。指事言情。自非有为而为。则文不妄作。建安之后。天下文士。遭罹兵战。曹氏父子鞍马间为文。往往横槊赋诗。故其遒文壮节。抑扬怨哀。悲离之作。尤极于古。晋世风槩稍存。宋齐之间。教失根本。士以简慢歙习舒徐相尚。文章以风容色泽放旷精清为高。盖吟写性灵流连光景之文也。意义格力无取焉。陵迟至于梁陈。淫艳刻饰佻巧小碎之词剧。又宋齐之所不取也。唐兴。学官大振。历世之文。能者互出。而又沈宋之流。研练精切。稳顺声势。谓之为律诗。由是而后。文体之变极焉。然而好古者遗近。务华者去实。效齐梁则不逮于晋魏。工乐府则力屈于五言。律切则骨格不存。閒暇则纤秾莫备。至于子美。盖所谓上薄风骚。下该沈宋。言夺苏李。气吞曹刘。掩颜谢之孤高。杂徐庾之流丽。尽得古今之体势。而兼昔人之所独专矣。使仲尼考锻其旨要。尚不知贵其多乎哉。苟以为能所不能。无可无不可。则诗人以来。未有如子美者。时山东人李白。亦以奇文取称。时人谓之李杜。子观其壮浪纵恣。摆去拘束。模写物象。及乐府歌诗。诚亦差肩于子美矣。至若铺陈终始。排比声韵。大或千言。次犹数百。词气豪迈。而风调清深。属对律切。而脱弃凡近。则李尚不能历其藩翰。况堂奥乎。予尝欲条析其文。体别相附。与来者为之准。特病懒未就。适子美之孙嗣业。启子美之柩。襄祔事于偃师。途次于荆楚。雅知予爱言其大父之为文。拜予为志。辞不可绝。予因系其官阀。而铭其卒葬云。系曰。晋当阳成侯姓杜氏。下十世而生依艺。今家于巩。依艺生审言。善诗。官至膳部员外郎。审言生闲。闲生甫。闲为奉天令。甫字子美。天宝中献三大礼赋。明皇奇之。命宰相试文。文善。授率府曹。属京师乱。步谒行在。拜左拾遗。岁馀。以直言失官。出为华州司功。寻迁京兆功曹。剑南节度使严武拔为工部员外。参谋军事。旋又弃去。扁舟下荆楚间。竟以寓卒。旋殡岳阳。享年五十九。夫人宏农杨氏女。父曰司农少卿怡。四十九年而终。嗣子曰宗武。病不克葬。殁命其子嗣业。嗣业以家贫无以给丧。收拾乞丐。焦劳昼夜。去子美殁后馀四十年。然后卒先人之志。亦足为难矣。铭曰。维元和之癸巳。粤某月某日之佳辰。合窆我杜子美于首阳之山前。呜呼千岁而下。曰此文先生之古坟。","周相录《元稹年谱新编》，上海古籍出版社版2004年版，第124页",,,,"欧阳丹"
"唐","元稹","元和九年","814",,,"36","","山南东道","江陵府","石首",,"湖北","荆州市","石首市","112.431918","29.72709","江陵士曹参军","前往潭州，经石首县，有诗。","","《竹部》","Poem","竹部
竹部竹山近，岁伐竹山竹。伐竹岁亦深，深林隔深谷。朝朝冰雪行，夜夜豺狼宿。科首霜断蓬，枯形烧馀木。一束十馀茎，千钱百馀束。得钱盈千百，得粟盈斗斛。归来不买食，父子分半菽。持此欲何为，官家岁输促。我来荆门掾，寓食公堂肉。岂惟遍妻孥，亦以及僮仆。分尔有限资，饱我无端腹。愧尔不复言，尔生何太蹙。","周相录《元稹年谱新编》，上海古籍出版社版2004年版，第125页",,,,"欧阳丹"
"唐","元稹","元和九年","814",,,"36","","江南西道","岳州",,"洞庭湖","湖南","岳阳市",,"113.135679","29.363262","江陵士曹参军","过洞庭湖，有诗。","","《梦成之》","Poem","梦成之
烛暗船风独梦惊，梦君频问向南行。觉来不语到明坐，一夜洞庭湖水声。","周相录《元稹年谱新编》，上海古籍出版社版2004年版，第125页",,,,"欧阳丹"
"唐","元稹","元和九年","814",,,"36","","江南西道","岳州",,"洞庭湖","湖南","岳阳市",,"113.135679","29.363262","江陵士曹参军","过洞庭湖，有诗。","","《鹿角镇》","Poem","鹿角镇
去年湖水满，此地覆行舟。万怪吹高浪，千人死乱流。谁能问帝子，何事宠阳侯。渐恐鲸鲵大，波涛及九州。","周相录《元稹年谱新编》，上海古籍出版社版2004年版，第133页",,,,"欧阳丹"
"唐","元稹","元和九年","814",,,"36","","江南西道","岳州","巴陵","石矶","湖南","岳阳市",,"113.135679","29.363262","江陵士曹参军","经岳阳，宿石矶，有诗。","","《宿石矶》","Poem","宿石矶
石矶江水夜潺湲，半夜江风引杜鹃。灯暗酒醒颠倒枕，五更斜月入空船。","周相录《元稹年谱新编》，上海古籍出版社版2004年版，第133页",,,,"欧阳丹"
"唐","元稹","元和九年","814","2",,"36","","江南西道","潭州","长沙","望岳楼","湖南","长沙市",,"112.945333","28.233971","江陵士曹参军","至潭州，谒张正甫，有诗。","张正甫","《陪张湖南宴望岳楼稹为监察御史张中丞知杂》","Poem","陪张湖南宴望岳楼稹为监察御史张中丞知杂事
观象楼前奉末班，绛峰只似殿庭间。今日高楼重陪宴，雨笼衡岳是南山。","周相录《元稹年谱新编》，上海古籍出版社版2004年版，第126页",,,,"欧阳丹"
"唐","元稹","元和九年","814","2",,"36","","江南西道","潭州","长沙","望岳楼","湖南","长沙市",,"112.945333","28.233971","江陵士曹参军","席间，听唐有态歌，有诗。","张正甫","《何满子歌》","Poem","何满子歌
何满能歌能宛转，天宝年中世称罕。婴刑系在囹圄间，水调哀音歌愤懑。梨园弟子奏玄宗，一唱承恩羁网缓。便将何满为曲名，御谱亲题乐府纂。鱼家入内本领绝，叶氏有年声气短。自外徒烦记得词，点拍才成已夸诞。我来湖外拜君侯，正值灰飞仲春琯。广宴江亭为我开，红妆逼坐花枝暖。此时有态蹋华筵，未吐芳词貌夷坦。翠蛾转盼摇雀钗，碧袖歌垂翻鹤卵。定面凝眸一声发，云停尘下何劳算。迢迢击磬远玲玲，一一贯珠匀款款。犯羽含商移调态，留情度意抛弦管。湘妃宝瑟水上来，秦女玉箫空外满。缠绵叠破最慇勤，整顿衣裳颇閒散。冰含远溜咽还通，莺泥晚花啼渐懒。敛黛吞声若自冤，郑袖见捐西子浣。阴山鸣雁晓断行，巫峡哀猿夜呼伴。古者诸侯飨外宾，鹿鸣三奏陈圭瓒。何如有态一曲终，牙筹记令红螺碗。","周相录《元稹年谱新编》，上海古籍出版社版2004年版，第125页",,,,"欧阳丹"
"唐","元稹","元和九年","814","2",,"36","","江南西道","潭州","长沙",,"湖南","长沙市",,"112.945333","28.233971","江陵士曹参军","在潭州，见释道泉，有诗。","卢士衍","《卢头陀诗并序》","Poem","卢头陀诗
卢师深话出家由，剃尽心花始剃头。马哭青山别车匿，鹊飞螺髻见罗睺。还来旧日经过处，似隔前身梦寐游。为向八龙兄弟说，他生缘会此生休。","周相录《元稹年谱新编》，上海古籍出版社版2004年版，第125页；周相录《元稹集校注》，上海古籍出版社版2011年版，第574页","释道泉即卢士衍。",,,"欧阳丹"
"唐","元稹","元和九年","814","2",,"36","","江南西道","潭州","长沙",,"湖南","长沙市",,"112.945333","28.233971","江陵士曹参军","在潭州，见释道泉，有诗。","卢士衍","《醉别卢头陀》","Poem","醉别卢头陀
醉迷狂象别吾师，梦觉观空始自悲。尽日笙歌人散后，满江风雨独醒时。心超几地行无处，云到何天住有期。顿见佛光身上出，已蒙衣内缀摩尼。","周相录《元稹年谱新编》，上海古籍出版社版2004年版，第133页；周相录《元稹集校注》，上海古籍出版社版2011年版，第577页",,,,"欧阳丹"
"唐","元稹","元和九年","814","2",,"36","","江南西道","潭州","长沙","湘楼","湖南","长沙市",,"112.945333","28.233971","江陵士曹参军","在潭州，登临湘楼，有诗。","","《湘南登临湘楼》","Poem","湘南登临湘楼
高处望潇湘，花时万井香。雨馀怜日嫩，岁闰觉春长。霞刹分危榜，烟波透远光。情知楼上好，不是仲宣乡。","周相录《元稹年谱新编》，上海古籍出版社版2004年版，第133页",,,,"欧阳丹"
"唐","元稹","元和九年","814","2",,"36","","江南西道","潭州","长沙","湘亭","湖南","长沙市",,"112.945333","28.233971","江陵士曹参军","在潭州，在湘亭宴饮，有诗。","","《晚宴湘亭》","Poem","晚宴湘亭
晚日宴清湘，晴空走艳阳。花低愁露醉，絮起觉春狂。舞旋红裙急，歌垂碧袖长。甘心出童羖，须一尽时荒。","周相录《元稹年谱新编》，上海古籍出版社版2004年版，第133页",,,,"欧阳丹"
"唐","元稹","元和九年","814","2",,"36","","江南西道","潭州","长沙",,"湖南","长沙市",,"112.945333","28.233971","江陵士曹参军","在潭州，有诗。","","《斑竹》","Poem","斑竹
一枝斑竹渡湘沅，万里行人感别魂。知是娥皇庙前物，远随风雨送啼痕。","周相录《元稹年谱新编》，上海古籍出版社版2004年版，第133页",,,,"欧阳丹"
"唐","元稹","元和九年","814","2",,"36","","江南西道","潭州","长沙",,"湖南","长沙市",,"112.945333","28.233971","江陵士曹参军","将离潭州，作诗寄庾敬休。","庾敬休","《寄庾敬休》","Poem","寄庾敬休
小来同在曲江头，不省春时不共游。今日江风好暄煖，可怜春尽古湘州。","周相录《元稹年谱新编》，上海古籍出版社版2004年版，第133页",,,,"欧阳丹"
"唐","元稹","元和九年","814","2",,"36","",,,,,,,,"0","0","江陵士曹参军","潭州之行，途中作《赛神》一诗，姑系于此。","","《赛神》","Poem","","周相录《元稹年谱新编》，上海古籍出版社版2004年版，第133页",,,,"欧阳丹"
"唐","元稹","元和九年","814","2",,"36","",,,,,,,,"0","0","江陵士曹参军","潭州之行，途中作《竞舟》一诗，姑系于此。","","《竞舟》","Poem","竞舟
楚俗不爱力，费力为竞舟。买舟俟一竞，竞敛贫者赇。年年四五月，茧实麦小秋。积水堰堤坏，拔秧蒲稗稠。此时集丁壮，习竞南亩头。朝饮村社酒，暮椎邻舍牛。祭船如祭祖，习竞如习雠。连延数十日，作业不复忧。君侯馔良吉，会客陈膳羞。画鹢四来合，大竞长江流。建标明取舍，胜负死生求。一时欢呼罢，三月农事休。岳阳贤刺史，念此为俗疣。习俗难尽去，聊用去其尤。百船不留一，一竞不滞留。自为里中戏，我亦不寓游。吾闻管仲教，沐树惩堕游。节此淫竞俗，得为良政不。我来歌此事，非独歌此州。此事数州有，亦欲闻数州。","周相录《元稹年谱新编》，上海古籍出版社版2004年版，第133页",,,,"欧阳丹"
"唐","元稹","元和九年","814","2",,"36","",,,,,,,,"0","0","江陵士曹参军","潭州之行，途中作《花栽二首》，姑系于此。","","《花栽二首》","Poem","花栽二首 其一
买得山花一两栽，离乡别土易摧隤。欲知北客居南意，看取南花北地来。
花栽二首 其二
南花北地种应难，且向船中尽日看。纵使将来眼前死，犹胜抛掷在空栏。","周相录《元稹年谱新编》，上海古籍出版社版2004年版，第133页",,,,"欧阳丹"
"唐","元稹","元和九年","814","2",,"36","",,,,,,,,"0","0","江陵士曹参军","潭州之行，途中作《酒醒》一诗，姑系于此。","","《酒醒》","Poem","酒醒
饮醉日将尽，醒时夜已阑。暗灯风燄晓，春席水窗寒。未解萦身带，犹倾坠枕冠。呼儿问狼藉，疑是梦中欢。","周相录《元稹年谱新编》，上海古籍出版社版2004年版，第133页",,,,"欧阳丹"
"唐","元稹","元和九年","814",,,"36","","江南西道","岳州","巴陵","岳阳楼","湖南","岳阳市",,"113.135679","29.363262","江陵士曹参军","返程时，经过岳阳楼，有诗。","","《岳阳楼》","Poem","岳阳楼
岳阳楼上日衔窗，影到深潭赤玉幢。怅望残春万般意，满棂湖水入西江。","周相录《元稹年谱新编》，上海古籍出版社版2004年版，第133页",,,,"欧阳丹"
"唐","元稹","元和九年","814",,,"36","","江南西道","鄂州",,"严涧宅","湖北",,,"114.348779","30.551595","江陵士曹参军","潭州之行，途中经鄂州，宿严涧宅，未遇严涧，有诗，姑系于此。","","《鄂州寓馆严涧宅》","Poem","鄂州寓馆严涧宅
凤有高梧鹤有松，偶来江外寄行踪。花枝满院空啼鸟，尘榻无人忆卧龙。心想夜闲唯足梦，眼看春尽不相逢。何时最是思君处，月入斜窗晓寺钟。","周相录《元稹年谱新编》，上海古籍出版社版2004年版，第133页",,,,"欧阳丹"
"唐","元稹","元和九年","814","3",,"36","","山南东道","江陵府","江陵",,"湖北","荆州市",,"112.24722","30.340606","江陵士曹参军","原道返回江陵。","",,"","","周相录《元稹年谱新编》，上海古籍出版社版2004年版，第126页",,,,"欧阳丹"
"唐","元稹","元和九年","814","3","30","36","","山南东道","江陵府","江陵","程氏馆","湖北","荆州市",,"112.24722","30.340606","江陵士曹参军","月末程氏馆送杜元颖归京，有诗。","杜元颖","《送杜元颖》","Poem","送杜元颖
江上五年同送客，与君长羡北归人。今朝又送君先去，千里洛阳城里尘。","周相录《元稹年谱新编》，上海古籍出版社版2004年版，第126页",,,,"欧阳丹"
"唐","元稹","元和九年","814","3","30","36","","山南东道","江陵府","江陵","程氏馆","湖北","荆州市",,"112.24722","30.340606","江陵士曹参军","月末程氏馆送杜元颖归京，有诗。杜以赵宗儒之提携入荆南节度使幕为掌书记，现征为右拾遗。","杜元颖","《三月三十日程氏馆饯杜十四回京》","Poem","三月三十日程氏馆饯杜十四归京
江春今日尽，程馆祖筵开。我正南冠絷，君寻北路回。谋身诚太拙，从宦苦无媒。处困方明命，遭时不在才。踰年长倚玉，连夜共衔杯。涸溜沾濡沫，馀光照死灰。行看鸿欲翥，敢惮酒相催。拍逐飞觥绝，香随舞袖来。消梨抛五遍，娑葛𣩄三台。已许尊前倒，临风泪莫颓。","周相录《元稹年谱新编》，上海古籍出版社版2004年版，第126页",,,,"欧阳丹"
"唐","元稹","元和九年","814",,,"36","","山南东道","江陵府","江陵",,"湖北","荆州市",,"112.24722","30.340606","江陵士曹参军","九月前，在江陵送西川兵曹参军韦臧文使回，以诗五首代书慰问李夷简、李程、卢真（子蒙）、张元夫，余一首赠别韦氏。","韦臧文，李夷简，李程，卢真，张元夫","《贻蜀五首并序》","Poem","贻蜀五首 其一 病马诗寄上李尚书
万里长鸣望蜀门，病身犹带旧疮痕。遥看云路心空在，久服盐车力渐烦。尚有高悬双镜眼，何由并驾两朱轓。唯应夜识深山道，忽遇君侯一报恩。
贻蜀五首 其二 李中丞表臣
韦门同是旧亲宾，独恨潘床簟有尘。十里花溪锦城丽，五年沙尾白头新。倅戎何事劳专席，老掾甘心逐众人。却待文星上天去，少分光影照沈沦。
贻蜀五首 其三 卢评事子蒙
为我殷勤卢子蒙，近来无复昔时同。懒成积疹推难动，禅尽狂心鍊到空。老爱早眠虚夜月，病妨杯酒负春风。唯公两弟闲相访，往往潸然一望公。
贻蜀五首 其四 张校书元夫
未面西川张校书，书来稠叠颇相于。我闻声价金应敌，众道风姿玉不如。远处从人须谨慎，少年为事要舒徐。劝君便是酬君爱，莫比寻常赠鲤鱼。
贻蜀五首 其五 韦兵曹臧文
处处侯门可曳裾，人人争事蜀尚书。摩天气直山曾拔，澈底心清水共虚。鹏翼已翻君好去，乌头未变我何如。殷勤为话深相感，不学冯谖待食鱼。","周相录《元稹年谱新编》，上海古籍出版社版2004年版，第127页",,,,"欧阳丹"
"唐","元稹","元和九年","814","9","5","36","","山南东道","江陵府","江陵",,"湖北","荆州市",,"112.24722","30.340606","江陵士曹参军","韩愈回复元稹请求，同意为甄济立传。","韩愈",,"","","周相录《元稹年谱新编》，上海古籍出版社版2004年版，第127页",,,,"欧阳丹"
"唐","元稹","元和九年","814",,,"36","","山南东道","均州","郧乡","淅阳山","湖北","十堰市","丹江口市","111.519753","32.546349","江陵士曹参军","秋，赴淅阳山，有诗。安氏卒于江陵。","","《画松》","Poem","画松
张璪画古松，往往得神骨。翠帚扫春风，枯龙戛寒月。流传画师辈，奇态尽埋没。纤枝无萧洒，顽干空突兀。乃悟埃尘心，难状烟霄质。我去淅阳山，深山看真物。","周相录《元稹年谱新编》，上海古籍出版社版2004年版，第128页",,,,"欧阳丹"
"唐","元稹","元和九年","814",,,"36","","山南东道","江陵府","江陵",,"湖北","荆州市",,"112.24722","30.340606","江陵士曹参军","元稹还江陵，为安氏作志。彰义节度使吴少阳卒，子元济自领军务。","","《葬安氏志》","Article","葬安氏志
予稚男荆。母曰安氏。字仙嫔。卒于江陵之金隈乡庄敬坊沙桥外二里妪乐之地焉。始辛卯岁。予友致用悯予愁。为予卜姓而授之。四年矣。供侍吾宾友。主视吾巾栉。无违命。近岁婴疾。秋方绵痼。适予与信友约浙行。不敢私废。及还。果不克见。大都女子由人者也。虽妻人之家。常自不得舒释。况不得为人之妻者。则又闺衽不得专妒于其夫。使令不得专命于其下。外已子。不得以尊卑长幼之序加于人。疑似逼侧。以居其身。其常也。况予贫。性复事外。不甚知其家之无。苟视其头面无蓬垢。语言不以饥寒告。斯己矣。今视其箧笥。无盈丈之帛。无成袭之衣。无帛里之衾。予虽贫。不使其若是可也。彼不言而予不察耳。以至于其生也不足如此。而其死也大哀哉。稚子荆方四岁。望其能念母亦何时。幸而立。则不能使不知其卒葬。故为志且铭。铭曰。复土之骨。归天之魂。亦既墓矣。又何为文。且曰有子。异日庸知其无求墓之哀焉。","杨军《元稹集编年笺注（散文卷）》（三秦出版社2008年版)，第214页；周相录《元稹年谱新编》，上海古籍出版社版2004年版，第128页",,,,"欧阳丹"
"唐","元稹","元和九年","814","9","13","36","","山南东道","江陵府","江陵",,"湖北","荆州市",,"112.24722","30.340606","江陵士曹参军","朝廷命严绶为山南东道节度使，元稹随之。","严绶",,"Poem","","周相录《元稹年谱新编》，上海古籍出版社版2004年版，第128页",,,,"欧阳丹"
"唐","元稹","元和九年","814",,,"36","","山南东道","江陵府","江陵",,"湖北","荆州市",,"112.24722","30.340606","江陵士曹参军","约本年，剑南东川从事马逢经江陵，元稹以诗送之。","马逢","《送东川马逢侍御使回十韵》","Poem","送东川马逢侍御使回十韵
风水荆门阔，文章蜀地豪。眼青宾礼重，眉白众情高。思勇曾吞笔，投虚惯用刀。词锋倚天剑，学海驾云涛。南郡传纱帐，东方让锦袍。旋吟新乐府，便续古离骚。雪岸犹封草，春江欲满槽。饯筵君置醴，随俗我餔糟。莫叹巴三峡，休惊鬓二毛。流年等头过，人世各劳劳。","周相录《元稹年谱新编》，上海古籍出版社版2004年版，第129页",,,,"欧阳丹"
"唐","元稹","元和九年","814",,,"36","","山南东道","江陵府","江陵",,"湖北","荆州市",,"112.24722","30.340606","江陵士曹参军","约本年，送王行周游越、王师鲁赴湖南使幕，有诗。","王行周，王师鲁","《送王十一南行》","Poem","送王十一南行
夏水漾天末，晚旸依岸村。风调乌尾劲，眷恋馀芳尊。解袂方瞬息，征帆已翩翻。江豚涌高浪，枫树摇去魂。远戍宗侣泊，暮烟洲渚昏。离心讵几许，骤若移寒温。此别信非久，胡为坐忧烦。我留石难转，君泛云无根。万里湖南月，三声山上猿。从兹耿幽梦，夜夜湘与沅。","周相录《元稹年谱新编》，上海古籍出版社版2004年版，第130页",,,,"欧阳丹"
"唐","元稹","元和九年","814",,,"36","","山南东道","江陵府","江陵",,"湖北","荆州市",,"112.24722","30.340606","江陵士曹参军","约本年，送王行周游越、王师鲁赴湖南使幕，有诗。","王行周，王师鲁","《送王十一郎游剡中》","Poem","送王十一郎游剡中
越州都在浙河湾，尘土消沈景象闲。百里油盆镜湖水，千峰钿朵会稽山。军城楼阁随高下，禹庙烟霞自往还。想得玉郎乘画舸，几回明月坠云间。","周相录《元稹年谱新编》，上海古籍出版社版2004年版，第130页",,,,"欧阳丹"
"唐","元稹","元和九年","814",,,"36","","山南东道","江陵府","江陵",,"湖北","荆州市",,"112.24722","30.340606","江陵士曹参军","在江陵时，王师范前往杭越，有《去杭州》以赠别，姑系于此。","王师范","《去杭州》","Poem","去杭州
房杜王魏之子孙，虽及百代为清门。骏骨凤毛真可贵，冈头泽底何足论。去年江上识君面，爱君风貌情已敦。与君言语见君性，灵府坦荡消尘烦。自兹心洽迹亦洽，居常并榻游并轩。柳阴覆岸郑监水，李花压树韦公园。每出新诗共联缀，闲因醉舞相牵援。时寻沙尾枫林夕，夜摘兰丛衣露繁。今君别我欲何去，自言远结迢迢婚。简书五府已再至，波涛万里酬一言。为君再拜赠君语，愿君静听君勿喧。君名师范欲何范，君之烈祖遗范存。永宁昔在抡鉴表，沙汰沈浊澄浚源。君今取友由取士，得不别白清与浑。昔公事主尽忠谠，虽及死谏誓不谖。今君佐藩如佐主，得不陈露詶所恩。昔公为善日不足，假寐待旦朝至尊。今君三十朝未与，得不寸晷倍玙璠。昔公令子尚贵主，公执舅礼妇执笲。返拜之仪自此绝，关雎之化皎不昏。君今远娉奉明祀，得不齐励亲蘋蘩。斯言皆为书佩带，然后别袂乃可扪。别袂可扪不可解，解袂开帆悽别魂。魂摇江树鸟飞没，帆挂樯竿鸟尾翻。翻风驾浪拍何处，直指杭州由上元。上元萧寺基址在，杭州潮水霜雪屯。潮户迎潮击潮鼓，潮平潮退有潮痕。得得为题罗刹石，古来非独伍员冤。","周相录《元稹年谱新编》，上海古籍出版社版2004年版，第136页",,,,"欧阳丹"
"唐","元稹","元和九年","814",,,"36","","山南东道","江陵府","江陵",,"湖北","荆州市",,"112.24722","30.340606","江陵士曹参军","在江陵时，王师范前往杭越，有《送王协律游杭越十韵》以赠别，姑系于此。","王师范","《送王协律游杭越二十韵》","Poem","送王协律游杭越十韵
去去莫悽悽，馀杭接会稽。松门天竺寺，花洞若耶溪。浣渚逢新艳，兰亭识旧题。山经秦帝望，垒辨越王栖。江树春常早，城楼月易低。镜呈湖面出，云叠海潮齐。章甫官人戴，莼丝姹女提。长干迎客闹，小市隔烟迷。纸乱红蓝压，瓯凝碧玉泥。荆南无抵物，来日为侬携。","周相录《元稹年谱新编》，上海古籍出版社版2004年版，第136页",,,,"欧阳丹"
"唐","元稹","元和九年","814",,,"36","","山南东道","江陵府","江陵",,"湖北","荆州市",,"112.24722","30.340606","江陵士曹参军","元稹在江陵曾与崔侍御交游，留《送崔侍御至岭南二十韵》诗，姑系于此。","崔韶","《送崔侍御之岭南二十韵》","Poem","送崔侍御之岭南二十韵
汉法戎施幕，秦官郡置监。萧何归旧印，鲍永授新衔。币聘虽盈箧，泥章未破缄。蛛悬丝缭绕，鹊报语詀諵。再砺神羊角，重开宪简函。鞶缨骢赳赳，緌佩绣縿縿。逸翮怜鸿翥，离心觉刃劖。联游亏片玉，洞照失明鉴。遥想车登岭，那无泪满衫。茅蒸连蟒气，衣渍度梅黬。象斗缘溪竹，猿鸣带雨杉。飓风狂浩浩，韶石峻崭崭。宿浦宜深泊，祈泷在至諴。瘴江乘早度，毒草莫亲芟。试蛊看银黑，排腥贵食咸。菌须虫已蠹，果重鸟先鹐。冰莹怀贪水，霜清顾痛岩。珠玑当尽掷，薏苡讵能谗。荆俗欺王粲，吾生问季咸。远书多不达，勤为枉攕攕。","周相录《元稹年谱新编》，上海古籍出版社版2004年版，第132页",,,,"欧阳丹"
"唐","元稹","元和九年","814",,,"36","","山南东道","江陵府","江陵",,"湖北","荆州市",,"112.24722","30.340606","江陵士曹参军","元稹在江陵曾与崔侍御交游，留《送岭南崔侍御》诗，姑系于此。","崔韶","《送岭南崔侍御》","Poem","送岭南崔侍御
我是北人长北望，每嗟南雁更南飞。君今又作岭南别，南雁北归君未归。洞主参承惊豸角，岛夷安集慕霜威。黄家贼用镩刀利，白水郎行旱地稀。蜃吐朝光楼隐隐，鳌吹细浪雨霏霏。毒龙蜕骨轰雷鼓，野象埋牙斸石矶。火布垢尘须火浣，木绵温软当绵衣。桄榔面碜槟榔涩，海气常昏海日微。蛟老变为妖妇女，舶来多卖假珠玑。此中无限相忧事，请为殷勤事事依。","周相录《元稹年谱新编》，上海古籍出版社版2004年版，第132页",,,,"欧阳丹"
"唐","元稹","元和九年","814",,,"36","","山南东道","江陵府","江陵",,"湖北","荆州市",,"112.24722","30.340606","江陵士曹参军","元和五年至九年在江陵作《送孙胜》诗，姑系于此。","孙胜","《送孙胜》","Poem","送孙胜
桐花暗澹柳惺愡，池带轻波柳带风。今日与君临水别，可怜春尽宋亭中。","周相录《元稹年谱新编》，上海古籍出版社版2004年版，第134页",,,,"欧阳丹"
"唐","元稹","元和九年","814",,,"36","","山南东道","江陵府","江陵",,"湖北","荆州市",,"112.24722","30.340606","江陵士曹参军","元和五年至九年在江陵作《酬许五康佐》诗，姑系于此。","许康佐","《酬许五康佐》","Poem","酬许五康佐
奋迅君何晚，羁离我讵俦。鹤笼闲警露，鹰缚闷牵鞲。蓬阁深沈省，荆门远慢州。课书同吏职，旅宦各乡愁。白日伤心过，沧江满眼流。嘶风悲代马，喘月伴吴牛。枯涸方穷辙，生涯不系舟。猿啼三峡雨，蝉报两京秋。珠玉惭新赠，芝兰忝旧游。他年问狂客，须向老农求。","周相录《元稹年谱新编》，上海古籍出版社版2004年版，第134页",,,,"欧阳丹"
"唐","元稹","元和九年","814",,,"36","","山南东道","江陵府","江陵",,"湖北","荆州市",,"112.24722","30.340606","江陵士曹参军","元和五年至九年在江陵作《说剑》诗，姑系于此。","","《说剑》","Poem","说剑
吾友有宝剑，密之如密友。我实胶漆交，中堂共杯酒。酒酣肝胆露，恨不眼前剖。高唱荆卿歌，乱击相如缶。更击复更唱，更酌亦更寿。白虹坐上飞，青蛇匣中吼。我闻音响异，疑是干将偶。为君再拜言，神物可见不。君言我所重，我自为君取。迎箧已焚香，近鞘先泽手。徐抽寸寸刃，渐屈弯弯肘。杀杀霜在锋，团团月临纽。逡巡潜虬跃，郁律惊左右。霆电满室光，蛟龙绕身走。我为捧之泣，此剑别来久。铸时菫山破，藏在松桂朽。幽匣狱底埋，神人水心守。本是稽泥淬，果非雷焕有。我欲评剑功，愿君良听受。剑可剸犀兕，剑可切琼玖。剑决天外云，剑冲日中斗。剑隳妖蛇腹，剑拂佞臣首。太古初断鳌，武王亲击纣。燕丹卷地图，陈平绾花绶。曾被桂树枝，寒光射林薮。曾经铸农器，利用剪稂莠。神物终变化，复为龙牝牡。晋末武库烧，脱然排户牖。为欲埽群胡，散作弥天帚。自兹失所往，豪英共为诟。今复谁人铸，挺然千载后。既非古风胡，无乃近鸦九。自我与君游，平生益自负。况擎宝剑出，重以雄心扣。此剑何太奇，此心何太厚。劝君慎所用，所用无或苟。潜将辟魑魅，勿但防妾妇。留斩泓下蛟，莫试街中狗。君今困泥滓，我亦坌尘垢。俗耳惊大言，逢人少开口。","周相录《元稹年谱新编》，上海古籍出版社版2004年版，第134页",,,,"欧阳丹"
"唐","元稹","元和九年","814",,,"36","","山南东道","江陵府","江陵",,"湖北","荆州市",,"112.24722","30.340606","江陵士曹参军","元和五年至九年在江陵作《闲二首》诗，姑系于此。","","《闲二首》","Poem","闲二首 其一
晻澹洲烟白，篱筛日脚红。江喧过云雨，船泊打头风。艇子收鱼市，鸦儿噪荻丛。不堪堤上立，满眼是蚊虫。
闲二首 其二
青衫经夏黕，白发望乡稠。雨冷新秋簟，星稀欲曙楼。连鸿尽南去，双鲤本东流。北信无人寄，蝉声满树头。","周相录《元稹年谱新编》，上海古籍出版社版2004年版，第134页",,,,"欧阳丹"
"唐","元稹","元和九年","814",,,"36","","山南东道","江陵府","江陵",,"湖北","荆州市",,"112.24722","30.340606","江陵士曹参军","元和五年至九年在江陵作《塞马》诗，姑系于此。","","《塞马》","Poem","塞马
塞马倦江渚，今朝神彩生。晓风寒猎猎，乍得草头行。夷狄寝烽候，关河无战声。何由当阵面，从尔四蹄轻。","周相录《元稹年谱新编》，上海古籍出版社版2004年版，第134页",,,,"欧阳丹"
"唐","元稹","元和九年","814",,,"36","","山南东道","江陵府","江陵",,"湖北","荆州市",,"112.24722","30.340606","江陵士曹参军","元和五年至九年在江陵作《谕宝二首》诗，姑系于此。","","《谕宝二首》","Poem","谕宝二首 其一
沈玉在弱泥，泥弱玉易沈。扶桑寒日薄，不照万丈心。安得潜渊虬，拔壑超邓林。泥封泰山阯，水散旱天霖。洗此泥下玉，照耀台殿深。刻为传国宝，神器人不侵。
谕宝二首 其二
冰置白玉壶，始见清皎洁。珠穿殷红缕，始见明洞彻。镆铘无人淬，两刃幽壤铁。秦镜无人拭，一片埋雾月。骥跼环堵中，骨附筋入节。虬蟠尺泽内，鱼贯蛙同穴。艅艎无巨海，浮浮矜瀎潏。栋梁无广厦，颠倒卧霜雪。大鹏无长空，举翮受羁绁。豫樟无厚地，危柢真卼臲。圭璧无卞和，甘与顽石列。舜禹无陶尧，名随腐草灭。神功伏神物，神物神乃别。神人不世出，所以神功绝。神物岂徒然，用之乃施设。禹功九州理，舜德天下悦。璧充传国玺，圭用祈太折。千寻豫樟干，九万大鹏歇。栋梁庇生民，艅艎济来哲。虬腾旱天雨，骥骋流电掣。镜悬奸胆露，剑拂妖蛇裂。珠生照乘光，冰莹环坐热。此物比在泥，斯言为谁发。于今尽凡耳，不为君不说。","周相录《元稹年谱新编》，上海古籍出版社版2004年版，第134页",,,,"欧阳丹"
"唐","元稹","元和九年","814",,,"36","","山南东道","江陵府","江陵",,"湖北","荆州市",,"112.24722","30.340606","江陵士曹参军","元和五年至九年在江陵作《饮新酒》诗，姑系于此。","","《饮新酒》","Poem","饮新酒
闻君新酒熟，况值菊花秋。莫怪平生志，图销尽日愁。","周相录《元稹年谱新编》，上海古籍出版社版2004年版，第134页",,,,"欧阳丹"
"唐","元稹","元和九年","814",,,"36","","山南东道","江陵府","江陵",,"湖北","荆州市",,"112.24722","30.340606","江陵士曹参军","元和五年至九年在江陵作《书异》诗，姑系于此。","","《书异》","Poem","书异
孟冬初寒月，渚泽蒲尚青。飘萧北风起，皓雪纷满庭。行过冬至后，冻闭万物零。奔浑驰暴雨，骤鼓轰雷霆。传云不终日，通宵曾莫停。瘴云愁拂地，急霤疑注瓶。汹涌潢潦浊，喷薄鲸鲵腥。跳趫井蛙喜，突兀水怪形。飞蚋奔不死，修蛇蛰再醒。应龙非时出，无乃岁不宁。吾闻阴阳户，启闭各有扃。后时无肃杀，废职乃玄冥。座配五天帝，荐用百品珍。权为祝融夺，神其焉得灵。春秋雷电异，则必书诸经。仲冬雷雨苦，愿省蒙蔽刑。","周相录《元稹年谱新编》，上海古籍出版社版2004年版，第134页",,,,"欧阳丹"
"唐","元稹","元和九年","814",,,"36","","山南东道","江陵府","江陵",,"湖北","荆州市",,"112.24722","30.340606","江陵士曹参军","元和五年至九年在江陵作《饮致用神曲酒》诗，姑系于此。","","《饮致用神曲酒》","Poem","饮致用神曲酒三十韵
七月调神曲，三春酿绿醽。雕镌荆玉盏，烘透内丘瓶。试滴盘心露，疑添案上萤。满尊凝止水，祝地落繁星。翻陋琼浆浊，唯闻石髓馨。冰壶通角簟，金镜彻云屏。雪映烟光薄，霜涵霁色泠。蚌珠悬皎皛，桂魄倒瀴溟。昼洒蝉将饮，宵挥鹤误聆。琉璃惊太白，钟乳讶微青。讵敢辞濡首，并怜可鉴形。行当遣俗累，便得造禅扃。何惮说千日，甘从过百龄。但令长泛蚁，无复恨漂萍。胆壮还增气，机忘反自冥。瓮眠思毕卓，糟籍忆刘伶。髣髴中圣日，希夷夹大庭。眼前须底物，座右任他铭。刮骨都无痛，如泥未拟停。残觞犹漠漠，华烛已荧荧。真性临时见，狂歌半睡听。喧阗争意气，调笑学娉婷。酩酊焉知极，羁离忽暂宁。鸡声催欲曙，蟾影照初醒。咽绝鹃啼竹，萧撩雁去汀。遥城传漏箭，乡寺响风铃。楚泽一为梗，尧阶屡变蓂。醉荒非独此，愁梦几曾经。每耻穷途哭，今那客泪零。感君澄醴酒，不遣渭和泾。","周相录《元稹年谱新编》，上海古籍出版社版2004年版，第134页",,,,"欧阳丹"
"唐","元稹","元和九年","814",,,"36","","山南东道","江陵府","江陵",,"湖北","荆州市",,"112.24722","30.340606","江陵士曹参军","元和五年至九年在江陵作《小胡笳饮》诗，姑系于此。","","《小胡笳饮》","Poem","","周相录《元稹年谱新编》，上海古籍出版社版2004年版，第134页",,,,"欧阳丹"
"唐","元稹","元和九年","814",,,"36","","山南东道","江陵府","江陵","通德湖","湖北","荆州市",,"112.24722","30.340606","江陵士曹参军","元和五年至九年在江陵作《陪诸公游故江西韦大夫通德湖旧居有感题四韵兼呈李六侍郎即韦大夫旧僚也》诗，姑系于此。","李景俭","《陪诸公游故江西韦大夫通德湖旧居有感题四韵兼呈李六侍郎即韦大夫旧僚也》","Poem","陪诸公游故江西韦大夫通德湖旧居有感题四韵兼呈李六侍御即韦大夫旧寮也
高墉行马接通湖，巨壑藏舟感大夫。尘壁暗埋悲旧札，风帘吹断落残珠。烟波漾日侵隤岸，狐兔奔丛拂坐隅。唯有满园桃李下，膺门偏拜阮元瑜。","周相录《元稹年谱新编》，上海古籍出版社版2004年版，第134页",,,,"欧阳丹"
"唐","元稹","元和九年","814",,,"36","","山南东道","江陵府","江陵",,"湖北","荆州市",,"112.24722","30.340606","江陵士曹参军","元和五年至九年在江陵作《茅舍》诗，姑系于此。","","《茅舍》","Poem","茅舍
楚俗不理居，居人尽茅舍。茅苫竹梁栋，茅疏竹仍罅。边缘堤岸斜，诘屈檐楹亚。篱落不蔽肩，街衢不容驾。南风五月盛，时雨不来下。竹蠹茅亦乾，迎风自焚灺。防虞集邻里，巡警劳昼夜。遗烬一星然，连延祸相嫁。号呼怜谷帛，奔走伐桑柘。旧架已新焚，新茅又初架。前日洪州牧，念此常嗟讶。牧民未及久，郡邑纷如化。峻邸俨相望，飞甍远相跨。旗亭红粉泥，佛庙青鸳瓦。斯事才未终，斯人久云谢。有客自洪来，洪民至今藉。惜其心太亟，作役无容暇。台观亦已多，工徒稍冤咤。我欲他郡长，三时务耕稼。农收次邑居，先室后台榭。启闭既及期，公私亦相借。度材无强略，庀役有定价。不使及僭差，粗得御寒夏。火至殊陈郑，人安极嵩华。谁能继此名，名流袭兰麝。五裤有前闻，斯言我非诈。","周相录《元稹年谱新编》，上海古籍出版社版2004年版，第135页",,,,"欧阳丹"
"唐","元稹","元和九年","814",,,"36","","山南东道","江陵府","江陵","龙山落帽台","湖北","荆州市",,"112.24722","30.340606","江陵士曹参军","元和五年至九年在江陵作《奉和严司空重阳日同崔常侍郎郎中及诸公登龙山落帽台佳宴》诗，姑系于此。","严绶，崔潭峻，崔倰","《奉和严司空重阳日同崔常侍郎郎中及诸公登龙山落帽台佳宴》","Poem","","周相录《元稹年谱新编》，上海古籍出版社版2004年版，第135页",,,,"欧阳丹"
"唐","元稹","元和九年","814",,,"36","","山南东道","江陵府","江陵","龙山静胜寺","湖北","荆州市",,"112.24722","30.340606","江陵士曹参军","元和五年至九年在江陵作《早春登龙山静胜寺时非休浣司空特许是行因赠幕中诸公》诗，姑系于此。","严绶","《早春登龙山静胜寺时非休浣司空特许是行因赠幕中诸公》","Poem","早春登龙山静胜寺时非休浣司空特许是行因赠幕中诸公
谢傅知怜景气新，许寻高寺望江春。龙文远水吞平岸，羊角轻风旋细尘。山茗粉含鹰觜嫩，海榴红绽锦窠匀。归来笑问诸从事，占得闲行有几人。","周相录《元稹年谱新编》，上海古籍出版社版2004年版，第135页",,,,"欧阳丹"
"唐","元稹","元和九年","814",,,"36","","山南东道","江陵府","江陵","襄阳楼","湖北","荆州市",,"112.24722","30.340606","江陵士曹参军","元和五年至九年在江陵作《过襄阳楼呈上府主严司空楼在江陵节度使宅北隅》诗，姑系于此。","严绶","《过襄阳楼呈上府主严司空楼在江陵节度使宅北隅》","Poem","过襄阳楼呈上府主严司空楼在江陵节度使宅北隅
襄阳楼下树阴成，荷叶如钱水面平。拂水柳花千万点，隔林莺舌两三声。有时水畔看云立，每日楼前信马行。早晚暂教王粲上，庾公应待月分明。","周相录《元稹年谱新编》，上海古籍出版社版2004年版，第135页",,,,"欧阳丹"
"唐","元稹","元和九年","814",,,"36","","山南东道","江陵府","江陵",,"湖北","荆州市",,"112.24722","30.340606","江陵士曹参军","元和五年至九年在江陵作《赠童子郎》诗，姑系于此。","","《赠童子郎》","Poem","赠严童子
卫瓘诸孙卫玠珍，可怜雏凤好青春。解拈玉叶排新句，认得金环识旧身。十岁佩觿娇稚子，八行飞札老成人。杨公莫讶清无业，家有骊珠不复贫。","周相录《元稹年谱新编》，上海古籍出版社版2004年版，第135页",,,,"欧阳丹"
"唐","元稹","元和九年","814",,,"36","","山南东道","江陵府","江陵",,"湖北","荆州市",,"112.24722","30.340606","江陵士曹参军","元和五年至九年在江陵作《送卢戡》诗，姑系于此。","卢戡","《送卢戡》","Poem","送卢戡
红树蝉声满夕阳，白头相送倍相伤。老嗟去日光阴促，病觉今年昼夜长。顾我亲情皆远道，念君兄弟欲他乡。红旗满眼襄州路，此别泪流千万行。","周相录《元稹年谱新编》，上海古籍出版社版2004年版，第135页",,,,"欧阳丹"
"唐","元稹","元和九年","814",,,"36","","山南东道","江陵府","江陵",,"湖北","荆州市",,"112.24722","30.340606","江陵士曹参军","元和五年至九年在江陵作《苦雨》诗，姑系于此。","","《苦雨》","Poem","苦雨
江瘴气候恶，庭空田地芜。烦昏一日内，阴暗三四殊。巢燕污床席，苍蝇点肌肤。不足生诟怒，但苦寡欢娱。夜来稍清晏，放体阶前呼。未饱风月思，已为蚊蚋图。我受簪组身，我生天地炉。炎蒸安敢勌，虫豸何时无。凌晨坐堂庑，努力泥中趋。官家事不了，尤悔亦可虞。门外竹桥折，马惊不敢踰。回头命僮御，向我色踟蹰。自顾方濩落，安能相诘诛。隐忍心愤恨，翻为声喣愉。逡巡崔嵬日，杲曜东南隅。已复云蔽翳，不使及泥涂。良农尽蒲苇，厚地积潢污。三光不得照，万物何由苏。安得飞廉车，磔裂云将躯。又提精阳剑，蛟螭支节屠。阴沴皆电埽，幽妖亦雷驱。煌煌启阊阖，轧轧掉乾枢。东西生日月，昼夜如转珠。百川朝巨海，六龙蹋亨衢。此意倍寥廓，时来本须臾。今也泥鸿洞，鼋鼍真得途。","周相录《元稹年谱新编》，上海古籍出版社版2004年版，第135页",,,,"欧阳丹"
"唐","元稹","元和九年","814",,,"36","","山南东道","江陵府","江陵",,"湖北","荆州市",,"112.24722","30.340606","江陵士曹参军","元和五年至九年在江陵作《松鹤》诗，姑系于此。","","《松鹤》","Poem","松鹤
渚宫本坳下，佛庙有台阁。台下三四松，低昂势前却。是时晴景丽，松梢残雪薄。日色相玲珑，纤云映罗幕。逡巡九霄外，似振风中铎。渐见尺帛光，孤飞唳空鹤。裴回耀霜雪，顾慕下寥廓。蹋动樛盘枝，龙蛇互跳跃。俯瞰九江水，旁瞻万里壑。无心眄乌鸢，有字悲城郭。清角已沈绝，虞韶亦冥寞。鶱翻勿重留，幸及钧天作。","周相录《元稹年谱新编》，上海古籍出版社版2004年版，第135页",,,,"欧阳丹"
"唐","元稹","元和九年","814",,,"36","","山南东道","江陵府","江陵",,"湖北","荆州市",,"112.24722","30.340606","江陵士曹参军","元和五年至九年在江陵作《竞渡》诗，姑系于此。","","《竞渡》","Poem","竞渡
吾观竞舟子，因测大竞源。天地昔将竞，蓬勃昼夜昏。龙蛇相嗔薄，海岱俱崩奔。群动皆搅挠，化作流浑浑。数极斗心息，太和蒸混元。一气忽为二，矗然画乾坤。日月复照耀，春秋递寒温。八荒坦以旷，万物罗以繁。圣人中间立，理世了不烦。延绵复几岁，逮及羲与轩。炎皇炽如炭，蚩尤扇其燔。有熊竞心起，驱兽出林樊。一战波委燄，再战火燎原。战讫天下定，号之为轩辕。自是岂无竞，琐细不复言。其次有龙竞，竞渡龙之门。龙门浚如泻，漴射不可援。赤鳞化时至，唐突鳍鬣掀。乘风瞥然去，万里黄河翻。接瞬电烻出，微吟霹雳喧。傍瞻旷宇宙，俯瞰卑昆崙。庶类咸在下，九霄行易扪。倏辞蛙黾穴，遽排天帝阍。回悲曝鳃者，未免鲸鲵吞。帝命泽诸夏，不弃虫与昆。随时布膏露，称物施厚恩。草木沾我润，豚鱼望我蕃。向来同竞辈，岂料由我存。壮哉龙竞渡，一竞身独尊。舍此皆蚁斗，竞舟何足论。","周相录《元稹年谱新编》，上海古籍出版社版2004年版，第135页",,,,"欧阳丹"
"唐","元稹","元和九年","814",,,"36","","山南东道","江陵府","江陵",,"湖北","荆州市",,"112.24722","30.340606","江陵士曹参军","元和五年至九年在江陵作《寺院新竹》诗，姑系于此。","","《寺院新竹》","Poem","寺院新竹
宝地琉璃坼，紫苞琅玕踊。亭亭巧于削，一一大如拱。冰碧林外寒，峰峦眼前耸。槎枒矛戟合，屹仡龙蛇动。烟泛翠光流，岁馀霜彩重。风朝竽籁过，雨夜鬼神恐。佳色有鲜妍，修茎无拥肿。节高迷玉镞，箨缀疑花捧。讵必太山根，本自仙坛种。谁令植幽壤，复此依闲冗。居然霄汉姿，坐受藩篱壅。噪集勌鸱乌，炎昏繁蠛蠓。未遭伶伦听，非安子猷宠。威凤来有时，虚心岂无奉。","周相录《元稹年谱新编》，上海古籍出版社版2004年版，第135页",,,,"欧阳丹"
"唐","元稹","元和九年","814",,,"36","","山南东道","江陵府","江陵",,"湖北","荆州市",,"112.24722","30.340606","江陵士曹参军","元和五年至九年在江陵作《八骏图诗（并序）》诗，姑系于此。","","《八骏图诗（并序）》","Poem","八骏图诗
穆满志空阔，将行九州野。神驭四来归，天与八骏马。龙种无凡性，龙行无暂舍。朝辞扶桑底，暮宿昆崙下。鼻息吼春雷，蹄声裂寒瓦。尾掉沧波黑，汗染白云赭。华辀本修密，翠盖尚妍冶。御者挽不移，乘者寐不假。车无轮扁斲，辔无王良把。虽有万骏来，谁是敢骑者。","周相录《元稹年谱新编》，上海古籍出版社版2004年版，第135页",,,,"欧阳丹"
"唐","元稹","元和九年","814",,,"36","","山南东道","江陵府","江陵",,"湖北","荆州市",,"112.24722","30.340606","江陵士曹参军","元和五年至九年在江陵作《春月》诗，姑系于此。","","《春月》","Poem","春月
春月虽至明，终有霭霭光。不似秋冬色，逼人寒带霜。纤粉澹虚壁，轻烟笼半床。分晖间林影，馀照上虹梁。病久尘事隔，夜闲清兴长。拥抱颠倒领，步屣东西厢。风柳结柔援，露梅飘暗香。雪含樱绽蕊，珠蹙桃缀房。杳杳有馀思，行行安可忘。四邻非旧识，无以话中肠。南有居士俨，默坐调心王。款关一问讯，为我披衣裳。延我入深竹，暖我于小堂。视身琉璃莹，谕指芭蕉黄。复有比丘溢，早传龙树方。口中秘丹诀，肘后悬青囊。锡杖虽独振，刀圭期共尝。未知仙近远，已觉神轻翔。夜久魂耿耿，月明露苍苍。悲哉沈眠士，宁见兹夕良。","周相录《元稹年谱新编》，上海古籍出版社版2004年版，第135页",,,,"欧阳丹"
"唐","元稹","元和九年","814",,,"36","","山南东道","江陵府","江陵",,"湖北","荆州市",,"112.24722","30.340606","江陵士曹参军","元和五年至九年在江陵作《月临花》诗，姑系于此。","","《月临花》","Poem","月临花
临风飏飏花，透影胧胧月。巫峡隔波云，姑峰漏霞雪。镜匀娇面粉，灯泛高笼缬。夜久清露多，啼珠坠还结。","周相录《元稹年谱新编》，上海古籍出版社版2004年版，第135页",,,,"欧阳丹"
"唐","元稹","元和九年","814",,,"36","","山南东道","江陵府","江陵",,"湖北","荆州市",,"112.24722","30.340606","江陵士曹参军","元和五年至九年在江陵作《红芍药》诗，姑系于此。","","《红芍药》","Poem","红芍药
芍药绽红绡，巴篱织青琐。繁丝蹙金蕊，高燄当炉火。剪刻彤云片，开张赤霞裹。烟轻琉璃叶，风亚珊瑚朵。受露色低迷，向人娇婀娜。酡颜醉后泣，小女妆成坐。艳艳锦不如，夭夭桃未可。晴霞畏欲散，晚日愁将堕。结植本为谁，赏心期在我。采之谅多思，幽赠何由果。","周相录《元稹年谱新编》，上海古籍出版社版2004年版，第135页",,,,"欧阳丹"
"唐","元稹","元和九年","814",,,"36","","山南东道","江陵府","江陵",,"湖北","荆州市",,"112.24722","30.340606","江陵士曹参军","元和五年至九年在江陵作《遣昼》诗，姑系于此。","","《遣昼》","Poem","遣昼
密竹有清阴，旷怀无尘滓。况乃秋日光，玲珑晓窗里。旬休聊自适，今辰日高起。栉沐坐前轩，风轻镜如水。开卷恣咏谣，望云闲徙倚。新菊媚鲜妍，短萍怜靃靡。埽除田地静，摘掇园蔬美。幽玩惬诗流，空堂称居士。客来伤寂寞，我念遗烦鄙。心迹两相忘，谁能验行止。","周相录《元稹年谱新编》，上海古籍出版社版2004年版，第135页",,,,"欧阳丹"
"唐","元稹","元和九年","814",,,"36","","山南东道","江陵府","江陵",,"湖北","荆州市",,"112.24722","30.340606","江陵士曹参军","元和五年至九年在江陵作《寒》诗，姑系于此。","","《寒》","Poem","寒
江瘴节候暖，腊初梅已残。夜来北风至，喜见今日寒。扣冰浅塘水，拥雪深竹阑。复此满尊醁，但嗟谁与欢。","周相录《元稹年谱新编》，上海古籍出版社版2004年版，第135页",,,,"欧阳丹"
"唐","元稹","元和九年","814",,,"36","","山南东道","江陵府","江陵",,"湖北","荆州市",,"112.24722","30.340606","江陵士曹参军","元和五年至九年在江陵作《春六十云》诗，姑系于此。","","《春六十云》","Poem","春六十韵
节应寒灰下，春生返照中。未能消积雪，已渐少回风。迎气邦经重，斋诚帝念隆。龙骧紫宸北，天压翠坛东。仙仗摇佳彩，荣光荅圣衷。便从威仰座，随入大罗宫。先到璇渊底，偷穿玳瑁栊。馆娃朝镜晚，太液晓冰融。撩摘芳情遍，搜求好处终。九霄浑可可，万姓尚忡忡。昼漏频加箭，宵晖欲半弓。驱令三殿出，乞与百蛮同。直自方壶岛，斜临绝漠戎。南巡暧珠树，西转丽崆峒。度岭梅甘坼，潜泉脉暗洪。悠悠铺塞草，冉冉著江枫。蚕役投筐妾，耘催荷蓧翁。既蒸难发地，仍送懒归鸿。约略环区宇，殷勤绮镐酆。华山青黛扑，渭水碧沙蒙。宿露清馀霭，晴烟塞迥空。燕巢才点缀，莺舌最惺愡。腻粉梨园白，胭脂桃径红。郁金垂嫩柳，罯画委高笼。地甲门阑大，天开禁掖崇。层台张舞凤，阁道架飞虹。曲糵调神化，鹓鸾竭至忠。歌钟齐锡宴，车服奖庸功。俊造欣时用，闾阎贺岁丰。倡楼妆㸌㸌，农野绿芃芃。贵主骄矜盛，豪家恃赖雄。偏沾打毬彩，频得铸钱铜。专杀擒杨若，殊恩赦邓通。女孙新在内，婴稚近封公。游衍关心乐，诗书对面聋。盘筵饶异味，音乐斥庸工。酒爱油衣浅，杯誇玛瑙烘。挑鬟玉钗髻，刺绣宝装拢。启齿呈编贝，弹丝动削葱。醉圆双媚靥，波溢两明瞳。但赏欢无极，那知恨亦充。洞房闲窈窕，庭院独葱茏。谢砌萦残絮，班窗网曙虫。望夫身化石，为伯首如蓬。顾我沉忧士，骑他老病骢。静街乘旷荡，初日接曈昽。饮败肺常渴，魂惊耳更聪。虚逢好阳艳，其那苦昏懜。僶俛还移步，持疑又省躬。慵将疲悴质，漫走倦羸僮。季月行当暮，良辰坐叹穷。晋悲焚介子，鲁愿浴沂童。燧改鲜妍火，阴繁晻澹桐。瑞云低𢈈𢈈，香雨润濛濛。药溉分窠数，篱栽备幼冲。种莎怜见叶，护笋冀成筒。有梦多为蝶，因蒐定作熊。漂沈随坏芥，荣茂委苍穹。震动风千变，晴和鹤一冲。丁宁搴芳侣，须识未开丛。","周相录《元稹年谱新编》，上海古籍出版社版2004年版，第136页",,,,"欧阳丹"
"唐","元稹","元和九年","814",,,"36","","山南东道","江陵府","江陵",,"湖北","荆州市",,"112.24722","30.340606","江陵士曹参军","元和五年至九年在江陵作《月三十韵》诗，姑系于此。","","《月三十韵》","Poem","月三十韵
蓂叶标新朔，霜豪引细辉。白眉惊半隐，虹势讶全微。凉魄潭空洞，虚弓雁畏威。上弦何汲汲，佳色转依依。绮幕残灯敛，妆楼破镜飞。玲珑穿竹树，岑寂思屏帏。坐爱规将合，行看望已几。绛河冰鉴朗，黄道玉轮巍。迥照偏琼砌，馀光借粉闱。泛池相皎洁，压桂共芳菲。的的当歌扇，娟娟透舞衣。殷勤入怀什，恳款堕云圻。素液传烘盏，鸣琴荐碧徽。椒房深肃肃，兰路霭霏霏。翡翠通帘影，琉璃莹殿扉。西园筵玳瑁，东壁射蛜蝛。老将占天阵，幽人钓石矶。荷锄元亮息，回棹子猷归。迢递同千里，孤高净九围。从星作风雨，配日丽旌旗。麟斗宁徒设，蝇声岂浪讥。司存委卿士，新拜出郊畿。今古虽云极，亏盈不易违。珠胎方夜满，清露忍朝晞。渐减姮娥面，徐收楚练机。卞疑雕璧碎，潘感竟床稀。捐箧辞班女，潜波蔽虙妃。氛埃谁定灭，蟾兔杳难希。须遣圆明尽，良嗟造化非。如能付刀尺，别为创璿玑。","周相录《元稹年谱新编》，上海古籍出版社版2004年版，第136页",,,,"欧阳丹"
"唐","元稹","元和九年","814",,,"36","","山南东道","江陵府","江陵",,"湖北","荆州市",,"112.24722","30.340606","江陵士曹参军","元和五年至九年在江陵作《大云寺二十韵》诗，姑系于此。","","《大云寺二十韵》","Poem","大云寺二十韵
地胜宜台殿，山晴离垢氛。现身千佛国，护世四王军。碧耀高楼瓦，赪飞半壁文。鹤林萦古道，雁塔没归云。幡影中天飏，钟声下界闻。攀萝极峰顶，游目到江濆。驯鸽闲依缀，调猿静守群。虎行风捷猎，龙睡气氛氲。穫稻禅衣卷，烧畬劫火焚。新英蜂采掇，荒草象耕耘。钵付灵童洗，香教善女熏。果枝低罯罯，花雨泽雰雰。示化维摩疾，降魔力士勋。听经神变见，说偈鸟纷纭。上境光犹在，深溪暗不分。竹笼烟欲暝，松带日馀曛。真谛成知别，迷心尚有云。多生沈五蕴，宿习乐三坟。谕鹿车虽设，如蚕绪正棼。且将平等义，还奉圣明君。","周相录《元稹年谱新编》，上海古籍出版社版2004年版，第136页",,,,"欧阳丹"
"唐","元稹","元和九年","814",,,"36","","山南东道","江陵府","江陵",,"湖北","荆州市",,"112.24722","30.340606","江陵士曹参军","元和五年至九年在江陵作《欲曙》诗，姑系于此。","","《欲曙》","Poem","欲曙
江堤阅暗流，漏鼓急残筹。片月低城堞，稀星转角楼。鹤媒华表上，𪄆鵊柳枝头。不为来趋府，何因欲曙游。","周相录《元稹年谱新编》，上海古籍出版社版2004年版，第136页",,,,"欧阳丹"
"唐","元稹","元和九年","814",,,"36","","山南东道","江陵府","江陵",,"湖北","荆州市",,"112.24722","30.340606","江陵士曹参军","元和五年至九年在江陵作《寄胡灵之》诗，姑系于此。","胡灵之","《寄胡灵之》","Poem","寄胡灵之
早岁颠狂伴，城中共几年。有时潜步出，连夜小亭眠。月影侵床上，花丛在眼前。今宵正风雨，空宅楚江边。","周相录《元稹年谱新编》，上海古籍出版社版2004年版，第136页",,,,"欧阳丹"
"唐","元稹","元和九年","814",,,"36","","山南东道","江陵府","江陵",,"湖北","荆州市",,"112.24722","30.340606","江陵士曹参军","元和五年至九年在江陵作《感石榴二十韵》诗，姑系于此。","","《感石榴二十韵》","Poem","感石榴二十韵
何年安石国，万里贡榴花。迢递河源道，因依汉使槎。酸辛犯葱岭，憔悴涉龙沙。初到摽珍木，多来比乱麻。深抛故园里，少种贵人家。唯我荆州见，怜君胡地赊。从教当路长，兼恣入檐斜。绿叶裁烟翠，红英动日华。新帘裙透影，疏牖烛笼纱。委作金炉燄，飘成玉砌瑕。乍惊珠缀密，终误绣帏奢。琥珀烘梳碎，燕支懒颊涂。风翻一树火，电转五云车。绛帐迎宵日，芙蕖绽早牙。浅深俱隐映，前后各分葩。宿露低莲脸，朝光借绮霞。暗虹徒缴绕，濯锦莫周遮。俗态能嫌旧，芳姿尚可嘉。非专爱颜色，同恨阻幽遐。满眼思乡泪，相嗟亦自嗟。","周相录《元稹年谱新编》，上海古籍出版社版2004年版，第136页",,,,"欧阳丹"
"唐","元稹","元和九年","814",,,"36","","山南东道","江陵府","江陵",,"湖北","荆州市",,"112.24722","30.340606","江陵士曹参军","元和五年至九年在江陵作《夜雨》诗，姑系于此。","","《夜雨》","Poem","夜雨
水怪潜幽草，江云拥废居。雷惊空屋柱，电照满床书。竹瓦风频裂，茅檐雨渐疏。平生沧海意，此去怯为鱼。","周相录《元稹年谱新编》，上海古籍出版社版2004年版，第136页",,,,"欧阳丹"
"唐","元稹","元和九年","814",,,"36","","山南东道","江陵府","江陵",,"湖北","荆州市",,"112.24722","30.340606","江陵士曹参军","元和五年至九年在江陵作《遣春三首》诗，姑系于此。","","《遣春三首》","Poem","遣春三首 其一
杨公三不惑，我惑两般全。逢酒判身病，拈花尽意怜。水生低岸没，梅蹙小珠连。千万红颜辈，须惊又一年。
遣春三首 其二
柳眼开浑尽，梅心动已阑。风光好时少，杯酒病中难。学问慵都废，声名老更判。唯馀看花伴，未免忆长安。
遣春三首 其三
失却游花伴，因风浪引将。柳堤遥认马，梅径误寻香。晚景行看谢，春心渐欲狂。园林都不到，何处枉风光。","周相录《元稹年谱新编》，上海古籍出版社版2004年版，第136页",,,,"欧阳丹"
"唐","元稹","元和九年","814",,,"36","","山南东道","江陵府","江陵",,"湖北","荆州市",,"112.24722","30.340606","江陵士曹参军","元和五年至九年在江陵作《放言五首》诗，姑系于此。","","《放言五首》","Poem","放言五首 其一
近来逢酒便高歌，醉舞诗狂渐欲魔。五斗解酲犹恨少，十分飞盏未嫌多。眼前雠敌都休问，身外功名一任他。死是等闲生也得，拟将何事奈吾何。
放言五首 其二
莫将心事厌长沙，云到何方不是家。酒熟餔糟学渔父，饭来开口似神鸦。竹枝待凤千茎直，柳树迎风一向斜。总被天公沾雨露，等头成长尽生涯。
放言五首 其三
霆轰电烻数声频，不奈狂夫不藉身。纵使被雷烧作烬，宁殊埋骨飏为尘。得成蝴蝶寻花树，傥化江鱼掉锦鳞。必若乖龙在诸处，何须惊动自来人。
放言五首 其四
安得心源处处安，何劳终日望林峦。玉英惟向火中冷，莲叶元来水上乾。宁戚饭牛图底事，陆通歌凤也无端。孙登不语启期乐，各自当情各自欢。
放言五首 其五
三十年来世上行，也曾狂走趁浮名。两回左降须知命，数度登朝何处荣。乞我杯中松叶满，遮渠肘上柳枝生。他时定葬烧缸地，卖与人家得酒盛。","周相录《元稹年谱新编》，上海古籍出版社版2004年版，第136页",,,,"欧阳丹"
"唐","元稹","元和九年","814",,,"36","","山南东道","江陵府","江陵",,"湖北","荆州市",,"112.24722","30.340606","江陵士曹参军","元和五年至九年在江陵作《酬孝甫见赠十首》诗，姑系于此。","李傅","《酬孝甫见赠十首》","Poem","酬孝甫见赠十首 其一
宋玉秋来续楚词，阴铿官漫足闲诗。亲情书札相安慰，多道萧何作判司。
酬孝甫见赠十首 其二
杜甫天材颇绝伦，每寻诗卷似情亲。怜渠直道当时语，不著心源傍古人。
酬孝甫见赠十首 其三
十岁荒狂任博徒，挼莎五木掷枭卢。野诗良辅偏怜假，长借金鞍迓酒胡。
酬孝甫见赠十首 其四
曾经绰立侍丹墀，绽蕊宫花拂面枝。雉尾扇开朝日出，柘黄衫对碧霄垂。
酬孝甫见赠十首 其五
一自低心翰墨场，箭靫抛尽负书囊。近来兼爱休粮药，柏叶纱罗杂豆黄。
酬孝甫见赠十首 其六
莫笑风尘满病颜，此生元在有无间。卷舒莲叶终难湿，去住云心一种闲。
酬孝甫见赠十首 其七
无事抛棋侵虎口，几时开眼复联行。终须杀尽缘边敌，四面通同掩大荒。
酬孝甫见赠十首 其八
原宪甘贫每自开，子春伤足少人哀。巷南唯有陈居士，时学文殊一问来。
酬孝甫见赠十首 其九
每识闲人如未识，与君相识更相怜。经旬不解来过宿，忍见空床夜夜眠。
酬孝甫见赠十首 其十
开坼新诗展大璆，明珠炫转玉音浮。酬君十首三更坐，减却常时半夜愁。","周相录《元稹年谱新编》，上海古籍出版社版2004年版，第136页",,,,"欧阳丹"
"唐","元稹","元和九年","814",,,"36","","山南东道","江陵府","江陵",,"湖北","荆州市",,"112.24722","30.340606","江陵士曹参军","元和五年至九年在江陵作《雨声》诗，姑系于此。","","《雨声》","Poem","雨声
风吹竹叶休还动，雨点荷心暗复明。曾向西江船上宿，惯闻寒夜滴篷声。","周相录《元稹年谱新编》，上海古籍出版社版2004年版，第136页",,,,"欧阳丹"
"唐","元稹","元和九年","814",,,"36","","山南东道","江陵府","江陵",,"湖北","荆州市",,"112.24722","30.340606","江陵士曹参军","元和五年至九年在江陵作《野节鞭》诗，姑系于此。","","《野节鞭》","Poem","野节鞭
神鞭鞭宇宙，玉鞭鞭骐骥。紧綛野节鞭，本用鞭赑屃。使君鞭甚长，使君马亦利。司马并马行，司马马憔悴。短鞭不可施，疾步无由致。使君驻马言，愿以长鞭遗。此遗不寻常，此鞭不容易。金坚无缴绕，玉滑无尘腻。青蛇坼生石，不刺山阿地。乌龟旋眼斑，不染红头泪。长看雷雨痕，未忍驽骀试。持用换所持，无令等闲弃。答云君何奇，赠我君所贵。我用亦不凡，终身保明义。誓以鞭奸顽，不以鞭蹇踬。指撝狡兔踪，决挞怪龙睡。借令寸寸折，节节不虚坠。因作换鞭诗，诗成谓同志。而我得闻之，笑君年少意。安用换长鞭，鞭长亦奚为。我有鞭尺馀，泥抛风雨渍。不拟闲赠行，唯将烂誇醉。春来信马头，款缓花前辔。愿我迟似挛，饶君疾如翅。","周相录《元稹年谱新编》，上海古籍出版社版2004年版，第136页",,,,"欧阳丹"
"唐","元稹","元和九年","814",,,"36","","山南东道","江陵府","江陵",,"湖北","荆州市",,"112.24722","30.340606","江陵士曹参军","元和五年至九年在江陵作《杨子华画三首》诗，姑系于此。","","《杨子华画三首》","Poem","杨子华画三首 其二
皓腕卷红袖，锦鞲臂苍鹗。故人断弦心，稚齿从禽乐。当年惜贵游，遗形寄丹雘。骨象或依稀，铅华已寥落。似对古人民，无复昔城郭。子亦观病身，色空俱寂寞。
杨子华画三首 其一
杨画远于展，何言今在兹。依然古妆服，但感时节移。念君一朝意，遗我千载思。子亦几时客，安能长苦悲。
杨子华画三首 其三
颠倒世人心，纷纷乏公是。真赏画不成，画赏真相似。丹青各所尚，工拙何足恃。求此妄中精，嗟哉子华子。","周相录《元稹年谱新编》，上海古籍出版社版2004年版，第136页",,,,"欧阳丹"
"唐","元稹","元和九年","814",,,"36","","山南东道","江陵府","江陵",,"湖北","荆州市",,"112.24722","30.340606","江陵士曹参军","元和五年至九年在江陵作《新竹》诗，姑系于此。","","《新竹》","Poem","新竹
新篁才解箨，寒色已青葱。冉冉偏凝粉，萧萧渐引风。扶疏多透日，寥落未成丛。惟有团团节，坚贞大小同。","周相录《元稹年谱新编》，上海古籍出版社版2004年版，第136页",,,,"欧阳丹"
"唐","元稹","元和九年","814",,,"36","","山南东道","江陵府","江陵",,"湖北","荆州市",,"112.24722","30.340606","江陵士曹参军","元和五年至九年在江陵作《送裴侍御》诗，姑系于此。","","《送裴侍御》（残）","Poem","送裴侍御
欲知别后思君处，看取湘江秋月明。","周相录《元稹年谱新编》，上海古籍出版社版2004年版，第136页","此诗疑伪。",,,"欧阳丹"
"唐","元稹","元和九年","814",,,"36","","山南东道","江陵府","江陵",,"湖北","荆州市",,"112.24722","30.340606","江陵士曹参军","元和五年至九年在江陵作《春情多》诗，姑系于此。","","《春情多》","Poem","春情多
白发镜中惭易老，青山江上几回春。","周相录《元稹年谱新编》，上海古籍出版社版2004年版，第136页",,,,"欧阳丹"
"唐","元稹","元和九年","814",,,"36","","山南东道","江陵府","江陵",,"湖北","荆州市",,"112.24722","30.340606","江陵士曹参军","元和五年至九年在江陵作《晴日》诗，姑系于此。","","《晴日》","Poem","晴日
多病苦虚羸，晴明强展眉。读书心绪少，闲卧日长时。","周相录《元稹年谱新编》，上海古籍出版社版2004年版，第136页",,,,"欧阳丹"
"唐","元稹","元和九年","814",,,"36","","山南东道","江陵府","江陵",,"湖北","荆州市",,"112.24722","30.340606","江陵士曹参军","元和五年至九年在江陵作《江陵寄乐天书》诗，姑系于此。","白居易","《江陵寄乐天书》","Poem","贬江陵途中寄乐天杓直杓直以员外郎判盐铁乐天以拾遗在翰林
想到江陵无一事，酒杯书卷缀新文。紫芽嫩茗和枝采，朱橘香苞数瓣分。暇日上山狂逐鹿，凌晨过寺饱看云。算缗草诏终须解，不敢将心远羡君。","周相录《元稹年谱新编》，上海古籍出版社版2004年版，第137页",,,,"欧阳丹"
"唐","元稹","元和九年","814",,,"36","","山南东道","江陵府","江陵",,"湖北","荆州市",,"112.24722","30.340606","江陵士曹参军","元和五年至九年在江陵作《寄刘二十八》诗，姑系于此。","刘禹锡","《寄刘二十八》","Poem","刘二十八以文石枕见赠仍题绝句以将厚意因持壁州鞭酬谢兼广为四韵
枕截文琼珠缀篇，野人酬赠壁州鞭。用长时节君须策，泥醉风云我要眠。歌眄彩霞临药灶，执陪仙仗引炉烟。张骞却上知何日，随会归期在此年。","周相录《元稹年谱新编》，上海古籍出版社版2004年版，第137页","（亡佚）",,,"欧阳丹"
"唐","元稹","元和九年","814","10",,"36","","山南东道","唐州","比阳",,"河南","驻马店市","泌阳县","113.333648","32.72983","江陵士曹参军","赴唐州。","",,"","","周相录《元稹年谱新编》，上海古籍出版社版2004年版，第137页",,,,"欧阳丹"
"唐","元稹","元和九年","814","10","21","36","","山南东道","唐州","比阳",,"河南","驻马店市","泌阳县","113.333648","32.72983","江陵士曹参军","严绶兼充申光蔡等州招抚使，崔潭峻为监军，元稹为从事，司章奏。代严绶作文。","严绶，崔潭峻","《为严司空谢招抚使表》","Article","为严司空谢招讨使表
臣某言。中使某乙至。伏奉今月十九日敕。以臣兼充申光蔡等州招讨使。并赐臣手诏两道。天光下济。圣泽逾深。捧诏惭惶。心魂战越。臣某中谢。伏以陛下威加四海。德被万方。下蜀无束马之劳。平吴但斩鲸而已。百蛮述职。九有怀仁。凡在生成。孰不柔茂。而蕞尔元济。天将剿除。寘蟊贼于其心。假蝼蚁以为聚。父死不葬。王命未临。擅胁师徒。偷侵县道。此诚仁人孝子决愤激忠之日也。陛下尚先含垢。未忍加诛。曲示绥怀。俾臣招抚。臣诚虽恳到。性本孱愚。任重忧深。惊惶失据。然以苗心可化。舜舞方兴。仰荷威灵。冀其柔服。臣即日与邻道计会。奉宣诏旨。诱谕顽凶。威爱并施。使之来格。如或尚驱枭獍。不袭椒兰。臣则誓死剪除。俾无遗孽。其归投百姓等。臣并准诏别加优恤。置在安全。仰副圣情。不令惊扰。臣先奉恩诏。令臣发赴唐州。不获奔走伏谢阙庭。无任恐惧之至。","周相录《元稹年谱新编》，上海古籍出版社版2004年版，第129页；杨军《元稹集编年笺注（散文卷）》，三秦出版社2008年版，第217页",,,,"欧阳丹"
"唐","元稹","元和九年","814","10","21","36","","山南东道","唐州","比阳",,"河南","驻马店市","泌阳县","113.333648","32.72983","江陵士曹参军","在唐州，代严绶表彰将士军吏及百姓作文。","严绶","《代谕淮西书》","Article","代谕淮西书
某月日。山南东道节度兼申光蔡等州招抚使检校司空严某。致书前彰义军兵马使吴侍御及淮西将士官吏申光蔡等州百姓等。奉十月十九日诏书。以某充申光蔡招抚使。某月日遣使赍敕送付界首布告讫。某顷镇太原。与吴侍御伯父相国公同受恩寄。交问岁时。欢好不绝。仅十馀年。可谓至矣。及吴侍御先尚书继当宠命。某又领镇荆南。前好复修。款密如旧。吊丧问疾。礼无不时。亦可谓勤矣。某与吴侍御伯父先父既等夷。于吴侍御实丈人行。固已私矣。况朝廷以吴侍御因丧扰惑。迷误诏旨。欲思致训。未忍加兵。仍以某为招抚之使。是吴尚书之嗣既绝。而由某有复联之望。捧诏以来。夙夜忧叹。不任怜痛之怀。某欲上徵古类。恐引谕不明。切为诸公以近事灼然在耳目者言之。今吴侍御弃丧背礼。舍父干君。诱聚师徒。希求爵位者。岂不以贞元末年。天下方镇物故。往往依凭众请而得者。十恒二三。以此为自偷之證耶。甚不然也。德宗皇帝御天下日久。春秋高。理务便安。不欲生事。或谋及卒伍而置师长。盖一时之权也。今天子二十八即皇帝位。控一海内。臣妾夷狄。赫然皇威。熏灼白日。初杨惠琳刘辟李锜犹守故态。谓朝廷未即诛擒。曾不知逾月之间。皆头悬稿街。腰斩都市。此诸公之所闻见也。自是蛮夷慑窜。戎臣震惕。相与奔走朝阙之不暇。今庙堂之上。命将择帅。容易于授卿长。即吴侍御希求非望之志。安得复行于今日哉。此众不可凭位不可取之明验也。今吴侍御蓄聚糗粮。缮完城垒。偷侵县邑。不自危亡者。岂不以贞元中吴相国为谗邪所斗。错误朝章。韩太保率众奉词。而吴相国终以宥免。又以此为自偷之證耶。又不然也。日者谋议之臣。算画不审。韩太保行阵之将耳。总统非所长。而又徵天下乌合之众以授之。是以迁延进退。不时成功。然犹吴相国悔过乞降。深自咎责。朝廷多之。仅乃全活。且吴相国躬服节俭。衣食与士卒同。蓄货力耕。向三十载。然后粗能支一战耳。今吴尚书驭众日浅。吴侍御年位俱卑。诸将之在下者。皆怏怏苟容。非有威怀信服之志。百姓日蹙。赋敛月加。天兵四临。耕织尽废。窃闻壮者劫而为兵。老弱妻孥。吞声于道路。而欲以吴相国三十年拊循积聚之力为自比。甚相悬矣。况国家命全军之将。用不竭之资。乌尚书董怀汝之师。李尚书举陈许之众。柳中丞以鄂之全军军于安陆。令狐中丞以淮南之锐旅屯于寿春。某以襄阳之劲卒数万集于唐。而又益之以魏博之骁骑。江陵之强弩。以攻则彼有压卵之危。以守则我无出疆之费。用三州之赋。敌天下四海之饶。以一旅之师。抗天下无穷之众。虽妾妇騃孩。犹知笑之。而况于义夫壮士哉。若圣天子推含垢之化。图不战之功。使环而守之。塞其飞走。则男不得耕。女不得织。盐茗之路绝。仓廪之积空。不三数月。求诸公于枯鱼之肆矣。傥或神算风驱。天威电激。使齐攻四面。各裂一隅。彼若聚而待之则自穷。分而应之则不足。东抗则西入。南备则北侵。腹背受攻。首尾皆畏。赤族之刑既迫。舆榇之计方施。则固难期于曩时之宥免矣。此又力不可支势不可久之明验也。今吴侍御厚利买交。严刑劫质。谓王师可敌。谓已众不离者。岂不以大将李义等言甘约重。许以死生之为耶。又不然也。夫李锜据吴楚之雄。兼榷管之利。选才养士。向十五年。独以张子良为腹心不贰之将。故授以锐健先锋之兵。又以裴行立为骨肉不欺之亲。故授以敢死酬恩之卒。然而一朝迁延王命称疾不朝。子良朝倒戈以攻于外。而行立夕纵火以应于内。锜则戮死。而张裴甚荣。此又诸公之所闻见也。刘辟乘韦令饶衍之后。廪藏谷帛。以亿万计。啖养士卒。凭恃阻固。以仇良辅有朴厚不摇之心。是以成其要害而授之兵。然而天兵一麾。因垒来下。席卷馀孽。巴蜀大定。辟则戮死。而良辅甚荣。此又诸公之所闻见也。卢从史内蕴私邪。外张威武。荧惑天听。逗留王师。以乌尚书有委用亲信之恩。故授之以爪牙卫已之众。然而睿略潜施。元凶就执。乌尚书清垒整旅以俟命。从史放死。而尚书甚荣。此又诸公之所见闻也。此数君子者。岂受利不厚。而誓约不明哉。盖逆顺之理殊。而子孙之祸大也。且田太保季安藉累代继袭之势。身没之后。允子不肖。将卒聚谋而请之天子。天子嘉其忠而与之。赉百万之财以赡军。复三年之赋以励俗。辍郎署之英以荣其宾介。而坐专席操郡国者又相继。彼魏博三军之士。岂独不受恩于田氏父子耶。盖苦其束缚禁闭。终日以城门为战场。思复泰然游泳于王泽耳。今国家用乌尚书为重镇。所以警诸将囚缚受赏之功。用仇大夫为先驱。所以警城堡降下宠荣之利。使田大夫统魏博向义之旅。所以励三军去邪附正之机。奈何吴侍御碎六尺之躯。为李义辈求福之费。绝公侯之嗣。为淮西军受赏之资。其为人谋也则厚矣。自谋何薄哉。此又将不可恃而兵不可保之明验也。今天子垂恻隐之诏。建招抚之名。吴侍御若束身归朝。将吏等继踵向阙。纵不得与乌尚书张金吾分封并位。受立功之赏。独不得与田怀谏命服趋朝。奉先人之家嗣乎。且张伯靖五溪之蛮隶耳。聚徒杀人。为恶甚大。圣上怜其愚。诏某招致之。而犹据戎行之右职。忝佐郡之清员。岂独于吴侍御洎淮西之将吏。而阻其自新之路哉。谚曰天不可违。又曰时不可失。书至之日。善自图之。如或违天失时。寝而不报。则王师进击于外。义士潜谋于中。身首之戮指期。肘腋之危坐见。异日为天下戮笑。而李义等成封侯之利。岂不大哀哉。戎事方殷。未获周尽。感念平昔。兴然动怀。","杨军《元稹集编年笺注（散文卷）》，三秦出版社2008年版，第221页",,,,"欧阳丹"
"唐","元稹","元和九年","814","10","21","36","","山南东道","唐州",,"淮水","河南","驻马店市","泌阳县","113.333648","32.72983","江陵士曹参军","在淮水流域，祭淮渎之神，有文记之。","","《祭淮渎文》","Article","祭淮渎文
维元和九年岁次甲午十二月朔甲辰某日辰。使谨遣某。用少牢醴酒之奠。昭祷于淮渎长源公之灵。浩浩灵源。滔滔不息。流谦处顺。润下表德。清辉可鉴。浮秽不匿。月映澄鲜。霞明焕赩。经界区夏。左右万国。百川委输。万灵受职。越海贡诚。载舟竭力。明哲用兴。凶戾潜殛。眇尔吴顽。蔑然蟊贼。鸱张蔡郊。蚁聚淮侧。丧父礼亏。干君志愎。天子命我。涤除妖慝。卒乘桓桓。戈鋋嶷嶷。电率爪牙。雷胸臆。王心示怀。士剪犹抑。柔叛诱衷。取顺舍逆。咨尔有神。逮尔有极。彼暴我仁。彼枉我直。归我者昌。倍我者辟。不斩祠祀。不湮沟洫。不殄渠魁。不虐畏逼。不进梯冲。不耀矛戟。火灭燎原。人归寿域。然后洁神牛羊。奉神黍稷。告神有成。谓神不忒。尚飨。","杨军《元稹集编年笺注（散文卷）》，三秦出版社2008年版，第233页",,,,"欧阳丹"
"唐","元稹","元和十年","815","1",,"37","","山南东道","江陵府","江陵",,"湖北","荆州市",,"112.24722","30.340606","江陵士曹参军","元稹由唐州返江陵，料理家事。","",,"","","周相录《元稹年谱新编》，上海古籍出版社版2004年版，第137页",,,,"欧阳丹"
"唐","元稹","元和十年","815","1",,"37","","山南东道","江陵府","江陵",,"湖北","荆州市",,"112.24722","30.340606","江陵士曹参军","自江陵赴京。窦巩时在江陵，以《送元稹西归》诗相送。","窦巩",,"","","周相录《元稹年谱新编》，上海古籍出版社版2004年版，第137页",,,,"欧阳丹"
"唐","元稹","元和十年","815",,,"37","","山南东道","邓州","内乡","丹河","河南","南阳市","西峡县","111.478842","33.311907","江陵士曹参军","西渡丹河。","",,"","","周相录《元稹年谱新编》，上海古籍出版社版2004年版，第137页",,,,"欧阳丹"
"唐","元稹","元和十年","815",,,"37","","山南东道","商州","商洛","武关","陕西","商洛市","丹凤县","110.333771","33.701585","江陵士曹参军","至武关，得李谅、白居易书。","李谅，白居易",,"","","周相录《元稹年谱新编》，上海古籍出版社版2004年版，第138页",,,,"欧阳丹"
"唐","元稹","元和十年","815",,,"37","","山南东道","商州",,"曾峰馆","陕西","商洛市",,"109.94688","33.876525","江陵士曹参军","至曾峰馆，追思往事，有诗记之。","","《桐孙诗》","Poem","桐孙诗
去日桐花半桐叶，别来桐树老桐孙。城中过尽无穷事，白发满头归故园。","周相录《元稹年谱新编》，上海古籍出版社版2004年版，第138页",,,,"欧阳丹"
"唐","元稹","元和十年","815",,,"37","","京畿道","京兆府","蓝田","蓝桥驿","陕西","西安市","蓝田县","109.329839","34.157639","江陵士曹参军","至蓝桥驿，题诗于柱，留呈刘禹锡、柳宗元、李景俭。","","《留呈梦得子厚致用》","Poem","留呈梦得子厚致用
泉溜才通疑夜磬，烧烟馀暖有春泥。千层玉帐铺松盖，五出银区印虎蹄。暗落金乌山渐黑，深埋粉堠路浑迷。心知魏阙无多地，十二琼楼百里西。","周相录《元稹年谱新编》，上海古籍出版社版2004年版，第138页",,,,"欧阳丹"
"唐","元稹","元和十年","815",,,"37","","京畿道","京兆府","蓝田","窦晦之宅","陕西","西安市","蓝田县","109.329839","34.157639","江陵士曹参军","至蓝田，宿窦晦之宅。元、窦约贞元、元和之际相识。","窦晦之",,"","","周相录《元稹年谱新编》，上海古籍出版社版2004年版，第139页",,,,"欧阳丹"
"唐","元稹","元和十年","815",,,"37","","京畿道","京兆府","长安",,"陕西","西安市",,"108.946306","34.347436","江陵士曹参军","离唐州赴长安途中作《小碎》一诗，姑系于此。","","《小碎》","Poem","小碎
小碎诗篇取次书，等闲题柱意何如。诸郎到处应相问，留取三行代鲤鱼。","周相录《元稹年谱新编》，上海古籍出版社版2004年版，第155页",,,,"欧阳丹"
"唐","元稹","元和十年","815",,,"37","","京畿道","京兆府","长安",,"陕西","西安市",,"108.946306","34.347436","江陵士曹参军","离唐州赴长安途中以及在长安期间共作《西归绝句十二首》，姑系于此。","","《西归绝句十二首》","Poem","西归绝句十二首 其一
双堠频频减去程，渐知身得近京城。春来爱有归乡梦，一半犹疑梦里行。
西归绝句十二首 其二
五年江上损容颜，今日春风到武关。两纸京书临水读，小桃花树满商山。
西归绝句十二首 其三
同归谏院韦丞相，共贬河南亚大夫。今日还乡独憔悴，几人怜见白髭须。
西归绝句十二首 其四
只去长安六日期，多应及得杏花时。春明门外谁相待，不梦闲人梦酒卮。
西归绝句十二首 其五
白头归舍意如何，贺处无穷吊亦多。左降去时裴相宅，旧来车马几人过。
西归绝句十二首 其六
还乡何用泪沾襟，一半云霄一半沈。世事渐多饶怅望，旧曾行处便伤心。
西归绝句十二首 其七
闲游寺观从容到，遍问亲知次第寻。肠断裴家光德宅，无人扫地戟门深。
西归绝句十二首 其八
一世营营死是休，生前无事定无由。不知山下东流水，何事长须日夜流。
西归绝句十二首 其九
今朝西渡丹河水，心寄丹河无限愁。若到庄前竹园下，殷勤为绕故山流。
西归绝句十二首 其十
寒窗风雪拥深炉，彼此相伤指白须。一夜思量十年事，几人强健几人无。
西归绝句十二首 其十一
云覆蓝桥雪满溪，须臾便与碧峰齐。风回面市连天合，冻压花枝著水低。
西归绝句十二首 其十二
寒花带雪满山腰，著柳冰珠满碧条。天色渐明回一望，玉尘随马度蓝桥。","周相录《元稹年谱新编》，上海古籍出版社版2004年版，第155页",,,,"欧阳丹"
"唐","元稹","元和十年","815","2",,"37","","京畿道","京兆府","长安","靖安坊","陕西","西安市",,"108.946306","34.347436","江陵士曹参军","至长安。睹靖安坊旧宅荒凉之象，伤之。","",,"","","周相录《元稹年谱新编》，上海古籍出版社版2004年版，第139页",,,,"欧阳丹"
"唐","元稹","元和十年","815","2",,"37","","京畿道","京兆府","长安",,"陕西","西安市",,"108.946306","34.347436","江陵士曹参军","怀念裴垍。游寺观。","",,"","","周相录《元稹年谱新编》，上海古籍出版社版2004年版，第139页",,,,"欧阳丹"
"唐","元稹","元和十年","815",,,"37","","京畿道","京兆府","长安",,"陕西","西安市",,"108.946306","34.347436","江陵士曹参军","在长安，与白居易等游城南。","白居易，樊宗师，李绅",,"","","周相录《元稹年谱新编》，上海古籍出版社版2004年版，第139页",,,,"欧阳丹"
"唐","元稹","元和十年","815",,,"37","","京畿道","京兆府","长安",,"陕西","西安市",,"108.946306","34.347436","江陵士曹参军","结交秘书郎卢拱，有诗。拟编选张籍古乐府、李绅新歌行、卢拱及杨巨源律诗、窦巩及元宗简绝句为《元白往还诗集》，事未成而元白左降。","卢拱","《酬卢秘书（并序）》","Poem","酬卢秘书
偶有冲天气，都无处世才。未容荣路稳，先蹋祸机开。分久沉荆掾，惭经厕柏台。理推愁易惑，乡思病难裁。夜伴吴牛喘，春惊朔雁回。北人肠断送，西日眼穿颓。唯望魂归去，那知诏下来。涸鱼千丈水，僵燕一声雷。幽匣提清镜，衰颜拂故埃。梦云期紫阁，厌雨别黄梅。亲戚迎时到，班行见处陪。文工犹畏忌，朝士绝嫌猜。新识蓬山杰，深交翰苑材。连投珠作贯，独和玉成堆。剧敌徒相轧，羸师亦自媒。磨砻刮骨刃，翻掷委心灰。恐被神明哭，忧为造化灾。私调破叶箭，定饮搴旗杯。金宝潜砂砾，芝兰似草莱。凭君毫发鉴，莫遣翳莓苔。","周相录《元稹年谱新编》，上海古籍出版社版2004年版，第140页",,,,"欧阳丹"
"唐","元稹","元和十年","815",,,"37","","京畿道","京兆府","长安",,"陕西","西安市",,"108.946306","34.347436","江陵士曹参军","长安时，曾次韵酬和白居易《重道城七绝句·高相宅》一诗，姑系于此。","白居易","《和乐天高相宅》","Poem","和乐天高相宅
莫愁已去无穷事，漫苦如今有限身。二百年来城里宅，一家知换几多人。","周相录《元稹年谱新编》，上海古籍出版社版2004年版，第155页",,,,"欧阳丹"
"唐","元稹","元和十年","815",,,"37","","京畿道","京兆府","长安",,"陕西","西安市",,"108.946306","34.347436","江陵士曹参军","长安时，曾次韵酬和白居易《重道城七绝句·刘家花》一诗，姑系于此。","白居易","《和乐天刘家花》","Poem","和乐天刘家花
闲坊静曲同消日，泪草伤花不为春。遍问旧交零落尽，十人才有两三人。","周相录《元稹年谱新编》，上海古籍出版社版2004年版，第155页",,,,"欧阳丹"
"唐","元稹","元和十年","815",,,"37","","京畿道","京兆府","长安",,"陕西","西安市",,"108.946306","34.347436","江陵士曹参军","长安时，曾次韵酬和白居易《重道城七绝句·仇家酒》一诗，姑系于此。","白居易","《和乐天仇家酒》","Poem","和乐天仇家酒
病嗟酒户年年减，老觉尘机渐渐深。饮罢醒馀更惆怅，不如閒事不经心。","周相录《元稹年谱新编》，上海古籍出版社版2004年版，第155页",,,,"欧阳丹"
"唐","元稹","元和十年","815",,,"37","","京畿道","京兆府","长安",,"陕西","西安市",,"108.946306","34.347436","江陵士曹参军","长安时，曾次韵酬和白居易《重道城七绝句·恒寂师》一诗，姑系于此。","白居易","《和乐天赠云（恒）寂僧》","Poem","和乐天赠云寂僧
欲离烦恼三千界，不在禅门八万条。心火自生还自灭，云师无路与君销。","周相录《元稹年谱新编》，上海古籍出版社版2004年版，第155页",,,,"欧阳丹"
"唐","元稹","元和十年","815",,,"37","","京畿道","京兆府","长安",,"陕西","西安市",,"108.946306","34.347436","江陵士曹参军","长安时，曾次韵酬和白居易《赠杨秘书巨源》一诗，姑系于此。","白居易","《和乐天赠杨秘书巨源》","Poem","","周相录《元稹年谱新编》，上海古籍出版社版2004年版，第155页",,,,"欧阳丹"
"唐","元稹","元和十年","815",,,"37","","京畿道","京兆府","长安",,"陕西","西安市",,"108.946306","34.347436","江陵士曹参军","长安时，曾次韵酬和白居易《题王侍御池亭》一诗，姑系于此。","白居易","《和乐天题王家亭子》","Poem","和乐天题王家亭子
风吹笋箨飘红砌，雨打桐花盖绿莎。都大资人无暇日，泛池全少买池多。","周相录《元稹年谱新编》，上海古籍出版社版2004年版，第156页",,,,"欧阳丹"
"唐","元稹","元和十年","815",,,"37","","京畿道","京兆府","长安",,"陕西","西安市",,"108.946306","34.347436","江陵士曹参军","长安时，曾作《寄昙嵩寂三上人》一诗，姑系于此。","","《寄昙嵩寂三上人》","Poem","寄昙嵩寂三上人
长学对治思苦处，偏将死苦教人间。今因为说无生死，无可对治心更闲。","周相录《元稹年谱新编》，上海古籍出版社版2004年版，第156页",,,,"欧阳丹"
"唐","元稹","元和十年","815",,,"37","","京畿道","京兆府","长安","修行里","陕西","西安市",,"108.946306","34.347436","江陵士曹参军","长安时，曾作《题李十一修行里居壁》一诗，姑系于此。","李建","《题李十一修行里居壁》","Poem","题李十一修行里居壁
云阙朝回尘骑合，杏花春尽曲江闲。怜君虽在城中住，不隔人家便是山。","周相录《元稹年谱新编》，上海古籍出版社版2004年版，第156页",,,,"欧阳丹"
"唐","元稹","元和十年","815","3","25","37","","京畿道","京兆府","长安",,"陕西","西安市",,"108.946306","34.347436","通州司马","诏命元稹为司马通州。","",,"","","周相录《元稹年谱新编》，上海古籍出版社版2004年版，第141页",,,,"欧阳丹"
"唐","元稹","元和十年","815","3",,"37","","京畿道","京兆府","长安",,"陕西","西安市",,"108.946306","34.347436","通州司马","韩愈在考功郎中、知制诰任，多作近体律绝，诗风一变，元稹见人咏之，以诗戏赠。","韩愈","《见人咏韩舍人新律诗因有戏赠》","Poem","见人咏韩舍人新律诗因有戏赠
喜闻韩古调，兼爱近诗篇。玉磬声声彻，金铃个个圆。高疏明月下，细腻早春前。花态繁于绮，闺情软似绵。轻新便妓唱，凝妙入僧禅。欲得人人伏，能教面面全。延之苦拘检，摩诘好因缘。七字排居敬，千词敌乐天。殷勤闲太祝，好去老通川。莫漫裁章句，须饶紫禁仙。","周相录《元稹年谱新编》，上海古籍出版社版2004年版，第141页",,,,"欧阳丹"
"唐","元稹","元和十年","815","3","29","37","","京畿道","京兆府","长安",,"陕西","西安市",,"108.946306","34.347436","通州司马","离京上路，白居易、樊宗宪、李景信、侄元谷为其送行。","白居易，樊宗宪，李景信，元谷",,"","","周相录《元稹年谱新编》，上海古籍出版社版2004年版，第141页",,,,"欧阳丹"
"唐","元稹","元和十年","815","3","30","37","","京畿道","京兆府","鄠县","东蒲池村","陕西","西安市","户县","108.61136","34.114791","通州司马","与众友人分别于鄠县东蒲池村，有诗。行前，留旧文二十轴与白居易。","白居易，樊宗宪，李景信，元谷","《沣西别乐天博载樊宗宪李景信两秀才侄谷三月三十日相饯送》","Poem","沣西别乐天博载樊宗宪李景信两秀才侄谷三月三十日相饯送
今朝相送自同游，酒语诗情替别愁。忽到沣西总回去，一身骑马向通州。","周相录《元稹年谱新编》，上海古籍出版社版2004年版，第141页",,,,"欧阳丹"
"唐","元稹","元和十年","815","4",,"37","","京畿道","京兆府","盩厔","青山驿","陕西","西安市","周至县","108.228551","34.169587","通州司马","经青山驿，有诗。","","《紫躑躅》","Poem","紫踯躅
紫踯躅，灭紫拢裙倚山腹。文君新寡乍归来，羞怨春风不能哭。我从相识便相怜，但是花丛不回目。去年春别湘水头，今年夏见青山曲。迢迢远在青山上，山高水阔难容足。愿为朝日早相暾，愿作轻风暗相触。尔踯躅，我向通州尔幽独。可怜今夜宿青山，何年却向青山宿。山花渐暗月渐明，月照空山满山绿。山空月午夜无人，何处知我颜如玉。","周相录《元稹年谱新编》，上海古籍出版社版2004年版，第143页",,,,"欧阳丹"
"唐","元稹","元和十年","815","4",,"37","","京畿道","京兆府","盩厔","青山驿","陕西","西安市","周至县","108.228551","34.169587","通州司马","经青山驿，有诗。","","《山枇杷》","Poem","山枇杷
山枇杷，花似牡丹殷泼血。往年乘传过青山，正值山花好时节。压枝凝艳已全开，映叶香苞才半裂。紧搏红袖欲支颐，慢解绛囊初破结。金线丛飘繁蕊乱，珊瑚朵重纤茎折。因风旋落裙片飞，带日斜看目精热。亚水依岩半倾侧，笼云隐雾多愁绝。绿珠语尽身欲投，汉武眼穿神渐灭。秾姿秀色人皆爱，怨媚羞容我偏别。说向闲人人不听，曾向乐天时一说。昨来谷口先相问，及到山前已消歇。左降通州十日迟，又与幽花一年别。山枇杷，尔托深山何太拙。天高万里看不精，帝在九重声不彻。园中杏树良人醉，陌上柳枝年少折。因尔幽芳喻昔贤，磻溪冷坐权门咽。","周相录《元稹年谱新编》，上海古籍出版社版2004年版，第143页",,,,"欧阳丹"
"唐","元稹","元和十年","815",,,"37","","山南西道","兴元府","褒城",,"陕西","汉中市",,"107.030197","33.07382","通州司马","至褒城，又见窦群题诗，复忆褒城黄令，感慨系之，有诗。","","《褒城驿二首》","Poem","褒城驿二首 其一
容州诗句在褒城，几度经过眼暂明。今日重看满衫泪，可怜名字已前生。
褒城驿二首 其二
忆昔万株梨映竹，遇逢黄令醉残春。梨枯竹尽黄令死，今日再来衰病身。","周相录《元稹年谱新编》，上海古籍出版社版2004年版，第143-144页",,,,"欧阳丹"
"唐","元稹","元和十年","815",,,"37","","山南西道","利州","嘉川","嘉陵江","四川","广元市",,"105.849993","32.441808","通州司马","经嘉陵江，有诗。","","《嘉陵水》","Poem","","周相录《元稹年谱新编》，上海古籍出版社版2004年版，第156页",,,,"欧阳丹"
"唐","元稹","元和十年","815",,,"37","","山南西道","利州",,"大、小漫天岭","四川","广元市",,"105.849993","32.441808","通州司马","过大、小漫天岭，拜见僧智藏，有诗。","僧智藏","《题漫天岭智藏师兰若僧云住此二十八年》","Poem","题漫天岭智藏师兰若僧云住此二十八年
僧临大道阅浮生，来往憧憧利与名。二十八年何限客，不曾闲见一人行。","周相录《元稹年谱新编》，上海古籍出版社版2004年版，第144页",,,,"欧阳丹"
"唐","元稹","元和十年","815",,,"37","","山南西道","阆州","苍溪","云台山","四川","广元市","苍溪县","105.940906","31.738515","通州司马","至阆州苍溪县，留题云台山。","",,"","","周相录《元稹年谱新编》，上海古籍出版社版2004年版，第144页",,,,"欧阳丹"
"唐","元稹","元和十年","815",,,"37","","山南西道","阆州","苍溪",,"四川","广元市","苍溪县","105.940906","31.738515","通州司马","在苍溪县，寄诗与扬州兄弟。","","《苍溪县寄扬州兄弟》","Poem","苍溪县寄扬州兄弟
苍溪县下嘉陵水，入峡穿江到海流。凭仗鲤鱼将远信，雁回时节到扬州。","周相录《元稹年谱新编》，上海古籍出版社版2004年版，第144页","扬州兄弟是至元积还是同族兄弟，不可缺知。",,,"欧阳丹"
"唐","元稹","元和十年","815",,,"37","","山南西道","阆州","新政",,"四川","南充市","南部县","106.073785","31.359416","通州司马","经新政县，有诗。","","《新政县》","Poem","新政县
新政县前逢月夜，嘉陵江底看星辰。已闻城上三更鼓，不见心中一个人。须鬓暗添巴路雪，衣裳无复帝乡尘。曾沾几许名兼利，劳动生涯涉苦辛。","周相录《元稹年谱新编》，上海古籍出版社版2004年版，第144页",,,,"欧阳丹"
"唐","元稹","元和十年","815",,,"37","","山南西道","渠州",,"长滩","四川","达州市","渠县","106.979573","30.842339","通州司马","至渠州，有诗。","","《长滩梦李绅》","Poem","长滩梦李绅
孤吟独寝意千般，合眼逢君一夜欢。惭愧梦魂无远近，不辞风雨到长滩。","周相录《元稹年谱新编》，上海古籍出版社版2004年版，第144页；周相录《元稹集校注》，上海古籍出版社2011年版，第603页","长滩乃嘉陵江支流渠江上游流江之滩名。",,,"欧阳丹"
"唐","元稹","元和十年","815",,,"37","","山南西道","渠州",,"南昌滩","四川","达州市","渠县","106.979573","30.842339","通州司马","至渠州，有诗。","","《南昌滩》","Poem","","周相录《元稹年谱新编》，上海古籍出版社版2004年版，第144页；周相录《元稹集校注》，上海古籍出版社2011年版，第605页","南昌滩乃嘉陵江支流渠江之滩名。",,,"欧阳丹"
"唐","元稹","元和十年","815",,,"37","","山南西道","渠州",,,"四川","达州市","渠县","106.979573","30.842339","通州司马","至渠州，有诗。","吴世则","《赠吴渠州从姨兄长士则》","Poem","赠吴渠州从姨兄士则
忆昔分襟童子郎，白头抛掷又他乡。三千里外巴南恨，二十年前城里狂。宁氏舅甥俱寂寞，荀家兄弟半沦亡。泪因生别兼怀旧，回首江山欲万行。","周相录《元稹年谱新编》，上海古籍出版社版2004年版，第144页",,,,"欧阳丹"
"唐","元稹","元和十年","815",,,"37","","黔中道","涪州","涪陵",,"重庆","市辖区","涪陵区","107.39624","29.709427","通州司马","至涪州，与裴淑结婚。","",,"","","周相录《元稹年谱新编》，上海古籍出版社版2004年版，第145页",,,,"欧阳丹"
"唐","元稹","元和十年","815",,,"37","","黔中道","涪州","涪陵","巴南道","四川","达州市",,"107.474504","31.214347","通州司马","经巴南道中，作诗五十一首，已亡佚。","",,"","","周相录《元稹年谱新编》，上海古籍出版社版2004年版，第150页",,,,"欧阳丹"
"唐","元稹","元和十年","815",,,"37","","山南西道","通州","通川",,"四川","达州市",,"107.474504","31.214347","通州司马","赴通州途中，曾次韵酬和白居易诗《雨夜忆元九》一诗，姑系于此。","白居易","《酬乐天雨后见忆》","Poem","酬乐天雨后见忆
雨滑危梁性命愁，差池一步一生休。黄泉便是通州郡，渐入深泥渐到州。","周相录《元稹年谱新编》，上海古籍出版社版2004年版，第157页",,,,"欧阳丹"
"唐","元稹","元和十年","815","6",,"37","","山南西道","通州","通川",,"四川","达州市",,"107.474504","31.214347","通州司马","至通州，时通州刺史为李进贤。见白居易诗，作诗一首告之。","白居易，李进贤","《见乐天诗》","Poem","见乐天诗
通州到日日平西，江馆无人虎印泥。忽向破檐残漏处，见君诗在柱心题。","周相录《元稹年谱新编》，上海古籍出版社版2004年版，第150页",,,,"欧阳丹"
"唐","元稹","元和十年","815","6",,"37","","山南西道","通州","通川",,"四川","达州市",,"107.474504","31.214347","通州司马","通州环境很恶劣，作书告知白居易，已亡佚。","白居易",,"","","周相录《元稹年谱新编》，上海古籍出版社版2004年版，第150页",,,,"欧阳丹"
"唐","元稹","元和十年","815",,,"37","","山南西道","通州","通川",,"四川","达州市",,"107.474504","31.214347","通州司马","与白居易酬唱，有诗。","白居易","《酬乐天得微之诗知通州事因成四首》","Poem","酬乐天得微之诗知通州事因成四首 其一
茅檐屋舍竹篱州，虎怕偏蹄蛇两头。暗蛊有时迷酒影，浮尘向日似波流。沙含水弩多伤骨，田仰畬刀少用牛。知得共君相见否，近来魂梦转悠悠。
酬乐天得微之诗知通州事因成四首 其二
平地才应一顷馀，阁栏都大似巢居。入衙官吏声疑鸟，下峡舟船腹似鱼。市井无钱论尺丈，田畴付火罢耘锄。此中愁杀须甘分，惟惜平生旧著书。
酬乐天得微之诗知通州事因成四首 其三
哭鸟昼飞人少见，伥魂夜啸虎行多。满身沙虱无防处，独脚山魈不奈何。甘受鬼神侵骨髓，常忧岐路处风波。南歌未有东西分，敢唱沧浪一字歌。
酬乐天得微之诗知通州事因成四首 其四
荒芜满院不能锄，甑有尘埃圃乏蔬。定觉身将囚一种，未知生共死何如。饥摇困尾丧家狗，热暴枯鳞失水鱼。苦境万般君莫问，自怜方寸本来虚。","周相录《元稹年谱新编》，上海古籍出版社版2004年版，第151页",,,,"欧阳丹"
"唐","元稹","元和十年","815",,,"37","","山南西道","通州","通川",,"四川","达州市",,"107.474504","31.214347","通州司马","寄信与白居易，自述为文经历。","白居易","《叙诗寄乐天书》","Article","叙诗寄乐天书
稹九岁学赋诗。长者往往惊其可教。年十五六。粗识声病。时贞元十年已后。德宗皇帝春秋高。理务因人。最不欲文法吏生天下罪过。外阃节将。动十馀年不许朝觐。死于其地不易者十八九。而又将豪卒愎之处。因丧负众。横相贼杀。告变骆驿。使者迭窥。旋以状闻天子曰。某邑将某能遏乱。乱众宁附。愿为其帅。名为众情。其实逼诈。因而可之者又十八九。前置介倅。因缘交授者亦十四五。由是诸侯敢自为旨意。有罗列儿孙以自固者。有开导蛮夷以自重者。省寺符篆。固于几阁。甚者拟诏旨。视一境如一室。刑杀其下。不啻仆畜。厚加剥夺。名为进奉。其实贡入之数百一焉。京城之中。亭第邸店。以曲巷断。侯甸之内。水陆腴沃。以乡里计。其馀奴婢资财。生生之备称之。朝廷大臣。以谨慎不言为朴雅。以时进见者。不过一二亲信。直臣义士。往往抑塞。禁省之间。时或缮完隤坠。豪家大帅。乘声相扇。延及老佛。土木妖炽。习俗不怪。上不欲令有司备宫闼中。小碎须求。往往持币帛以易饼饵。吏缘其端。剽夺百货。势不可禁。仆时孩騃。不惯闻见。独于书传中初习理乱萌渐。心体悸震。若不可活。思欲发之久矣。适有人以陈子昂感遇诗相示。吟玩激烈。即日为寄思元子诗二十首。故郑京兆于仆为外诸翁。深赐怜奖。因以所赋呈献京兆。翁深相骇异。秘书少监王表在座。顾谓表曰。使此儿五十不死。其志义何如哉。惜吾辈不见其成就。因召诸子训责泣下。仆亦窃不自得。由是勇于为文。又久之。得杜甫诗数百首。爱其浩荡津涯。处处臻到。始病沈宋之不存寄兴。而讶子昂之未暇旁备矣。不数年。与诗人杨巨源友善。日课为诗。性复僻懒。人事常有閒暇。閒则有作。识足下时。有诗数百首矣。习惯性灵。遂成病蔽。每公私感愤。道义激扬。朋友切磨。古今成败。日月迁逝。光景惨舒。山川胜势。风云景色。当花对酒。乐罢哀馀。通滞屈伸。悲欢合散。至于疾恙穷身。悼怀惜逝。凡所对遇异于常者。则欲赋诗。又不幸。年三十二时有罪谴弃。今三十七矣。五六年之间。是丈夫心力壮时。常在閒处。无所役用。性不近道。未能淡然忘怀。又复懒于他欲。全盛之气。注射语言。杂糅精粗。遂成多大。然亦未尝缮写。适值河东李明府景俭在江陵时。僻好仆诗章。谓为能解。欲得尽取观览。仆因撰成卷轴。其中有旨意可观。而词近古往者。为古讽。意亦可观。而流在乐府者。为乐讽。词虽近古。而止于吟写性情者。为古体。词实乐流。而止于模象物色者。为新题乐府。声势沿顺。属对稳切者。为律诗。仍以七言五言为两体。其中有稍存寄兴。与讽为流者。为律讽。不幸少有伉俪之悲。抚存感往。成数十诗。取潘子悼亡为题。又有以干教化者。近世妇人。晕淡眉目。绾约头鬓。衣服修广之度。及匹配色泽。尤剧怪艳。因为艳诗百馀首。词有古今又两体。自十六时。至是元和七年。已有诗八百馀首。色类相从。共成十体。凡二十卷。自笑冗乱。亦不复置之于行李。昨来京师。偶在筐箧。及通行。尽置足下。仅亦有说。仆闻上士立德。其次立事。不遇立言。凡人急位。其次急利。下急食。仆天与不厚。既乏全然之德。命与不遇。未遭可为之事。性与不惠。复无垂范之言。兀兀狂痴。行近四十。侥名取位。不过于第八品。而冒宪已六七年。授通之初。有习通之熟者。曰通之地。湿垫卑褊。人士稀少。近荒札。死亡过半。邑无吏。市无货。百姓茹草木。刺史以下。计粒而食。大有虎豹蛇虺之患。小有蟆蚋浮尘蜘蛛●蜂之类。皆能钻齧肌肤。使人疮痏。夏多阴霪。秋为痢疟。地无医巫。药石万里。病者有百死一生之虑。夫何以仆之命不厚也如此。智不足也又如此。其所诣之忧险也又复如此。则安能保持万全。与足下必复京辇。以须他日立言事之验耶。但恐一旦与急食相符。而终使足下受天下友不如已之诮。是用悉所为文。留秽箱笥。比夫格奕樗塞之戏。犹曰愈于饱食。仆所为不又愈于格奕樗塞之戏乎。昨行巴南道中。又有诗五十一首。文书中得七年以后所为。向二百篇。繁乱冗杂。不复置之。执事前所为寄思元子者小岁云。为文不能自足其意。贵其起予之始。且志京兆翁见遇之由。今亦写为古讽之一。移诸左右。仆少时授吹嘘之术于郑先生。病懒不就。今在閒处思欲怡神保和。以求其病。异日亦不复费词于无用之文矣。省视之烦。庶亦已于是乎。","周相录《元稹年谱新编》，上海古籍出版社版2004年版，第152页",,,,"欧阳丹"
"唐","元稹","元和十年","815","8",,"37","","山南西道","通州","通川",,"四川","达州市",,"107.474504","31.214347","通州司马","闻白居易贬江州司马，作诗以伤之。","白居易","《闻乐天授江州司马》","Poem","闻乐天授江州司马
残灯无焰影幢幢，此夕闻君谪九江。垂死病中惊坐起，暗风吹雨入寒窗。","周相录《元稹年谱新编》，上海古籍出版社版2004年版，第152页",,,,"欧阳丹"
"唐","元稹","元和十年","815",,,"37","","山南西道","通州","通川",,"四川","达州市",,"107.474504","31.214347","通州司马","在通州，患病，有诗记之。","","《续遣病》","Poem","","周相录《元稹年谱新编》，上海古籍出版社版2004年版，第152页",,,,"欧阳丹"
"唐","元稹","元和十年","815",,,"37","","山南西道","通州","通川",,"四川","达州市",,"107.474504","31.214347","通州司马","秋，收到白居易所寄縠衫、纱袴，有诗酬答。家属至通州。","白居易","《酬乐天寄生衣》","Poem","酬乐天寄生衣
秋茅处处流痎疟，夜鸟声声哭瘴云。羸骨不胜纤细物，欲将文服却还君。","周相录《元稹年谱新编》，上海古籍出版社版2004年版，第152-153页",,,,"欧阳丹"
"唐","元稹","元和十年","815","9",,"37","","山南西道","兴元府","南郑",,"陕西","汉中市",,"107.030197","33.07382","通州司马","患病百余日，赴兴元疗疾，自此与白居易暂时失去联系，有诗。","","《感梦》","Poem","","周相录《元稹年谱新编》，上海古籍出版社版2004年版，第153页",,,,"欧阳丹"
"唐","元稹","元和十年","815",,,"37","","山南西道","兴元府","南郑",,"陕西","汉中市",,"107.030197","33.07382","通州司马","白居易过襄阳，寄诗与元稹。","白居易",,"Poem","","周相录《元稹年谱新编》，上海古籍出版社版2004年版，第153页",,,,"欧阳丹"
"唐","元稹","元和十年","815","10",,"37","","山南西道","兴元府","南郑",,"陕西","汉中市",,"107.030197","33.07382","通州司马","白居易寄蕲州簟与元稹。","白居易",,"","","周相录《元稹年谱新编》，上海古籍出版社版2004年版，第153页",,,,"欧阳丹"
"唐","元稹","元和十年","815",,,"37","","山南西道","兴元府","南郑",,"陕西","汉中市",,"107.030197","33.07382","通州司马","时兴元尹、山南西道节度使为郑馀庆。元稹与之唱和，有诗。","郑馀庆","《荥阳郑公以稹寓居严茅有池塘之胜寄诗四首因有意献》","Poem","荥阳郑公以稹寓居严茅有池塘之胜寄诗四首因有意献
激射分流阔，湾环此地多。暂停随梗浪，犹阅败霜荷。恨阻还江势，思深到海波。自伤才畎浍，其奈赠珠何。","周相录《元稹年谱新编》，上海古籍出版社版2004年版，第153页",,,,"欧阳丹"
"唐","元稹","元和十年","815",,,"37","",,,,,,,,"0","0","通州司马","是年，遇熊孺登，捎书与白居易。","白居易，熊孺登","《酬乐天赴江州路上见寄三首》","Poem","酬乐天赴江州路上见寄三首 其一
昔在京城心，今在吴楚末。千山道路险，万里音尘阔。天上参与商，地上胡与越。终天升沈异，满地网罗设。心有无朕环，肠有无绳结。有结解不开，有环寻不歇。山岳移可尽，江海塞可绝。离恨若空虚，穷年思不彻。生莫强相同，相同会相别。
酬乐天赴江州路上见寄三首 其二
襄阳大堤绕，我向堤前住。烛随花艳来，骑送朝云去。万竿高庙竹，三月徐亭树。我昔忆君时，君今怀我处。有身有离别，无地无岐路。风尘同古今，人世劳新故。
酬乐天赴江州路上见寄三首 其三
人亦有相爱，我尔殊众人。朝朝宁不食，日日愿见君。一日不得见，愁肠坐氛氲。如何远相失，各作万里云。云高风苦多，会合难遽因。天上犹有碍，何况地上身。","周相录《元稹年谱新编》，上海古籍出版社版2004年版，第153页",,,,"欧阳丹"
"唐","元稹","元和十年","815",,,"37","",,,,,,,,"0","0","通州司马","本年或稍前，元秬为盐铁转运河阴留后。","元秬",,"Poem","","周相录《元稹年谱新编》，上海古籍出版社版2004年版，第153页",,,,"欧阳丹"
"唐","元稹","元和十一年","816",,,"38","","山南西道","兴元府","南郑",,"陕西","汉中市",,"107.030197","33.07382","通州司马","在兴元疗疾。","郑馀庆","《献荥阳公诗五十韵（并启）》","Poem","献荥阳公诗五十韵
郑驿骑翩翩，丘门子弟贤。文翁开学日，正礼骋途年。骏骨黄金买，英髦绛帐延。趋风皆蹀足，侍坐各差肩。解榻招徐稚，登楼引仲宣。凤攒题字扇，鱼落讲经筵。盛气河包济，贞姿岳柱天。皋夔当五百，邹鲁重三千。科斗翻腾取，关雎教授先。篆垂朝露滴，诗缀夜珠联。逸礼多心匠，焚书旧口传。陈遵修尺牍，阮瑀让飞笺。中的颜初启，抽毫踵未旋。森罗万木合，属对百花全。词海跳波涌，文星拂坐悬。戴冯遥避席，祖逖后施鞭。西蜀凌云赋，东阳咏月篇。劲芟鳌足断，精贯虱心穿。浩汗神弥王，飖飏兴欲仙。冰壶通皓雪，绮树眇晴烟。驱驾雷霆走，铺陈锦绣鲜。清机登穾奥，流韵溢山川。墨客膺潜服，谈宾膝误前。张鳞定摧败，折角反矜怜。句句推琼玉，声声播管弦。纤新撩造化，澒洞斡陶甄。卫磬琤鍧极，齐竽僭滥偏。空虚惭炙輠，点窜许怀铅。惫色秋来草，哀吟雨后蝉。自伤魂惨沮，何暇思幽玄。喜到樽罍侧，愁亲几案边。菁华知竭矣，肺腑尚求旃。抵滞浑成醉，徘徊转慕膻。老叹才渐少，闲苦病相煎。瓦砾难追琢，刍荛分弃捐。漫劳成恳恳，那得美娟娟。拙劣仍非速，迂愚且异专。移时停笔砚，挥景乏戈鋋。仪舌忻犹在，舒帷誓不褰。会将连献楚，深耻谬游燕。蒲有临书叶，韦充读易编。沙须披见宝，经拟带耕田。入雾长期闰，持朱本望研。轮辕呈曲直，凿枘取方圆。呼吸宁徒尔，沾濡岂浪然。过箫资响亮，随水涨沦涟。惜日看圭短，偷光恨壁坚。勤勤彫朽木，细细导蒙泉。传癖今应甚，头风昨已痊。丹青公旧物，一为变蚩妍。","周相录《元稹年谱新编》，上海古籍出版社版2004年版，第157页",,,,"欧阳丹"
"唐","元稹","元和十一年","816",,,"38","","山南西道","兴元府","南郑",,"陕西","汉中市",,"107.030197","33.07382","通州司马","郑馀庆“会儒于便庑”，元稹参与其事，献诗于郑馀庆。","郑馀庆","《献荥阳公诗五十韵（并启）》","Poem","献荥阳公诗五十韵
郑驿骑翩翩，丘门子弟贤。文翁开学日，正礼骋途年。骏骨黄金买，英髦绛帐延。趋风皆蹀足，侍坐各差肩。解榻招徐稚，登楼引仲宣。凤攒题字扇，鱼落讲经筵。盛气河包济，贞姿岳柱天。皋夔当五百，邹鲁重三千。科斗翻腾取，关雎教授先。篆垂朝露滴，诗缀夜珠联。逸礼多心匠，焚书旧口传。陈遵修尺牍，阮瑀让飞笺。中的颜初启，抽毫踵未旋。森罗万木合，属对百花全。词海跳波涌，文星拂坐悬。戴冯遥避席，祖逖后施鞭。西蜀凌云赋，东阳咏月篇。劲芟鳌足断，精贯虱心穿。浩汗神弥王，飖飏兴欲仙。冰壶通皓雪，绮树眇晴烟。驱驾雷霆走，铺陈锦绣鲜。清机登穾奥，流韵溢山川。墨客膺潜服，谈宾膝误前。张鳞定摧败，折角反矜怜。句句推琼玉，声声播管弦。纤新撩造化，澒洞斡陶甄。卫磬琤鍧极，齐竽僭滥偏。空虚惭炙輠，点窜许怀铅。惫色秋来草，哀吟雨后蝉。自伤魂惨沮，何暇思幽玄。喜到樽罍侧，愁亲几案边。菁华知竭矣，肺腑尚求旃。抵滞浑成醉，徘徊转慕膻。老叹才渐少，闲苦病相煎。瓦砾难追琢，刍荛分弃捐。漫劳成恳恳，那得美娟娟。拙劣仍非速，迂愚且异专。移时停笔砚，挥景乏戈鋋。仪舌忻犹在，舒帷誓不褰。会将连献楚，深耻谬游燕。蒲有临书叶，韦充读易编。沙须披见宝，经拟带耕田。入雾长期闰，持朱本望研。轮辕呈曲直，凿枘取方圆。呼吸宁徒尔，沾濡岂浪然。过箫资响亮，随水涨沦涟。惜日看圭短，偷光恨壁坚。勤勤彫朽木，细细导蒙泉。传癖今应甚，头风昨已痊。丹青公旧物，一为变蚩妍。","周相录《元稹年谱新编》，上海古籍出版社版2004年版，第157页",,,,"欧阳丹"
"唐","元稹","元和十一年","816",,,"38","","山南西道","兴元府","南郑",,"陕西","汉中市",,"107.030197","33.07382","通州司马","郑馀庆“会儒于便庑”，元稹参与其事，献诗于郑馀庆。","郑馀庆","《奉和荥阳公离筵作》","Poem","奉和荥阳公离筵作
南郡生徒辞绛帐，东山妓乐拥油旌。钧天排比箫韶待，犹顾人间有别情。","周相录《元稹年谱新编》，上海古籍出版社版2004年版，第157页",,,,"欧阳丹"
"唐","元稹","元和十一年","816","10",,"38","","山南西道","兴元府","南郑",,"陕西","汉中市",,"107.030197","33.07382","通州司马","郑馀庆卸任回朝，权德舆继任，有诗。","郑馀庆，权德舆","《奉和权相公行次临阙驿逢郑仆射相公归朝俄顷分途因以奉赠诗十四韵》","Poem","奉和权相公行次临阙驿逢仆射相公归朝俄顷分途因以奉赠诗十四韵
帝下赤霄符，搜求造化炉。中台归内座，太一直南都。黄霸乘轺入，王尊叱驭趋。万人东道送，六纛北风驱。栈阁才倾盖，关门已合繻。贯鱼行逦迤，交马语踟蹰。去速熊罴兆，来驰虎豹夫。昔怜三易地，今讶两分途。别路环山雪，离章运寸珠。锋铓断犀兕，波浪没蓬壶。区宇声虽动，淮河孽未诛。将军遥策画，师氏密吁谟。汉上坛仍筑，褒西阵再图。公方先二虏，何暇进愚儒。","周相录《元稹年谱新编》，上海古籍出版社版2004年版，第159页",,,,"欧阳丹"
"唐","元稹","元和十一年","816",,,"38","","山南西道","兴元府","南郑",,"陕西","汉中市",,"107.030197","33.07382","通州司马","冬，献诗于权德舆，但已亡佚。","权德舆",,"","","周相录《元稹年谱新编》，上海古籍出版社版2004年版，第158页",,,,"欧阳丹"
"唐","元稹","元和十一年","816",,,"38","","山南西道","兴元府","南郑",,"陕西","汉中市",,"107.030197","33.07382","通州司马","冬，献文于权德舆。","权德舆","《上兴元权尚书启》","Article","上兴元权尚书启
某启。某闻周诸侯生桓文时。而不列于盟会。则夷狄之。以其微不能自达于盟主也。元和以来。贞元而下。阁下主文之盟。馀二十年矣。某亦盗语言于经籍。卒未能效互乡之进。甚自羞之。自陛下以环梁十六州之地授阁下。麾盖铁棨。元纛青旌。晨鱼符竹信。车朱左右轓。府置军司马。以上官属。刻节而总制之。则某实为环内之州司马。而又移族谒医。在阁下治所。私心欢欣。愿改前耻。然而吏通之初。有言通之州幽阴险蒸瘴之甚者。私又自怜其才命俱困。恐不能复脱于通。由是生心。悉所为文。留置友善。冀异日善恶不忘于朋类耳。筐箧之类。遂无遗馀。方创新词。以须供贽。不幸疮痍暴侵。手足沉废。恐一旦神弃其形。终不得自进于阁下。因用官通已来所作诗及常记忆者。共五十首。又文书中得迁庙议移史官书戡难纪。并在通时叙诗一章。次为卷轴。封用上献。尘黩尊重。帖伏回遑。谨以启陈不宣。谨启。","周相录《元稹年谱新编》，上海古籍出版社版2004年版，第158页",,,,"欧阳丹"
"唐","元稹","元和十一年","816",,,"38","","山南西道","兴元府","南郑",,"陕西","汉中市",,"107.030197","33.07382","通州司马","是年，有感秋之作。","","《景申秋八首》","Poem","景申秋八首 其一
年年秋意绪，多向雨中生。渐欲烟火近，稍怜衣服轻。咏诗闲处立，忆事夜深行。濩落寻常惯，凄凉别为情。
景申秋八首 其二
蚊幌雨来卷，烛蛾灯上稀。啼儿冷秋簟，思妇问寒衣。帘断萤火入，窗明蝙蝠飞。良辰日夜去，渐与壮心违。
景申秋八首 其三
嗢嗢檐霤凝，丁丁窗雨繁。枕倾筒簟滑，幔飐案灯翻。唤魇儿难觉，吟诗婢苦烦。强眠终不著，闲卧暗消魂。
景申秋八首 其四
瓶泻高檐雨，窗来激箭风。病憎灯火暗，寒觉薄帏空。婢报樵苏竭，妻愁院落通。老夫慵计数，教想蔡城东。
景申秋八首 其五
风头难著枕，病眼厌看书。无酒销长夜，回灯照小馀。三元推废王，九曜入乘除。廊庙应多算，参差斡太虚。
景申秋八首 其六
经雨篱落坏，入秋田地荒。竹垂哀折节，莲败惜空房。小片慈菇白，低丛柚子黄。眼前撩乱辈，无不是同乡。
景申秋八首 其七
雨柳枝枝弱，风光片片斜。蜻蜓怜晓露，蛱蝶恋秋花。饥啅空篱雀，寒栖满树鸦。荒凉池馆内，不似有人家。
景申秋八首 其八
病苦十年后，连阴十日馀。人方教作鼠，天岂遣为鱼。鲛绽酆城剑，虫凋鬼火书。出闻泥泞尽，何地不摧车。","周相录《元稹年谱新编》，上海古籍出版社版2004年版，第159页",,,,"欧阳丹"
"唐","元稹","元和十二年","817",,,"39","","山南西道","兴元府","南郑",,"陕西","汉中市",,"107.030197","33.07382","通州司马","全家寓兴元。童年朋友李复礼亦在兴元，共嗟身世坎坷，有诗。","李复礼","《岁日赠拒非》","Poem","岁日赠拒非
君思曲水嗟身老，我望通州感道穷。同入新年两行泪，白头翁坐说城中。","周相录《元稹年谱新编》，上海古籍出版社版2004年版，第163页",,,,"欧阳丹"
"唐","元稹","元和十二年","817",,,"39","","山南西道","兴元府","南郑",,"陕西","汉中市",,"107.030197","33.07382","通州司马","秋，李复礼赴文州，元稹为之送行，有诗。","李复礼","《遣行十首》","Poem","遣行十首 其一
惨切风雨夕，沉吟离别情。燕辞前日社，蝉是每年声。暗泪深相感，危心亦自惊。不如元不识，俱作路人行。
遣行十首 其二
十五年前事，恓惶无限情。病僮更借出，羸马共驰声。射叶杨才破，闻弓雁已惊。小年辛苦学，求得苦辛行。
遣行十首 其三
徙倚檐宇下，思量去住情。暗萤穿竹见，斜雨隔窗声。就枕回转数，闻鸡撩乱惊。一家同草草，排比送君行。
遣行十首 其四
已怆朋交别，复怀儿女情。相兄亦相旧，同病又同声。白发年年剩，秋蓬处处惊。不堪身渐老，频送异乡行。
遣行十首 其五
塞上风雨思，城中兄弟情。北随鹓立位，南送雁来声。遇适尤兼恨，闻书喜复惊。唯应遥料得，知我伴君行。
遣行十首 其六
暮欲歌吹乐，暗冲泥水情。稻花秋雨气，江石夜滩声。犬吠穿篱出，鸥眠起水惊。愁君明月夜，独自入山行。
遣行十首 其七
七过褒城驿，回回各为情。八年身世梦，一种水风声。寻觅诗章在，思量岁月惊。更悲西塞别，终夜绕池行。
遣行十首 其八
褒县驿前境，曲江池上情。南堤衰柳意，西寺晚钟声。云水兴方远，风波心已惊。可怜皆老大，不得自由行。
遣行十首 其九
见说巴风俗，都无汉性情。猿声芦管调，羌笛竹鸡声。迎候人应少，平安火莫惊。每逢危栈处，须作贯鱼行。
遣行十首 其十
闻道阴平郡，翛然古戍情。桥兼麋鹿蹋，山应鼓鼙声。羌妇梳头紧，蕃牛护尾惊。怜君闲闷极，只傍白江行。","周相录《元稹年谱新编》，上海古籍出版社版2004年版，第164页",,,,"欧阳丹"
"唐","元稹","元和十二年","817",,,"39","","山南西道","兴元府","南郑",,"陕西","汉中市",,"107.030197","33.07382","通州司马","刘猛、李馀作古乐府，元稹见而选和之，并撰《乐府古题序》，阐明“古今歌诗同异之音（旨）”，以贻二子。，","刘猛，李馀","《乐府古题序》","Article","","周相录《元稹年谱新编》，上海古籍出版社版2004年版，第160页",,,,"欧阳丹"
"唐","元稹","元和十二年","817",,,"39","","山南西道","兴元府","南郑",,"陕西","汉中市",,"107.030197","33.07382","通州司马","元和十二年间在兴元作《生春》，姑系于此。","","《生春》","Poem","","周相录《元稹年谱新编》，上海古籍出版社版2004年版，第163页",,,,"欧阳丹"
"唐","元稹","元和十二年","817",,,"39","","山南西道","兴元府","南郑",,"陕西","汉中市",,"107.030197","33.07382","通州司马","元和十二年间在兴元作《水上寄乐天》，姑系于此。","白居易","《水上寄乐天》","Poem","水上寄乐天
眼前明月水，先入汉江流。汉水流江海，西江过庾楼。庾楼今夜月，君岂在楼头。万一楼头望，还应望我愁。","周相录《元稹年谱新编》，上海古籍出版社版2004年版，第163页",,,,"欧阳丹"
"唐","元稹","元和十二年","817",,,"39","","山南西道","兴元府","南郑",,"陕西","汉中市",,"107.030197","33.07382","通州司马","秋或冬，自兴元回通州，独孤郎、刘猛为之送行，有诗。","独孤朗，刘猛","《酬刘猛见送》","Poem","酬刘猛见送
种花有颜色，异色即为妖。养鸟恶羽翮，剪翮不待高。非无剪伤者，物性难自逃。百足虽捷捷，商羊亦翘翘。伊余狷然质，谬入多士朝。任气有愎戆，容身寡朋曹。愚狂偶似直，静僻非敢骄。一为毫发忤，十载山川遥。烁铁不在火，割肌不在刀。险心露山岳，流语翻波涛。六尺安敢主，方寸自由调。神剑土不蚀，异布火不燋。虽无二物姿，庶欲效一毫。未能深蹙蹙，多谢相劳劳。去去我移马，迟迟君过桥。云势正横壑，江流初满槽。持此慰远道，此之为旧交。","周相录《元稹年谱新编》，上海古籍出版社版2004年版，第161页",,,,"欧阳丹"
"唐","元稹","元和十二年","817",,,"39","","山南西道","兴元府","南郑",,"陕西","汉中市",,"107.030197","33.07382","通州司马","秋或冬，自兴元回通州，独孤郎、刘猛为之送行，有诗。","独孤朗，刘猛","《酬独孤二十六送归通州》","Poem","酬独孤二十六送归通州
再拜捧兄赠，拜兄珍重言。我有平生志，临别将具论。十岁慕倜傥，爱白不爱昏。宁爱寒切烈，不爱旸温暾。二十走猎骑，三十游海门。憎兔跳趯趯，恶鹏黑翻翻。鳌钓气方壮，鹘拳心颇尊。下观鬇鬡辈，一扫冀不存。名冠壮士籍，功酬明主恩。不然合身弃，何况身上痕。金石有销烁，肺腑无寒温。分画久已定，波涛何足烦。尝希苏门啸，讵厌巴树猿。瘴水徒浩浩，浮云亦轩轩。长歌莫长叹，饮斛莫饮樽。生为醉乡客，死作达士魂。","周相录《元稹年谱新编》，上海古籍出版社版2004年版，第161页",,,,"欧阳丹"
"唐","元稹","元和十二年","817",,,"39","","山南西道","兴元府","西县","百牢关","陕西","汉中市","勉县","106.679566","33.159925","通州司马","回程经百牢关，有诗。","","《百牢关》","Poem","百牢关
天上无穷路，生期七十间。那堪九年内，五度百牢关。","周相录《元稹年谱新编》，上海古籍出版社版2004年版，第161页",,,,"欧阳丹"
"唐","元稹","元和十二年","817",,,"39","","山南西道","利州",,"大、小漫天岭","四川","广元市",,"105.849993","32.441808","通州司马","经大、小漫天岭，有诗。","","《漫天岭赠僧》","Poem","漫天岭赠僧
五上两漫天，因师忏业缘。漫天无尽日，浮世有穷年。","周相录《元稹年谱新编》，上海古籍出版社版2004年版，第162页",,,,"欧阳丹"
"唐","元稹","元和十二年","817",,,"39","","山南西道","阆州","阆中","开元寺","四川","南充市","阆中市","106.011555","31.564145","通州司马","经阆州，游开元寺，题白居易诗于壁，有诗记之。白居易在江州，亦写元稹诗于屏风。","","《阆州开元寺壁题乐天诗》","Poem","阆州开元寺壁题乐天诗
忆君无计写君诗，写尽千行说向谁。题在阆州东寺壁，几时知是见君时。","周相录《元稹年谱新编》，上海古籍出版社版2004年版，第162页",,,,"欧阳丹"
"唐","元稹","元和十二年","817","12",,"39","","山南西道","通州","通川",,"四川","达州市",,"107.474504","31.214347","通州司马","至通州。","",,"","","周相录《元稹年谱新编》，上海古籍出版社版2004年版，第163页",,,,"欧阳丹"
"唐","元稹","元和十二年","817",,,"39","","山南西道","通州","通川",,"四川","达州市",,"107.474504","31.214347","通州司马","是年，回忆初至通州患病之事，有诗。","","《瘴塞》","Poem","瘴塞
瘴塞巴山哭鸟悲，红妆少妇敛啼眉。殷勤奉药来相劝，云是前年欲病时。","周相录《元稹年谱新编》，上海古籍出版社版2004年版，第164页",,,,"欧阳丹"
"唐","元稹","元和十二年","817","12",,"39","","山南西道","通州","通川",,"四川","达州市",,"107.474504","31.214347","通州司马","年末，献诗文于李逢吉，与之唱和。","李逢吉","《酬东川李相公十六韵（并（启）》","Poem","酬东川李相公十六韵
昔附赤霄羽，葳蕤游紫垣。斗班香案上，奏语玉晨尊。戆直撩忌讳，科仪惩傲顽。自从真籍除，弃置勿复论。前时共游者，日夕黄金轩。请帝下巫觋，八荒求我魂。鸾凤屡鸣顾，燕雀尚篱藩。徒令霄汉外，往往尘念存。存念岂虚设，并投琼与璠。弹珠古所讶，此用何太敦。邹律寒气变，郑琴祥景奔。灵芝绕身出，左右光彩繁。碾玉无俗色，蕊珠非世言。重惭前日句，陋若莸并荪。腊月巴地雨，瘴江愁浪翻。因持骇鸡宝，一照浊水昏。","周相录《元稹年谱新编》，上海古籍出版社版2004年版，第163页",,,,"欧阳丹"
"唐","元稹","元和十二年","817",,,"39","","山南西道","通州","通川",,"四川","达州市",,"107.474504","31.214347","通州司马","是年，次韵酬和李逢吉，李逢吉原唱已亡佚。","李逢吉","《和东川李相公慈竹十二韵》","Poem","和东川李相公慈竹十二韵
慈竹不外长，密比青瑶华。矛攒有森束，玉立无蹉跎。纤粉妍腻质，细琼交翠柯。亭亭霄汉近，霭霭雨露多。冰碧寒夜耸，箫韶风昼罗。烟含胧胧影，月泛鳞鳞波。鸾凤一已顾，燕雀永不过。幽姿媚庭实，颢气爽天涯。峻节高转露，贞筠寒更佳。托身仙坛上，灵物神所呵。时与天籁合，日闻阳春歌。应怜孤生者，摧折成病痾。","周相录《元稹年谱新编》，上海古籍出版社版2004年版，第164页",,,,"欧阳丹"
"唐","元稹","元和十二年","817","12",,"39","","山南西道","通州","通川",,"四川","达州市",,"107.474504","31.214347","通州司马","杨巨源寄诗元稹、白居易，预祝元、白明年大赦时脱离谪籍。","杨巨源",,"","","周相录《元稹年谱新编》，上海古籍出版社版2004年版，第163页",,,,"欧阳丹"
"唐","元稹","元和十二年","817",,,"39","","山南西道","通州","通川",,"四川","达州市",,"107.474504","31.214347","通州司马","是年，作《通州》诗，姑系于此。","","《通州》","Poem","通州
平生欲得山中住，天与通州绕郡山。睡到日西无一事，月储三万买教闲。","周相录《元稹年谱新编》，上海古籍出版社版2004年版，第164页",,,,"欧阳丹"
"唐","元稹","元和十二年","817",,,"39","",,,,,,,,"0","0",,"元和十二年间作《贺诛吴元济表》，姑系于此。","","《贺诛吴元济表》","Article","贺诛吴元济表
臣闻拯遗氓于沟渎。非圣不能。扫馀沴以雪霜。非天不可。日者神弃申蔡。蓄为污潴。五十年间。三后贻顾。眇尔元济。继为凶妖。谓君命可逃。以父死为利。陛下凝兹睿算。取彼凶残。不越殷宗之期。遂剿淮夷之命。威动区宇。道光祖宗凡在生成。孰不欢忭。臣忝官藩翰。不获率舞阙庭。瞻望徘徊。无任踊跃屏营之至。","周相录《元稹年谱新编》，上海古籍出版社版2004年版，第163页",,,,"欧阳丹"
"唐","元稹","元和十二年","817",,,"39","",,,,,,,,"0","0",,"元和十二年间作《贺裴相公破淮西西启》，姑系于此。","","《贺裴相公破淮西西启》","Article","贺裴相公破淮西启
某启。伏见当道节度使牒。伏承相公生擒吴元济。归斩阙下。功高振古。事绝称言。亿兆欢呼。天下幸甚。某闻举世非之。而心不惑者。谓之明。群疑未亡。而计先定者。谓之智。日者天弃淮蔡。畜为污渚。五十年间。三后垂顾。眇尔元济。继为凶妖。谓君命可逃。以父死为利。圣上以睿谟神算。方议剪除。群下守见习闻。咸怀阻沮。公英猷独运。卓立不回。内排疑惑之词。外辑异同之旅。三军保任。一意诛锄。投石之卵虽危。拒轮之臂犹奋。赖阁下忠诚愤激。亲自拊巡。灵旗一临。馀沴电扫。此所谓俟周公而后淮夷服。得元凯而后吴寇平。凡在陶甄。孰不忻幸。况某早趋门馆。抃跃尤深。僻守遐荒。不获随例拜贺。无任踊跃徘徊之至。","周相录《元稹年谱新编》，上海古籍出版社版2004年版，第163页",,,,"欧阳丹"
"唐","元稹","元和十二年","817",,,"39","",,,,,,,,"0","0",,"是年，作《戡难纪》诗，姑系于此。","","《戡难纪》","Poem","","周相录《元稹年谱新编》，上海古籍出版社版2004年版，第164页","（佚）",,,"欧阳丹"
"唐","元稹","元和十三年","818",,,"40","","山南西道","通州","通川",,"四川","达州市",,"107.474504","31.214347","通州司马","春，元稹致书裴度，希望得以任用。","裴度","《上门下裴相公书》","Article","上门下裴相公书
通州司马元稹谨再拜献书相公阁下。昔者相公之掾洛也。稹获陪侍道途。不以妄庸。咨及章启。则固窃闻阁下以文皇敕起居郎书居安思危四字于笏上为至戒矣。今陛下当晋武平吴之后。阁下即周公东征而还。安孰甚焉。思岂可废。况今四邸并开。扫门之宾竞至。碣石馀沴。束身之款未坚。则阁下推食握发之意。何遽移之于高枕击钟之逸乎。且夫得人则理之谈。实老生之常语。至于切近。犹饥者欲食。不可恶熟俗而不言也。若稹之末学浅见。又安敢引喻古昔于阁下。独忆得近日故裴兵部之为人也。甄辨清净。号为名流。及其为相也。构致群材。栋梁榱桷。咸适其用。人颇隘之。至于激浊扬清。亦无所爱吝。是以秉政不累月。阁下自外僚为起居郎。韦相自巴州知制诰。张河南自邕幕为御史。李西川自饶州为杂端。密勿津梁之地。半得其人。如故韦简州勋及稹等。拔于疑碍置之朝行者又十数。然后排异已之巨敌。引协心之至交。当时一二年间。几至于奸无蹊隧。而政有根本矣。及山东沴作。上以兵事咨之。则对以禁暴息人之外。不能有以佐震耀。是以樽俎之谋。不专于廊庙。盖廉善精微之士。素熟于心胸。而泛驾乘桴之才。未尝校量于左右也。比于阁下今日之雄材大略为短矣。然而即世之后。虽无李严廖立之思。而十载之内。备将相号名卿者。多其引拔。呜呼。方鲍叔之功。斯不细矣。昨者阁下方事淮蔡。独当炉锤。内蕴深谋。外排群议。始以追韩信拔吕蒙为急务。固非叔孙通荐儒之日也。今殊勋既建。王化方行。亦常念魏郑公守成之难。而三复文皇帝思危之诏乎。以愚揆之。欲人之不怨。莫若迁授之有常。欲人之竭诚。莫若援拯于焚溺。何谓有常而不怨。以省言之。由后行为前行。以台言之。自察院转殿院。苟不如是则怨矣。苟能如是何怨哉。何谓援拯而竭诚。某又不敢移之于他人。借如小生之庸且昧也。固不及班行之中辈。又敢自让于郎吏之末者乎。向使元和中一年为拾遗。二年为补阙。不三四年为员外。又三四年为正郎。则宰物者虽朝许之以纶诰。暮许之以专席。厚则厚矣。遽责其隳肝沥胆。同厮养之用力。亦难哉。及夫为计不良。困于沟渎者十年矣。苟有舒其胝挛置之趋走者。又安敢爱气力吝心髓于和扁耶。是犹龟鼍之有泉。乌鸟之有林。何尝愧于水木。苟或絷而笼之。锁而槛之。其或放之投之者。则必啁啾顾慕以报之。报其免于难也。今天下病沟渎困笼槛。思阁下药之养之投之放之者。岂特小生而已哉。且曩时之窒阁下及小生者。岂不以阁下疏有居安思危之字为抵忌。对上以河南县尉非贬官为说乎。向非裴兵部一二明之。则某终老于穷贱。固其宜也。傥阁下复三二年迟回于外任。则少阳邀望之际。固未得奉煌煌之命。以周知其巢穴矣。当元济讨除之始。又安能定已成之策于上前。排未亡之疑于众口哉。今天下能不有万一于阁下之才略。而犹跼足帖胁。私自怜爱其志力哉。况当今陛下在宥四海。与人为天。特降含垢弃瑕之书。且授随才任能之柄于阁下。阁下若能荡涤痕累。洞开嫌疑。弃仇如振尘。爱士如救馁。使恃才薄行者自赎于烦辱。以能见忌者骋力于通衢。上以副陛下咸与惟新之怀。次以广阁下好善救人之道。使千百年外。谓阁下与裴兵部为交相短长。亦足为贤相矣。未尽善也。且夫当陛下肇临宇宙之初。与得天久照之后。愈光明矣。安有裴兵部拔群才于前。则尽行。阁下拔群才于后。则尽废。以阁下沐浴恩波之始。与徽猷克壮之秋。愈汪洋矣。又安有救裴寰之罪。换禹锡之官。则尽易。振天下之穷滞。行涣汗之条目。则尽难。某虽至愚。未敢然也。某自十年遭罹多故。每欲发书朋旧。尚不敢尽陈其情。岂不知干宰相有不测之罪耶。熟自计之。与其瘴死蛮夷。自题不遇之榜。比夫尘秽尊重。伏危言之。刑无异也。聊因所善。缄献鄙诚。翘企刑书。不敢逃让。不宣。稹顿首。","周相录《元稹年谱新编》，上海古籍出版社版2004年版，第165页",,,,"欧阳丹"
"唐","元稹","元和十三年","818",,,"40","","山南西道","通州","通川",,"四川","达州市",,"107.474504","31.214347","通州司马","春，崔绍派人自果州带来白居易之诗与信。追和白《东南行一百韵寄通州元九侍御澧州李十一舍人果州崔二十二使君开州韦大员外庾三十二补阙杜十四拾遗李二十助教员外窦七校书》诗，托李景信寄白氏。","崔绍，李景信","《酬乐天东南行诗一百韵并序》","","酬乐天东南行诗一百韵
我病方吟越，君行已过湖。去应缘直道，哭不为穷途。亚竹寒惊牖，空堂夜向隅。暗魂思背烛，危梦怯乘桴。坐痛筋骸憯，旁嗟物候殊。雨蒸虫沸渭，浪涌怪睢盱。索绠飘蚊蚋，蓬麻甃舳舻。短檐苫稻草，微俸封渔租。泥浦喧捞蛤，荒郊险斗䝙。鲸吞近溟涨，猿闹接黔巫。芒屩泅牛妇，丫头荡桨夫。酢醅荷裹卖，醨酒水淋沽。舞态翻鸲鹆，歌词咽鹧鸪。夷音啼似笑，蛮语谜相呼。江郭船添店，山城木竖郛。吠声沙市犬，争食墓林乌。犷俗诚堪惮，妖神甚可虞。欲令仁渐及，已被疟潜图。膳减思调鼎，行稀恐蠹枢。杂莼多剖鳝，和黍半蒸菰。绿粽新菱实，金丸小木奴。芋羹真暂淡，䶉炙漫涂苏。炰鳖那胜羜，烹鯄只似鲈。楚风轻似蜀，巴地湿如吴。气浊星难见，州斜日易晡。通宵但云雾，未酉即桑榆。瘴窟蛇休蛰，炎溪暑不徂。伥魂阴叫啸，鵩貌昼踟蹰。乡里家藏蛊，官曹世乏儒。敛缗偷印信，传箭作符繻。椎髻抛巾帼，镩刀代辘轳。当心鞙铜鼓，背弝射桑弧。岂复民氓料，须将鸟兽驱。是非浑并漆，词讼敢研朱。陋室鸮窥伺，衰形蟒觊觎。鬓毛霜点合，襟泪血痕濡。倍忆京华伴，偏忘我尔躯。谪居今共远，荣路昔同趋。科试铨衡局，衙参典校厨。月中分桂树，天上识昌蒲。应召逢鸿泽，陪游值赐酺。心唯撞卫磬，耳不乱齐竽。海岱词锋截，皇王笔阵驱。疾奔凌騕袅，高唱轧吴歈。点检张仪舌，提携傅说图。摆囊看利颖，开颔出明珠。并取千人特，皆非十上徒。白麻云色腻，墨诏电光粗。众口贪归美，何颜敢妒姝。秦台纳红旭，酆匣洗黄垆。谏猎宁规避，弹豪讵嗫嚅。肺肝憎巧曲，蹊径绝萦迂。誓遣朝纲振，忠饶翰苑输。骥调方汗血，蝇点忽成卢。遂谪栖遑掾，还飞送别盂。痛嗟亲爱隔，颠望友朋扶。狸病翻随鼠，骢羸返作驹。物情良徇俗，时论太诬吾。瓶罄罍偏耻，松摧柏自枯。虎虽遭陷阱，龙不怕泥涂。重喜登贤苑，方欣佐伍符。判身入矛戟，轻敌比锱铢。驿骑来千里，天书下九衢。因教罢飞檄，便许到皇都。舟败罂浮汉，骖疲杖过邘。邮亭一萧索，烽候各崎岖。馈饷人推辂，谁何吏执殳。拔家逃力役，连锁责逋诛。防戍兄兼弟，收田妇与姑。缣缃工女竭，青紫使臣纡。望国参云树，归家满地芜。破窗尘𡋯𡋯，幽院鸟呜呜。祖竹丛新笋，孙枝压旧梧。晚花狂蛱蝶，残蒂宿茱萸。始悟摧林秀，因衔避缴芦。文房长遣闭，经肆未曾铺。鹓鹭方求侣，鸱鸢已吓雏。徵还何郑重，斥去亦须臾。迢递投遐徼，苍黄出奥区。通川诚有咎，湓口定无辜。利器从头匣，刚肠到底刳。薰莸任盛贮，稊稗莫超踰。公干经时卧，钟仪几岁拘。光阴流似水，蒸瘴热于炉。薄命知然也，深交有矣夫。救焚期骨肉，投分刻肌肤。二妙驰轩陛，三英咏裤襦。李多嘲蝘蜓，窦数集蜘蛛。数子皆奇货，唯予独朽株。邯郸笑匍匐，燕蒯受揶揄。懒学三闾愤，甘齐百里愚。耽眠稀醒素，凭醉少嗟吁。学问徒为尔，书题尽已于。别犹多梦寐，情尚感凋枯。近喜司戎健，寻伤掌诰徂。士元名位屈，伯道子孙无。旧好飞琼翰，新诗灌玉壶。几催闲处泣，终作苦中娱。廉蔺声相让，燕秦势岂俱。此篇应绝倒，休漫捋髭须。","周相录《元稹年谱新编》，上海古籍出版社版2004年版，第165页",,,,"欧阳丹"
"唐","元稹","元和十三年","818",,,"40","","山南西道","通州","通川",,"四川","达州市",,"107.474504","31.214347","通州司马","春，李景信自忠州来通州访元稹，有诗。","李景信","《喜李十一景信到》","Poem","喜李十一景信到
何事相逢翻有泪，念君缘我到通州。留君剩住君须住，我不自由君自由。","周相录《元稹年谱新编》，上海古籍出版社版2004年版，第171页",,,,"欧阳丹"
"唐","元稹","元和十三年","818",,,"40","","山南西道","通州","通川",,"四川","达州市",,"107.474504","31.214347","通州司马","春，李景信自忠州来通州访元稹，有诗。","李景信","《与李十一夜饮》","Poem","与李十一夜饮
寒夜灯前赖酒壶，与君相对兴犹孤。忠州刺史应闲卧，江水猿声睡得无。","周相录《元稹年谱新编》，上海古籍出版社版2004年版，第171页",,,,"欧阳丹"
"唐","元稹","元和十三年","818",,,"40","","山南西道","通州","通川",,"四川","达州市",,"107.474504","31.214347","通州司马","春，李景信自忠州来通州访元稹，有诗。","李景信","《别李十一五绝》","Poem","","周相录《元稹年谱新编》，上海古籍出版社版2004年版，第171页",,,,"欧阳丹"
"唐","元稹","元和十三年","818",,,"40","","山南西道","通州","通川",,"四川","达州市",,"107.474504","31.214347","通州司马","春，李景信自忠州来通州访元稹，有诗。","李景信","《赠李十一》","Poem","赠李十一
淮水连年起战尘，油旌三换一何频。共君前后俱从事，羞见功名与别人。","周相录《元稹年谱新编》，上海古籍出版社版2004年版，第171页",,,,"欧阳丹"
"唐","元稹","元和十三年","818",,,"40","","山南西道","通州","通川","丁溪馆","四川","达州市",,"107.474504","31.214347","通州司马","春，李景信自忠州来通州访元稹，有诗。","李景信","《通州丁溪馆夜别李景信三首》","Poem","通州丁溪馆夜别李景信三首 其一
月濛濛兮山掩掩，束束别魂眉敛敛。蠡盏覆时天欲明，碧幌青灯风滟滟。泪消语尽还暂眠，唯梦千山万山险。
通州丁溪馆夜别李景信三首 其二
水环环兮山簇簇，啼鸟声声妇人哭。离床别脸睡还开，灯灺暗飘珠蔌蔌。山深虎横馆无门，夜集巴儿扣空木。
通州丁溪馆夜别李景信三首 其三
雨潇潇兮鹃咽咽，倾冠倒枕灯临灭。倦僮呼唤应复眠，啼鸡拍翅三声绝。握手相看其奈何，奈何其奈天明别。","周相录《元稹年谱新编》，上海古籍出版社版2004年版，第171页",,,,"欧阳丹"
"唐","元稹","元和十三年","818",,,"40","","山南西道","通州","通川",,"四川","达州市",,"107.474504","31.214347","通州司马","春，李景信自忠州来通州访元稹，有诗。","李景信","《早春寻李校书》","Poem","早春寻李校书
款款春风澹澹云，柳枝低作翠栊裙。梅含鸡舌兼红气，江弄琼花散绿纹。带雾山莺啼尚小，穿沙芦笋叶才分。今朝何事偏相觅，撩乱芳情最是君。","周相录《元稹年谱新编》，上海古籍出版社版2004年版，第171页",,,,"欧阳丹"
"唐","元稹","元和十三年","818","3",,"40","","山南西道","通州","通川",,"四川","达州市",,"107.474504","31.214347","通州司马","李夷俭为门下四郎、同平章事，白居易向元稹祝贺。","李夷俭，白居易",,"","","周相录《元稹年谱新编》，上海古籍出版社版2004年版，第166页",,,,"欧阳丹"
"唐","元稹","元和十三年","818","4",,"40","","山南西道","通州","通川",,"四川","达州市",,"107.474504","31.214347","通州司马","权知州务。","",,"","","周相录《元稹年谱新编》，上海古籍出版社版2004年版，第167页",,,,"欧阳丹"
"唐","元稹","元和十三年","818",,,"40","","山南西道","通州","通川",,"四川","达州市",,"107.474504","31.214347","通州司马","寒食节，有诗。","","《寒食日》","","寒食日
今年寒食好风流，此日一家同出游。碧水青山无限思，莫将心道是涪州。","周相录《元稹年谱新编》，上海古籍出版社版2004年版，第171页",,,,"欧阳丹"
"唐","元稹","元和十三年","818",,,"40","","山南西道","通州","通川",,"四川","达州市",,"107.474504","31.214347","通州司马","夏，寄白居易纻丝布、白轻庸。有诗唱和。","白居易","《酬乐天得稹所寄纻丝布白轻庸制成衣服以诗报之》","Poem","酬乐天得稹所寄纻丝布白轻庸制成衣服以诗报之
湓城万里隔巴庸，纻薄绨轻共一封。腰带定知今瘦小，衣衫难作远裁缝。唯愁书到炎凉变，忽见诗来意绪浓。春草绿茸云色白，想君骑马好仪容。","周相录《元稹年谱新编》，上海古籍出版社版2004年版，第167页",,,,"欧阳丹"
"唐","元稹","元和十三年","818","9","15","40","","山南西道","通州","通川",,"四川","达州市",,"107.474504","31.214347","通州司马","祈、报畲三阳神，有文。","","《报三阳神文》","Article","报三阳神文
维元和十三年九月十五日。文林郎守通州司马权知州务元稹。谨遣摄录事参军元叔则。以清酒庶馐之奠。以报于三阳神之灵。越九月始践朔。霖雨既旬。式从禜典。俾吏拜稽首。祈三辰克霁于明神。神初飨若不踰祈。幽妖灵虬不克乱。负输穫熟者赖神之仁仁必报。式备报典不敢谖。伏惟尚飨。","周相录《元稹年谱新编》，上海古籍出版社版2004年版，第167页",,,,"欧阳丹"
"唐","元稹","元和十三年","818","10",,"40","","山南西道","通州","通川","畲山","四川","达州市",,"107.474504","31.214347","通州司马","带通州人开畲山，有文。","","《告畲三阳神文》","Article","告畬三阳神文
维年月日。通州司马稹。用肴酒为州人告于畬三阳之神。图籍镌载。耆艾传述。通之盛时。户四万室。耕稼骈致。谣讴涌溢。廛闬珠玉。楼雉丹漆。孝顺子孙。廉能吏卒。轩然神功。坐受嘉栗。政式不虔。人用不谧。夺富挠豪。轧穷役疾。弱者逋播。悍者愤怫。饥馑因仍。盗贼仓卒。闾落焚燔。城市剽拂。人民遂空。万不存一。神居毁荡。神气萧飋。再完陋宫。榻不容膝。仅有鸡豭。无复芬苾。豺虎号噪。麋鹿幽噎。厉鬼瘅人。贪吏殄物。阛阓邱墟。门户蒿荜。神又何情。受人祈乞。呜呼。罔天轴地。罗星走日。水火炎润。原隰生出。古不独加。今不独屈。化由人兴。胡不为率。我贰兹邑。星岁三卒。熟视民病。饱闻政失。自丧守后。月环其七。弊深力薄。未暇纤悉。都卢虚持。先后排比。附防风俗。简用纪律。功不甚农。虚不胜实。乃劝州人。大课芟铚。人人自利。若受鞭抶。旋六十里。功旬半毕。呜呼。教则人功。理有阴骘。农劝事时。赏信罚必。市无欺夺。吏不侵轶。非神敢烦。在我有术。雷蛰雨枯。蒸顽曝郁。□导百来。呵厉四逸。非我敢知。有神之吉。惟我惟神。各恤其恤。神永是邦。我非常秩。继我者谁。为神斯慄。尚飨。","周相录《元稹年谱新编》，上海古籍出版社版2004年版，第168页",,,,"欧阳丹"
"唐","元稹","元和十三年","818","10",,"40","","山南西道","通州","通川","畲山","四川","达州市",,"107.474504","31.214347","通州司马","带通州人开畲山，有文。","","《告畲竹山神文》","Article","告畬竹山神文
稹闻天好平施。而特累山岳。许其嵩崇。圣王亦视之公侯。不惜牲币。盖以其镇定区宇。舒贮风云。毓栎栌栋础。洎百谷万货。以资养于人也。至于蒙翳荟罗。恶木穴窟。虺蜥虎豺。迎碍吞噬。以遂其高傲坚顽之势。非天意也。按通之载号神。为名山川。且迩邑屋。而扶道途。然而不砟不穫。不础不柱。丛集䝙蟒。蔽弊道路。将五十年矣。实人力之不足于山也。非神之过。今天子斩三叛之明年。通民毕赋用其间。馀夹津而南。开山三十里。为来年农种张本。自十月季旬。周甲癸而功半就。郡司马元稹。率属攸置酒肴。以告于神曰。通之邑居。才二百室。一旦为神剪翳秽。戮豺狼。幅员六十里之地。亦足为用力于神。神其戒哉。敬用嘉祝。祝曰。为山输力。为民丰食。廪以万亿。蟊贼以殛。报用黍稷。谥用正直。播布不殖。淫厉不息。风雨不式。豭麋不比。俾民无得。将他山是啬。弃神之域。为神之羞。永永无极。神其畏哉。尚飨。","周相录《元稹年谱新编》，上海古籍出版社版2004年版，第168页",,,,"欧阳丹"
"唐","元稹","元和十三年","818",,,"40","","山南西道","通州","通川",,"四川","达州市",,"107.474504","31.214347","通州司马","是年，次韵酬和白居易《忆微之》诗。","白居易","《酬乐天春寄微之》","Poem","酬乐天春寄微之
鹦心明黠雀幽蒙，何事相将尽入笼。君避海鲸惊浪里，我随巴蟒瘴烟中。千山塞路音书绝，两地知春历日同。一树梅花数升酒，醉寻江岸哭东风。","周相录《元稹年谱新编》，上海古籍出版社版2004年版，第171页",,,,"欧阳丹"
"唐","元稹","元和十三年","818",,,"40","","山南西道","通州","通川",,"四川","达州市",,"107.474504","31.214347","通州司马","是年，次韵酬和白居易《江楼夜吟稹诗因成三十韵》诗。","白居易","《酬乐天江楼夜吟稹诗因成三十韵》","Poem","酬乐天江楼夜吟稹诗因成三十韵
忽见君新句，君吟我旧篇。见当巴徼外，吟在楚江前。思鄙宁通律，声清遂扣玄。三都时觉重，一顾世称妍。排韵曾遥荅，分题几共联。昔凭银翰写，今赖玉音宣。布鼓随椎响，坯泥仰匠圆。铃因风断续，珠与调牵绵。阮籍惊长啸，商陵怨别弦。猿羞啼月峡，鹤让警秋天。志士潜兴感，高僧暂废禅。兴飘沧海动，气合碧云连。点缀工微者，吹嘘势特然。休文徒倚槛，彦伯浪回船。伎乐当筵唱，儿童满巷传。改张思妇锦，腾跃贾人笺。魏拙虚教出，曹风敢望痊。定遭才子笑，恐赚学生癫。裁什情何厚，飞书信不专。隼猜鸿蓄缩，虎横犬迍邅。水墨看虽久，琼瑶喜尚全。才从鱼里得，便向市头悬。夜置堂东序，朝铺座右边。手寻韦欲绝，泪滴纸浑穿。甘蔗销残醉，醍醐醒早眠。深藏那遽灭，同咏苦无缘。雅羡诗能圣，终嗟药未仙。五千诚远道，四十已中年。暗魄多相梦，衰容每自怜。卒章还恸哭，蚊蚋溢山川。","周相录《元稹年谱新编》，上海古籍出版社版2004年版，第171页",,,,"欧阳丹"
"唐","元稹","元和十三年","818",,,"40","","山南西道","通州","通川",,"四川","达州市",,"107.474504","31.214347","通州司马","是年，次韵酬和白居易《山中与元九书因题书后》诗。","白居易","《酬乐天书后三韵》","Poem","酬乐天书后三韵
今日庐峰霞绕寺，昔时鸾殿凤回书。两封相去八年后，一种俱云五夜初。渐觉此生都是梦，不能将泪滴双鱼。","周相录《元稹年谱新编》，上海古籍出版社版2004年版，第171页",,,,"欧阳丹"
"唐","元稹","元和十三年","818",,,"40","","山南西道","通州","通川",,"四川","达州市",,"107.474504","31.214347","通州司马","是年，次韵酬和白居易《闻李尚书拜相因以长句寄贺微之》诗。","白居易","《酬乐天闻李尚书拜相以诗见贺》","Poem","酬乐天闻李尚书拜相以诗见贺
初因弹劾死东川，又为亲情弄化权。百口共经三峡水，一时重上两漫天。尚书入用虽旬月，司马衔冤已十年。若待更遭秋瘴后，便愁平地有重泉。","周相录《元稹年谱新编》，上海古籍出版社版2004年版，第171页",,,,"欧阳丹"
"唐","元稹","元和十三年","818",,,"40","","山南西道","通州","通川",,"四川","达州市",,"107.474504","31.214347","通州司马","是年，寄诗与李景俭。","李景俭","《凭李忠州寄书乐天》","Poem","凭李忠州寄书乐天
万里寄书将出峡，却凭巫峡寄江州。伤心最是江头月，莫把书将上庾楼。","周相录《元稹年谱新编》，上海古籍出版社版2004年版，第171页",,,,"欧阳丹"
"唐","元稹","元和十三年","818",,,"40","","山南西道","通州","通川",,"四川","达州市",,"107.474504","31.214347","通州司马","是年，胡灵之患病，元稹感伤之，有诗。","胡灵之","《三兄以白角巾寄遗发不胜冠因有感叹》","Poem","三兄以白角巾寄遗发不胜冠因有感叹
病瘴年深浑秃尽，那能胜置角头巾。暗梳蓬发羞临镜，私戴莲花耻见人。白发过于冠色白，银钉少校颔中银。我身四十犹如此，何况吾兄六十身。","周相录《元稹年谱新编》，上海古籍出版社版2004年版，第171页",,,,"欧阳丹"
"唐","元稹","元和十三年","818",,,"40","","山南西道","通州","通川",,"四川","达州市",,"107.474504","31.214347","通州司马","元和十二年十月至十三年七月间作《连昌宫词》，姑系于此。","","《连昌宫词》","Poem","连昌宫词
连昌宫中满宫竹，岁久无人森似束。又有墙头千叶桃，风动落花红蔌蔌。宫边老翁为余泣，小年进食曾因入。上皇正在望仙楼，太真同凭阑干立。楼上楼前尽珠翠，炫转荧煌照天地。归来如梦复如痴，何暇备言宫里事。初过寒食一百六，店舍无烟宫树绿。夜半月高弦索鸣，贺老琵琶定场屋。力士传呼觅念奴，念奴潜伴诸郎宿。须臾觅得又连催，特敕街中许然烛。春娇满眼睡红绡，掠削云鬟旋装束。飞上九天歌一声，二十五郎吹管逐。逡巡大遍凉州彻，色色龟兹轰录续。李谟擪笛傍宫墙，偷得新翻数般曲。平明大驾发行宫，万人歌舞涂路中。百官队仗避岐薛，杨氏诸姨车斗风。明年十月东都破，御路犹存禄山过。驱令供顿不敢藏，万姓无声泪潜堕。两京定后六七年，却寻家舍行宫前。庄园烧尽有枯井，行宫门闭树宛然。尔后相传六皇帝，不到离宫门久闭。往来年少说长安，玄武楼成花萼废。去年敕使因斫竹，偶值门开暂相逐。荆榛栉比塞池塘，狐兔骄痴缘树木。舞榭敧倾基尚在，文窗窈窕纱犹绿。尘埋粉壁旧花钿，乌啄风筝碎珠玉。上皇偏爱临砌花，依然御榻临阶斜。蛇出燕巢盘斗栱，菌生香案正当衙。寝殿相连端正楼，太真梳洗楼上头。晨光未出帘影黑，至今反挂珊瑚钩。指似傍人因恸哭，却出宫门泪相续。自从此后还闭门，夜夜狐狸上门屋。我闻此语心骨悲，太平谁致乱者谁。翁言野父何分别，耳闻眼见为君说。姚崇宋璟作相公，劝谏上皇言语切。燮理阴阳禾黍丰，调和中外无兵戎。长官清平太守好，拣选皆言由相公。开元之末姚宋死，朝廷渐渐由妃子。禄山宫里养作儿，虢国门前闹如市。弄权宰相不记名，依稀忆得杨与李。庙谟颠倒四海摇，五十年来作疮痏。今皇神圣丞相明，诏书才下吴蜀平。官军又取淮西贼，此贼亦除天下宁。年年耕种宫前道，今年不遣子孙耕。老翁此意深望幸，努力庙谋休用兵。","周相录《元稹年谱新编》，上海古籍出版社版2004年版，第172页",,,,"欧阳丹"
"唐","元稹","元和十三年","818",,,"40","","山南西道","通州","通川",,"四川","达州市",,"107.474504","31.214347","通州司马","是年，次韵酬和白居易《梦亡友刘太白同游章敬寺》一诗。","白居易","《和乐天梦亡友刘太白同游二首》","Poem","和乐天梦亡友刘太白同游二首 其一
君诗昨日到通州，万里知君一梦刘。闲坐思量小来事，秪应元是梦中游。
和乐天梦亡友刘太白同游二首 其二
老来东郡复西州，行处生尘为丧刘。纵使刘君魂魄在，也应至死不同游。","周相录《元稹年谱新编》，上海古籍出版社版2004年版，第173页",,,,"欧阳丹"
"唐","元稹","元和十三年","818",,,"40","","山南西道","通州","通川",,"四川","达州市",,"107.474504","31.214347","通州司马","是年，次韵酬和白居易《忆微之伤仲远》一诗。","白居易","《酬乐天见忆兼伤仲远》","Poem","酬乐天见忆兼伤仲远
死别重泉閟，生离万里赊。瘴侵新病骨，梦到故人家。遥泪陈根草，闲收落地花。庾公楼怅望，巴子国生涯。河任天然曲，江随峡势斜。与君皆直戆，须分老泥沙。","周相录《元稹年谱新编》，上海古籍出版社版2004年版，第173页",,,,"欧阳丹"
"唐","元稹","元和十三年","818",,,"40","","山南西道","通州","通川",,"四川","达州市",,"107.474504","31.214347","通州司马","是年，收到白居易书信，有诗。","白居易","《得乐天书》","Poem","得乐天书
远信入门先有泪，妻惊女哭问何如。寻常不省曾如此，应是江州司马书。","周相录《元稹年谱新编》，上海古籍出版社版2004年版，第173页",,,,"欧阳丹"
"唐","元稹","元和十三年","818",,,"40","","山南西道","通州","通川",,"四川","达州市",,"107.474504","31.214347","通州司马","是年，次韵酬和白居易《梦微之》一诗。","白居易","《酬乐天频梦微之》","Poem","酬乐天频梦微之
山水万重书断绝，念君怜我梦相闻。我今因病魂颠倒，唯梦闲人不梦君。","周相录《元稹年谱新编》，上海古籍出版社版2004年版，第173页",,,,"欧阳丹"
"唐","元稹","元和十三年","818",,,"40","","山南西道","通州","通川",,"四川","达州市",,"107.474504","31.214347","通州司马","是年，次韵酬和白居易《舟中读元九诗》一诗。","白居易","《酬乐天舟泊夜读微之诗》","Poem","酬乐天舟泊夜读微之诗
知君暗泊西江岸，读我闲诗欲到明。今夜通州还不睡，满山风雨杜鹃声。","周相录《元稹年谱新编》，上海古籍出版社版2004年版，第173页",,,,"欧阳丹"
"唐","元稹","元和十三年","818",,,"40","","山南西道","通州","通川",,"四川","达州市",,"107.474504","31.214347","通州司马","是年，次韵酬和白居易《武关南见元九题山石榴花见寄》一诗。","白居易","《酬乐天武关见微之题山石榴花》","Poem","酬乐天武关南见微之题山石榴花诗
比因酬赠为花时，不为君行不复知。又更几年还共到，满墙尘土两篇诗。","周相录《元稹年谱新编》，上海古籍出版社版2004年版，第173页",,,,"欧阳丹"
"唐","元稹","元和十三年","818",,,"40","","山南西道","通州","通川",,"四川","达州市",,"107.474504","31.214347","通州司马","是年，与王质夫酬唱，王氏原唱已佚。","王质夫","《二月十九日酬王十八全素》","Poem","二月十九日酬王十八全素
君念世上川，嗟予老瘴天。那堪十日内，又长白头年。","周相录《元稹年谱新编》，上海古籍出版社版2004年版，第173页",,,,"欧阳丹"
"唐","元稹","元和十三年","818",,,"40","","山南西道","通州","通川",,"四川","达州市",,"107.474504","31.214347","通州司马","是年，寄诗与白居易，表思念之情。","白居易","《相忆泪》","Poem","相忆泪
西江流水到江州，闻道分成九道流。我滴两行相忆泪，遣君何处遣人求。除非入海无由住，纵使逢滩未拟休。会向伍员潮上见，气充顽石报心雠。","周相录《元稹年谱新编》，上海古籍出版社版2004年版，第173页",,,,"欧阳丹"
"唐","元稹","元和十三年","818",,,"40","","山南西道","通州","通川",,"四川","达州市",,"107.474504","31.214347","通州司马","是年，次韵酬和白居易《寄蕲州簟与元九因题六首》。","白居易","《酬乐天寄蕲州簟》","Poem","酬乐天寄蕲州簟
蕲簟未经春，君先拭翠筠。知为热时物，预与瘴中人。碾玉连心润，编牙小片珍。霜凝青汗简，冰透碧游鳞。水魄轻涵黛，琉璃薄带尘。梦成伤冷滑，惊卧老龙身。","周相录《元稹年谱新编》，上海古籍出版社版2004年版，第173页",,,,"欧阳丹"
"唐","元稹","元和十三年","818",,,"40","","山南西道","通州","通川",,"四川","达州市",,"107.474504","31.214347","通州司马","是年，次韵酬和白居易《寻郭道士不遇》一诗。","白居易","《和乐天寻郭道士不遇》","Poem","和乐天寻郭道士不遇
昔年我见杯中渡，今日人言鹤上逢。两虎定随千岁鹿，双林添作几株松。方瞳应是新烧药，短脚知缘旧施舂。欲请僧繇远相画，苦愁频变本形容。","周相录《元稹年谱新编》，上海古籍出版社版2004年版，第174页",,,,"欧阳丹"
"唐","元稹","元和十三年","818",,,"40","","山南西道","通州","通川",,"四川","达州市",,"107.474504","31.214347","通州司马","是年，次韵酬和白居易《寄微之》一诗。","白居易","《酬乐天叹穷愁见寄》","Poem","酬乐天叹穷愁见寄
病煎愁绪转纷纷，百里何由说向君。老去心情随日减，远来书信隔年闻。三冬有电连春雨，九月无霜尽火云。并与巴南终岁热，四时谁道各平分。","周相录《元稹年谱新编》，上海古籍出版社版2004年版，第174页",,,,"欧阳丹"
"唐","元稹","元和十三年","818",,,"40","","山南西道","通州","通川",,"四川","达州市",,"107.474504","31.214347","通州司马","是年，次韵酬和白居易《三月三日怀微之》一诗。","白居易","《酬乐天三月三日见寄》","Poem","酬乐天三月三日见寄
当年此日花前醉，今日花前病里销。独倚破帘闲怅望，可怜虚度好春朝。","周相录《元稹年谱新编》，上海古籍出版社版2004年版，第174页",,,,"欧阳丹"
"唐","元稹","元和十三年","818",,,"40","","山南西道","通州","通川",,"四川","达州市",,"107.474504","31.214347","通州司马","元和十年至十三年在通州作《和盛山十二诗》，姑系于此。","","《和盛山十二诗》","Poem","","周相录《元稹年谱新编》，上海古籍出版社版2004年版，第174页","（亡佚）",,,"欧阳丹"
"唐","元稹","元和十三年","818",,,"40","","山南西道","通州","通川",,"四川","达州市",,"107.474504","31.214347","通州司马","元和十年至十三年在通州作《虫豸诗并序》，姑系于此。","","《虫豸诗并序》","Poem","","周相录《元稹年谱新编》，上海古籍出版社版2004年版，第173页",,,,"欧阳丹"
"唐","元稹","元和十三年","818",,,"40","","山南西道","通州","通川",,"四川","达州市",,"107.474504","31.214347","通州司马","元和十年至十三年在通州作《寄乐天》，姑系于此。","白居易","《寄乐天》","Poem","","周相录《元稹年谱新编》，上海古籍出版社版2004年版，第173页",,,,"欧阳丹"
"唐","元稹","元和十三年","818",,,"40","","山南西道","通州","通川",,"四川","达州市",,"107.474504","31.214347","通州司马","元和十年至十三年在通州作《红荆》，姑系于此。","","《红荆》","Poem","红荆
庭中栽得红荆树，十月花开不待春。直到孩提尽惊怪，一家同是北来人。","周相录《元稹年谱新编》，上海古籍出版社版2004年版，第173页",,,,"欧阳丹"
"唐","元稹","元和十三年","818",,,"40","","山南西道","通州","通川","戛云亭","四川","达州市",,"107.474504","31.214347","通州司马","本年，在通州南方建戛云亭。与韦处厚唱和。贬官通州期间，作诗数百首。","韦处厚",,"","","周相录《元稹年谱新编》，上海古籍出版社版2004年版，第169页",,,,"欧阳丹"
"唐","元稹","元和十三年","818","12",,"40","","山南西道","通州","通川",,"四川","达州市",,"107.474504","31.214347","虢州长史","元稹移虢州长史，白居易移忠州刺史。","",,"","","周相录《元稹年谱新编》，上海古籍出版社版2004年版，第168页",,,,"欧阳丹"
"唐","元稹","元和十四年","819","3",,"41","","山南东道","峡州","夷陵","黄草峡","湖北","宜昌市",,"111.292971","30.697602","虢州长史","赴任途中，此日与白居易相遇于峡州之夷陵，相话三宿而别，有诗。","白居易","《黄草峡听柔之琴二首》","Poem","黄草峡听柔之琴二首 其一
胡笳夜奏塞声寒，是我乡音听渐难。料得小来辛苦学，又因知向峡中弹。
黄草峡听柔之琴二首 其二
别鹤凄清觉露寒，离声渐咽命雏难。怜君伴我涪州宿，犹有心情彻夜弹。","周相录《元稹年谱新编》，上海古籍出版社版2004年版，第174页",,,,"欧阳丹"
"唐","元稹","元和十四年","819","3",,"41","","山南东道","峡州","夷陵",,"湖北","宜昌市",,"111.292971","30.697602","虢州长史","赴任途中，此日与白居易相遇于峡州之夷陵，相话三宿而别，有诗。","白居易","《书剑》","Poem","书剑
渝工剑刃皆欧冶，巴吏书踪尽子云。唯我心知有来处，泊船黄草夜思君。","周相录《元稹年谱新编》，上海古籍出版社版2004年版，第174页",,,,"欧阳丹"
"唐","元稹","元和十四年","819","3","11","41","","山南东道","峡州","夷陵","黄牛峡","湖北","宜昌市",,"111.292971","30.697602","虢州长史","赴任途中，此日与白居易相遇于峡州之夷陵，相话三宿而别，有诗。","白居易，白行简","《三游洞诗》","Poem","","周相录《元稹年谱新编》，上海古籍出版社版2004年版，第178页","（亡佚）",,,
"唐","元稹","元和十四年","819","3",,"41","","山南东道","峡州","夷陵",,"湖北","宜昌市",,"111.292971","30.697602","虢州长史","赴任途中，此日与白居易相遇于峡州之夷陵，相话三宿而别，有诗。","白居易，白行简","《酬知退》","Poem","酬知退
终须修到无修处，闻尽声闻始不闻。莫著妄心销彼我，我心无我亦无君。","周相录《元稹年谱新编》，上海古籍出版社版2004年版，第174页",,,,"欧阳丹"
"唐","元稹","元和十四年","819",,,"41","",,,,,,,,"0","0","虢州长史","自通州赴虢州途中遇熊士登，有诗，姑系于此。","熊士登","《赠熊士登》","Poem","赠熊士登
平生本多思，况复老逢春。今日梅花下，他乡值故人。","周相录《元稹年谱新编》，上海古籍出版社版2004年版，第178页",,,,"欧阳丹"
"唐","元稹","元和十四年","819",,,"41","",,,,,,,,"0","0","虢州长史","自通州赴虢州途中遇熊士登，有诗，姑系于此。","熊士登","《别岭南熊判官》","Poem","别岭南熊判官
十年常远道，不忍别离声。况复三巴外，仍逢万里行。桐花新雨气，梨叶晚春晴。到海知何日，风波从此生。","周相录《元稹年谱新编》，上海古籍出版社版2004年版，第178页",,,,"欧阳丹"
"唐","元稹","元和十四年","819",,,"41","","河东道","虢州","弘农",,"河南","三门峡市","灵宝市","110.90097","34.523086","虢州长史","至虢州。时虢州刺史为钱徽。","钱徽",,"","","周相录《元稹年谱新编》，上海古籍出版社版2004年版，第175页",,,,"欧阳丹"
"唐","元稹","元和十四年","819",,,"41","","河东道","虢州","弘农",,"河南","三门峡市","灵宝市","110.90097","34.523086","虢州长史","秋，女樊殇，八岁，有诗哀之。","","《哭女樊》","Poem","哭女樊
秋天净绿月分明，何事巴猿不剩鸣。应是一声肠断去，不容啼到第三声。","周相录《元稹年谱新编》，上海古籍出版社版2004年版，第175页",,,,"欧阳丹"
"唐","元稹","元和十四年","819",,,"41","","河东道","虢州","弘农",,"河南","三门峡市","灵宝市","110.90097","34.523086","虢州长史","秋，女樊殇，八岁，有诗哀之。","","《哭女樊四十韵》","Poem","哭女樊四十韵
逝者何由见，中人未达情。马无生角望，猿有断肠鸣。去伴投遐徼，来随梦险程。四年巴养育，万里硖回萦。病是他乡染，魂应远处惊。山魈邪乱逼，沙虱毒潜婴。母约看宁辨，余慵疗不精。欲寻方次第，俄值疾充盈。灯火徒相守，香花秪浪擎。莲初开月梵，蕣已落朝荣。魄散云将尽，形全玉尚莹。空垂两行血，深送一枝琼。秘祝休巫觋，安眠放使令。旧衣和箧施，残药满瓯倾。乳媪闲于社，医僧婗似酲。悯渠身觉剩，讶佛力难争。骑竹痴犹子，牵车小外甥。等长迷过影，遥戏误啼声。涴纸伤馀画，扶床念试行。独留呵面镜，谁弄倚墙筝。忆昨工言语，怜初妙长成。撩风妒鹦舌，凌露触兰英。翠凤舆真女，红蕖捧化生。秪忧嫌五浊，终恐向三清。宿恶诸荤味，悬知众物名。环从枯树得，经认宝函盛。愠怒偏憎数，分张雅爱平。最怜贪栗妹，频救懒书兄。为占娇饶分，良多眷恋诚。别常回面泣，归定出门迎。解怪还家晚，长将远信呈。说人偷罪过，要我抱纵横。腾蹋游江舫，攀缘看乐棚。和蛮歌字拗，学妓舞腰轻。迢遰离荒服，提携到近京。未容誇伎俩，唯恨枉聪明。往绪心千结，新丝鬓百茎。暗窗风报晓，秋幌雨闻更。败槿萧疏馆，衰杨破坏城。此中临老泪，仍自哭孩婴。","周相录《元稹年谱新编》，上海古籍出版社版2004年版，第175页",,,,"欧阳丹"
"唐","元稹","元和十四年","819",,,"41","","河东道","虢州","弘农",,"河南","三门峡市","灵宝市","110.90097","34.523086","虢州长史","小女降真卒于元和十四、十五年间，有诗哀之，姑系于此。","","《哭小女降真》","Poem","哭小女降真
雨点轻沤风复惊，偶来何事去何情。浮生未到无生地，暂到人间又一生。","周相录《元稹年谱新编》，上海古籍出版社版2004年版，第178页",,,,"欧阳丹"
"唐","元稹","元和十四年","819","9",,"41","","河东道","虢州","弘农",,"河南","三门峡市","灵宝市","110.90097","34.523086","虢州长史","元秬以疾去职，九月，卒于虢州，年六十七，元稹作墓志铭。时夫人崔氏已卒，长子易简为荥阳尉，次子从简为曲沃尉，次子行简为太乐丞，幼子弘简未仕。","元秬","《唐故朝议郎侍御史内拱奉盐铁转运河阴留后河南元君墓志铭》","Article","唐故朝议郎侍御史内供奉盐铁转运河阴留后河南元君墓志铭
有魏昭成皇帝十一代而生我隋朝兵部尚书府君讳某。后五代而生我比部郎中舒王府长史府君讳某。君即府君之第二子也。讳某。字元度。娶清河崔邻女。生四子。长曰易简。荥阳尉。次从简。曲沃尉。次行简。太乐丞。幼宏简。长女适刘中孚。中孚早卒。次婴疾室居。次适苏京。举进士。次适李殊。殊妻早夭。君始以恒王参军附太学治春秋。中授左清道府录事参军。历湖丞。秩罢。丁比部府君忧。服阕。调兴平长安万年尉。丁荥阳太君忧。服阕。除万年丞。迁监察御史。知转运永丰院事殿中侍御史。留务河阴。加侍御史。赐绯鱼袋。元和十四年以疾去职。九月二十六日。殁于季弟虢州长史稹之官舍。呜呼。我尚书府君有大勋烈于周隋氏。我比部府君积大学行搢绅间。我诸父法尚严。家极贫。而事事于丧祭宾客。虽帚除薪水。不免于吾兄。贞元初。蝗且俭。我先太君白府君货女奴以足食。君泣曰。太夫人专门户。不宜乏使令。取新妇氏媵婢以给货。向是三十年。养育八男女。始元和中。乃复奴婢之籍焉。先府君丛集群言。裁成百叶书抄。君惧不得授。乃日一食以斋其心者一月。先太君怜而请焉。由是尽付其书。是岁货婢足食之一日也。日一粥而课写千言。三岁乃卒业。先府君违养之岁。前累月而季父侍御史府君捐馆。子伯兄由官阻于蔡。叔季皆十年而下。遗其家唯环堵之宫耳。皆曰货是以襄二事可也。君跪言于先太君曰。斯宇也。尚书府君受赐于隋氏。乃今传七代矣。敢有守失以贻太夫人忧。死无以见先人于地下。由是匍匐乞以终其丧。自兴平长安万年尉。俸不过三四万。然奉颜色。絜礿祀。备吉凶。来宾客。无遗焉均也。已虽游千里贸费。毫未尝不疏之于书。还启先太君。下示仲叔季。且曰。尊夫人慈不我责。不如是自束。陷不义矣。其在于京邑。专捕盗者八年。破囊橐。掘盘牙。不可胜数。莫不刑者不恳。强者不暴。其在河阴也。朝廷有事于淄蔡。累百万之费。一出于是。朝令朝具。夕发夕至者。周五星岁。而后功成役罢。凡主供馈之百一于君者。皆以课迁。唯君终不言赏。赏亦不及。呜呼。君之生六七十年矣。四十年事亲。无一日之怠。三十年养下。无一词之倦。抚诸弟无正色之训。而亦不至于不恭。教诸子无鞭笞之责。而亦不至于不令。以閒处剧。而吏不忍欺。以直立诚。而忤不及物。没之日。三子不侍。无一言之念。知叔季之可以教侄也。室空墙壁。无一顾之忧。知叔季之可以任丧祭也。呜呼。爱我者张仲。知我者鲍叔。予生几何。惧不克报。或不忘。记之斯文。铭曰。唐元和之己亥。惟孟年十一月十六日仲月之良辰。合葬我元君于咸阳县之洪渎川。从先太君之后域。而共閟于夫人崔之坟。","周相录《元稹年谱新编》，上海古籍出版社版2004年版，第176页",,,,"欧阳丹"
"唐","元稹","元和十四年","819",,,"41","","河东道","虢州","弘农",,"河南","三门峡市","灵宝市","110.90097","34.523086","虢州长史","是年秋，次韵酬和白居易《酬微之》。","白居易","《酬乐天叹损伤见寄》","Poem","酬乐天叹损伤见寄
前途何在转茫茫，渐老那能不自伤。病为怕风多睡月，起因花药暂扶床。函关气索迷真侣，峡水波翻碍故乡。唯有秋来两行泪，对君新赠远诗章。","周相录《元稹年谱新编》，上海古籍出版社版2004年版，第178页",,,,"欧阳丹"
"唐","元稹","元和十四年","819",,,"41","",,,,,,,,"0","0",,"白行简《李娃传》写于元和十四年，元稹作《李娃行》在此后，姑系于此。","","《李娃行》","Poem","","周相录《元稹年谱新编》，上海古籍出版社版2004年版，第178页","（残）",,,"欧阳丹"
"唐","元稹","元和十四年","819",,,"41","","京畿道","京兆府","长安",,"陕西","西安市",,"108.946306","34.347436","膳部员外郎","冬，入朝为膳部员外郎。贬谪数十年，作诗千余首。","",,"","","周相录《元稹年谱新编》，上海古籍出版社版2004年版，第176页",,,,"欧阳丹"
"唐","元稹","元和十五年","820","1",,"42","","京畿道","京兆府","长安",,"陕西","西安市",,"108.946306","34.347436","膳部员外郎","在长安任膳部员外郎。向宰相令狐楚献诗二百首，楚深称赏，有文记之。宰相令狐楚为宪宗山陵使，元稹为判官。","令狐楚","《上令狐相公诗启》","Article","上令狐相公诗启
某启。某初不好文章。徒以仕无他歧。强由科试。及有罪谴弃之后。自以为废滞潦倒。不复以文字有闻于人矣。曾不知好事者抉摘刍芜。尘黩尊重。窃承相公特于廊庙间道某诗句。昨又面奉教约。令献旧文。战汗悚踊。惭忝无地。某始自御史府谪官于外。今十馀年矣。閒诞无事。遂用力于诗章。日益月滋。有诗向千馀首。其间感物寓意。可备矇瞽之讽达者有之。词直气粗。罪戾是惧。固不敢陈露于人。唯杯酒光景间。屡为小碎篇章。以自吟畅。然以为律体卑痹。格力不扬。苟无姿态。则陷流俗。常欲得思深语近。韵律调新。属对无差。而风情自远。然而病未能也。江湘间多有新进小生。不知天下文有宗主。妄相仿效。而又从而失之。遂至于支离褊浅之词。皆目为元和诗体。某又与同门生白居易友善。居易雅能为诗。就中爱驱驾文字。穷极声韵。或为千言。或为五百言律诗。以相投寄。小生自审不能有以过之。往往戏排旧韵。别创新词。名为次韵相酬。盖欲以难相挑耳。江湘间为诗者复相仿效。力或不足。则至于颠倒语言。重复首尾。韵同意等。不异前篇。亦目为元和诗体。而司文者考变雅之由。往往归咎于稹。尝以为雕虫小事。不足以自明。始闻相公记忆。累旬以来。实惧粪土之墙。庇以大厦。使不摧坏。实为版筑者之娱。辄缮写古体歌诗一百首。百韵至两韵律诗一百首。合为五卷。奉启跪陈。或希构厦之馀。一赐观览。知小生于章句中栾栌榱桷之材。尽曾量度。则十馀年之邅回。不为无用矣。词旨琐劣。冒黩尊严。伏候刑书。不敢逃让。死罪死罪。","周相录《元稹年谱新编》，上海古籍出版社版2004年版，第177页",,,,"欧阳丹"
"唐","元稹","元和十五年","820","2",,"42","","京畿道","京兆府","长安",,"陕西","西安市",,"108.946306","34.347436","祠曹员外试知制诰","约二月，迁祠曹员外试知制诰。","",,"","","周相录《元稹年谱新编》，上海古籍出版社版2004年版，第179页",,,,"欧阳丹"
"唐","元稹","元和十五年","820","2",,"42","","京畿道","京兆府","长安",,"陕西","西安市",,"108.946306","34.347436","祠曹员外试知制诰","寒食，有预宴会，留诗。","元从简","《寒食日毛空路示侄晦及从简》","Poem","寒食日毛空路示侄晦及从简
我昔孩提从我兄，我今衰白尔初成。分明寄取原头路，百世长须此路行。","周相录《元稹年谱新编》，上海古籍出版社版2004年版，第195页","从简为元秬子。",,,"欧阳丹"
"唐","元稹","元和十五年","820","2",,"42","","京畿道","京兆府","长安",,"陕西","西安市",,"108.946306","34.347436","祠曹员外试知制诰","寒食，有预宴会，留诗。","","《别孙村老人》","Poem","别孙村老人
年年渐觉老人稀，欲别孙翁泪满衣。未死不知何处去，此身终向此原归。","周相录《元稹年谱新编》，上海古籍出版社版2004年版，第195页",,,,"欧阳丹"
"唐","元稹","元和十五年","820","5",,"42","","京畿道","京兆府","长安",,"陕西","西安市",,"108.946306","34.347436","祠部郎中、知制诰","元稹迁祠部郎中、知制诰，赐绯鱼袋。","唐穆宗",,"","","周相录《元稹年谱新编》，上海古籍出版社版2004年版，第180页",,,,"欧阳丹"
"唐","元稹","元和十五年","820","5",,"42","","京畿道","京兆府","长安",,"陕西","西安市",,"108.946306","34.347436","祠部郎中、知制诰","唐宪宗归葬景陵，有诗记之。","","《宪宗章武孝皇帝挽歌词三首》","Poem","宪宗章武孝皇帝挽歌词三首 其一
国付重离后，身随十圣仙。北辰移帝座，西日到虞泉。方丈言虚设，华胥事眇然。触鳞曾在宥，偏哭堕髯前。
宪宗章武孝皇帝挽歌词三首 其二
天宝遗馀事，元和盛圣功。二凶枭帐下，三叛斩都中。始服沙陁虏，方吞逻逤戎。狼星如要射，犹有鼎湖弓。
宪宗章武孝皇帝挽歌词三首 其三
月落禁垣西，星攒晓仗齐。风传宫漏苦，云拂羽仪低。路隘车千两，桥危马万蹄。共嗟封石检，不为报功泥。","周相录《元稹年谱新编》，上海古籍出版社版2004年版，第195页",,,,"欧阳丹"
"唐","元稹","元和十五年","820",,,"42","","京畿道","京兆府","长安",,"陕西","西安市",,"108.946306","34.347436","祠部郎中、知制诰","夏，代令狐楚作状。","令狐楚","《为令狐相国谢赐金石凌红雪状》","Article","为令狐相国谢赐金石凌红雪状
右。中使窦千乘至。奉宣进止。以臣将赴山陵。时属炎暑。赐前件红雪等。臣职司复土。恋切攀髯。方当匍匐而前。敢有赫曦之惧。岂谓天光下济。灵药旁沾。念臣有丹赤之愚。故赐臣以洗心之物。察臣有木讷之性。故赐臣以苦口之滋。就日疑不冶之清冰。在合若遇圆之降雪。恩加望外。感极成悲。无任跼蹐屏营之至。","周相录《元稹年谱新编》，上海古籍出版社版2004年版，第184页",,,,"欧阳丹"
"唐","元稹","元和十五年","820",,,"42","","京畿道","京兆府","长安",,"陕西","西安市",,"108.946306","34.347436","祠部郎中、知制诰","六七月间，代令狐楚作状。","令狐楚","《为令狐相公谢回一子官与第状》","Article","","周相录《元稹年谱新编》，上海古籍出版社版2004年版，第184页",,,,"欧阳丹"
"唐","元稹","元和十五年","820","8",,"42","","京畿道","京兆府","长安",,"陕西","西安市",,"108.946306","34.347436","祠部郎中、知制诰","元稹起草令狐楚贬衡州刺史制，楚深恨之。元稹常为穆宗召见，密谋国事。","唐穆宗，令狐楚","《贬令狐楚衡州刺史制》","Article","贬令狐楚衡州刺史制
忠臣之节。莫大于送往事居。君子之方。宁忘于养廉远耻。况位崇辅相。职奉园陵。蒙蔽之过屡闻。诚敬之心尽废。朕虽含垢。人亦有言。深念君臣之恩。难厌公卿之论。宣歙等州都团练观察处置等使大中大夫持节宣州诸军守宣州刺史兼御史大夫上柱国轻车都尉赐紫金鱼袋令狐楚。早以文艺。得践班资。宪宗念才。擢居荣近。异端斯害。独见不明。密隳讨伐之谋。潜附奇邪之党。因缘得地。进取多门。遂参台阶。实妨贤路。朕以道遵无改。事贵有终。再命黄扉之荣。专奉元宫之礼。而不能率下。罔念匡君。致于翚政牧之职。掩韦术李邺之举。成朕不敏。职尔之由。前命乘轺。尚期改节。人心大惑。物议置然。虽欲特容。难排众怒俾从谪守。犹奉诏条。予岂无恩。尔且自省。可使持节衡州诸军事守衡州刺史。散官勋赐如故。仍驰驿发遣。","周相录《元稹年谱新编》，上海古籍出版社版2004年版，第181页",,,,"欧阳丹"
"唐","元稹","元和十五年","820","8",,"42","","京畿道","京兆府","长安",,"陕西","西安市",,"108.946306","34.347436","祠部郎中、知制诰","代萧俛作让官表。","萧俛","《为萧相让官表》","Article","为萧相公让官表
臣某言。伏奉今日制。授臣某官。恩加望外。宠过忧深。魂魄惊翔。手足失坠。臣某中谢。臣猥以凡才。谬居重任。当陛下惟新之始。辱陛下爰立之恩。有累枢衡。无裨衮职。外致匈奴之哂。内失苍生之心。推换炎凉。因循圣泽。妨塞贤路。尘忝台阶。自顾疲骖。方求息驾。岂谓陛下特迂宸鉴。曲用朽材。再提腹背之毛。重委股肱之地。大孤人望。犹简帝心。虽君父恩深。莫知其恶。而驽骀力竭。何以自安。岂敢退而生全。实愿求其死所。伏望再移天眷。重选时英。特回加膝之恩。别受沃心之相。全陛下始终之道。成微臣生死之荣。无任恳迫惭惶之至。","周相录《元稹年谱新编》，上海古籍出版社版2004年版，第185页",,,,"欧阳丹"
"唐","元稹","元和十五年","820","9",,"42","","京畿道","京兆府","长安",,"陕西","西安市",,"108.946306","34.347436","祠部郎中、知制诰","遭牛党谗毁。","",,"","","周相录《元稹年谱新编》，上海古籍出版社版2004年版，第183页",,,,"欧阳丹"
"唐","元稹","元和十五年","820","11",,"42","","京畿道","京兆府","长安",,"陕西","西安市",,"108.946306","34.347436","祠部郎中、知制诰","与同列谏穆宗驾幸华清宫，有文。","唐穆宗","《两省供奉官谏驾幸温汤状》","Article","两省供奉官谏驾幸温汤状
今月二十一日车驾欲幸温汤。右。臣等伏以驾幸温汤。始自玄宗皇帝。乘开元致理之后。当天宝盈羡之秋。葺殿宇于骊山。置官曹于昭应。警跸于缭垣之内。周行于驰道之中。万乘齐驱。有司尽去。无妨朝会。不废戒严。而犹物议喧嚣。财力耗悴。数年之外。天下萧然。累圣巳来。深惩覆辙。骊宫圮毁。永绝修营。官曹尽复于田莱。殿宇半堙于岩谷。深林有逸才之兽。环山无匡卫之庐。陛下若骑从轻驰。则道途无拱辰之备。若乘舆稍具。则邑县有驾肩之忧。若帐殿宿张。则原野非徼巡之所。若銮车夕入。则门禁失启闭之时。六军守卫于空宫。百吏宴安于私室。忝为臣子。谁不惕然。况陛下新御宝图。将行大典。郊天之仪方设。谒陵之礼未遑。遽有温泉之行。恐失人神之望。臣等谬居荣近。冒死上言。伏乞特罢宸游。曲回天眷。稍待升平之后。别卜游幸之期。则云亭之禅可登。崆峒之驾非远。岂必驱驰一往。竦骇群情。胜境未周。圣躬徒倦。臣等无任恳迫忘躯之至。谨诣东上閤门奏状以闻。伏候敕旨。","周相录《元稹年谱新编》，上海古籍出版社版2004年版，第183页",,,,"欧阳丹"
"唐","元稹","元和十五年","820",,,"42","","京畿道","京兆府","长安",,"陕西","西安市",,"108.946306","34.347436","祠部郎中、知制诰","是年，元稹疑作《大合乐赋》，姑系于此。","","《大合乐赋》","Article","","周相录《元稹年谱新编》，上海古籍出版社版2004年版，第184页",,,,"欧阳丹"
"唐","元稹","元和十五年","820",,,"42","","京畿道","京兆府","长安",,"陕西","西安市",,"108.946306","34.347436","祠部郎中、知制诰","是年，为庾承宣之母作祭文。","庾承宣","《祭礼部庾侍郎太夫人文》","Article","祭礼部庾侍郎太夫人文
外孙女婿朝议郎守尚书祠部郎中知制诰元稹。谨以清酌嘉蔬之奠。敢昭告于庾氏太夫人扶风郡太君韦氏之灵。赫赫韦门。祁祁骞骞。蹙蓄峻峙。洛泽清源。公卿委累。贤彦骈繁。金玉不耗。芝兰有根。厥生孟母。德盛教尊。训下以顺。睦族以姻。犹子犹女。惟弟惟昆。至者处者。终无间言。他族之长。岂无丰温。自我均养。人用不怨。佛氏有云。世火焚燔。慧剑断网。摩尼照惛。心焉独得。深入妙门。呜呼。良人早世。素业空存。戒歜以义。为轲避喧。教自髫龀。成于冠婚。郁为重器。瑚琏玙璠。南北台省。东西掖垣。更践迭处。以慰朝昏。孝女视膳。令妇执笄。封崇茅社。抱弄荃荪。陔兰始茂。隙驷俄奔。神不可恃。天何足论。呜呼哀哉。白日入地。画翣罗轩。燎火宵烬。铭旌晓翻。望望踰阈。迟迟改辕。佳城故兆。风树秋原。哀子泣血。行人断魂。稹也幼妇。时惟外孙。合姓异县。谪任遐藩。升堂不及。执纼空敦。伏读哀诔。跪荐芳樽。辞诀有礼。悽怆无垠。呜呼哀哉。伏惟尚飨。","周相录《元稹年谱新编》，上海古籍出版社版2004年版，第184页",,,,"欧阳丹"
"唐","元稹","元和十五年","820",,,"42","","京畿道","京兆府","长安",,"陕西","西安市",,"108.946306","34.347436","祠部郎中、知制诰","是年，议论穆宗闰正月所下之诏，有文记之。","唐穆宗","《钱货议状》","Article","浙东论罢进海味状 其一 钱货议状
奉进止。当今百姓之困。众情所知。减税则国用不充。欲依旧则人困转甚。皆由货轻钱重。徵税暗加。宜令百寮各陈意见。以革其弊。右。闰正月十七日。宰相奉宣进止如前者。臣以为当今百姓之困。其弊数十。不独在于钱货徵税之谓也。既圣问言之。又以为黎庶之重困。不在于赋税之闇加。患在于剥夺之不已。钱货之轻重。不在于议论之不当。患在于法令之不行。今天下赋税一法也。厚薄一概也。然而廉能莅之则生息。贪愚莅之则败伤。盖得人则理之明验也。岂徵税暗加之谓乎。自岭已南。以金银为货币。自巴已外。以盐帛为交易。黔巫溪峡。大抵用水银朱砂缯帛巾帽以相市。然而前人以之理。后人以之扰。东郡以之耗。西郡以之赢。又得人则理之明验也。岂钱重货轻之谓乎。自国家置两税以来。天下之财。限为三品。一曰上供。二曰留使。三曰留州。皆量出以为入。定额以给资。然而节将有进献以市国恩者。有赂遗以买私名者。有藏镪滞帛以贻子孙者。有高楼广榭以炽第宅者。彼之俸入有常也。公私有分也。此何从而得之。又国家置度支转运以来。一则管盐以易货。一则受财以轻费。近制有年进月进之名。有正至三节之献。彼之管盐有常也。受财有数也。此又何从而得之。且百姓国家之百姓也。货财国家之货财也。不足则取之。有馀则舍之。在我而已。又何必授之重柄。假之利权。徇彼之徼恩。成我之怨府哉。今陛下初临亿兆。首问群寮。诚能禁藩镇大臣不时之献。罢度支转运别进之名。绝赂遗之私。节侈靡之俗。峻风宪之举。深赃罪之刑。精覈考课之条。慎选字人之长。若此则不减税而人安。不改法而人理矣。至于古今言钱币之轻重者熟矣。或更大钱。或放私铸。或龟或贝。或皮或刀。或禁埋藏。或禁销燬。或禁器用。或禁滞积。皆可以救一时之弊也。然而或损或益者。盖法有行不行之谓也。臣不敢远徵古證。窃见元和以来。初有公私器用禁铜之令。次有交易钱帛兼行之法。近有积钱不得过数之限。每更守尹。则必有用钱不得加除之榜。然而铜器备列于公私。钱帛不兼于卖鬻。积钱不出于墙垣。欺滥遍行于市井。亦未闻鞭一夫。黜一吏。赏一告讦。坏一蓄藏岂法不便于时耶。盖行之不至也。陛下诚能采古今救弊之方。施赏罚必行之令。则圣祖仁宗之法制何限。前贤后智之议论何穷。岂待愚臣盗窃古人之见。自称革弊之术哉。谨录奏闻。伏听敕旨。","周相录《元稹年谱新编》，上海古籍出版社版2004年版，第184页",,,,"欧阳丹"
"唐","元稹","元和十五年","820",,,"42","","京畿道","京兆府","长安",,"陕西","西安市",,"108.946306","34.347436","祠部郎中、知制诰","是年，重议杨子陵所上之奏，有文记之。","唐穆宗","《中书省议赋税及铸钱等状》","Article","中书省议赋税及铸钱等状
右。据中书门下状称。应徵两税。起元和十六年已后。并配端匹斤两之物。以为税额。不用计钱。令其折纳。仍约元和十五年徵纳布帛等估回计者。伏以两税不纳见钱。百姓诚为稳便。或虑土宜不等。恐须更有商量。请令天下州县。有山野溪洞无布帛丝绵之处。得以九谷百货。一物已上。但堪本处交易用度者。并许折纳。便充留州留使钱数。仍令依当处堪纳两税匹段及杂货估价计折输纳。给用之时。并不得令有加揖。臣等又见比来州县。缘不纳见钱。抑令小户数人。并合共成端匹。期会来往。费扰倍多。今请天下州县有贫下户两税数少。情愿输纳见钱者。亦任稳便。若此则上无抑配之名。下有乐输之利。以兹折中。实谓得宜。又据中书门下状称。盐利酒利。本以榷率计钱。有殊两税之名。不可除去钱额。但合纳见钱者。亦请令折纳时估匹段者。伏以粜盐价钱。自有本使收管。不要州县条流。至于榷酒利钱。虽则名目不同。其实出于百姓。今天下十分州府。九分是随两税均配。其中一分置店沽酒。盖是分外诛求。一则厚取疲人。二则严刑检下。上供既有定数。馀利并入使司。事实烦苛。法非画一。今请天下州府榷酒钱。一切据贯配入两税。仍取两贯已上户均配。两贯已下户不在配限。先有置店沽酒处。并请勒停。若此则赋敛无名额之烦。贫富有等差之异。人知定准。吏绝因缘。臣等商量。以此为便。右。据中书门下状。欲令诸道公私铜器。各纳节度团练等使。令本处军人镕铸其铸本请以留州留使钱年支未用物充。待一年后。铸铜器尽勒停。其州府有出铜铅可以广铸处。每年与本充铸者。臣等约计天下百姓有铜器用度者。分数无多。散纳诸使。斤两盖寡。创置炉冶。器具颇繁。一年勒停。并是废物。军人既未素习。镕铸亦恐甚难。又每年留州留使钱额。本约一年用度支留。若待铸得新钱。然遣当州给用。必恐百事久阙。不应时须。臣等商量。请令诸使诸州一切在所。许百姓以铜器折纳税钱。并度支给价收市。每年每季。随便近有监冶处。据数送纳。所冀炉冶无创置之劳。工匠有素习之便。不烦铸本。自有利宜。其州府出铜铅可广铸处。请委诸道有铜铅处长吏。各言利害。具状申陈。参酌众情。然议可否。以前据中书门下奏。请令中书门下两省重议可否奏闻者。臣等谨议如前。谨录奏闻。伏候敕旨。","周相录《元稹年谱新编》，上海古籍出版社版2004年版，第184页",,,,"欧阳丹"
"唐","元稹","元和十五年","820",,,"42","","京畿道","京兆府","长安",,"陕西","西安市",,"108.946306","34.347436","祠部郎中、知制诰","是年，作墓志铭。","","《唐故京兆府盩厔县尉元君墓志铭》","Article","唐故京兆府盩厔县尉元君墓志铭
唐盩厔县尉讳某字某姓元氏。于有魏昭成皇帝为十四世孙。曾曰尚食奉御某。祖曰绵州长史赠太子宾客某。父曰都官郎中岳州刺史某。母曰某望阎夫人。妻曰陇西李氏女。子曰某曰某。女曰某。君始以荫入仕。四仕为盩厔尉。丁太夫人忧。遂不复仕。享年五十五。以疾殁于衢州。元和十五年四月某日。归祔于咸阳县之某乡某里。君少孤力学。通五经书。善鼓琴。能为五言七言近体诗。事亲愉愉然。终身不忘婴儿之慕。奉兄恭恭然。若童子之爱敬。临弟侄妻子煦煦然。穷年无愠厉。居官以谨廉。贞顺而仁爱。寮友之悍诞鄙异者。游于君。则必怡然。无自疑于我矣。呜呼。总是数者。非古之所谓淑人君子欤。不寿不达。命适然也。是月二十一日。犹子晦跪于予曰。某日孤子震襄祔事。请铭于季父。由是铭。铭曰。或仁而夭。或鄙而寿。天乎不识。人乎安究。我之北原。五世其墓。子子孙孙。前后左右。殁有令人。乃克来祔。斯焉克终。亦又何疚。","周相录《元稹年谱新编》，上海古籍出版社版2004年版，第184页",,,,"欧阳丹"
"唐","元稹","元和十五年","820",,,"42","","京畿道","京兆府","长安",,"陕西","西安市",,"108.946306","34.347436","祠部郎中、知制诰","是年，代人作状。","","《贺将诞日德音状》","Article","贺降诞日德音状
右。臣等伏奉今日敕旨。以降诞之辰。奉迎皇太后宫中上寿。获申欢慰。宜集百寮。及外命妇进名贺。皇太后仍御光顺门内殿。与百寮相见。便永为常式者。伏以降圣嘉辰。承天令节。新恩肇降。品汇咸休。皇太后念枢星之祥。重游甲观。群执事排阊阖而入。尽唱赓歌。同沾就日之荣。实庆溥天之乐。况百官承式。万岁传声。永为利见之规。弥荷无穷之泽。臣等谬参枢务。亲奉德音。庆忭之诚。倍万常品。无任鼓舞欢呼之至。","周相录《元稹年谱新编》，上海古籍出版社版2004年版，第185页",,,,"欧阳丹"
"唐","元稹","元和十五年","820",,,"42","","京畿道","京兆府","长安",,"陕西","西安市",,"108.946306","34.347436","祠部郎中、知制诰","是年，议论穆宗闰正月所下之诏，有状。","唐穆宗","《钱重物轻议》","Article","钱重物轻议
右。臣伏见中书门下牒。奉进止。以钱重物轻。为病颇甚。宜令百寮各随所见。作利害状类会奏闻者。臣备位有司。谬总邦计。权物变弊。职分所当。固合经心。自思上达。岂宜待问。方始启谋。臣伏以作法于人。必求适中。苟非济众。是作不臧。所以夙夜寘怀。重难其术。伏奉制旨。旁采庶寮。臣实有司。敢不知愧。既不早思所见。上沃圣聪。今乃备数庶官。肩随奏议。无乃失有司奉职之体。负尸位素餐之责。况道谋孔多。是用不集。盈庭之言。自古所知。至于业广即山税徵谷帛。发公府之朽贯。禁私室之滞藏。使泉流必通。物定恒价。群议所共。指事皆然。但在陛下行之。有司遵守利害之说。自足可徵。若使将广引古今。诞饰词辩。有齐画饼。无益国经。恐重空文。不敢轻议。谨议。","周相录《元稹年谱新编》，上海古籍出版社版2004年版，第185页",,,,"欧阳丹"
"唐","元稹","元和十五年","820",,,"42","","京畿道","京兆府","长安",,"陕西","西安市",,"108.946306","34.347436","祠部郎中、知制诰","是年，议举县令，有文。","唐穆宗","《中书省议举县令状》","Article","中书省议举县令状
吏部重奏举荐县令节文。右。吏部以停年课资之格。取宰邑字人之官。公干强白者。拘以考浅。疾废耄聩者。得在选中。倒置是非。无甚于此。朝廷将欲渐去其弊。所以特设举荐之科。明诏既行。起请寻下。有司再议釐革。何以取信于人。据吏部云。增加新户。开垦荒田。已是考课旧条。狱绝系囚。冤人申雪。亦是正途常事。举寮吏不法。恐生告讦之风。有利益公家。又未指陈其目。选授者例无异绩。尚得四考守常。举荐者纵未殊尤。岂可二年便罢。今请但行连坐举主之文。不必更依吏部分外条件。又云。见任官及处士散试官。并请停集。且起家散试。固有才能。见任他官。何妨抚字。若皆限其资历。即与常选何殊。今请除见任县令。其馀并令赴集。又云。检勘榜样。剥放程式。及试书判。并请准平选人例处分。若此则案牍之吏。得肆奸欺。书判虽工。何关政术。有同减选赴集。岂是特举与官。今请应举荐人。量纳文状。便令注拟。亦不在剥放及试书判之限。又云。并请注破碎之县。责其效实。本举良能。冀蒙优奖。皆居破碎之处。恐同贬降之条。以前数件。盖恐不可施行。伏请但依起请节文处分。仍请据今年县令员。先尽举荐人数。留有馀。然后许注拟平选人等。冀将允当。同前五舍人同署。","周相录《元稹年谱新编》，上海古籍出版社版2004年版，第185页",,,,"欧阳丹"
"唐","元稹","元和十五年","820",,,"42","","京畿道","京兆府","长安",,"陕西","西安市",,"108.946306","34.347436","祠部郎中、知制诰","是年，元稹参奉唐穆宗，得用奉赠，作文。","唐穆宗","《告赠皇考黄妣文》","Article","告赠皇考皇妣文
嗣子稹等。谨以常馔嘉蔬之奠。敢昭告于皇考赠右散骑常侍皇妣赠荥阳郡太君。今皇帝二月五日制书。泽被幽显。小子稹。参奉班荣。得用封赠。越七月二十八日。乃诏先夫人曰荥阳郡太君。洎八月之九日。复诏先府君曰右散骑常侍。祗命陨越。哀号不逮。追念顾复。若亡生次。惟积洎稹。幼遭闵凶。积未成童。稹生八岁。蒙騃孩稚。昧然无识。遗有清白。业无樵苏。先夫人备极劳苦。躬亲养育。截长补败。以御寒冻。质价市米。以给晡旦。依倚舅族。分张外姻。奉祀免丧。礼无遗者。始亡兄集。得尉兴平。然后衣服饮食之具。粗有准常。而犹卑薄俭贫。给不暇足。慈训备至。不肖乃立。积初一命。稹始奉朝。供养未遑。奄忽遗弃。衅罪不死。重罗缨裳。迁换因循。遂阶荣位。大有车马。丰有俸秩。书扇虽存。旧老已尽。顾是所有。将焉用之。呜呼。生我者父母。享此者妻子。勤悴者兄嫂。优馀者婢仆。追孝不过于一奠。荐宠不过于扬名。哀哀劬劳。亦又何报。摧殒裂。酸伤五情。谨于先太君载诞之日。祗告赠典。并焚黄制以献。号慕莫及。痛毒肝心。伏惟尚飨。","周相录《元稹年谱新编》，上海古籍出版社版2004年版，第185页",,,,"欧阳丹"
"唐","元稹","元和十五年","820",,,"42","","京畿道","京兆府","长安",,"陕西","西安市",,"108.946306","34.347436","祠部郎中、知制诰","是年，代萧俛作表。","萧俛","《为萧相谢追赠祖父祖妣亡父表》","Article","为萧相谢追赠祖父祖妣亡父表
恩波下济。泽被穷泉。天眷旁临。日闻幽穸。臣某中谢。臣祖臣父。或勋或贤。义著族姻。名书国籍。逮臣不肖。有累前人。妄继元成之官。实愧仲弓之德。自陛下遣臣待罪宰相。不能有以匡逮圣明。龌龊知惭。屏营失据。常恐孔悝铭鼎。折足可期。于启闾门。构堂无所。岂谓偶逢昌运。幸沐殊私。赦臣致寇之辜。念臣积善之本。追崇祖祢。锡命官封。子道有光。升卿之言果验。孙谋表庆。令伯之报方申。海岳恩深。涓埃效浅。彷徨自顾。跼蹐何安。无任感德忘躯之至。","周相录《元稹年谱新编》，上海古籍出版社版2004年版，第186页",,,,"欧阳丹"
"唐","元稹","元和十五年","820",,,"42","","京畿道","京兆府","长安",,"陕西","西安市",,"108.946306","34.347436","祠部郎中、知制诰","是年，代萧俛作状。","萧俛","《为萧相谢告身状》","Article","为萧相谢告身状
右。中使某乙至。奉宣进止。赐臣某官告身一通者。凤衔真诰。虬捧天书。锦帙金笺。霞光日照。臣闻高宗命说。乃申纳诲之词。大舜相龙。爰有堲谗之训。空闻简策。未焕缣缃。岂臣宠荣。而足为谕。惭惶增惧。进退难安。拜受恩光。战汗交集。无任感戴殊私之至。","周相录《元稹年谱新编》，上海古籍出版社版2004年版，第186页",,,,"欧阳丹"
"唐","元稹","元和十五年","820",,,"42","","京畿道","京兆府","长安",,"陕西","西安市",,"108.946306","34.347436","祠部郎中、知制诰","是年，为萧俛作状。","萧俛","《为萧相国谢太夫人国号高身状》","Article","为萧相国谢太夫人国号告身状
右。某月日某乙奉宣恩旨。赐臣母前件告身。恩光灼耀。捧戴兢惶。对扬天休。无任战越。臣家传儒素。母实劬劳。每织屦以资臣宦游。尝断织以勉臣师学。念臣庸昧。本望非高。所希捧檄之荣。敢萌开国之庆。陛下恩加望外。简自宸衷。石窌封疆。已光于万业。蕊珠文字。重降于九霄。朝野谓之殊私。宗族以为荣观。臣及臣母。以抃以欢。誓将斋戒洗心。永奉真人之诰。缄縢在笥。深藏大帝之符。宝过金籯。瑞同鹊印。蓼萧知感。雨露难酬。无任抃跃兢惧之至。","周相录《元稹年谱新编》，上海古籍出版社版2004年版，第186页",,,,"欧阳丹"
"唐","元稹","元和十五年","820",,,"42","","京畿道","京兆府","长安",,"陕西","西安市",,"108.946306","34.347436","祠部郎中、知制诰","是年，为元莫之作墓志铭。","元莫之","《唐故建州蒲城县尉元君（莫之）墓志铭》","Article","唐故建州浦城县尉元君墓志铭
君讳某。字莫之。有魏昭成皇帝十七世而生某官某。君即某官之次子也。少孤。母曰渤海封夫人。提捧教训。不十四五。其心卓然。读书为文。举进士。每岁抵刺史以上。求与计去。且取衣食之资以供养。意义渐闻于朋友间。无何。宗侄义方观察福建。子幼道远。自孤其行。拜言勤求。请君俱去。太夫人曰。吾有尔兄养吾足矣。尔其遂行。旋受建州浦城尉。宗侄之心腹耳目之重。以至闺门之令。尽寄于君。上下不怨。诚且尽也。又无何。宗侄观察鄜坊。君亦俱去。心腹耳目之寄皆如初。宗侄殁。子公庆号骇迷谬无所据。君自始至卒任持之。公庆事公虽及喜愠不敢专。元和中。丁封夫人丧。痛毒哽咽。结气膏肓。既免丧。卒不散。十五年八月二日。终于京城南。享年五十八。公庆襄其事。夫人濮阳吴氏。贤善恭干。生一女。女亦惠和。夭君前累月。呜呼。吴夫人可谓生人太苦矣。子与君伯季之间。十岁相得。师学然诺。出入宴游。无不同也。及逾三十年。予亦窃位偷名。官进不已。然而终无濡缕之力及君。君何足悲。适自悲耳。铭曰。维元和庚子十一月之四日。四禽交加六神没。吁嗟元君归此室。","周相录《元稹年谱新编》，上海古籍出版社版2004年版，第186页",,,,"欧阳丹"
"唐","元稹","元和十五年","820",,,"42","","京畿道","京兆府","长安",,"陕西","西安市",,"108.946306","34.347436","祠部郎中、知制诰","是年，兴元奉天功臣及蔡郓立功将士，更赐勋爵，作制。","唐穆宗","《诸使收淄青叙录将士等授官爵勋制》","Article","诸使收淄青叙录将士等授官爵勋制
某等能执干戈。讨定逋孽。功懋懋赏。厥惟旧哉。分命庶官。秩建五等。次用于十有二勋。式示等威。盖以劳之小大为上下也。","周相录《元稹年谱新编》，上海古籍出版社版2004年版，第186页",,,,"欧阳丹"
"唐","元稹","元和十五年","820",,,"42","","京畿道","京兆府","长安",,"陕西","西安市",,"108.946306","34.347436","祠部郎中、知制诰","是年，圣上追封李逊母崔氏，起草诰命。","唐穆宗","《追封李逊母崔氏博陵郡太君》","Article","","周相录《元稹年谱新编》，上海古籍出版社版2004年版，第186页",,,,"欧阳丹"
"唐","元稹","元和十五年","820",,,"42","","京畿道","京兆府","长安",,"陕西","西安市",,"108.946306","34.347436","祠部郎中、知制诰","是年，圣上追封李逢吉母王氏，起草诰命。","唐穆宗","《追封李逢吉母王氏等》","Article","追封李逢吉母王氏等制
敕。孝子之于事亲也。贫则有啜菽之欢。仕则有捧檄之庆。离则有陟圯之叹。殁则有累茵之悲。推而言之。其揆一也。不有追锡。何以达情。检校吏部尚书使持节襄州刺史李逢吉母赠平阳郡太夫人王氏等。皆朕公卿之母也。或象感台阶。生申及甫。或气钟河岳。非龚则黄。出入恩荣。羽仪中外。苟无善训。安得令人。简想徽猷。用宏封邑。式光子道。以盛母仪。可依前件。","周相录《元稹年谱新编》，上海古籍出版社版2004年版，第186页",,,,"欧阳丹"
"唐","元稹","元和十五年","820",,,"42","","京畿道","京兆府","长安",,"陕西","西安市",,"108.946306","34.347436","祠部郎中、知制诰","是年，知制诰，起草《赠韦审规父渐等》。","唐穆宗","《赠韦审规父渐等》","Article","赠韦审规等父制
敕。朕嗣立之二月五日。在宥天下。泽被幽显。凡百执事。延崇于先。而守尚书左司郎中韦审规父大理卿渐等。生有列爵。殁有懿行。积德于身。庆储于后。嘉乃令子。为吾望郎。遂可有司之奏。以锡先臣之命。可依前件。","周相录《元稹年谱新编》，上海古籍出版社版2004年版，第186页",,,,"欧阳丹"
"唐","元稹","元和十五年","820",,,"42","","京畿道","京兆府","长安",,"陕西","西安市",,"108.946306","34.347436","祠部郎中、知制诰","是年，知制诰，起草《令狐楚等加阶》。","唐穆宗","《令狐楚等加阶》","Article","令狐楚等加阶制
门下。朕闻君法天大。臣体君命。数名等威。上下以两。昔汉丞相金印紫绶。黄扉黑轓。亦所以异车服于百辟也。今朕宰相阶级不称。甚无谓焉。既当行庆之恩。宜用加崇之典。守门下侍郎同中书门下平章事赐紫金鱼袋令狐楚。端慎严恪。夙夜在公。按度悬衡。守而不失。守中书侍郎同中书门下平章事赐紫金鱼袋萧俛。深敏敬恭。寤寐思理。伏蒲焚稿。知无不为。守中书侍郎同中书门下平章事赐紫金鱼袋段文昌。坦易坚白。风雨有常。推贤举能。如恐不及。咨汝三后。弼子一人。汝为股肱耳目以赉子。予敷心腹肾肠以告汝。汝其一乃志以奉上。周乃惠以接下。敬乃事以临官。是三者孙叔敖尝用之于楚矣。位愈高而□愈戴。禄愈厚而人愈怀。夫以朕之不敏不明。尚克用济。实赖吾二三臣朝夕之诲。诗云。无言不酬。无德不报。爰因进等之诏。用申交警之词。各竭乃诚。同底于道。康天下。平泰阶。而后越级之赐行焉。兹谓叙常。非以为报。楚可太中大夫。俛可朝议大夫。文昌可中散大夫。馀各如故。","周相录《元稹年谱新编》，上海古籍出版社版2004年版，第186页",,,,"欧阳丹"
"唐","元稹","元和十五年","820",,,"42","","京畿道","京兆府","长安",,"陕西","西安市",,"108.946306","34.347436","祠部郎中、知制诰","是年，知制诰，起草《王仲舒等加阶》。","唐穆宗","《王仲舒等加阶》","Article","王仲舒等加阶制
门下。阶陛所以升堂奥也。历清贯者。亦由是而登进焉。国朝由散官而命为大夫者凡十一等。以银青朝散为名者。非我特制。则不克授。盖门户有棨戟之荣。腰佩有龟緺之异也。朝议郎守中书舍人王仲舒等。或历职清近。代予格言。或分命藩方。宣我程品。或悬车以请老。或持节以临人。或亲或能。或劳或久。皆承霈泽之庆。宜当并命之荣。凡尔四十有三人。各服我休命。并朝散大夫。馀如故。","周相录《元稹年谱新编》，上海古籍出版社版2004年版，第186页",,,,"欧阳丹"
"唐","元稹","元和十五年","820",,,"42","","京畿道","京兆府","长安",,"陕西","西安市",,"108.946306","34.347436","祠部郎中、知制诰","是年，知制诰，起草《李逢吉等加阶》。","唐穆宗","《李逢吉等加阶》","Article","李逢吉等加阶制
某官李逢吉。是朕皇子时侍读也。忠孝之训。何尝忘之。惟秘洎瓘。实为藩臣。克壮威猷。用以垣翰。杨造等祗事内外。夙夜惟寅。并沐前恩。递升荣级。上下有等。式示彝章。","周相录《元稹年谱新编》，上海古籍出版社版2004年版，第187页",,,,"欧阳丹"
"唐","元稹","元和十五年","820",,,"42","","京畿道","京兆府","长安",,"陕西","西安市",,"108.946306","34.347436","祠部郎中、知制诰","是年，知制诰，起草《武儒衡等加阶》。","唐穆宗","《武儒衡等加阶》","Article","武儒衡等加阶制
某乙等。古人以朝散大夫为荣。是以自矜于歌咏。况今由是级者。则服色骤加。诚足贵矣。儒衡等皆吾内外之臣。并在贤能之选。顷因庆泽。第许崇阶。朕不食言。勉当嘉命。","周相录《元稹年谱新编》，上海古籍出版社版2004年版，第187页",,,,"欧阳丹"
"唐","元稹","元和十五年","820",,,"42","","京畿道","京兆府","长安",,"陕西","西安市",,"108.946306","34.347436","祠部郎中、知制诰","是年，知制诰，起草《胡证等加阶制》。","唐穆宗","《胡证等加阶制》","Article","胡证等加阶制
门下。宁远将军兼左金吾卫大将军御史大夫充左街使赐紫金鱼袋胡证等。近古赦天下。则勋秩阶爵。因缘而行。亦欲与卿大夫同美利也。尔等率其属部。分义甚明。皆吾劳臣。是有恩奖。益进荣级。宜其允恭。","周相录《元稹年谱新编》，上海古籍出版社版2004年版，第187页",,,,"欧阳丹"
"唐","元稹","元和十五年","820",,,"42","","京畿道","京兆府","长安",,"陕西","西安市",,"108.946306","34.347436","祠部郎中、知制诰","是年，知制诰，起草《授郑涵尚书考功郎中冯宿刑部郎中制》。","唐穆宗","《授郑涵尚书考功郎中冯宿刑部郎中制》","Article","授郑涵尚书考功郎中冯宿刑部郎中制
敕。二帝三王之所以仁声无穷。绩用明而刑罚当也。尚书郎专是两者。畴将若予。佥曰前国子博士充史馆修撰郑涵。文无害。可以彰善恶。守歙州刺史冯宿。思无邪。可以尽哀敬。庶尹百吏之能否。四海九州之性命。用汝参断。汝其戒之。夫刻则害善。放则利淫。滞则不通。流则自挠。惟是四者。时考之难。亟则失情。缓则留狱。深则碍恕。纵则生奸。惟是四者。时行之难。八者不乱。然后可以有志于理矣。朕所注意。尔其尽心。涵可考功郎中。宿可刑部郎中。馀并如故。","周相录《元稹年谱新编》，上海古籍出版社版2004年版，第187页",,,,"欧阳丹"
"唐","元稹","元和十五年","820",,,"42","","京畿道","京兆府","长安",,"陕西","西安市",,"108.946306","34.347436","祠部郎中、知制诰","是年，知制诰，起草《元藇杭州刺史等》。","唐穆宗","《元藇杭州刺史等》","Article","授元藇等馀杭等州刺史制
敕。饶州刺史元藇等。自天子至于侯甸男邦。大小之势不同。子育黎元。其揆一也。是以郎官出宰百里。牧守入为三公。此所以前代称理也。近俗偷末。倒置是非。省寺以地望自高。郡县以势卑自劣。盘牙不解。稂莠不除。比比有之。患由此起。今馀杭钟离新安顺政。三有财用。一邻戎狄。将有所授。每难其人。以藇之理课甄明。以宏度之奏议详允。以元亮之学古从政。以公逵之守道立身。佥命为邦。庶可胜残而去杀矣。敬奉诏条。用慰茕独。可依前件。","周相录《元稹年谱新编》，上海古籍出版社版2004年版，第187页",,,,"欧阳丹"
"唐","元稹","元和十五年","820",,,"42","","京畿道","京兆府","长安",,"陕西","西安市",,"108.946306","34.347436","祠部郎中、知制诰","是年，知制诰，起草《赵真长等加官制》。","唐穆宗","《赵真长等加官制》","Article","赵真长等加官制
敕。臣藩洎逢吉尚书于陵所请剑南西川节度判官某官赵真长等。皆以文学政事。得参公选。观其列状。尉荐甚勤。人各有志。朕无不可。矧以羊祜之风流尽在。文翁之学校复兴。咨尔真长等。无替令猷。勉当毗赞。淮河之师旅近息。荆江之赋入素殷。咨尔应等。无瘝厥官。以扰生聚。各扬乃职。用副朕怀。真长可行某官。依前充职。应可某官。充户部巡官。勾当河南□□等道两税。馀如故。","周相录《元稹年谱新编》，上海古籍出版社版2004年版，第187页",,,,"欧阳丹"
"唐","元稹","元和十五年","820",,,"42","","京畿道","京兆府","长安",,"陕西","西安市",,"108.946306","34.347436","祠部郎中、知制诰","是年，知制诰，起草《齐煚饶州刺史王堪澧州刺史》。","唐穆宗","《齐煚饶州刺史王堪澧州刺史》","Article","授齐煚饶州刺史王堪澧州刺史制
敕。尚书刑部郎中齐煚岳州刺史王堪等。隶江之西。饶为沃野。澧亦旁荆之剧郡。而鄱阳有镕银撷茗之利。俗用剽轻。政无刑威。盗贼多有。沅湘间沉怨抑激。有屈原遗风。吏无廉平。人用愁苦。惟尔煚洎堪等。皆践台阁。亟历名部。号为良能。俾分两地之忧。伫听二天之谚。煚可使持节饶州刺史。堪可使持节澧州刺史。馀如故。","周相录《元稹年谱新编》，上海古籍出版社版2004年版，第187页",,,,"欧阳丹"
"唐","元稹","元和十五年","820",,,"42","","京畿道","京兆府","长安",,"陕西","西安市",,"108.946306","34.347436","祠部郎中、知制诰","是年，知制诰，起草《郭钊等转勋》。","唐穆宗","《郭钊等转勋》","Article","郭钊等转勋制
粤若十有二勋。以驭亲贤。以诏劳旧。以稽秩序。以行庆赐。而刑部尚书兼司农卿郭钊。实我元舅。寅亮朕躬。傅师洎肇。共司子言。发扬书命。倰贰教官。长财善物。证居环尹。夜警昼巡。堪致厥政。时惟旧老高阳而下五十有六人。分命内外。祗勤于理。越二月。发大号于天下。延宠庶官。锡尔崇勋。无替嘉命。","周相录《元稹年谱新编》，上海古籍出版社版2004年版，第188页",,,,"欧阳丹"
"唐","元稹","元和十五年","820",,,"42","","京畿道","京兆府","长安",,"陕西","西安市",,"108.946306","34.347436","祠部郎中、知制诰","是年，知制诰，起草《王沂河南府永宁县令等》。","唐穆宗","《王沂河南府永宁县令等》","Article","授王沂河南府永宁县令范传规陜州安邑县令制
敕。前汴宋亳颍等州观察推官殿中侍御史内供奉赐绯鱼袋王沂前宣武军节度推官监察御史里行范传规等。比制诸侯吏。府罢则归之有司。以第叙常秩。近或不时以闻。谬异前诏。朕申明之。以复故典。而去岁司徒宏。以沂等入觐。因献其能。越在后庚之前。且宠上台之请。命汝好爵。时予加恩。勉字邦畿。无虐黎献。沂可河南府永宁县令。传规可陕州安邑县令。馀如故。","周相录《元稹年谱新编》，上海古籍出版社版2004年版，第188页",,,,"欧阳丹"
"唐","元稹","元和十五年","820",,,"42","","京畿道","京兆府","长安",,"陕西","西安市",,"108.946306","34.347436","祠部郎中、知制诰","是年，知制诰，起草《王元琬银州刺史》。","唐穆宗","《王元琬银州刺史》","Article","授王元琬银州刺史制
敕。夏绥银等州节度都虞候检校太子詹事王元琬。河朔之间。丰有水草。内附诸夷。多以畜扰为事。吏二千石巳上。皆能拊循。竞致侵削。藉其蹄角齿毛之异。廉者半价而买。贪者豪夺其良。困于诛求。起为盗贼。朕甚患焉。近以戎臣祐旁领四郡。奉宣诏条。祐以元琬佥曰公干。乞为圁阴。罔或不臧。贻祐之耻。可使持节都督银州刺史充本州押蕃落使。馀如故。","周相录《元稹年谱新编》，上海古籍出版社版2004年版，第188页",,,,"欧阳丹"
"唐","元稹","元和十五年","820",,,"42","","京畿道","京兆府","长安",,"陕西","西安市",,"108.946306","34.347436","祠部郎中、知制诰","是年，知制诰，起草《授杜叔良左领军卫大将军制》》。","唐穆宗","《授杜叔良左领军卫大将军制》","Article","授杜叔良左领军卫大将军制
敕。十二卫大将军。典掌禁旅。张皇六师。犹藩垣之捧宸极也。为任不细。是以出则授以弧矢。驱犬羊于虏庭。入则委以爪牙。领貔貅于魏阙。中外递用。佥谓恩荣。前朔方灵盐定远等城节度副大使知节度事观察处置押蕃落等使元从奉天定难功臣开府仪同三司检校工部尚书兼灵州大都督府长史大夫上柱国安定郡王食邑三千户杜叔良。将门之子。不坠弓裘。颇阅诗书。素明韬略。顷以五原近寇。御侮才难。遂俾驱攘。实资毅勇。星霜屡换。节制斯勤。虽不立奇功。而无忘慎固。尚多毗倚。乃命徼巡。勉服新恩。以彰前效。可骠骑大将军行左领军卫大将军。元从功臣勋封如故。","周相录《元稹年谱新编》，上海古籍出版社版2004年版，第188页",,,,"欧阳丹"
"唐","元稹","元和十五年","820",,,"42","","京畿道","京兆府","长安",,"陕西","西安市",,"108.946306","34.347436","祠部郎中、知制诰","是年，知制诰，起草《李光颜加阶》。","唐穆宗","《李光颜加阶》","Article","李光颜加阶制
门下。朕闻有天下者。道德仁义以为理。城郭沟池以为固。故曰不教人战。是谓弃之。有备无患。可以应卒。此先王驱攘戎狄保障黎元之大略也。五原居有夏灵庆之中。当蛇豕豺狼之突。将扼咽喉之要。爰命腹心之臣。厥有成功。宜膺茂典。邠宁庆等州节度观察处置等使金紫光禄大夫检校司空兼邠州刺史上柱国武威郡开国公李光颜。气敌三军。心师百行。有卞庄之勇。守之以仁。有日磾之诚。济之以武。叱咤则风云回合。閒宴则樽俎周旋。盖文武之令才。真古今之良将。是以淮蔡之役。百胜功高。青齐之师。一面居最。朕以萧关尚警。马岭犹虞。五饵之诈可羞。百雉之城爰度。先是属役。每难其人。惟尔良能。果谐予愿。程功而不愆于素。讫事而不劳于人。比命有司。褒乃实力。佥曰古诸侯勋德优盛。则就加特进以宠之。我国家封植崇重。有朝请一字以异之。子嘉乃勤。兼用两者。兹谓上赏。尔惟钦哉。可特进。馀如故。","周相录《元稹年谱新编》，上海古籍出版社版2004年版，第188页",,,,"欧阳丹"
"唐","元稹","元和十五年","820",,,"42","","京畿道","京兆府","长安",,"陕西","西安市",,"108.946306","34.347436","祠部郎中、知制诰","是年，知制诰，起草《赠裴行立左散骑常侍》。","唐穆宗","《赠裴行立左散骑常侍》","Article","赠赙裴行立制
敕。秦郡守分土疆以牧人。汉刺史乘轺车而按部。兼是两者。才唯艰哉。而况于镇定远荒。经略逋寇。毗倚方切。忽焉薨殂。不有追崇。曷彰悯悼。故朝散大夫持节桂州刺史兼御史中丞裴行立。积德之门。代济英哲。班超奋笔。志在功名。郦寄秉心。义先忠孝。累及事任。益见良能。龚遂著称于潢池。处默去思于交趾。遗风尚在。锡命宜加。宠以貂蝉。赙之谷帛。用光幽穸。式慰营魂。可赠左散骑常侍。赙布帛三百段。米粟二百石。仍委度支逐便支送。","周相录《元稹年谱新编》，上海古籍出版社版2004年版，第189页",,,,"欧阳丹"
"唐","元稹","元和十五年","820",,,"42","","京畿道","京兆府","长安",,"陕西","西安市",,"108.946306","34.347436","祠部郎中、知制诰","是年，知制诰，起草《萧俛等加勋》。","唐穆宗","《萧俛等加勋》","Article","萧俛等加勋制
某等。越正月。惟朕宪考集大命于朕躬。宅忧昏逾。罔克攸济。惟尔俛屡赞大仪。以诏予一人。惟尔文昌作策度以道扬末命。俾小子审训弗违。时乃之休。王功曰勋。兹用报汝。尚克纳诲。毋忘协心。铭于太常。永作元辅。","周相录《元稹年谱新编》，上海古籍出版社版2004年版，第189页",,,,"欧阳丹"
"唐","元稹","元和十五年","820",,,"42","","京畿道","京兆府","长安",,"陕西","西安市",,"108.946306","34.347436","祠部郎中、知制诰","是年，知制诰，起草《萧俛等封爵》。","唐穆宗","《萧俛等封爵》","Article","萧俛等加封爵制
门下。列爵惟五。所以褒有德也。朝议大夫守门下侍郎同中书门下平章事上骑都尉袭徐国公赐紫金鱼袋萧俛等。外抚四夷。内顺百度。同德比义。以尧舜之道事予。厥惟懋哉。遂行益地之诏。俛乃让封于弟。亦协推恩。开国承家。永绥厥后。惟克恭敬。以和神人。","周相录《元稹年谱新编》，上海古籍出版社版2004年版，第189页",,,,"欧阳丹"
"唐","元稹","元和十五年","820",,,"42","","京畿道","京兆府","长安",,"陕西","西安市",,"108.946306","34.347436","祠部郎中、知制诰","是年，知制诰，起草《崔郾授谏议大夫》。","唐穆宗","《崔郾授谏议大夫》","Article","授崔郾谏议大夫制
敕。朝散大夫守尚书吏部郎中上护军崔郾。昔我太宗文皇帝以魏徵为人镜。而奸胆形于下。逆耳闻于上。及徵没。而犹叹过失之不闻。夫以朕之不敏不明。托于人上。月环其七。而善恶蔑闻。岂谏争之臣。未尽规于不德耶。朕甚惧焉。以尔郾端厚诚明。济之文学。柔而能立。谦而逾光。命汝弼予。式冀无过。于戏。宋景公一诸侯耳。而陈星退之词。齐威王独何人哉。能辨日闻之佞。尔其极谏。朕不漏言。可守谏议大夫。馀如故。","周相录《元稹年谱新编》，上海古籍出版社版2004年版，第189页",,,,"欧阳丹"
"唐","元稹","元和十五年","820",,,"42","","京畿道","京兆府","长安",,"陕西","西安市",,"108.946306","34.347436","祠部郎中、知制诰","是年，知制诰，起草《授张籍秘书郎制》。","唐穆宗","《授张籍秘书郎制》","Article","授张籍秘书郎制
敕。张籍。传云。王泽竭而诗不作。又曰。采诗以观人风。斯亦警予之一事也。以尔籍雅尚古文。不从流俗。切磨讽兴。有政经。而又居贫宴然。廉退不竞。俾任石渠之职。思闻木铎之音。可守秘书郎。","周相录《元稹年谱新编》，上海古籍出版社版2004年版，第189页",,,,"欧阳丹"
"唐","元稹","元和十五年","820",,,"42","","京畿道","京兆府","长安",,"陕西","西安市",,"108.946306","34.347436","祠部郎中、知制诰","是年，知制诰，起草《论倚忻州刺史》。","唐穆宗","《论倚忻州刺史》","Article","授论倚忻州刺史制
敕。前使持节守忻州刺史赐紫金鱼袋论倚。日者议镇之劳。例皆甄奖。有吏姚泌。早闻其勤。因以泌为忻州刺史。会泌隐恶彰败。不终其任。司空度上言。前刺史倚。忻人怀之。复换他守。人用不协。遂仍命尔。以便于忻。勉居旧邦。无替前效。可使持节忻州刺史。","周相录《元稹年谱新编》，上海古籍出版社版2004年版，第189页",,,,"欧阳丹"
"唐","元稹","元和十五年","820",,,"42","","京畿道","京兆府","长安",,"陕西","西安市",,"108.946306","34.347436","祠部郎中、知制诰","是年，知制诰，起草《崔蔇等检都官员外郎兼侍御史》。","唐穆宗","《崔蔇等检都官员外郎兼侍御史》","Article","授崔蔇等检校都官员外郎兼侍御史制
敕。崔蔇等。自元和以来。有大勋烈于天下。先帝赉予以保衡者。惟司空度。度亦齐慄祗畏。不自满大。慎简其属。毗于厥政。惟蔇及洙。咸在兹选。是用辍我糺察。副其勤求。惟尔敬元旧。佐藩服。效诚于长。议以序迁。峨峨铁冠。皛皛银印。受之以任。其乐所从。","周相录《元稹年谱新编》，上海古籍出版社版2004年版，第189页",,,,"欧阳丹"
"唐","元稹","元和十五年","820",,,"42","","京畿道","京兆府","长安",,"陕西","西安市",,"108.946306","34.347436","祠部郎中、知制诰","是年，知制诰，起草《赠于頔谢》。","唐穆宗","《赠于頔谢》","Article","","周相录《元稹年谱新编》，上海古籍出版社版2004年版，第190页",,,,"欧阳丹"
"唐","元稹","元和十五年","820",,,"42","","京畿道","京兆府","长安",,"陕西","西安市",,"108.946306","34.347436","祠部郎中、知制诰","是年，知制诰，起草《授崔墉等泽潞支使书记制》。","唐穆宗","《授崔墉等泽潞支使书记制》","Article","授崔鄘等监察里行等官制
敕。崔鄘等翱等。近制藩府臣僚。自军司马以下。皆得选任其良。执事者所移异职。而鄘等事。愬以状闻。各以秩迁。毗于新邑。勉尔诚志。俾无尤违。鄘可监察里行充泽潞等州观察支使。翱可协律郎充昭义军书记。","周相录《元稹年谱新编》，上海古籍出版社版2004年版，第190页",,,,"欧阳丹"
"唐","元稹","元和十五年","820",,,"42","","京畿道","京兆府","长安",,"陕西","西安市",,"108.946306","34.347436","祠部郎中、知制诰","是年，知制诰，起草《陈谏循州刺史》。","唐穆宗","《陈谏循州刺史》","Article","授陈谏循州刺史制
敕。封州刺史陈谏。倜傥好奇之士。常患于不慎所从。负累于俗。过而能改。人其舍诸。以尔谏敏于儒学。志于政经。自理临封。寻彰美化。分忧是切。满岁宜迁。始求循吏之才。以抚远方之俗。尔宜树德。朕不记瑕。可使持节循州刺史。","周相录《元稹年谱新编》，上海古籍出版社版2004年版，第190页",,,,"欧阳丹"
"唐","元稹","元和十五年","820",,,"42","","京畿道","京兆府","长安",,"陕西","西安市",,"108.946306","34.347436","祠部郎中、知制诰","是年，知制诰，起草《邵同授太府少卿充吐蕃和好使》。","唐穆宗","《邵同授太府少卿充吐蕃和好使》","Article","","周相录《元稹年谱新编》，上海古籍出版社版2004年版，第190页",,,,"欧阳丹"
"唐","元稹","元和十五年","820",,,"42","","京畿道","京兆府","长安",,"陕西","西安市",,"108.946306","34.347436","祠部郎中、知制诰","是年，知制诰，起草《独孤朗授尚书都官员外郎》。","唐穆宗","《独孤朗授尚书都官员外郎》","Article","授独孤朗尚书都官员外郎韦瓘守右补阙同充史馆修撰制
敕。殿中侍御史充史馆修撰独孤朗左拾遗韦瓘汝等。皆冠圆冠。曳方屦。以儒服事朕。朕甚伟之。朗能彰善瘅恶。属词可观。瓘尝旅进廷争。极言无隐。求所以补朕过失。从而记之。而又书丞相巳下百执事举措。以为来代法。非尔而谁。是用命尔递迁谏列。次补外郎。窜定阙文。裁成义类。此仲尼春秋之职业也。尔等自谓何如哉。其可上下心手于爱恶是非乎。朗可尚书都官员外郎。依前史馆修撰。瓘可守右补阙。充史馆修撰。馀如故。","周相录《元稹年谱新编》，上海古籍出版社版2004年版，第190页",,,,"欧阳丹"
"唐","元稹","元和十五年","820",,,"42","","京畿道","京兆府","长安",,"陕西","西安市",,"108.946306","34.347436","祠部郎中、知制诰","是年，知制诰，起草《赠田弘正父庭玠等》。","唐穆宗","《赠田弘正父庭玠等》","Article","","周相录《元稹年谱新编》，上海古籍出版社版2004年版，第190页",,,,"欧阳丹"
"唐","元稹","元和十五年","820",,,"42","","京畿道","京兆府","长安",,"陕西","西安市",,"108.946306","34.347436","祠部郎中、知制诰","是年，知制诰，起草《赠田弘正母郑氏等》。","唐穆宗","《赠田弘正母郑氏等》","Article","赠田宏正母郑氏等制
门下。检校司徒田宏正母赠韩国太夫人郑氏等。诗云。哀哀父母。生我劬劳。欲报之德。昊天罔极。子欲养而亲不待之词也。朕有臣宏正等。皆社稷之臣也。或寄重股肱。或亲连肺腑。而克忠于国。克孝于家。歌康公念母之诗。感日磾见图而泣。朕方推广孝。以阐大猷。乃诏有司。深惟赠典。若曰幽魏并扬。实镇之大。既以命于勋贤。齐晋清河。惟号之美。何用光于窀穸。永锡尔类。予何爱焉。呜呼。子为列岳之崇。母用追封之礼。亦可谓生荣死哀。孝子事亲之终也。惟尔钦哉。无或失坠。可依前件。","周相录《元稹年谱新编》，上海古籍出版社版2004年版，第190页",,,,"欧阳丹"
"唐","元稹","元和十五年","820",,,"42","","京畿道","京兆府","长安",,"陕西","西安市",,"108.946306","34.347436","祠部郎中、知制诰","是年，知制诰，起草《崔弘礼郑州刺史》。","唐穆宗","《崔弘礼郑州刺史》","Article","授崔宏礼郑州刺史制
敕。朕读诗至于羔裘缁衣之章。未尝不三复沉吟。盖明有国善善之功。且思舍命不渝之君子也。春秋时。郑多良士。是以师子大叔之政。而群盗之气潜消。闻㯋考叔之言。而孝子之心不匮。山川在地。日月在天。今古虽殊。人存政举。文林郎守相州刺史兼御史中丞赐紫金鱼袋崔宏礼。操心尚气。馀力有文。感慨风云。号为奇士。累更大郡。备有休声。予闻则多。未校其实。侍中宏正以课来上。书为第一。不有升陟。谓之蔽能。得于信臣。子用丕允。郊圻密迩。美恶日闻。尔其歌鸡鸣以自勤。稽风雨以守度。与我共理。副其所知。可使持节郑州刺史。馀如故。","周相录《元稹年谱新编》，上海古籍出版社版2004年版，第191页",,,,"欧阳丹"
"唐","元稹","元和十五年","820",,,"42","","京畿道","京兆府","长安",,"陕西","西安市",,"108.946306","34.347436","祠部郎中、知制诰","是年，知制诰，起草《授卢捷深州长史制》。","唐穆宗","《授卢捷深州长史制》","Article","授卢捷深州长史制
敕。前成德军节度巡官卢捷。朕以镇冀数州之地。刑赏废置。尽委之于宏正。度尔才能。宜为长佐。且愿兼荣。允吾台臣。是用两可。饶阳大邑。无陋厥官。可依前件。","周相录《元稹年谱新编》，上海古籍出版社版2004年版，第191页",,,,"欧阳丹"
"唐","元稹","元和十五年","820",,,"42","","京畿道","京兆府","长安",,"陕西","西安市",,"108.946306","34.347436","祠部郎中、知制诰","是年，知制诰，起草《李愬妻韦氏封魏国夫人》。","唐穆宗","《李愬妻韦氏封魏国夫人》","Article","李愬妻韦氏封魏国夫人制
敕。夫尊于朝。妇贵于室。由古道也。安有邦君之妻。而无汤沐之地乎。凉国公李愬妻韦氏。德宗皇帝之外孙也。笄年事愬。克有令仪。天荫虽高。犹执妇道。持其门户。使愬有姻族之和。奉其蘋蘩。使愬有蒸尝之洁。愬当分阃之际。终无内顾之忧者。由此妇也。今愬积行累功。以致爵位。六迁重镇。名列上台。而韦氏犹彝章。未尝开国。甚不称也。因愬大名之邦。式建小君之号。可封魏国夫人。","周相录《元稹年谱新编》，上海古籍出版社版2004年版，第191页",,,,"欧阳丹"
"唐","元稹","元和十五年","820",,,"42","","京畿道","京兆府","长安",,"陕西","西安市",,"108.946306","34.347436","祠部郎中、知制诰","是年，知制诰，起草《刘师老授右司郎中制》。","唐穆宗","《刘师老授右司郎中制》","Article","授刘师老尚书右司郎中郭行馀守秘书省著作郎制
敕。侍御史内供奉刘师老郭行馀等。曩者刘悟以全齐之地。斩叛来献。惟帝念功。始以鈇钺棨戟。元纛青旗。命悟建行台于郑滑。得置军司马以下官属。妙选贤彦。以司谟猷。师老行馀皆以天子命为悟僚介。会悟迁领他镇。尔等实来。握兰怀芸。皆授清秩。出入甄异。又何加焉。师老可尚书右司郎中。行馀可守秘书省著作郎。馀如故。","周相录《元稹年谱新编》，上海古籍出版社版2004年版，第191页",,,,"欧阳丹"
"唐","元稹","元和十五年","820",,,"42","","京畿道","京兆府","长安",,"陕西","西安市",,"108.946306","34.347436","祠部郎中、知制诰","是年，知制诰，起草《李昆滑州司马》。","唐穆宗","《李昆滑州司马》","Article","李昆可权知滑州司马兼监察御史制
敕。李昆。日者王承元以成德丧师之状来告。尔实将之。能使承元之意上通。朝廷之泽下究。昆有力焉。将议奖劳。是宜迁秩。郡丞宪吏。用表兼荣。","周相录《元稹年谱新编》，上海古籍出版社版2004年版，第191页",,,,"欧阳丹"
"唐","元稹","元和十五年","820",,,"42","","京畿道","京兆府","长安",,"陕西","西安市",,"108.946306","34.347436","祠部郎中、知制诰","是年，知制诰，起草《王炅兼侍御史》。","唐穆宗","《王炅兼侍御史》","Article","","周相录《元稹年谱新编》，上海古籍出版社版2004年版，第191页",,,,"欧阳丹"
"唐","元稹","元和十五年","820",,,"42","","京畿道","京兆府","长安",,"陕西","西安市",,"108.946306","34.347436","祠部郎中、知制诰","是年，知制诰，起草《授王承迪等刺史王府司马制》。","唐穆宗","《授王承迪等刺史王府司马制》","Article","授王承迪等刺史王府司马制
敕。莒王府司马王承迪恭王府咨议参军赐绯鱼袋王承庆等。乃祖乃父。有劳邦家。而承迪等亦效忠于我伯仲叔季。罔漏恩荣。或典方州。或升清贯。惟恐未称。岂碍彝章。兼秩宪台。勉当优异。承迪可守普州刺史。承庆可莒王府司马兼侍御史。赐如故。","周相录《元稹年谱新编》，上海古籍出版社版2004年版，第191页",,,,"欧阳丹"
"唐","元稹","元和十五年","820",,,"42","","京畿道","京兆府","长安",,"陕西","西安市",,"108.946306","34.347436","祠部郎中、知制诰","是年，知制诰，起草《赠王承宗侍中》。","唐穆宗","《赠王承宗侍中》","Article","","周相录《元稹年谱新编》，上海古籍出版社版2004年版，第191页",,,,"欧阳丹"
"唐","元稹","元和十五年","820",,,"42","","京畿道","京兆府","长安",,"陕西","西安市",,"108.946306","34.347436","祠部郎中、知制诰","是年，知制诰，起草《王承宗母吴氏封齐国太夫人》。","唐穆宗","《王承宗母吴氏封齐国太夫人》","Article","王承宗母吴氏封齐国太夫人制
敕。故成德军节度镇冀深赵等州观察处置等使金紫光禄大夫检校尚书左仆射赠侍中王承宗母燕国太夫人吴氏。鲁文在手。燕梦徵兰。道以匡夫。仁而训子。教日磾竭诚之操。义必资忠。戒陈婴自大之心。明于处顺。是以承宗辞代之际。承元领务之初。或辍哭以据床。每形言于忧国。人知趣向。道实光明。宜受进封之恩。用表贯霜之节。","周相录《元稹年谱新编》，上海古籍出版社版2004年版，第191页",,,,"欧阳丹"
"唐","元稹","元和十五年","820",,,"42","","京畿道","京兆府","长安",,"陕西","西安市",,"108.946306","34.347436","祠部郎中、知制诰","是年，知制诰，起草《柏耆授尚书兵部员外郎制》。","唐穆宗","《柏耆授尚书兵部员外郎制》","Article","授柏耆尚书兵部员外郎制
敕。守起居舍人赐绯鱼袋柏耆。朕闻亟迁则彝伦斁。滞赏则劳臣怠。兼用两者。谓之政经。夫南宪右掖。至于中台。我朝之极选也。俾尔环岁之内。周历兹任。岂无意焉。元和中。盗杀丞相。疾伤议臣。齐冀之间。交以祸端相嫁。耆自青溪窖中。提转丸捭阖之书。驰于诸镇。使承宗疑否隔塞。一朝豁然。纳质献地。克终于善。承宗既没。承元授事。耆又将朕教告。命于承元。万众无哗。一方底定。此而不录。将何以劝。凡百多士。无忘急病之心。可守尚书兵部员外郎。赐绯鱼袋。","周相录《元稹年谱新编》，上海古籍出版社版2004年版，第191页",,,,"欧阳丹"
"唐","元稹","元和十五年","820",,,"42","","京畿道","京兆府","长安",,"陕西","西安市",,"108.946306","34.347436","祠部郎中、知制诰","是年，知制诰，起草《授韦中行峡州观察使制》。","唐穆宗","《授韦中行峡州观察使制》","Article","","周相录《元稹年谱新编》，上海古籍出版社版2004年版，第192页",,,,"欧阳丹"
"唐","元稹","元和十五年","820",,,"42","","京畿道","京兆府","长安",,"陕西","西安市",,"108.946306","34.347436","祠部郎中、知制诰","是年，知制诰，起草《授裴向左散骑常侍制》。","唐穆宗","《授裴向左散骑常侍制》","Article","授裴向左散骑常侍制
敕。周文王侍从之臣。无可使结袜者。我知之矣。左右前后。无非令人。朕以将壮之年。臣妾天下。司其忿懥。其在于持重温良之士以鉴之乎。前陕虢等州都防御观察处置等使中散大夫守陕州大都督府长史赐紫金鱼袋裴向。搢绅之徒。言其闺门之行。仅至于衣无常主。儿无常父矣。推是为政。仁何远乎。是以发自王畿。至于陕服。多历年所。终无尤违。每移孝友之风。以惩强暴之俗。甘棠之下。廉让兴焉。子欲用为垂珰夹乘之官。以代吾盘盂韦弦之戒。不亦可乎。可守左散骑常侍。馀如故。","周相录《元稹年谱新编》，上海古籍出版社版2004年版，第192页",,,,"欧阳丹"
"唐","元稹","元和十五年","820",,,"42","","京畿道","京兆府","长安",,"陕西","西安市",,"108.946306","34.347436","祠部郎中、知制诰","是年，知制诰，起草《李拭授宗正卿等》。","唐穆宗","《李拭授宗正卿等》","Article","授李拭宗正卿韦虔度殿中监制
敕。李拭韦虔度等。明皇而下。其属未远。诸王在閤。朕得时序其寒温。睿宗而上五十馀族。长幼秩序。尽委之于大宗正。苟非能贤。不敢轻授。以尔拭践履中外。论备古今。主宗之盟。绰有馀裕。而执事者又曰。殿中监总六尚以供名物。当进圭进爵之时。不敢虚位。佥以虔度文学儒素。旁通政经。执宪南台。挺直不挠。以之代拭。允谓其良。仍假左貂之冠。加于宗正之首。朕不能无意于吾属也。拭可检校左散骑常侍兼宗正卿。虔度可守殿中监。馀如故。","周相录《元稹年谱新编》，上海古籍出版社版2004年版，第192页",,,,"欧阳丹"
"唐","元稹","元和十五年","820",,,"42","","京畿道","京兆府","长安",,"陕西","西安市",,"108.946306","34.347436","祠部郎中、知制诰","是年，知制诰，起草《授杜元颖户部侍郎依前翰林学士制》。","唐穆宗","《授杜元颖户部侍郎依前翰林学士制》","Article","授杜元㯋户部侍郎依前翰林学士制
敕。朝散大夫守中书舍人充翰林学士护军赐紫金鱼袋杜元㯋。昔我宪宗章武皇帝熏灼威明。兵定八极。大索俊乂。以徵谋猷。其在禁林。尤集贤彦。越正月夕庚子。将弃倦勤。付朕末。乃诏元㯋。佑予冲人。以导扬丕训。尔亦祗奉顾命。咨授旧章。辅釐哀忧。俾克依据。是夜而六宫承式。厥明而百吏受遗。草定法仪。兹实赖汝。官不称事。予怀歉然。而又词源奥深。机用周敏。授之以诏而益办。扣之以疑而益明。慎独以修身。推诚以事朕。职劳可举。德懋宜升。不俟踰时。宁拘满岁。纶诰清秩。版图剧曹。例无兼荣。特示甄宠。予以国士待汝。汝以忠臣报予。效乃肺肝。司朕耳目。可守尚书户部侍郎知制诰。依前翰林学士。散官勋如故。","周相录《元稹年谱新编》，上海古籍出版社版2004年版，第192页",,,,"欧阳丹"
"唐","元稹","元和十五年","820",,,"42","","京畿道","京兆府","长安",,"陕西","西安市",,"108.946306","34.347436","祠部郎中、知制诰","是年，知制诰，起草《授李绛检校右仆射兼兵部尚书制》。","唐穆宗","《授李绛检校右仆射兼兵部尚书制》","Article","授李绛检校右仆射兼兵部尚书制
敕。中大夫守御史大夫赐紫金鱼袋李绛。昔先皇帝诲予小子曰。尧时有神羊在廷。屈轶指佞。汝知之乎。夫邪正在人。焉有异物。朕有臣李绛。犹汉臣之汲黯也。我百岁后。尔其用之。为神羊屈轶。斯可矣。予小子铭镂丕训。夙夜求思。是用致理之初。□付授邦宪。且欲吾丞相以降。皆卑下之。以示优遇。朕亦常命安其步武。无为屑屑之仪。而绛屡以疾辞。不宁其职。又焉敢以劳倦之故。烦先帝旧臣。昔晋仆射何季元病足求免。犹命坐家视事。张子儒拜大司马。仍令兼录尚书。则卧理不独专于郡符。端右可以旁绥戎政。由古道也。尔其处议持平。勉居喉舌。慎所观听。为人司南。可检校尚书右仆射兼兵部尚书。散官勋封如故。","周相录《元稹年谱新编》，上海古籍出版社版2004年版，第192页",,,,"欧阳丹"
"唐","元稹","元和十五年","820",,,"42","","京畿道","京兆府","长安",,"陕西","西安市",,"108.946306","34.347436","祠部郎中、知制诰","是年，知制诰，起草《青州道渤海授金吾将军等放还蕃》。","唐穆宗","《青州道渤海授金吾将军等放还蕃》","Article","青州道渤海慎能至王侄大公则等授金吾将军放还蕃制
敕。慎能至王侄大公则等。洲东之国。知义之道。与华夏同风者。尔辈是也。冒越深阻。和会于庭。予嘉乃诚。命以崇秩。用奋威卫。保尔恩荣。无怠无违。永作藩服。","周相录《元稹年谱新编》，上海古籍出版社版2004年版，第192页",,,,"欧阳丹"
"唐","元稹","元和十五年","820",,,"42","","京畿道","京兆府","长安",,"陕西","西安市",,"108.946306","34.347436","祠部郎中、知制诰","是年，知制诰，起草《韩皋吏部尚书赵宗儒太常卿制》。","唐穆宗","《韩皋吏部尚书赵宗儒太常卿制》","Article","授韩皋吏部尚书赵宗儒太常卿制
敕。今天下官人之道。或几乎息矣。礼乐之用。又安能施设于俗化哉。是以选贤与能之柄。或碍于胥徒。冠婚丧祭之仪。不行于卿士。蠹理害教。斯孰甚焉。改而更张。我则未暇。就为之制。其在于选任素重之望以镇之乎。金紫光禄大夫检校尚书右仆射韩皋银青光禄大夫守吏部尚书赵宗儒等。仕宦台阁。周环六僚。或三四朝。或五十载。新进趋风之士。更至迭处于将相间。而皋等精义不渝。物务尤劲。事朕小子。犹吾祖宗。肆予冲人。庭实彪炳。夫铨镜万品。不无勌勤。箫韶九成。颇延颐养。更用旧老。以均劳逸。至于官业。非子敢知。祗听法仪。庶用咨禀。换保傅之重。仍端揆之荣。唯恐不多。无以优异。皋可检校尚书右仆射兼吏部尚书。宗儒可守太子少傅兼太常卿事。散官勋封如故。","周相录《元稹年谱新编》，上海古籍出版社版2004年版，第192页",,,,"欧阳丹"
"唐","元稹","元和十五年","820",,,"42","","京畿道","京兆府","长安",,"陕西","西安市",,"108.946306","34.347436","祠部郎中、知制诰","是年，知制诰，起草《授入朝契丹首领达于只枕等二十九人果毅别将》。","唐穆宗","《授入朝契丹首领达于只枕等二十九人果毅别将》","Article","授入朝契丹首领达于只枕等二十九人果毅别将制
敕。朕闻德教加于四海。则远人斯届。余德不类。而尔等实来。良用愧于厥衷。是以置野庐以劳其勤。委舌人以通其意。始于郊迓。还以礼成。宠秩仍加。厚意斯在。被服冠冕。无忘敬恭。","周相录《元稹年谱新编》，上海古籍出版社版2004年版，第192页",,,,"欧阳丹"
"唐","元稹","元和十五年","820",,,"42","","京畿道","京兆府","长安",,"陕西","西安市",,"108.946306","34.347436","祠部郎中、知制诰","是年，知制诰，起草《入朝奚大首领梅落悟孤等二十五人授官阶制》。","唐穆宗","《入朝奚大首领梅落悟孤等二十五人授官阶制》","Article","授入朝奚大首领梅落悟孤等二十五人官阶制
敕。某等各以贵宝会于明庭。既饮食以劳之。又爵秩以遣之。式所以示怀柔于远人也。尔宜将我皇风。慰彼黎献。可依前件。","周相录《元稹年谱新编》，上海古籍出版社版2004年版，第193页",,,,"欧阳丹"
"唐","元稹","元和十五年","820",,,"42","","京畿道","京兆府","长安",,"陕西","西安市",,"108.946306","34.347436","祠部郎中、知制诰","是年，知制诰，起草《赠郑馀庆太保》。","唐穆宗","《赠郑馀庆太保》","Article","赠郑馀庆太保制
敕。朕闻仲尼殁而鲁公诔之。柳庄死而卫灵请往。夫以区区鲁卫。而犹念贤臣硕德也如是。况朕小子。获承祖宗。实赖一二元老。朝夕教诲。以仪刑于四方。天胡不仁。遽尔歼夺。而今而后。谁其屏余。故金紫光禄大夫检校司徒兼太子少师上柱国荥阳郡开国公食邑二千户郑馀庆。始以衣冠礼乐。行于山东。馀力文章。遂成儒学。出入清近。盈五十年。再任台衡。屡分戎律。凡所剧职。无不践更。贵而能贫。卑以自牧。謇直行于台阁。柔睦用于闺门。受命有考父之恭。待士比公孙之广。焚书逸礼。尽可口传。古史旧章。如因心匠。朕方咨禀。庶罔昏逾。神将祝予。痛悼何及。乞言既阻。赠典宜加。追书保养之荣。用彰明允之德。可依前件。","周相录《元稹年谱新编》，上海古籍出版社版2004年版，第193页",,,,"欧阳丹"
"唐","元稹","元和十五年","820",,,"42","","京畿道","京兆府","长安",,"陕西","西安市",,"108.946306","34.347436","祠部郎中、知制诰","是年，知制诰，起草《追封宋若华（莘）》。","唐穆宗","《追封宋若华（莘）》","Article","追封宋若华河南郡君制
敕。司徒之妻有礼。齐加石窌。延乡之母有德。汉置封邱。生既不渝。殁亦宜及。故宋若华。我德宗孝文皇帝躬勤庶务。寤寐以之。乃命女子之知书可付信者。省奏中宫。而若华等伯姊季妹。三英粲兮。皆在选中。参掌宥密。班裂素之咏。谢氏散盐之章。琤然玉音。记在彤管。先皇帝乙夜观书之际。亦尝传窈窕德象之篇于若华。言念云忘。礼宜加等。特追封邑。岂碍彝章。可赠河南郡君。","周相录《元稹年谱新编》，上海古籍出版社版2004年版，第193页",,,,"欧阳丹"
"唐","元稹","元和十五年","820",,,"42","","京畿道","京兆府","长安",,"陕西","西安市",,"108.946306","34.347436","祠部郎中、知制诰","是年，知制诰，起草《白居易授尚书主客郎中知制诰》。","唐穆宗","《白居易授尚书主客郎中知制诰》","Article","授白居易尚书主客郎中知制诰制
敕。先帝付朕四海九州之重。尚赖威灵。天下甫定。思获议论文章之臣。以在左右。俾之详考今古。周知物情。而朝议郎行尚书司门员外郎白居易。州里举进士。有司升甲科。元和初对诏称旨。翱翔翰林。蔼然直声。留在人口。朕尝视其词赋。甚喜与相如并处一时。由是召自南宾。序补郎位。会牛僧孺以御史丞解制诰职。嗣掌书命。人推尔先。予亦饱其风猷。尔宜副兹超异。可守尚书主客郎中知制诰。馀如故。","周相录《元稹年谱新编》，上海古籍出版社版2004年版，第193页",,,,"欧阳丹"
"唐","元稹","元和十五年","820",,,"42","","京畿道","京兆府","长安",,"陕西","西安市",,"108.946306","34.347436","祠部郎中、知制诰","是年，知制诰，起草《高端婺州长史》。","唐穆宗","《高端婺州长史》","Article","","周相录《元稹年谱新编》，上海古籍出版社版2004年版，第193页",,,,"欧阳丹"
"唐","元稹","元和十五年","820",,,"42","","京畿道","京兆府","长安",,"陕西","西安市",,"108.946306","34.347436","祠部郎中、知制诰","是年，知制诰，起草《授萧祐兵部郎中制》。","唐穆宗","《授萧祐兵部郎中制》","Article","授萧祐兵部郎中制
敕。兵部郎中佐夏官理邦国。以平不若。辨九法九伐之重轻。稽五兵五楯之众寡。非践更台阁从容闻望者。不在兹位。流品既清。选任弥重。朝议郎守尚书考功郎中上护军赐绯鱼袋萧祐。才行忠信。达于予闻。课吏陟明。诞若攸职。拾青紫于儒术。擅金石之挥毫。允谓贤能。宜当慰荐。可守尚书兵部郎中。散官勋赐如故。","周相录《元稹年谱新编》，上海古籍出版社版2004年版，第193页",,,,"欧阳丹"
"唐","元稹","元和十五年","820",,,"42","","京畿道","京兆府","长安",,"陕西","西安市",,"108.946306","34.347436","祠部郎中、知制诰","是年，知制诰，起草《高授起居郎》。","唐穆宗","《高授起居郎》","Article","授高釴守起居郎依前充史馆修撰何士乂尚书水部员外郎制
敕。行而不息者时也。久而不可泯者书也。微史氏。吾其面墙于尧舜禹汤之事矣。尚书郎亦有会计奏议之重。非博达精究之才。其可以充备兹选乎。高釴何士乂等。富有文章。优于行实。捃拾匡益。殆无阙遗。前以东观择才。因而命釴。视其所以。足见书词。俾伺朕之起居。遂编之于简牍。不亦详且实耶。而士乂亦以久次当迁。移补郎位。允膺清秩。无忘慎终。釴可守起居郎。依前充史馆修撰。士乂可尚书水部员外郎。馀如故。","周相录《元稹年谱新编》，上海古籍出版社版2004年版，第193页",,,,"欧阳丹"
"唐","元稹","元和十五年","820",,,"42","","京畿道","京兆府","长安",,"陕西","西安市",,"108.946306","34.347436","祠部郎中、知制诰","是年，知制诰，起草《王永太常博士》。","唐穆宗","《王永太常博士》","Article","授王永太常博士制
敕。前东都留守推官将仕郎兼监察御史王永。朕明年有事于南郊。谒清宫。朝太庙。繁文缛礼。予心懵然。虽旧章具存。而每事思问。求可以教诸生习仪于朝廷者。有司以永来上。永其勉慎所职。无令观听者有云。可守太常博士。","周相录《元稹年谱新编》，上海古籍出版社版2004年版，第193页",,,,"欧阳丹"
"唐","元稹","元和十五年","820",,,"42","","京畿道","京兆府","长安",,"陕西","西安市",,"108.946306","34.347436","祠部郎中、知制诰","是年，知制诰，起草《卢均等三人授通事舍人》。","唐穆宗","《卢均等三人授通事舍人》","Article","授卢均等通事舍人制
敕。守门下省符宝郎赐绯鱼袋卢均等。辨色而朝百辟。辑瑞以会万方。正错立族谈之仪。宣注意登庸之命。锵锵济济。进退以时。名为侍臣。以赞导吾左右者。通事舍人之任也。今郊丘有日。事务方殷。尔等各茂声光。副朕兹选。宜膺宠命。无废国容。可依前件。","周相录《元稹年谱新编》，上海古籍出版社版2004年版，第193页",,,,"欧阳丹"
"唐","元稹","元和十五年","820",,,"42","","京畿道","京兆府","长安",,"陕西","西安市",,"108.946306","34.347436","祠部郎中、知制诰","是年，知制诰，起草《卢士玫权知京兆尹制》。","唐穆宗","《卢士玫权知京兆尹制》","Article","授卢士玫权知京兆尹制
敕。朕日出而御便殿。召丞相巳下计事。而大京兆得在其中。非常吏也。诚以为海内法式。自京师始。辇毂之下。盗贼为先。尹正非人。则贤不肖阿枉。奏覆隔塞。则上下不通。假之恩威。用詟豪右。具官卢士玫。自居郎署。执政者言其温重不回。守法专固。副内史事。物议归之。日者景陵将建。龟筮有时。予心怛然。惧不克济。尔尝倅职。应其供求。和而不同。俭而不隘。竣于巳事。朕甚嘉焉。试命元僚。亦既不挠。今圜丘甫及。庆泽将施。攘剽椎埋。必有幸生之者。案牍卒吏。亦当因缘为奸。公费则多。而利不下究。惟是数者。尔司其忧。为尔正名。无吝操剸。可权知京兆尹。馀如故。","周相录《元稹年谱新编》，上海古籍出版社版2004年版，第193页",,,,"欧阳丹"
"唐","元稹","元和十五年","820",,,"42","","京畿道","京兆府","长安",,"陕西","西安市",,"108.946306","34.347436","祠部郎中、知制诰","是年，知制诰，起草《吉旼京兆府渭南县令》。","唐穆宗","《吉旼京兆府渭南县令》","Article","授吉旼京兆府渭南县令制
敕。前河南府登封县令吉旼。畿邦之宰。任得其人。盖有以乂我黎庶。足以张吾京师也。自辇毂在镐。洛务轻。长令之善康东人者。往往移隶内史。今京兆尹季同。以旼有干蛊之称。流闻于西。遂陈换县之求。无替字人之术。可守京兆府渭南县令。","周相录《元稹年谱新编》，上海古籍出版社版2004年版，第193页",,,,"欧阳丹"
"唐","元稹","元和十五年","820",,,"42","","京畿道","京兆府","长安",,"陕西","西安市",,"108.946306","34.347436","祠部郎中、知制诰","是年，知制诰，起草《赠楚继吾制》。","唐穆宗","《赠楚继吾制》","Article","赠楚继吾等刺史制
敕。故容州本营经略招讨左押衙兼行营中军兵马使检校太子詹事楚继吾故廉州古邱营镇将试殿中监卫宏本等。比以荒服不虔。侵掠县道。乃诏毅勇。为人驱攘。而继吾等奋不顾身。深入巢穴。豺狼虽殪。蜂虿误加。方闻振臂之雄。忽有归元之叹。其帅具上其功伐。请议褒崇。言念云亡。尤用悯悼。不有异等。孰以劝忠。特追有土之荣。用明死政之节。继吾可赠使持节都督容州诸军事容州刺史。宏本可赠使持节都督邕州诸军事邕州刺史。","周相录《元稹年谱新编》，上海古籍出版社版2004年版，第194页",,,,"欧阳丹"
"唐","元稹","元和十五年","820",,,"42","","京畿道","京兆府","长安",,"陕西","西安市",,"108.946306","34.347436","祠部郎中、知制诰","是年，知制诰，起草《唐庆万年县令》。","唐穆宗","《唐庆万年县令》","Article","授唐庆万年县令制
敕。朝议郎守尚书比部郎中赐绯鱼袋唐庆。辇毂之下。豪黠僄轻。扰之则狱市不容。缓之则囊橐相聚。是以前代惟京令得与御史丞分进道路。以其捕逐之急也。执事言尔庆。榷刺池卤。生息倍称。布露饴散于罗落之间。而盗贼终不敢近。推是为理。真吾所求之剧令也。无或畏避。以艰茕嫠。可守万年县令。馀如故。","周相录《元稹年谱新编》，上海古籍出版社版2004年版，第194页",,,,"欧阳丹"
"唐","元稹","元和十五年","820",,,"42","","京畿道","京兆府","长安",,"陕西","西安市",,"108.946306","34.347436","祠部郎中、知制诰","是年，知制诰，起草《王惠超左清道率府率》。","唐穆宗","《王惠超左清道率府率》","Article","授王惠超等左清道率府率制
敕。奉天定难功臣壮武将军守右内率府率充左街副使上柱国王惠超等。率侍卫以导从吾于黄麾左右者。皆东朝之勤吏也。乘我出震之忧。逢时作解之庆。咸当序进。式示加恩。并列周防。宜勤夙夜。可依前件。","周相录《元稹年谱新编》，上海古籍出版社版2004年版，第194页",,,,"欧阳丹"
"唐","元稹","元和十五年","820",,,"42","","京畿道","京兆府","长安",,"陕西","西安市",,"108.946306","34.347436","祠部郎中、知制诰","是年，知制诰，起草《元佑洋州刺史》。","唐穆宗","《元佑洋州刺史》","Article","授元佑洋州刺史制
敕。朝散大夫守京兆尹上骑都尉元佑。风俗之薄厚。由长吏之所尚也。闻尔佑以甲乙科为校书郎。甚有名誉。一朝以先臣不幸为黜。而自晦其身者二十年。何其为子之多也。自历朝序。仁声益彰。不杂风尘。而徽猷遂远。洋州近郡。美恶足以流京师。将以慈惠廉让之道长理之。此吾有望于尔矣。可使持节洋州刺史。","周相录《元稹年谱新编》，上海古籍出版社版2004年版，第194页",,,,"欧阳丹"
"唐","元稹","元和十五年","820",,,"42","","京畿道","京兆府","长安",,"陕西","西安市",,"108.946306","34.347436","祠部郎中、知制诰","是年，知制诰，起草《崔方实试太子詹事》。","唐穆宗","《崔方实试太子詹事》","Article","授崔方实试太子詹事制
敕。容州兵马使试殿中侍御史崔方实。蛮蜑之间。有黄贼者。跧窜窟穴。代为侵攘。南人患之。为日固久。而公素破其酋长。大获俘囚。檄奏以闻。朕实嘉尚。是用锡其使者。金币器服。而又试为崇班。俾耀远人。以劝来效。可试太子詹事。馀如故。","周相录《元稹年谱新编》，上海古籍出版社版2004年版，第194页",,,,"欧阳丹"
"唐","元稹","元和十五年","820",,,"42","","京畿道","京兆府","长安",,"陕西","西安市",,"108.946306","34.347436","祠部郎中、知制诰","是年，知制诰，起草《蔡少卿兼监察御史》。","唐穆宗","《蔡少卿兼监察御史》","Article","蔡少卿兼监察御史制
敕。容管经略左押衙兵马使蔡少卿。蛮之有黄贼者。东南人之虺蜮也。经略臣公素隳硩妖巢。收复故地。俾尔以如和县等捷书来上。道路悠远。其勤可嘉。宠以宪官。用光戎秩。","周相录《元稹年谱新编》，上海古籍出版社版2004年版，第194页",,,,"欧阳丹"
"唐","元稹","元和十五年","820",,,"42","","京畿道","京兆府","长安",,"陕西","西安市",,"108.946306","34.347436","祠部郎中、知制诰","是年，知制诰，起草《七女封公主》。","唐穆宗","《七女封公主》","Article","第七女封公主制
门下。长女等。抱子弄孙之荣。贵贱之大情也。朕以四海奉皇太后于南宫。问安之时。诸女侍侧。螽斯之庆。上慰慈颜。鸤鸠之仁。内怀均养。虽秾华尚少。出阁未期。而汤沐先施。分封有据。宜加美号。以表令仪。可依前件。主者施行。","周相录《元稹年谱新编》，上海古籍出版社版2004年版，第194页",,,,"欧阳丹"
"唐","元稹","元和十五年","820",,,"42","","京畿道","京兆府","长安",,"陕西","西安市",,"108.946306","34.347436","祠部郎中、知制诰","是年，知制诰，起草《高允恭授尚书户部郎中判度支案制》。","唐穆宗","《高允恭授尚书户部郎中判度支案制》","Article","授高允恭尚书户部郎中判度支案制
敕。行刑部员外郎飞骑尉高允恭。书云。明德慎罚。明犹慎之。况朕不德。兹用省于有司之狱。莫不伏念隐悼。周知物情。惟尔允恭。告我祥刑。罔不率协。稽尔明效。陟于他曹。大比生齿之书。仍掌折毫之牍。戎车方驾。物力未丰。剖滞应期。斯任不细。推尔惟吝之意。罔或失财。用尔无害之文。以惩刻下。吝不欲过。过则不终。文不欲繁。繁则不逮。率是二者。时维厥中。可守尚书户部郎中判度支案。散官勋如故。","周相录《元稹年谱新编》，上海古籍出版社版2004年版，第194页",,,,"欧阳丹"
"唐","元稹","元和十五年","820",,,"42","","京畿道","京兆府","长安",,"陕西","西安市",,"108.946306","34.347436","祠部郎中、知制诰","是年，知制诰，起草《李立则检校虞部员外郎知盐铁东都留后》。","唐穆宗","《李立则检校虞部员外郎知盐铁东都留后》","Article","授李立则检校虞部员外郎知盐铁东都留后制
敕。李立则。国有移用之职曰转运使。每岁传置货贿于京师。其大都要邑之中。则委吏以专留事。洛之间。盖其一也。而柳公绰言尔强白干举。吏难其伦。乞以台省官假借恩荣。俾专剧务。勉服所职。无忘谨廉。","周相录《元稹年谱新编》，上海古籍出版社版2004年版，第195页",,,,"欧阳丹"
"唐","元稹","元和十五年","820",,,"42","","京畿道","京兆府","长安",,"陕西","西安市",,"108.946306","34.347436","祠部郎中、知制诰","是年，知制诰，起草《镇圭赋》。","唐穆宗","《镇圭赋》","Article","镇圭赋
天子之镇圭。十有二寸其长。义在抚十有二州之域。而为亿兆之王。圭比德焉。所以表特达之美。镇大名也。有以示弹压之强。以之徵守。则有土之臣至。以之恤患。则受灾之地康。当宁无为于南面。朝日有事于东方。会百辟而执之。班五瑞于来者。作山龙之端表。我则清光皎然。杂蒲谷以成行。尔则鞠躬如也。想夫彤闱乍晓。碧砌生寒。当玉座而高居。状中峰之冠瑶岫。透炉烟而迥出。意秋月之压云端。是以圣后矜持。庶寮瞻重。安八荒于度内。故捧必当心。握万务于掌中。故大不盈拱。映冕旒则璿枢星缀。间黼黻而琼枝花拥。岂独使威仪可观。亦以明社稷有奉。美哉圣人之制器也。靡不有类。锐上以象天。方下而法地。备采章以尽饰。瑑崇高而定位。夫众色不可以杂施。依方面之正者惟五。群山不可以咸写。选域中之大者有四。尽举凡而得一。故相传而莫二。义存敬慎。道在底绥。详观组约。足辨操持。俾经制之不乱。若缲藉之相维。况国家备物继周。垂衣体舜。自天有命。非因桐叶而封唐。提象握机。故配土行而执镇。岂惟传历代之瑞宝。抑亦彰受命之符信者也。重曰。圭锐也。睿作思而百志灵。镇安也。安于道而万物宁。亦尝三复斯名矣。所以表道德之惟馨。若此则君为道之本。器乃道之形。苟能据于道而依于德。亦可以执无名之璞而逍遥乎大庭。","周相录《元稹年谱新编》，上海古籍出版社版2004年版，第195页",,,,"欧阳丹"
"唐","元稹","元和十五年","820",,,"42","","京畿道","京兆府","长安",,"陕西","西安市",,"108.946306","34.347436","祠部郎中、知制诰","是年，次韵酬唱张籍《谢裴司空寄马》一诗。","张籍","《酬张秘书因寄马赠诗》","Poem","酬张秘书因寄马赠诗
丞相功高厌武名，牵将战马寄儒生。四蹄荀距藏虽尽，六尺须头见尚惊。减粟偷儿憎未饱，骑驴诗客骂先行。劝君还却司空著，莫遣衙参傍子城。","周相录《元稹年谱新编》，上海古籍出版社版2004年版，第195页",,,,"欧阳丹"
"唐","元稹","元和十五年","820",,,"42","","京畿道","京兆府","长安",,"陕西","西安市",,"108.946306","34.347436","祠部郎中、知制诰","是年，与杨巨源、白居易酬唱，留诗。","杨巨源，白居易","《内状诗寄杨白二员外》","Poem","内状诗寄杨白二员外
天门暗辟玉琤鍧，昼送中枢晓禁清。彤管内人书细腻，金奁御印篆分明。冲街不避将军令，跋敕兼题宰相名。南省郎官谁待诏，与君将向世间行。","周相录《元稹年谱新编》，上海古籍出版社版2004年版，第195页",,,,"欧阳丹"
"唐","元稹","元和十五年","820",,,"42","","京畿道","京兆府","长安",,"陕西","西安市",,"108.946306","34.347436","祠部郎中、知制诰","是年，有诗。","","《崔徽歌并序》","Poem","崔徽歌
崔徽本不是娼家，教歌按舞娼家长。使君知有不自由，坐在头时立在掌。有客有客名丘夏，善写仪容得艳姿。为徽持此寄敬中，以死报郎为终始。","周相录《元稹年谱新编》，上海古籍出版社版2004年版，第195页","（残）",,,"欧阳丹"
"唐","元稹","元和十五年","820",,,"42","","京畿道","京兆府","长安",,"陕西","西安市",,"108.946306","34.347436","祠部郎中、知制诰","是年，与杨巨源唱和。","杨巨源","《第三岁日咏春风凭杨员外寄长安柳》","Poem","第三岁日咏春风凭杨员外寄长安柳
三日春风已有情，拂人头面稍怜轻。殷勤为报长安柳，莫惜枝条动软声。","周相录《元稹年谱新编》，上海古籍出版社版2004年版，第195页",,,,"欧阳丹"
"唐","元稹","长庆元年","821","1",,"43","","京畿道","京兆府","长安",,"陕西","西安市",,"108.946306","34.347436","祠部郎中、知制诰","正月，侍宿南郊，夜后偶吟数十篇，已亡佚。","",,"","","周相录《元稹年谱新编》，上海古籍出版社版2004年版，第196页",,,,"欧阳丹"
"唐","元稹","长庆元年","821","1",,"43","","京畿道","京兆府","长安",,"陕西","西安市",,"108.946306","34.347436","祠部郎中、知制诰","正月，侍宿南郊，向穆宗献赋。","唐穆宗","《郊天日五色赋》","Article","郊天日五色祥云赋
臣奉某日诏书曰。惟元祀月正之三日。将有事于南郊。直端门而未出。天锡予以灵瑞。是何祥而何吉。臣拜稽首。敢言其实。陛下乘五位而出震。迎五帝而郊天。五方腾其粹气。故云五色以相宣。控坛乍直。捧日初圆。兽蹲而龙鳞熠熠。鸟跂而凤翼翩翩。羽盖凝而轩皇暂驻。风马驾而王母欲前。影带旂常。疑错绣之遥动。昭章文物。比摛锦之相连。观之者无小无大。谓之曰若烟非烟。昔者卿云作歌于虞舜。白云著词于汉武。皆跂望而为言。非仰观而遂睹。今陛下德至天地。恩覃草莽。当翠辇黄屋之方行。见金枝玉叶之可数。陋泰山之触石方出。鄙高唐之举袂如舞。昭布于公侯卿士。莫不称万岁者三。并美于麟凤龟龙。可以与四灵而五。于是载笔氏书百辟之词曰。郁郁纷纷。庆霄之云。古有尧舜。幸得以为君。象胥氏译四夷之歌曰。炜炜煌煌。天子之祥。唐有神圣。莫敢不来王。帝用愀然曰。予何力。泽未周于四海。云胡为而五色。来尔群后。举尔众职。因五行以修五事。由五常以厚五德。正五刑以去五虐。繁五稼以除五贼。苟顺夫人理之父子君臣。安知夫云物之赤黄苍黑。进我辇路。就我陶匏。虽有光华之万状。不若丰穰于四郊。凡百庶寮。相趋而顾。稍疑江上之绮。果异封中之素。补天者虽欲抑之而不出。吞笔者安可寝之而无赋。越明日。臣稹咏霈泽于鸡竿之前。睹斯云散之为五采之湛露。","周相录《元稹年谱新编》，上海古籍出版社版2004年版，第196页",,,,"欧阳丹"
"唐","元稹","长庆元年","821","1",,"43","","京畿道","京兆府","长安",,"陕西","西安市",,"108.946306","34.347436","祠部郎中、知制诰","正月，侍宿南郊，太阳两旁出现半环形的光圈，乃祥瑞之兆，有状记之。","唐穆宗","《辨日旁瑞气状》","Article","辨日旁瑞气状
右。奉宣。某日日上有横赤气。五色鲜明黄润。日两边各有嘉气。内赤外青。宰臣称贺。云是五色云见。不知是否者。谨按乙巳占。有赤气横在日上谓之戴。其分当有益土进爵推戴人君之象。又人君当立王侯。封建亲戚。以为福佑之徵。窃见其日除王潜郭钊田布等官。则陛下凡有举措。尽合天心。微臣所引占书。悉皆期验。伏请以戴气宣付史官。不可误书五色云见。又云。青赤短小在日旁谓之珥。微曲向日谓之抱。珥者缨珥之象。天子有喜。兼有和亲之事。又当拜将。抱者扶抱向就之象。邻国臣佐来降。天子有喜贺之事。子孙之庆。臣下忠诚辅主。国中欢喜和合。今非狄和亲。西戎通好。时者承元请命。其日三将同升。万姓欢呼。四方来贺。亦可谓陛下凡有举措。尽合天心。微臣所引占书。悉皆明验。伏乞亦以抱珥宣付史官。不可误书五色云见。以前件图籍作载如右。伏以五色庆云。盖是小瑞。戴气抱珥。所谓殊祥。宰臣忽遽之间。未暇精究其事。此皆陛下礼行郊庙。诚达神祗。展百拜而忘疲。入九室而流涕。近臣兴感。上帝垂休。克呈捧日之祥。以展动天之德。微臣同沾侍从。别感恩慈。方当鼓舞之时。恨不叫呼而贺。然臣以为陛下特宣手敕宰臣云。今月二日。卿等所言日旁五色云见。参验图书。盖是戴珥之象。此皆祖宗积庆。特示子孙之祥。岂冲昧微诚。能致昊穹之贶。宜令有司择日告庙。上以奉高祖无穷之祐。次以报宪宗有截之功。诞告华夷。并令知悉。若此则陛下感通之德。巳见九霄。推让之风。将光万叶。烂然宸翰。手敕以示于宰臣。焕乎天文。撰诏自生于圣旨。事超万古。道冠百王。伏惟天恩。密赐裁察。","周相录《元稹年谱新编》，上海古籍出版社版2004年版，第207页",,,,"欧阳丹"
"唐","元稹","长庆元年","821","1",,"43","","京畿道","京兆府","长安",,"陕西","西安市",,"108.946306","34.347436","祠部郎中、知制诰","知制诰，为穆宗起草《沂国公魏博德政碑》。","唐穆宗","《沂国公魏博德政碑》","Article","沂国公魏博德政碑
陛下以元年正月壬戌诏臣稹曰。朕有臣宏正。自魏入镇。魏人思之。因守臣愬状其德政。乞文于碑。尔司予言。其文以付。臣拜稽首。退而奏书于陛下曰。始安禄山以玄宗四十三年盗幽州兵。劫击郡县。踰关据京。天下掉挠。肃宗征之。海内甫定。而夹河五十馀州。或服或叛。更立迭夺。废置征伐。朝觐赋入之宜。皆自为意。五纪四宗。容受隐忍。田承嗣始有魏博相卫贝澶之地。承嗣卒。以其地传兄子悦。悦传绪。绪传季安。既而季安悍诞淫骄。风勃蛊蠹。发则喜杀左右。渐及于骨肉。往往顾妻子曰。安用此。由是内外惴悸。妻元氏。因人不忍。移置他所。馀一月乃卒。是岁先皇帝元和之七年八月也。季安子怀谏始十馀岁。众袭故态。名为副大使。而家臣蒋士则逆虐用事。士众不分服。日夜相告曰。田中丞兴博大孝敬。于军谨廉。读儒家书。好言君臣事。傥可依倚为将帅乎。闻者皆踊跃。一朝牙旗下众来捧附。兴仆地不肯起。众亦不肯去。乃大言曰。尔辈即欲用吾语。能不杀副大使。且许吾取天子恩泽。洗汝痕秽。使千万众知君臣父子之道。从我乎。皆曰诺。遂杀蒋士则等十数人。以兴知留后事。移怀谏于外。明年归之朝。盖七年之十月四日也。兴乃图六州之地域。籍其人与三军之生齿。自军司马己下。至于郡邑吏之废置。尽献于先帝。先帝诏兴以工部尚书长魏博相卫贝澶之地。仍敕司封郎中知制诰裴度使于兴。且以钱一百五十万缗赐其军。曲赦管内。使百姓一年勿复事。问耆羸。赈乏困。褒殛诛之不以法者。魏之人相喜曰。归天子乃如是耶。兴又悉取魏之僭服异器人臣所不当为者。斥去之。先帝曰。兴吾六州善心者。田兴也。使兴宏吾至正。不亦可乎。因名曰宏正。先是魏诸宾。犹仆役也。将卒无畏避。宏正始求副节度以下于朝。至则迎迓承奉。虽功勋将。莫不乘者避。谒者趋。付授咨度。始用宾礼。先是诸将之外有权者。莫不拘劫妻子以为固。四方之来聘问者。莫不防碍出入以为密。士吏工贾。限其往来。人多惧愁。稀复会聚。至是皆旷然矣。魏之人又相喜曰。人之生不当如是耶。滑以水害闻于朝。请移河于卫之四十里。且役卫工三万馀。诏宏正议之。皆曰。坏吾地。役吾人。以利他邑。古无有也。宏正曰。魏于滑信彼此矣。朝廷何异焉。不时兴工。以教人让。魏俗丕变。先帝多之。以右仆射就加焉。十三年又加司空。以子布之会蔡有劳也。是岁。李师道烧河阴。惊洛邑。阴通元济。诏宏正诛之。明年。破贼五万于东阿。进收郓之阳谷。距其城四十里营焉。二月壬戌。刘悟斩师道。加司徒平章事。复归于魏。其年八月朝京师先帝待之有加焉。乞留不获。诏加侍中以遣之。又明年。陛下以成德丧师。诏宏正入焉。初王武俊以战朱滔功。得有赵地传子孙。凡三十九年矣。至承宗为卢从史李师道所诖误。先皇帝征而赦之者再。忧畏戚恧。不克来觐。既而闻陛下天覆海深。悉包悉受。乃果自信。将朝有时。未行会病。将没。以志付其弟承元。听命于朝。陛下语宰相曰。宏正在魏。吾何患焉。即日内出五诏。诏宏正为中书令。节度于镇。且诏父子皆为帅。以大其威。十一月甲寅。成德献状曰。宏正自去魏。魏人哭之。镇人歌之。奉宣诏条。除去僭异。犹魏政也。且臣闻之。德之至者有二。政之大者有三。三政。一曰仁。为惠政。二曰法。为善政。三曰谦。为和政。二德。一曰忠。为令德。二曰孝。为吉德。今宏正献魏博六州之地。平淄青四代之寇。入镇冀不测之泉。可以为忠矣。祖考食宗庙。父子分土疆。兄弟罗轩冕。可以为孝矣。始初山东键闭束缚。泳而游之。歌而舞之。可以为仁矣。始初山东逼越废怠。裁而制之。举而用之。可以为法矣。始初山东傲狠侵取地。德以让之。功以助之。可以为谦矣。谦法仁孝。资之以忠。不曰德政。谓之何哉。臣请奉制以一百九十二字付守臣愬。铭之石。用申约束。铭曰。帝命宏正。予言是听。理乱有数。其道甚明。乱则隐约。理由乱生。既理复乱。生于玩轻。唐受天命。海内承平。高祖太宗。不荒不宁。玄宗抑厄。其否乃革。四十三年。奄有丕宅。始视燕寇。胡雏弄儿。虽我宠重。彼将胡为。所细所忽。忽焉而罹。四后垂顾。山东不夷。逮我圣父。殷忧俭克。乘其淫骄。乃伐乃殛。尔视群孽。胡为而亡。僭久而大。顽昏暴狂。尔亦自视。胡为而昌。忧畏逼侧。永思悠长。曩尔之无。今尔之有。既克而有。在克而守。惟尔惟我。而今而后。尔虽穹崇。无忘辱诟。我虽平宁。无忘燕寇。铭之戒之。以永声臭。","周相录《元稹年谱新编》，上海古籍出版社版2004年版，第207页",,,,"欧阳丹"
"唐","元稹","长庆元年","821","1",,"43","","京畿道","京兆府","长安",,"陕西","西安市",,"108.946306","34.347436","祠部郎中、知制诰","知制诰，为穆宗起草《谢准朱书撰田弘正碑文状》。","唐穆宗","《谢准朱书撰田弘正碑文状》","Article","谢准朱书撰田宏正碑文状
右。臣伏准今月二十四日敕。令臣撰前件碑文者。伏以田宏正首变魏俗。彰先帝之睿谋。近入镇州。宣陛下之神武。积成忠恳。大有勋劳。人怀去思。愿刻金石。陛下所宜外诏台席。内委翰林。妙选雄文。式扬丕绩。岂谓天光曲照。御札特书。猥付微臣。实非常例。臣顷以特恩拔擢。便欲效死仰酬。遂竭愚诚。累蒙召对。自去年九月已后。横遭谤毁。无由再睹天颜。分随枯朽而凋。永绝恩波之望。岂料圣慈长在。记忆姓名。无人奏请撰碑。便自宸衷宣付。微臣忝非木石。粗有肺肠。空怀感涕之心。未获杀身之所。无任感恩思报镂骨铭肌之至。","周相录《元稹年谱新编》，上海古籍出版社版2004年版，第207页",,,,"欧阳丹"
"唐","元稹","长庆元年","821","1",,"43","","京畿道","京兆府","长安",,"陕西","西安市",,"108.946306","34.347436","祠部郎中、知制诰","知制诰，为穆宗起草《进田弘正碑文状》。","唐穆宗","《进田弘正碑文状》","Article","进田宏正碑文状
右。前件碑文。伏蒙御劄朱书。遣臣撰述。恩生望外。事出宸衷。铭镂骨肌。难酬雨露。臣伏以陛下所以令臣与宏正立碑。盖欲遣魏博及镇州将吏等并知宏正首怀忠义。以致功勋。臣若苟务文章。广徵经典。非唯将吏不会。亦恐宏正未详。虽临四达之衢。难掩万人之口。臣所以效马迁史体。叙事直书。约李斯碑文。勒铭称制。使宏正见铭而戒逸。将吏观叙而爱忠。不隐实功。不为溢美。文虽朴野。事颇章明。伏乞天慈。特留宸鉴。其碑文谨随状封进。谨具奏闻。伏候敕旨。","周相录《元稹年谱新编》，上海古籍出版社版2004年版，第207页",,,,"欧阳丹"
"唐","元稹","长庆元年","821","2",,"43","","京畿道","京兆府","长安",,"陕西","西安市",,"108.946306","34.347436","祠部郎中、知制诰","迁中书舍人、翰林承旨学士，赐紫金鱼袋，有谢恩状。元稹开始改革制诰。","唐穆宗","《谢恩赐告身衣服并借马状》","Article","谢恩赐告身衣服并借马状
右。泰伦重晏至。奉宣恩旨。授臣前件官告身衣服匹帛及借马者。忽降天书。乍乘云骥。颁衣焕目。贲帛盈庭。皆非朽陋之才。宜受光扬之赐。微臣无任抃跃惭惶之至。况臣素守疏愚。且无朋党。去年陛下擢自郎吏。命掌书词。非因宰相奏论。特是圣慈超授。感恩深切。频献封章。遂遭分外侵诬。不敢保全躯命。岂谓恩光转至。睿泽逾深。出自宸衷。选居近地。便令入院。当日召见天颜。口敕授官。面赐章服。拔令承旨。不顾班资。近日宠荣。无臣此例。发言感泣。指日誓心。苟无死节之诚。愿受鬼诛之祸。伏奉恩旨。令臣明日本司赴上。旧例更合中谢。伏缘先有疏论边事及幽州事宜。兼李愿入朝。并要面自论奏。伏料二十日入假已后。南衙机务稍閒。特乞恩许臣中谢。谨录奏闻。伏听进止。","周相录《元稹年谱新编》，上海古籍出版社版2004年版，第196-198页",,,,"欧阳丹"
"唐","元稹","长庆元年","821","2",,"43","","京畿道","京兆府","长安",,"陕西","西安市",,"108.946306","34.347436","中书舍人、翰林承旨学士","迁中书舍人、翰林承旨学士，赐紫金鱼袋，有谢恩状。元稹开始改革制诰。","唐穆宗","《谢赐设状》","Article","谢赐设状
右。今日某乙奉宣恩旨。赐臣就院设者。臣闻推食之赐。用劝勋劳。置醴之恩。以待贤彦。微臣猥承天眷。擢自内庭。雨露频施。涓埃莫效。陛下载分美禄。特降珍羞。空怀满腹之惭。未有沃心之鲠。既充肤革。誓极肺肝。窃位素餐。实非诚愿。微臣无任感激恩私之至。","周相录《元稹年谱新编》，上海古籍出版社版2004年版，第196-198页",,,,"欧阳丹"
"唐","元稹","长庆元年","821","2",,"43","","京畿道","京兆府","长安",,"陕西","西安市",,"108.946306","34.347436","中书舍人、翰林承旨学士","奉旨晋呈杂诗十卷，有状记之。与李绅、李德裕同在翰林，时称“三俊”。","唐穆宗，李绅，李德裕","《进诗状》","Article","进诗状
右。臣面奉圣旨。令臣写录杂诗进来者。伏惟皇帝陛下学深江海。文动星辰。乙夜观书。秋风咏赋。微臣入院之始。学士等盛传陛下亲批贺雨一章。体备鸾皇。思深珠玉。臣虽不得目睹宸翰。臣实窃得心念圣言。既仰烛龙之光。难逞聚萤之照。欲为陈献。益自惭惶。况臣九岁学诗。少经贫贱。十年谪宦。备极恓惶。凡所为文。多因感激。故自古风诗至古今乐府。稍存寄兴。颇近讴谣。虽无作者之风。粗中遒人之采。自律诗百韵至于两韵七言。或因友朋戏投。或因悲欢自遣。既无六义。皆出一时。词旨繁芜。倍增惭恐。今谨随状陈进。无任战汗屏营之至。","周相录《元稹年谱新编》，上海古籍出版社版2004年版，第199页",,,,"欧阳丹"
"唐","元稹","长庆元年","821","2",,"43","","京畿道","京兆府","长安",,"陕西","西安市",,"108.946306","34.347436","中书舍人、翰林承旨学士","李建卒，元稹为其撰墓志铭。","李建","《唐故中大夫尚书刑部侍郎上柱国陇西县开国男赠工部尚书李工（建）墓志铭》","Article","唐故中大夫尚书刑部侍郎上柱国陇西县开国男赠工部尚书李公墓志铭
按李发事魏。为横野将军申国公。十一世而生有唐绥州刺史明。明生太子中允进德。进德生昌明令珍玉。珍玉生雅州别驾赠礼部尚书震。公即尚书第三子。讳建。字杓直。始以进士第二人试校秘书郎。判容州招讨事。复调为本官。会德宗皇帝选文学。公被荐。上问少信臣。皆曰闻而不之面。唯宰相郑珣瑜对曰。臣为吏部侍郎时。以文入官当校秘书者八。其书则驰他人书。建不驰。故独得。上嘉之。使居翰林中。就拜左拾遗。会德宗皇帝崩。郓帅擅师于曹。诏归之。公不肯与姑息。时王叔文恃幸。异公意不随。卒用公意。郓果帖。后一年。司直给事府。会朝廷以观察防御事授路恕治于鄜。恕即日就公求自贰。降拜六而后许。诏赐五品服。供奉殿中以贰焉。会恕复取不宜为宾者。公罢去。归为殿中侍御史。有诏天下俟三节来献。先是襄帅均献在邸。亟相命俟节以献之。公力争不可。意作谬官诗。寻为员外比部郎。转兵部吏部。始命由文由部而仕者。岁得调。编类条式。以便观者。罢成劳书。凡成否之状急一月。人皆便之。迁本曹郎。换兵部郎中知制诰。丞相视草时。微有窜益。遂不复出。乐为少京兆。会仲兄尚书逊被口语。上疏明白。出刺澧州。入以亚太常。于礼部中覈贡士。用已鉴取文章。选用多荐说者。遂为礼部侍郎。迁刑部。权于吏部郎众品。一夕。无他恙。而奄忽将尽。举族环之。请召咒妖巫。摇首若不欲者。寡嫂至。敛衣若礼焉。竟不克言而遂薨。年五十八。是岁长庆元年之二月二十有三日也。上为之一日不视事。以工部尚书追命之。后四月。祔先君于凤翔府某县某乡某里。实五月之二十有五日。夫人渭源县君房氏。容州济之女。在太尉琯为犹孙。生五男。长曰讷。始二十。朴恪悫硕次第焉。二女皆十年而下。长于议论。用体识为文章。于朋友间好尽言。然而未尝以胜负形喜愠。进退之际。几微不苟。受官法与操行牢不夺。亦未尝皎皎自辨。性洁廉。而沓贪有才者皆进之。考行取友甚峻。能铢两人伦。而滔滔者莫见其厚薄。终肯延荐人。常为讳避其短。善承受得丧。故没身无诞叹之言。没之日。会上合百辟宴御史吏。骤闻其丧。闻者皆怛然爱惜无异词。公始校秘书时。与同省郎白居易元稹定死生分。至是稹与白哭泣不自胜。且相谓曰。杓直常自言。在江陵时无衣食。赖伯兄造焦劳营。为纵两弟游学。不数年。与仲兄逊举进士。并世为公卿。而伯兄先杓直没。今杓直复不以疾闻于许。一旦发其丧。其兄何如哉。许信至。果诲其犹子讷曰。尔父有不朽行。宜得知者铭。吾悲挠不忍为。尔其告若父之执。子讷遂来告曰。为志且铭。铭曰。日出入安归。今日之日是。前日耶非。君去此安之。念君梦君兮。是君也非。之死信冥冥兮。安用铭此为。死而尚可识兮。鱼膏大夜。安忍观此词。","周相录《元稹年谱新编》，上海古籍出版社版2004年版，第200页",,,,"欧阳丹"
"唐","元稹","长庆元年","821","2",,"43","","京畿道","京兆府","长安",,"陕西","西安市",,"108.946306","34.347436","中书舍人、翰林承旨学士","李建卒，有诗记之。","李建，白居易","《与乐天同葬杓直》","Poem","与乐天同葬杓直
元伯来相葬，山涛誓抚孤。不知他日事，兼得似君无。","周相录《元稹年谱新编》，上海古籍出版社版2004年版，第200页",,,,"欧阳丹"
"唐","元稹","长庆元年","821","3",,"43","","京畿道","京兆府","长安",,"陕西","西安市",,"108.946306","34.347436","中书舍人、翰林承旨学士","与李绅、李德裕劾钱徽取士不公。诏王起、白居易重试。","李绅，李德裕，王起，白居易",,"","","周相录《元稹年谱新编》，上海古籍出版社版2004年版，第200页",,,,"欧阳丹"
"唐","元稹","长庆元年","821","4",,"43","","京畿道","京兆府","长安",,"陕西","西安市",,"108.946306","34.347436","中书舍人、翰林承旨学士","郑朗、裴撰等覆落，钱徽、李宗闵、杨汝士皆远贬。为穆宗起草《戒励风俗德音》。","唐穆宗","《戒励风俗德音》","Article","戒励风俗德音
朕闻昔者卿大夫相与让于朝。士庶人相与让于列。周成王刑措不用。汉文帝耻言人过。真理古也。朕甚慕焉。中代以还。争端斯起。掩抑其言则专蔽。诱掖其说则欺诬。自非责实循名。不能彰善瘅恶。故孝宣必有告讦及下。光武不以诡辞遽行。语称讪上之非。律有匿名之禁。皆所以防三至之毁。重两造之明。是以爵人于朝则皆劝。刑人于市则皆惧。罪有归而赏当事也。末俗偷巧。内荏外刚。卿大夫无进思尽忠之诚。多退有后言之谤。士庶人无切磋琢磨之益。多销铄浸润之谗。进则谀言谄笑以相求。退则群居杂处以相议。留中不出之请。盖发其阴私。公论不容之词。实生于朋党。擢一官则曰恩皆自我。黜一职则曰事出他门。比周之迹巳彰。尚矜介特。由径之踪尽露。自谓贞方。居省寺者。不能以勤恪莅官。而曰务从简易。提纪纲者。不能以准绳检下。而曰密奏风闻。献章疏者。更相是非。备顾问者。互有憎爱。苟非秦镜照胆。尧羊触邪。时君听之。安可不惑。参断一谬。俗化益讹。祸发齿牙。言生枝叶。率是道也。朕甚悯焉。我国家贞观开元。同符三代。风俗归厚。礼让偕行。兵兴巳来。人散久矣。始欲导之以德。不欲驱之以刑。然而信有未孚。理有未至。曾无耻格。益用雕刓。小则综覈之权。见侵于下辈。大则机枢之重。旁挠于薄徒。尚念因而化之。亦既去其尤者。而宰臣等惧其寖染。未克澄清。备列祖宗之书。愿垂戒励之诏。遂申诰教。颇用殷勤。各当自省厥躬。与我同底于道。凡百多士。宜体朕怀。","周相录《元稹年谱新编》，上海古籍出版社版2004年版，第201页",,,,"欧阳丹"
"唐","元稹","长庆元年","821","4",,"43","","京畿道","京兆府","长安",,"陕西","西安市",,"108.946306","34.347436","中书舍人、翰林承旨学士","进呈《京西京北图》一面、《京西京北图经》四卷等，有状。","唐穆宗","《进西北边图经状》","Article","进西北边图经状
右。臣今月二日进京西京北图一面。山川险易。细大无遗。犹虑幅尺高低。阅览有烦于睿鉴。屋壁施设。俯仰颇劳于圣躬。寻于古今图籍之中。纂撰京西京北图经。共成四卷。所冀衽席之上。欹枕而郡邑可观。游幸之时。倚马而山川尽在。又太和公主下嫁。伏恐圣虑念其道远。臣今具录天德城以北。至回鹘衙帐已来。食宿井泉。附于图经之内。并别写一本。与图经序谨同封进。其图四卷。随状进呈。","周相录《元稹年谱新编》，上海古籍出版社版2004年版，第202页",,,,"欧阳丹"
"唐","元稹","长庆元年","821","4",,"43","","京畿道","京兆府","长安",,"陕西","西安市",,"108.946306","34.347436","中书舍人、翰林承旨学士","进呈《京西京北图》一面、《京西京北图经》四卷等，有状。","唐穆宗","《京西京北图》","Article","进西北边图经状
右。臣今月二日进京西京北图一面。山川险易。细大无遗。犹虑幅尺高低。阅览有烦于睿鉴。屋壁施设。俯仰颇劳于圣躬。寻于古今图籍之中。纂撰京西京北图经。共成四卷。所冀衽席之上。欹枕而郡邑可观。游幸之时。倚马而山川尽在。又太和公主下嫁。伏恐圣虑念其道远。臣今具录天德城以北。至回鹘衙帐已来。食宿井泉。附于图经之内。并别写一本。与图经序谨同封进。其图四卷。随状进呈。","周相录《元稹年谱新编》，上海古籍出版社版2004年版，第202页","（亡佚）",,,"欧阳丹"
"唐","元稹","长庆元年","821","4",,"43","","京畿道","京兆府","长安",,"陕西","西安市",,"108.946306","34.347436","中书舍人、翰林承旨学士","进呈《京西京北图》一面、《京西京北图经》四卷等，有状。","唐穆宗","《京西京北图经并序》","Article","进西北边图经状
右。臣今月二日进京西京北图一面。山川险易。细大无遗。犹虑幅尺高低。阅览有烦于睿鉴。屋壁施设。俯仰颇劳于圣躬。寻于古今图籍之中。纂撰京西京北图经。共成四卷。所冀衽席之上。欹枕而郡邑可观。游幸之时。倚马而山川尽在。又太和公主下嫁。伏恐圣虑念其道远。臣今具录天德城以北。至回鹘衙帐已来。食宿井泉。附于图经之内。并别写一本。与图经序谨同封进。其图四卷。随状进呈。","周相录《元稹年谱新编》，上海古籍出版社版2004年版，第202页","（亡佚）",,,"欧阳丹"
"唐","元稹","长庆元年","821","6","11","43","","京畿道","京兆府","长安",,"陕西","西安市",,"108.946306","34.347436","中书舍人、翰林承旨学士","面奉圣旨。令画新图。","唐穆宗","《盛唐西极图》","Article","进西北边图状
右。臣先画圣唐西极图三面。草本并毕。伏候面自奏论。方拟进呈。前月十一日于思政殿面奉圣旨云。诸家所进河陇图。勘验皆有差异。并检寻近日烽镇城堡不得。令臣所画。稍须精详。伏缘臣先画西极图。疆界阔远。郡国繁多。若烽镇馆驿尽言。即山川榜帖太密。恐烦圣览。不甚分明。愚臣数日之间。别画一京西京北州镇烽戍道路等图已毕。纤毫必载。尺寸无遗。若边上奏报烟尘。陛下便可坐观处所。若欲验臣此图与诸家所进何如。伏乞圣明于南衙及北军中召取一久任边将者。或于中使内有经过边上校熟者。宣示其道。辨别精粗。即知臣愚一一皆有依凭。不敢妄加增减。其圣唐西极图三本。伏缘经略意大事须面自陈。伏恐次及降诞务繁。未敢进状候对。其京西京北镇烽戍道路等图并序。谨随状进呈。","周相录《元稹年谱新编》，上海古籍出版社版2004年版，第202页","（亡佚）",,,"欧阳丹"
"唐","元稹","长庆元年","821","7",,"43","","京畿道","京兆府","长安",,"陕西","西安市",,"108.946306","34.347436","中书舍人、翰林承旨学士","进呈《京西京北州镇烽戌道路等图》，有状。与穆宗关系日益密切，穆宗经常与其密谋。","唐穆宗","《进西北边图状》","Article","进西北边图状
右。臣先画圣唐西极图三面。草本并毕。伏候面自奏论。方拟进呈。前月十一日于思政殿面奉圣旨云。诸家所进河陇图。勘验皆有差异。并检寻近日烽镇城堡不得。令臣所画。稍须精详。伏缘臣先画西极图。疆界阔远。郡国繁多。若烽镇馆驿尽言。即山川榜帖太密。恐烦圣览。不甚分明。愚臣数日之间。别画一京西京北州镇烽戍道路等图已毕。纤毫必载。尺寸无遗。若边上奏报烟尘。陛下便可坐观处所。若欲验臣此图与诸家所进何如。伏乞圣明于南衙及北军中召取一久任边将者。或于中使内有经过边上校熟者。宣示其道。辨别精粗。即知臣愚一一皆有依凭。不敢妄加增减。其圣唐西极图三本。伏缘经略意大事须面自陈。伏恐次及降诞务繁。未敢进状候对。其京西京北镇烽戍道路等图并序。谨随状进呈。","周相录《元稹年谱新编》，上海古籍出版社版2004年版，第202页",,,,"欧阳丹"
"唐","元稹","长庆元年","821","7",,"43","","京畿道","京兆府","长安",,"陕西","西安市",,"108.946306","34.347436","中书舍人、翰林承旨学士","进呈《京西京北州镇烽戌道路等图》，有状。与穆宗关系日益密切，穆宗经常与其密谋。","唐穆宗","《京西京北州镇烽戌道路等图并序》","Article","进西北边图状
右。臣先画圣唐西极图三面。草本并毕。伏候面自奏论。方拟进呈。前月十一日于思政殿面奉圣旨云。诸家所进河陇图。勘验皆有差异。并检寻近日烽镇城堡不得。令臣所画。稍须精详。伏缘臣先画西极图。疆界阔远。郡国繁多。若烽镇馆驿尽言。即山川榜帖太密。恐烦圣览。不甚分明。愚臣数日之间。别画一京西京北州镇烽戍道路等图已毕。纤毫必载。尺寸无遗。若边上奏报烟尘。陛下便可坐观处所。若欲验臣此图与诸家所进何如。伏乞圣明于南衙及北军中召取一久任边将者。或于中使内有经过边上校熟者。宣示其道。辨别精粗。即知臣愚一一皆有依凭。不敢妄加增减。其圣唐西极图三本。伏缘经略意大事须面自陈。伏恐次及降诞务繁。未敢进状候对。其京西京北镇烽戍道路等图并序。谨随状进呈。","周相录《元稹年谱新编》，上海古籍出版社版2004年版，第202页","（亡佚）",,,"欧阳丹"
"唐","元稹","长庆元年","821",,,"43","","京畿道","京兆府","长安",,"陕西","西安市",,"108.946306","34.347436","中书舍人、翰林承旨学士","夏，子荆夭折，年十一岁，有诗伤之。","","《哭子十首》","Poem","哭子十首 其一
维鹈受刺因吾过，得马生灾念尔冤。独在中庭倚闲树，乱蝉嘶噪欲黄昏。
哭子十首 其二
才能辨别东西位，未解分明管带身。自食自眠犹未得，九重泉路托何人。
哭子十首 其三
尔母溺情连夜哭，我身因事有时悲。钟声欲绝东方动，便是寻常上学时。
哭子十首 其四
莲花上品生真界，兜率天中离世途。彼此业缘多障碍，不知还得见儿无。
哭子十首 其五
节量梨栗愁生疾，教示诗书望早成。鞭扑校多怜校少，又缘遗恨哭三声。
哭子十首 其六
深嗟尔更无兄弟，自叹予应绝子孙。寂寞讲堂基址在，何人车马入高门。
哭子十首 其七
往年鬓已同潘岳，垂老年教作邓攸。烦恼数中除一事，自兹无复子孙忧。
哭子十首 其八
长年苦境知何限，岂得因儿独丧明。消遣又来缘尔母，夜深和泪有经声。
哭子十首 其九
乌生八子今无七，猿叫三声月正孤。寂寞空堂天欲曙，拂帘双燕引新雏。
哭子十首 其十
频频子落长江水，夜夜巢边旧处栖。若是愁肠终不断，一年添得一声啼。","周相录《元稹年谱新编》，上海古籍出版社版2004年版，第202页",,,,"欧阳丹"
"唐","元稹","长庆元年","821","8",,"43","","京畿道","京兆府","长安",,"陕西","西安市",,"108.946306","34.347436","中书舍人、翰林承旨学士","李景俭以元稹之故，入为谏议大夫。","李景俭",,"","","周相录《元稹年谱新编》，上海古籍出版社版2004年版，第202页",,,,"欧阳丹"
"唐","元稹","长庆元年","821","8","10","43","","京畿道","京兆府","长安",,"陕西","西安市",,"108.946306","34.347436","中书舍人、翰林承旨学士","在翰林院，有文记之。","","《翰林承旨学士记》","Article","翰林承旨学士厅壁记
旧制学士无得以承旨为名者。应对顾问。参会旅次。班第以官为上下。宪宗章武孝皇帝以永贞元年即大位。始命郑公絪为承旨学士。位在诸学士上。居在东第一閤。乘舆奉郊庙。辄得乘厩马。自浴殿由内朝以从。揭鸡竿。布大泽。则升丹凤之西南隅。外宾客进见于麟德。则止直禁中。以俟大礼。大诰令。大废置。丞相之密画。内外之密奏。上之所甚注意者。莫不专受专对。他人无得而参。非自异也。法不当言。用是十七年间。由郑至杜。十一人而九参大政。其不至者。卫公诏及门而返。事适然也。至于张。则弄相印以俟其病间者久之。卒不兴。命也已。若此。则安可以昧陋不肖之稹。继居九丞相二名卿之后乎。俛仰瞻睹。如遭大宾。每自诲其心曰。以若之不俊不明。而又使欲恶欹曲攻于内。且决事于冥冥之中。无暴扬报效之虑。遂忿行私易也。然而阴潜之神。必有记善恶之馀者。以君父之遇若如是。而犹举枉措直。可乎哉。使若之心。忽而为他人尽。数若之所为。而终不自愧。斯可矣。昔鲁共王馀画先贤于屋壁。以自警临。我以十一贤之名氏。岂直自警哉。由是谨述其迁授。书于座隅。长庆元年八月十日记。","周相录《元稹年谱新编》，上海古籍出版社版2004年版，第207页",,,,"欧阳丹"
"唐","元稹","长庆元年","821",,,"43","","京畿道","京兆府","长安",,"陕西","西安市",,"108.946306","34.347436","中书舍人、翰林承旨学士","在翰林院，感翰林东合前小松，留诗。","","《题翰林东合前小松》","Poem","题翰林东閤前小松
檐碍修鳞亚，霜侵簇翠黄。唯馀入琴韵，终待舜弦张。","周相录《元稹年谱新编》，上海古籍出版社版2004年版，第215页",,,,"欧阳丹"
"唐","元稹","长庆元年","821","9",,"43","","京畿道","京兆府","长安",,"陕西","西安市",,"108.946306","34.347436","中书舍人、翰林承旨学士","薛戎卒，元稹为其撰神道碑。","","《唐故越州刺史兼御史中丞浙江东道观察等使赠左散骑常侍河东薛公神道碑文铭》","Article","唐故越州刺史兼御史中丞浙江东道观察等使赠左散骑常侍河东薛公神道碑文铭
天下万族。言多大冠冕人物者。凡八姓。薛其一也。自晋安西将军懿避寇汾阴。后世子孙。遂与裴氏柳氏为河东三著姓。近世诸薛群从伯季。死丧犹相功缞者数十人。迭居中外要秩。皆邠州刺史宝允之二世三世孙。公讳戎。字元夫。父曰湖州长史赠刑部尚书同。母曰赠某郡太夫人陆氏。尚书景融女。祖曰河南县令赠给事中缣。河南于邠州为季子。刑部五男。乂终郎。丹终宾客。拥终御史。公实刑部府君第某子。今尚书兵部侍郎集贤殿学士放于公为季弟。公初不乐为吏。徒以家世多贵富。门户当有持之者。会两弟相继举进士。皆中选。公自喜。遂入阳羡山。年四十馀不出。李衡为刺史。能以礼下公。及衡观察江西。求公为幕中宾。公许衡。衡迁。复为观察使齐映乞自佐。映卒。河南观察使李巽遽辟之。未几。福建观察使柳冕奏署书下。诏公判冕观察府中事。累迁殿中侍御史。冕俾公摄行泉州刺史事。时贞元中。宠重方镇。方镇喜自用。不用朝廷法。公在郡用朝廷法。不用冕所自用者。冕恶之。先是宦者薛盈珍谮马总为泉州别驾。冕谕公陷总。总无罪。公不忍陷。冕怒。并囚之。值冕病。俱得脱。公由总以义闻。冕卒。阎济美代冕使福建。复请公副团练事。始受五品服。济美使浙东。公亦随副之。转侍御史。给事中穆质有直气。爱公称于朝。因拜尚书刑部员外郎。改河南令。王师出征。以中贵人护诸将。州府吏迎迓馆谷畏不及。持畚斸于道路者相接。唯公境内按故。道途无所役。且制阛阓无得授。留守卒坏公制。公命寘诸狱。留守怒。遣将率徒略出之。公不与卒致留守。诸市人皆赖之。迁衢州刺史。到所部。视前刺史所为皆便俗。公忻然无所改。不周月而政就。移刺湖州。其最患人者。荻塘河水潴淤。逼塞不能负舟。公浚之百馀里。改刺常州。不累月。遽刺越州。仍以御史中丞观察团练浙东西。所部郡皆禁酒。官自为垆。以酒禁坐死者。每岁不知数。而产生祠祀之家。受酒于官。皆醨伪滓坏。不宜复进于杯棬者。公即日奏罢之。旧制包橘之贡取于人。未三贡鬻者。罪且死。公命市贡之鬻者无所禁。旬月之内。越俗无馀弊。朝廷宜之。积累岁不迁。长庆元年。以疾自去。九月庚申。薨于苏州之私第。始生岁丁亥。至是七十五年矣。天子废视朝。使使者赠赗。赙祭临。且以左散骑常侍追加焉。十一月庚申。洎夫人韦氏葬偃师河南府君之墓左。公后娶李夫人。亦又殁于天。子曰沂。始九岁。洽次之。有女四人。皆及其嫁。公始以隐者心为吏。不尚约束。不求名誉。人人便安。尤恶苛杂。为郡时。有善归之所部县。为镇时。有善归之所部郡。是以在郡在镇时。无灼灼可惊者。既去人思。赋敛多饶裕人。然而俭于用。予视其库庾案牍盈羡无逋负。予在中书时。公既殁。浙东使上公所羡之财贯缗积帛之数。凡三十有九万。则其去他郡也可知矣。惜乎今之人扬善政者少。公既不自称。人亦莫能尽知公之所以理。至于脱马总之祸。抗居守之略。弛酒禁。市贡橘。惠施于人。而殁而盈羡。皆予之适知者。非公之不能有以多于此也。性诚厚温重。然而欢爱亲戚。及为大官。远近多归之。衣食婚嫁之外无馀财。一旦尽所有分遗亲戚曰。吾病矣。尔辈各为归去资。亲戚故旧皆哭泣。尽散去。及公去越之日。徒御不过数十人。观者嗟叹多出涕。公为河南令。余以御史理东台。自是熟公之所为。又尝与公季弟放为南北曹侍郎。公殁矣。非我传信。孰当传焉。铭曰。婉婉邠州。厥生九子。子又生孙。实大以祉。祉延于公。有浙之东。仲氏临汝。季氏南宫。门户有赫。有赫斯融。我禄斯美。我族斯丰。朋旧亲戚。羁离困穷。无远无迩。有来斯雍。公之丧矣。族亦瘁止。分散舟车。各自乡里。有今之季。悲哀不已。前年孟亡。今年仲死。抚视遗孤。瞻望坟垒。何以推之。古今同此。贻之斯文。以永来祀。","周相录《元稹年谱新编》，上海古籍出版社版2004年版，第203页",,,,"欧阳丹"
"唐","元稹","长庆元年","821",,,"43","","京畿道","京兆府","长安",,"陕西","西安市",,"108.946306","34.347436","中书舍人、翰林承旨学士","在翰林院，起草《谢御札状》。","唐穆宗","《谢御札状》","Article","谢御劄状
右。泰伦重晏至。宣赐臣前件御劄。其中圣旨云。镇州逆乱。枉害忠良。若与元翼镇州节度使。即是舍贼之门者。伏以睿算若神。圣慈犹父。视凶狡之搆乱。义在克清。念台辅之衔冤。期于必报。此盖仁深天地。勇过雷霆。臣实庸愚。难议窥测。况臣谋猷失次。罪戾是忧。宸翰忽临。天章焕发。舞凤回翔于怀袖。飞龙顾盼于缣缃。岂独传之子孙。便可镂于肌骨。微臣无任踊跃光荣之至。","周相录《元稹年谱新编》，上海古籍出版社版2004年版，第207页",,,,"欧阳丹"
"唐","元稹","长庆元年","821",,,"43","","京畿道","京兆府","长安",,"陕西","西安市",,"108.946306","34.347436","中书舍人、翰林承旨学士","在翰林院，起草《范传式河南府寿安县令》制。","唐穆宗","《范传式河南府寿安县令》","Article","范传式可河南府寿安县令制
敕。范传式。御史府多以法律见徵。苟覆视之不明。于薄责而何逭。传式在先朝时。尝为监察御史。会孙革以⿸牧竞田之狱来上。朝廷意其未具。复命传式理之。不能精求。尽以前却。使岐人众来告我。职尔之由。须示薄惩。用明失实。嗟乎。长人之吏。信在言前。当革非心。无因故态。过而不改。宁罔后艰。","周相录《元稹年谱新编》，上海古籍出版社版2004年版，第207页",,,,"欧阳丹"
"唐","元稹","长庆元年","821",,,"43","","京畿道","京兆府","长安",,"陕西","西安市",,"108.946306","34.347436","中书舍人、翰林承旨学士","在翰林院，起草《刘颇河中府河西县令》制。","唐穆宗","《刘颇河中府河西县令》","Article","刘颇可河中府河西县令制
敕。刘颇。朕以自鄜而北。夷夏杂居。号为难理。乃诏执事求才。以绥怀控压之者。皆曰颇在兹选。且言其伐蔡之役。常参谋于怀汝之师。部分弛张。允协军政。遂命试领银州郡事。众庶宁附。边人宜之。连帅以闻。议请甄奖。河西近边。择吏惟精。勿吝牛刀。为我烹割。","周相录《元稹年谱新编》，上海古籍出版社版2004年版，第208页",,,,"欧阳丹"
"唐","元稹","长庆元年","821",,,"43","","京畿道","京兆府","长安",,"陕西","西安市",,"108.946306","34.347436","中书舍人、翰林承旨学士","在翰林院，起草《授薛昌族等王府长史制》制。","唐穆宗","《授薛昌族等王府长史制》","Article","授薛昌族王府长史等制
敕。建邦之王府。置长史司马。以纪掾属之秩序。而稽其职业也。前宁州刺史薛昌族前泌州刺史乌重儒等。皆勋伐之子孙。并良能之牧守。朕河山在念。肯忘奖劳。藩邸求才。实思高选。昔阮孚以啸咏自乐。庞秀有忠烈可佳。更任王宫。咸称国器。今之荣授。其在兹乎。伫移汝理郡之方。以予维城之固。昌族可行绛王府长史。重儒可守冀王府司马。散官勋如故。","周相录《元稹年谱新编》，上海古籍出版社版2004年版，第208页",,,,"欧阳丹"
"唐","元稹","长庆元年","821",,,"43","","京畿道","京兆府","长安",,"陕西","西安市",,"108.946306","34.347436","中书舍人、翰林承旨学士","在翰林院，起草《崔倰授尚书户部侍郎制》。","唐穆宗","《崔倰授尚书户部侍郎制》","Article","授崔棱尚书户部侍郎制
敕。朝议大夫权知尚书户部侍郎判度支上柱国赐紫金鱼袋崔棱。惟朕宪考。亟征不廷。熏剔幽妖。擒灭罪疾。用力滋广。理才是切。而奸臣乘上之急。刻刮以充其求。帝用悯然。思克忧济。乃诏南服。传置甚繁。尔棱授以耗登之书。俾陈生聚之术。善于其职。严而不残。辟名用物者逃无所入。灭私奉公者得以自明。吏不敢欺。人不加赋。公费当其所则不吝。上求非其故则不献。挺直廉厚。真为吏师。试可甄明。岁满当陟。朕保其始。尔思其终。始终不渝。乃可用乂。可守尚书户部。依前判度支。散官勋赐如故。","周相录《元稹年谱新编》，上海古籍出版社版2004年版，第208页",,,,"欧阳丹"
"唐","元稹","长庆元年","821",,,"43","","京畿道","京兆府","长安",,"陕西","西安市",,"108.946306","34.347436","中书舍人、翰林承旨学士","在翰林院，起草《高允恭授侍御史知杂事制》。","唐穆宗","《高允恭授侍御史知杂事制》","Article","授高允恭侍御史知杂事制
敕。御史府不以一职名官。盖总察郡司。典掌众政。副其丞者。是选尤难。而御史丞僧孺。首以朝议郎守尚书户部郎中判度支案飞骑尉高允恭闻于予曰。允恭始以儒家子。能文入官。在监察御史时。分务东台。无所顾虑。为刑部郎中。能守训典。复以人曹郎佐掌邦计。悬石允釐。挠而不烦。简而不傲。静专动直。志行修明。乞以台郎。兼授宪简。杂错之务。一以咨之。朕俞其言。尔其自勉。无俾僧孺狭于知人。可以本官兼侍御史知杂事。馀如故。","周相录《元稹年谱新编》，上海古籍出版社版2004年版，第208页",,,,"欧阳丹"
"唐","元稹","长庆元年","821",,,"43","","京畿道","京兆府","长安",,"陕西","西安市",,"108.946306","34.347436","中书舍人、翰林承旨学士","在翰林院，起草《裴注侍御史》制。","唐穆宗","《裴注侍御史》","Article","授裴注等侍御史制
敕。诸道盐铁转运东都后兼侍御史裴注等。法者古今所公共也。一日去之。则百职尽坠。是以秦汉以降。御史府莫不用刚果劲正之士。以维持纪纲。季代而迁。埋轮破柱之徒。绝不复出。朕甚异焉。去岁以来。比命御史丞为宰相。盖欲慰荐人之不敢为也。尔等或以吏最。或以文学。当僧孺慎拣之初。遇朝廷渴用之日。又安可回惑顾虑于豪黠。而姑以揖让步趋之际为塞责乎。可依前件。","周相录《元稹年谱新编》，上海古籍出版社版2004年版，第208页",,,,"欧阳丹"
"唐","元稹","长庆元年","821",,,"43","","京畿道","京兆府","长安",,"陕西","西安市",,"108.946306","34.347436","中书舍人、翰林承旨学士","在翰林院，起草《孔戣母韦氏等》制。","唐穆宗","《孔戣母韦氏等》","Article","追封孔戣母韦氏等制
敕。㯋考叔食美而思遗其亲。此孝子不违于一饭也。而况于万石在前。累茵在侧。慰心不及。非赠而何。尚书吏部侍郎孔戣母赠扶风郡太君韦氏等。柔以睦姻。明于训子。惟嫔之礼。始自敬姜。择邻之规。优于孟母。庆钟嗣子。皆我荩臣。祗告有司。丕序先烈。锡以大邑。达其深诚。庶无风树之嗟。且壮秋霜之节。可依前件。","周相录《元稹年谱新编》，上海古籍出版社版2004年版，第209页",,,,"欧阳丹"
"唐","元稹","长庆元年","821",,,"43","","京畿道","京兆府","长安",,"陕西","西安市",,"108.946306","34.347436","中书舍人、翰林承旨学士","在翰林院，起草《追封王璠母李氏等》制。","唐穆宗","《追封王璠母李氏等》","Article","追封王璠母李氏等制
敕。守起居舍人赐绯鱼袋王璠母赠成纪县太君李氏等。古人云。生愿为人兄。欲奉养之日长也。若此则及子之贵。显亲之荣。能几何人。是以圣王因心以设教。由是扬名追孝之礼生焉。朕宅帝位。思宏大孝。乃诏执事。追用疏封。而璠等皆以讽赋语言。得参侍从。欲报之叹。发乎肺肝。追加启土之荣。用深罢社之痛。可依前件。","周相录《元稹年谱新编》，上海古籍出版社版2004年版，第209页",,,,"欧阳丹"
"唐","元稹","长庆元年","821",,,"43","","京畿道","京兆府","长安",,"陕西","西安市",,"108.946306","34.347436","中书舍人、翰林承旨学士","在翰林院，起草《裴誗检校尚书库部郎中充河阳节度判官》制。","唐穆宗","《裴誗检校尚书库部郎中充河阳节度判官》","Article","","周相录《元稹年谱新编》，上海古籍出版社版2004年版，第209页",,,,"欧阳丹"
"唐","元稹","长庆元年","821",,,"43","","京畿道","京兆府","长安",,"陕西","西安市",,"108.946306","34.347436","中书舍人、翰林承旨学士","在翰林院，起草《追封王潜母齐国大长公主》制。","唐穆宗","《追封王潜母齐国大长公主》","Article","追封王潜母齐国大长公主制
敕。检校兵部尚书王潜母赠晋国大长公主。于朕祖宗之姑姊妹也。始以肃雍之德。下嫁于公侯。淑问怡声。礼无违者。训其爱子。有过严君。不因恩泽以求郎。每致忠贞而事主。使勤富贵。戒斁廉能。郁为勋臣。实资圣善。徽猷尽在。典礼宜加。犹狭平阳之封。式广营邱之地。克宣朕命。用慰潜心。可赠齐国大长公主。","周相录《元稹年谱新编》，上海古籍出版社版2004年版，第209页",,,,"欧阳丹"
"唐","元稹","长庆元年","821",,,"43","","京畿道","京兆府","长安",,"陕西","西安市",,"108.946306","34.347436","中书舍人、翰林承旨学士","在翰林院，起草《裴武授司农卿》制。","唐穆宗","《裴武授司农卿》","Article","授裴武司农卿制
敕。农天下之本也。故国有九列。而司农氏居其一焉。前代非牟融之循理。康成之儒学。不在兹选。今海内无事。思与公卿等树立根柢。以制四方。是用外选方伯之善职者。入补兹任。谓之恩荣。具官裴武。予闻其先始以孝友。书其国籍。其后累有丞相。为唐名臣。贤彦因仍。代济不绝。武亦嗣其忠孝。益炽家声。郁为元僚。所至称理。尝居内史。屡入正卿。自华至荆。无非剧地。钤辖豪右。衣食茕嫠。严而不残。仁而有制。镇定南服。予方赖之。而亟请来朝。因求内任。嘉其恋我。难夺乃诚。假以秩宗之荣。用制国泉之重。费而不屈。尔其勉之。可检校礼部尚书兼司农卿。馀如故。","周相录《元稹年谱新编》，上海古籍出版社版2004年版，第209页",,,,"欧阳丹"
"唐","元稹","长庆元年","821",,,"43","","京畿道","京兆府","长安",,"陕西","西安市",,"108.946306","34.347436","中书舍人、翰林承旨学士","在翰林院，起草《刘士泾授太仆卿制》。","唐穆宗","《刘士泾授太仆卿制》","Article","授刘士泾太仆卿制
敕。卿寺甚重。不易其人。其或以勋以亲。以报以劝。又何爱焉。检校大理少卿驸马都尉刘士泾。去岁西戎跳入泾上。京师戒严。朕慨然有思廉颇李牧之志。而习事者言尔父司空之在泾也。筑平凉等八城一堡。堑保定平原。使泾人益树麦禾。以复后稷公刘之教。十有六年。犬戎不敢东顾。朕闻其人。思见其后。果有令子。在吾懿亲。与之讨论。自亦奇士。铺陈将略。殊有父风。访其班资。则曰亚诸卿之间。尝十年矣。今乃除其忧服。命以大僚。岂惟报尔先臣。荣吾戚里。亦欲使缘边诸将。视其爱子。为我竭诚。可守太仆卿驸马都尉。馀如故。","周相录《元稹年谱新编》，上海古籍出版社版2004年版，第209页",,,,"欧阳丹"
"唐","元稹","长庆元年","821",,,"43","","京畿道","京兆府","长安",,"陕西","西安市",,"108.946306","34.347436","中书舍人、翰林承旨学士","在翰林院，起草《授韩皋尚书左（右）仆射制》。","唐穆宗","《授韩皋尚书左（右）仆射制》","Article","授韩皋尚书左仆射制
敕。夫一邑之政。而犹资老者之智。用壮者之决。况朝廷之大。得不以耆年重望。居表正之地。以仪刑百辟乎。惟尔金紫光禄大夫检校尚书右仆射兼吏部尚书韩皋。始以直言事代宗皇帝。司谏诤。复以文章政术事德宗皇帝。为舍人中丞京兆尹。在顺宗宪宗时。出领藩方。入备卿长。逮予小子。历事五君。勤亦至矣。而又处权近之位。未尝以恩幸自宠于一时。当趣向之间。终不以薄厚见窥于众目。岂所谓徐公之行已有常。而诗人之风雨不改耶。日者铨覈群才。兼劳揆务。颇烦伦拟。有异优崇。罢去职劳。正名端揆。俾绝积薪之叹。且明尚齿之心。凡百庶僚。无忘咨禀。可守尚书左仆射。馀如故。","周相录《元稹年谱新编》，上海古籍出版社版2004年版，第209页",,,,"欧阳丹"
"唐","元稹","长庆元年","821",,,"43","","京畿道","京兆府","长安",,"陕西","西安市",,"108.946306","34.347436","中书舍人、翰林承旨学士","在翰林院，起草《授赵宗儒尚书左仆射制》。","唐穆宗","《授赵宗儒尚书左仆射制》","Article","授赵宗儒尚书左仆射制
敕。银青光禄大夫守太子少傅兼判太常卿事赵宗儒。昔叔。孙通徒以绵蕝草具之功。遂获封侯之赏。况朕始见天地。初朝祖宗。哀励祗严。不克是惧。惟尔肇自清庙。逮于还官。赞导法仪。踰于四百。俛伏趋数。讫无尤违。夫何叔孙可用是比。顾朕冲昧。实赖老成。不有甄升。孰明勤尽。奉常正秩。左揆兼荣。六乐九仪。兴替在此。无忘勖率。以厚人伦。可检校尚书左仆射兼太常卿。散官勋如故。","周相录《元稹年谱新编》，上海古籍出版社版2004年版，第209页",,,,"欧阳丹"
"唐","元稹","长庆元年","821",,,"43","","京畿道","京兆府","长安",,"陕西","西安市",,"108.946306","34.347436","中书舍人、翰林承旨学士","在翰林院，起草《授王播刑部尚书诸道盐铁转运等使制》。","唐穆宗","《授王播刑部尚书诸道盐铁转运等使制》","Article","授王播刑部尚书诸道盐铁转运等使制
敕。汉诸儒议盐铁者百辈。终莫能罢。以其均口赋利。则贵贱尽征于王府矣。而国家岁漕关东之粟帛。以实京师。亦重事也。并是两者。非才勿居。剑南西川节度副大使知节度事中散大夫检校户部尚书兼成都尹御史大夫赐紫金鱼袋王播。昔我宪宗章武皇帝枭琳于夏。擒辟于蜀。缚锜于吴。而又继之以元济师道之役。十五年间。盖烦费矣。然而资用饶而人不加赋。朕甚异焉。谋及耆艾。以求其故。皆曰蜀帅播是时司筦榷者八年。忠而能勤。善于其职。先皇帝咨访委遇。用之不疑。下竭其才。而上专其任也。是用徵自益部。授之刑曹。复以旧务烦之。式所以藉尔奉力之熟耳。于戏。知人则哲。宪考能之。顾兹不明。敢有贰事。尔其追奉先眷。佐予冲人。忠尽始终。以服休命。可守刑部尚书充诸道盐铁转运等使。散官勋如故。","周相录《元稹年谱新编》，上海古籍出版社版2004年版，第210页",,,,"欧阳丹"
"唐","元稹","长庆元年","821",,,"43","","京畿道","京兆府","长安",,"陕西","西安市",,"108.946306","34.347436","中书舍人、翰林承旨学士","在翰林院，起草《授王陟监察御史充西川节度判官制》。","唐穆宗","《授王陟监察御史充西川节度判官制》","Article","授王陟监察御史充西川节度判官等制
敕。王陟等。列诸侯之宾者。迁次淹速。得与上台比伦。其或馈饷务繁。参画礼重。亦得辍自他职。副其所求。尔等或以政闻。或以艺举。守臣上请。信不予欺。各竭乃诚。以修厥绩。可依前件。","周相录《元稹年谱新编》，上海古籍出版社版2004年版，第210页",,,,"欧阳丹"
"唐","元稹","长庆元年","821",,,"43","","京畿道","京兆府","长安",,"陕西","西安市",,"108.946306","34.347436","中书舍人、翰林承旨学士","在翰林院，起草《沈传师授中书舍人制》。","唐穆宗","《沈传师授中书舍人制》","Article","授沈传师中书舍人制
敕。书云。臣作朕股肱耳目。言天下不可一人理也。今国家崇建执事。以任股肱。妙选侍臣。实司耳目。股肱良则心膂正。耳目审则视听明。苟非端人。何以近我。而朝议郎守尚书兵部郎中知制诰充翰林学士上护军赐紫金鱼袋沈传师。洁静精微。风流儒雅。名因道胜。信在言前。谦而愈光。卑以自牧。专对无不达。群居若不知。而又焕有文章。发为辞诰。使吾禁中无漏露之患。而朕语言与三代同风。勤亦至矣。事我满岁。命汝即真。勉竭乃诚。以辅台德。可守中书舍人。依前翰林学士。散官勋赐如故。","周相录《元稹年谱新编》，上海古籍出版社版2004年版，第210页",,,,"欧阳丹"
"唐","元稹","长庆元年","821",,,"43","","京畿道","京兆府","长安",,"陕西","西安市",,"108.946306","34.347436","中书舍人、翰林承旨学士","在翰林院，起草《授刘总守司徒兼侍中天平军节度使制》。","唐穆宗","《授刘总守司徒兼侍中天平军节度使制》","Article","授刘总守司徒兼侍中天平军节度使制
门下。百谷所以朝巨海。海不疑其贰于我也。五岳所以镇厚地。地不畏其轧于已也。故山泽之气上腾。天应之则为云为雨。台辅之精下降。君得之则称帝称皇。是以采群疑者终不能成大功。推至信者必有以来大顺。况朕志先定。臣诚素通。偃七十年之干戈。垂千万代之竹帛。非我独断。安能遽行。某官刘总。生知礼乐。神授机符。移孝资忠。本仁祖义。学弄之始。画地而壁垒势成。言兵之时。聚米而山川形具。象贤秉哲。脱俗遗荣。慕清净以为宗。会富贵之来逼。自居剧镇。亟立殊勋。威定两藩。化行八部。日者除凶淮甸。易帅常山。张吾犄角之雄。赖尔股肱之力。加以深衷早达。密款屡闻。求奉浮图之真。愿弃全燕之重。诚嘉素尚。难遂过中。纵妻子之可捐。岂君父之能舍。朕惟邹鲁之地。郓实居多。俗尚师儒。人推朴厚。施之美化。岂无众善之因。革其非心。宁失大雄之旨。是用正名台座。重委藩方。尔其张我四维。敷我五教。握龙节以率下。露蝉冕以行春。宜体夔龙之令图。勿徇巢由之独行。可守司徒兼侍中使持节郓州诸军事守郓州刺史充天平军节度郓曹濮等州观察处置等使。散官勋封如故。主者施行。","周相录《元稹年谱新编》，上海古籍出版社版2004年版，第210页",,,,"欧阳丹"
"唐","元稹","长庆元年","821",,,"43","","京畿道","京兆府","长安",,"陕西","西安市",,"108.946306","34.347436","中书舍人、翰林承旨学士","在翰林院，起草《处分幽州德音》制。","唐穆宗","《处分幽州德音》","Article","处分幽州德音
昔我玄宗明皇帝得姚元崇宋璟。使之铺陈大法。以和人神。而又益之以张说苏颋嘉贞九龄之徒。皆能始终弥缝。不失纪律。四十年间。海内滋殖。风俗谨朴。君臣平宁。人无争端。而卿大夫羞以赃罪鞫人于圣代矣。况伺察乎。由是网漏吞舟。视盗不谨。寇羯乘衅。勃为妖氛。天下持兵。垂七十载。朕因眇末。获承祖宗。分不得见四方无姑息之臣。而九有复升平之境矣。上帝念我。赉予忠贤。尽献提封。恢缵旧服。使辽阳八州之众。重睹开元之仪者。则予侍中总之力也。名藩厚位。予何爱焉。刘总巳极上台。仍移重镇。兄弟子侄。各授官荣。大将宾寮。亦皆超擢。管内州县官吏肃存古者二百馀人。悉是刘总选任材能。久令假摄。并与正授。用奖勤劳。尚念幽将士。夙著勋庸。易帅之初。谅宜优锡。共赐钱一百万贯。以内库及户部见在匹段支送。充赏给幽州卢龙并瀛漠等州将士。又念八州之内。九赋用殷。庆泽旁流。所宜沾贷。其管内八州百姓。并宜给复一年。仍令给事中薛存庆往彼宣慰。亲谕朕怀。州县之中。或有残破偏甚者。委宏靖量事便宜优恤。务令存立。刘总素以清静理人。固当开释。尚恐自罹禁网。亦念哀矜。管内见禁囚徒。罪无轻重。并宜赦免。大将及判官等。虽巳颁官爵。而或虑阙遗。宜委宏靖具名衔闻奏。如有父母在者。别具上闻。当加优恤。朕以刘总父子。并立战功。永言将吏之中。虑有没于王事。当道从前巳来官吏将士等。或忠义可嘉。身巳沦没者。委宏靖条录闻奏。当加追赠。平时旧老。始见胡尘。复睹朝仪。得无悽抃遐想。抚其儿稚。自此免于兵锋。言念及兹。用加优给。管内有高年茕独。或疾瘵不能自存者。委宏靖差官就问。量给粟帛。管内州县官吏。有奉职清强。惠及百姓者。委宏靖具事迹奏闻。当与量加进改。燕赵之间。古多奇士。隗台如在。代岂乏贤。如有隐于山谷。退在丘园。行义素高。名节可尚。或才兼文武。卓然可奖者。亦委宏靖具名荐闻。于戏。古人云。安不忘危。魏徵对太宗以守成之不易。兹朕小子。抑又何知。而镇冀克和。幽燕复古。慄慄夙夜。不遑安宁。实惟祖宗之休。尚赖股肱之力。咨尔辅弼。至于方岳。尔当勉于姚宋之功。予亦无忘于天宝之戒。宣示中外。宜体朕怀。","周相录《元稹年谱新编》，上海古籍出版社版2004年版，第210页",,,,"欧阳丹"
"唐","元稹","长庆元年","821",,,"43","","京畿道","京兆府","长安",,"陕西","西安市",,"108.946306","34.347436","中书舍人、翰林承旨学士","在翰林院，起草《颜岘右赞善大夫》制。","唐穆宗","《颜岘右赞善大夫》","Article","授颜岘右赞善大夫制
敕。安邑解县两池搉盐巡官监察御史里行颜岘。古者公卿之子。代为公卿。所以贵贵也。况贤者之后。死政之孤。宁系班资。以碍升奖。惟尔岘尝与从父太师深犯蜂虿。毒螫之下。太师没焉。尔之不回。幸而能脱。终超逆地。来谒奉天。列圣念功。访求太师之后。有司昧蔽。不以尔闻。今朕将建东朝。深思赞谕。异时使朕爱子知忠孝之道。如尔岘吾何患焉。可守太子右赞善大夫。馀如故。","周相录《元稹年谱新编》，上海古籍出版社版2004年版，第210页",,,,"欧阳丹"
"唐","元稹","长庆元年","821",,,"43","","京畿道","京兆府","长安",,"陕西","西安市",,"108.946306","34.347436","中书舍人、翰林承旨学士","在翰林院，起草《戒励风俗德音》制。","唐穆宗","《戒励风俗德音》","Article","戒励风俗德音
朕闻昔者卿大夫相与让于朝。士庶人相与让于列。周成王刑措不用。汉文帝耻言人过。真理古也。朕甚慕焉。中代以还。争端斯起。掩抑其言则专蔽。诱掖其说则欺诬。自非责实循名。不能彰善瘅恶。故孝宣必有告讦及下。光武不以诡辞遽行。语称讪上之非。律有匿名之禁。皆所以防三至之毁。重两造之明。是以爵人于朝则皆劝。刑人于市则皆惧。罪有归而赏当事也。末俗偷巧。内荏外刚。卿大夫无进思尽忠之诚。多退有后言之谤。士庶人无切磋琢磨之益。多销铄浸润之谗。进则谀言谄笑以相求。退则群居杂处以相议。留中不出之请。盖发其阴私。公论不容之词。实生于朋党。擢一官则曰恩皆自我。黜一职则曰事出他门。比周之迹巳彰。尚矜介特。由径之踪尽露。自谓贞方。居省寺者。不能以勤恪莅官。而曰务从简易。提纪纲者。不能以准绳检下。而曰密奏风闻。献章疏者。更相是非。备顾问者。互有憎爱。苟非秦镜照胆。尧羊触邪。时君听之。安可不惑。参断一谬。俗化益讹。祸发齿牙。言生枝叶。率是道也。朕甚悯焉。我国家贞观开元。同符三代。风俗归厚。礼让偕行。兵兴巳来。人散久矣。始欲导之以德。不欲驱之以刑。然而信有未孚。理有未至。曾无耻格。益用雕刓。小则综覈之权。见侵于下辈。大则机枢之重。旁挠于薄徒。尚念因而化之。亦既去其尤者。而宰臣等惧其寖染。未克澄清。备列祖宗之书。愿垂戒励之诏。遂申诰教。颇用殷勤。各当自省厥躬。与我同底于道。凡百多士。宜体朕怀。","周相录《元稹年谱新编》，上海古籍出版社版2004年版，第210页",,,,"欧阳丹"
"唐","元稹","长庆元年","821",,,"43","","京畿道","京兆府","长安",,"陕西","西安市",,"108.946306","34.347436","中书舍人、翰林承旨学士","在翰林院，起草《许刘总出家制》。","唐穆宗","《许刘总出家制》","Article","许刘总出家制
门下。朕闻西方有金仙子。自著书云。昔我于无量劫中。舍国城妻子。以求法要。朕尝闻其语。未见其人。安知股肱之间。目验兹事。脱身羁网。诚乐所从。舍我絷维。能无永叹。遂其高尚。良用怃然。具官刘总五岳孕灵。三台降瑞。位兼将相。代袭勋庸。视轩冕若浮云。弃妻孥犹脱屣。屡陈章表。恳愿舍家。勉喻再三。终然不夺。朕又移之重镇。宠以上公。莫顾中人之情。遂超开士之迹。于戏。张良却粒。尚想高踪。范蠡登舟。空瞻遗象。功留鼎鼐。誓著山河。长存鱼水之欢。勿忘香火之愿。宜赐法号大觉。仍赐僧腊五十夏。主者施行。","周相录《元稹年谱新编》，上海古籍出版社版2004年版，第210页",,,,"欧阳丹"
"唐","元稹","长庆元年","821",,,"43","","京畿道","京兆府","长安",,"陕西","西安市",,"108.946306","34.347436","中书舍人、翰林承旨学士","在翰林院，起草《授马总检校刑部尚书天平军节度使制》。","唐穆宗","《授马总检校刑部尚书天平军节度使制》","Article","加马总检校刑部尚书制
门下。吏久其职。人安其业。此前代所以称理者也。况夺三军慈爱之师。换百姓仁惠之长。有迎新送故之毙。因朝令夕改之烦。自非有为而为。曷若且仍其旧。前天平军节度使检校礼部尚书马总。始以檄奏翩翩。早从军府。儒学之外。自此知兵。践历他官。所至皆理。处驭南海。仁声甚遥。还珠之祥。前事复出。先皇帝以淮夷未殄。命相出征。总虽元僚。亦佐参画。大憝既剪。台辅复归。遂以丞相度旌旗授之于总。总果善于其职。蔡人宜之。会郓寇底平。复换麾棨。丕变污俗。大苏茕嫠。不时成功。周月报政。朕饱其声绩。渴见仪形。如闻就路之初。颇有拥辕之恋。由是罢徵黄霸。复借寇恂。诚阻急贤之心。姑务从人之欲。仍加宪部。以壮戎藩。勉服新恩。用彰前效。可检校刑部尚书依前天平军节度使。","周相录《元稹年谱新编》，上海古籍出版社版2004年版，第211页",,,,"欧阳丹"
"唐","元稹","长庆元年","821",,,"43","","京畿道","京兆府","长安",,"陕西","西安市",,"108.946306","34.347436","中书舍人、翰林承旨学士","在翰林院，起草《杨汝士授右补阙》》制。","唐穆宗","《杨汝士授右补阙》","Article","授杨汝士等右补阙制
敕。朕闻衮职有阙。仲山甫补之。盖所以节宣天子之嗜欲。而弥缝其不及也。我国家设司谏署。以神明其耳目。凡在兹选。实难其人。监察御史杨汝士等。文擅菁华。言无枝叶。更佐大府。为时闻人。是用置尔于左右前后。拾遗补阙。苟言之而不用。时予之不明。或抑之而不言。惟尔之不恪。方我倾听之始。命尔司聪之荣。各懋厥诚。无悼后悔。可依前件。","周相录《元稹年谱新编》，上海古籍出版社版2004年版，第211页",,,,"欧阳丹"
"唐","元稹","长庆元年","821",,,"43","","京畿道","京兆府","长安",,"陕西","西安市",,"108.946306","34.347436","中书舍人、翰林承旨学士","在翰林院，起草《批宰臣请上尊号第四表》。","唐穆宗","《批宰臣请上尊号第四表》","Article","批宰臣请上尊号第四表
朕以月正元日祗见于九庙。对越于上元。千官在前。万乘居后。睹声名文物之盛。望城社宫阙之尊。尚念高祖太宗艰难于经营。德宗宪考殷忧于缵服。惧不克荷。以羞前人。寅畏严恭。式冀无过。而燕赵底定。戎獯和宁。实惟列圣之休。焉敢自大其意。左右辅弼。庶尹师长。猥以鸿名。愿加薄德。三诏执事。抑而不行。物议愈坚。予衷未信。四陈章表。备列古今。且曰告虔之时。宁忘继志。问安之下。胡不慰心。有窃于显荣。难从于封执。于戏。允恭克让。既见夺于群情。克巳为仁。庶自勤于三省。勉依来请。深用愧怀。","周相录《元稹年谱新编》，上海古籍出版社版2004年版，第211页",,,,"欧阳丹"
"唐","元稹","长庆元年","821",,,"43","","京畿道","京兆府","长安",,"陕西","西安市",,"108.946306","34.347436","中书舍人、翰林承旨学士","在翰林院，起草《册文武孝德皇帝赦文》。","唐穆宗","《册文武孝德皇帝赦文》","Article","","周相录《元稹年谱新编》，上海古籍出版社版2004年版，第211页",,,,"欧阳丹"
"唐","元稹","长庆元年","821",,,"43","","京畿道","京兆府","长安",,"陕西","西安市",,"108.946306","34.347436","中书舍人、翰林承旨学士","在翰林院，起草《授丘纾陈鸿员外郎等制》。","唐穆宗","《授丘纾陈鸿员外郎等制》","Article","授邱纾陈鸿员外郎等制
敕。朝议郎行左补阙上柱国邱纾。谏诤之臣。入言于密勿之际。群下莫得而知。然而政有污崇。由尔之得失也。朝议郎行太常博士上柱国陈鸿。礼秩之官。草仪于朝廷之内。四方之所观听。是以察其事。为见尔之能否矣。以尔纾久于侍从。可以序迁。以尔鸿坚于讨论。可以事举。并命省闼。足谓恩荣。慎乃攸司。无违夙夜。纾可膳部员外郎。鸿可虞部员外郎。","周相录《元稹年谱新编》，上海古籍出版社版2004年版，第211页",,,,"欧阳丹"
"唐","元稹","长庆元年","821",,,"43","","京畿道","京兆府","长安",,"陕西","西安市",,"108.946306","34.347436","中书舍人、翰林承旨学士","在翰林院，起草《幽州平台太庙祝文》。","唐穆宗","《幽州平台太庙祝文》","Article","幽州平告太庙祝文
维长庆元年岁次辛丑五月景申朔十四日己酉。孝曾孙嗣皇帝臣讳某。敢昭告于太祖景皇帝。天革隋暴。付唐养理。高祖太宗。奉顺天纪。玄宗平宁。六合同轨。物盛而微。墉崇则毁。网漏鲸鲵。隙开蝼蚁。幽燕狼顾。齐赵虎视。割据封壤。传序孙子。不贡不觐。自卒自始。圣父披攘。震骇波委。擒灭斩除。如运支指。冀方独迷。再伐再巳。碣石是徵。承诏唯唯。逮臣寡昧。虔奉先旨。洞照诚明。涤濯痕耻。承元云奔。总亦风靡。悉率赋舆。尽献州里。不命一将。不戮一士。不费一金。不亡一矢。五纪逆命。一朝如砥。实天垂休。实圣垂祉。敢荐成功。以永千纪。尚飨。","周相录《元稹年谱新编》，上海古籍出版社版2004年版，第211页",,,,"欧阳丹"
"唐","元稹","长庆元年","821",,,"43","","京畿道","京兆府","长安",,"陕西","西安市",,"108.946306","34.347436","中书舍人、翰林承旨学士","在翰林院，起草《韦珩京兆府美原县令》制。","唐穆宗","《韦珩京兆府美原县令》","Article","授韦珩等京兆府美原等县令制
敕。河阳节度参议兼监察御史韦珩前怀州武德令李鄂等。昔先王眚灾肆赦。则殊死巳降。无不宥免。而受贿枉法者。独不在数。常罪罪之。以此防吏。吏犹有豪夺于人者。朕甚悯焉。日者覃怀有过籍之赋。使吾百姓无聊生于下。非珩等为吾发觉。则吾终不得闻东人之疾苦矣。今美原蓝田。皆吾甸内之邑。尔其为吾养理生息。以惠困穷。使天下长人之吏。知朕明用廉激贪之意焉。珩可守美原令。鄂可蓝田令。","周相录《元稹年谱新编》，上海古籍出版社版2004年版，第211页",,,,"欧阳丹"
"唐","元稹","长庆元年","821",,,"43","","京畿道","京兆府","长安",,"陕西","西安市",,"108.946306","34.347436","中书舍人、翰林承旨学士","在翰林院，起草《李归仙兼镇州右司马》制。","唐穆宗","《李归仙兼镇州右司马》","Article","李归仙兼镇州右司马制
敕。成德军节度衙前马步都知兵马使检校右散骑常侍使持节澶州刺史兼御史大夫充本州防御使李归仙。去岁成德换帅之际。人皆效忠。惟尔职在辕门。位兼符竹。功实居最。议当甄升。而宏正以收长亲人。遥领非便。司武故事。兼可理戎。并仍帖秩之荣。式遂上台之请。可检校右散骑常侍兼镇州右司马替元阙兼御史大夫。馀如故。","周相录《元稹年谱新编》，上海古籍出版社版2004年版，第211页",,,,"欧阳丹"
"唐","元稹","长庆元年","821",,,"43","","京畿道","京兆府","长安",,"陕西","西安市",,"108.946306","34.347436","中书舍人、翰林承旨学士","在翰林院，起草《授刘悟检校司空幽州节度使制》。","唐穆宗","《授刘悟检校司空幽州节度使制》","Article","授刘悟检校司空幽州节度使制
门下。朕闻将星明则英豪用。灵旗指则氛祲销。劲草可以受疾风。盘根然后见利器。苟非处剧。何以用长。况幽并少年。燕赵奇士。居常以紫骝自骋。失意则白刃相雠。将领斯难。是先才杰。昭义军节度副大使知节度事泽潞磁邢洺等州观察制置使金紫光禄大夫检校尚书右仆射兼潞州大都督府长史御史大夫上柱国彭城郡王食邑三百户刘悟。天与忠诚。人推敬让。蕴孟贲之勇。不以力闻。避廉颇之强。使之心服。是以居危邦以智勉。临大节以功高。尝见委于先朝。屡作藩于右地。朕以辽阳巨镇。自我康宁。姑欲抚之以仁。然后示之以礼。而守臣婴疾。幕吏擅权。挠政行私。亏恩剥下。过为箠楚。妄作威棱。不均飨士之羊。徒养乘轩之鹤。致滋扰变。职此之由。不有将才。孰惩儿戏。敷求朕志。深谓汝谐。是用拔奇。式冀宣力。帖以亚相。宠之上公。俾光十乘之行。以壮三军之气。可检校司空兼幽州大都督府长史御史大夫充幽州卢龙军节度副大使知节度事观察处置押奚契丹两蕃经略卢龙等使。散官勋封如故。","周相录《元稹年谱新编》，上海古籍出版社版2004年版，第212页",,,,"欧阳丹"
"唐","元稹","长庆元年","821",,,"43","","京畿道","京兆府","长安",,"陕西","西安市",,"108.946306","34.347436","中书舍人、翰林承旨学士","在翰林院，起草《批刘悟谢上表》。","唐穆宗","《批刘悟谢上表》","Article","批刘悟谢上表
朕闻上党亦天下之劲兵。昔者李抱真用之。一举破朱滔。再举蹙田悦。训养十万。威声殷然。人到于今。号为良将。夫以卿之勇义才略。犹将远慕韩彭。区区抱真。夫岂难继。况以克融庭凑之狂脆小贱。比朱滔田悦之炽大结连。是犹以孩婴而校贲育也。蜂蚁相聚。其能久乎。卿宜密运谟猷。明宣号令。避强击惰。取暴抚羸。勿争蛇豕之锋。宜得鲸鲵之首。再图麟阁。永焕缣缃。无为他人所先。当使功居第一。策勋在近。勿复为劳。所谢知。","周相录《元稹年谱新编》，上海古籍出版社版2004年版，第212页",,,,"欧阳丹"
"唐","元稹","长庆元年","821",,,"43","","京畿道","京兆府","长安",,"陕西","西安市",,"108.946306","34.347436","中书舍人、翰林承旨学士","在翰林院，起草《授刘悟昭义军节度使制》。","唐穆宗","《授刘悟昭义军节度使制》","Article","授刘悟昭义军节度使制
门下。昔潢池骤变。则龚遂亟行。河内去思。而寇恂来复。所以顺人情而急时病也。况鸡泽衡漳。附于上党。控带河洛。扼束燕赵。其土瘠。其人劲。养理训习。尤所重难。而幽州卢龙军节度使检校司空刘悟。前临是邦。其政方睦。甲兵完利。师徒具严。刑当罪而人不冤。赏当功而财不费。军政威而非虐。吏道察而不苛。州里行信让之风。乡曲除武断之患。方将久次。以惠斯人。而难起幽陵。救深焚溺。辍于既理。与彼惟新。乘轩才及于邢郊。妖彗忽生于冀分。空沉台座。未辨魁渠。予怀震惊。物听倾骇。校其远迩。当有后先。遂驻腹心之雄。以供臂指之用。复还龙节。再息棠阴。勉受新恩。无移旧贯。可依前检校司空兼潞州大都督府长史兼御史大夫昭义军节度副大使知节度事泽潞磁邢洺等州观察使。勋封如故。","周相录《元稹年谱新编》，上海古籍出版社版2004年版，第212页",,,,"欧阳丹"
"唐","元稹","长庆元年","821",,,"43","","京畿道","京兆府","长安",,"陕西","西安市",,"108.946306","34.347436","中书舍人、翰林承旨学士","在翰林院，起草《授杨元卿泾原节度使制》。","唐穆宗","《授杨元卿泾原节度使制》","Article","杨元卿泾原节度使制
门下。士之捐妻子。冒白刃。忠于许国。勇于忘家。贡先见之明于群疑之际者。大则书竹帛以示后。次则建麾棨以临戎。功不见图。则劳者何劝。忠不见赏。则悖者何诛。聿求其人。用激尔类。守右金吾卫将军权勾当左街事杨元卿。衣冠贵冑。文武长材。尝求三略之师。耻学一夫之敌。是以陷豺狼之穴。履尾甚危。蓄鹰鹘之心。卑飞待击。请分金以间楚。愿奉璧以伐虞。身以智全。家因义丧。诛蔡之始。实有力焉。及典方州。尤彰绩效。自居环尹。益茂勋勤。西旅未平。实资良帅。拔于不次。式伫奇功。尔其辟我土疆。谨我封守。视我士卒如尔子。攘我夷狄如尔雠。勉竭乃诚。以敷朕意。珥貂持简。用示兼荣。可朝散大夫检校左散骑常侍使持节泾州诸军事兼泾州刺史御史大夫充四镇北庭行军兼泾原等州节度观察处置等使。勋赐如故。主者施行。","周相录《元稹年谱新编》，上海古籍出版社版2004年版，第212页",,,,"欧阳丹"
"唐","元稹","长庆元年","821",,,"43","","京畿道","京兆府","长安",,"陕西","西安市",,"108.946306","34.347436","中书舍人、翰林承旨学士","在翰林院，起草《王进岌冀州刺史》制。","唐穆宗","《王进岌冀州刺史》","Article","授王进岌冀州刺史制
敕。元从奉天定难功臣行右羽林军大将军兼御史大夫王进岌。冀方陶尧之所理也。其俗质强。有古人遗风。兵兴已来。习为奋武之地。非勇毅仁隐之者。不能兼牧其氓。以尔战伐居多。班资已重。副朕兹选。必有可观。夫理乱绳唯缓之。龚遂之政也。忠信可以服暴强。仲尼之言也。率是两者。以临其人。吾无忧于千里之内矣。式兼亚相。周贲外台。可开府仪同三司使持节行冀州刺史兼御史大夫充本州团练守捉使。功臣勋封如故。","周相录《元稹年谱新编》，上海古籍出版社版2004年版，第212页",,,,"欧阳丹"
"唐","元稹","长庆元年","821",,,"43","","京畿道","京兆府","长安",,"陕西","西安市",,"108.946306","34.347436","中书舍人、翰林承旨学士","在翰林院，起草《授田布魏博节度使制》。","唐穆宗","《授田布魏博节度使制》","Article","起复田布魏博节度等使制
门下。经曰。父母之雠不同天。虽及匹夫。而犹寝苫枕干。以期必报。是以子胥不徇伍奢之死。卒能发既藏之墓。鞭不义之尸。取贵春秋。垂名万古。而况于身登将坛。父死人手。家雠国耻。并在一门。当怀尝胆之心。岂俟绝浆之礼。金革无避。其在斯乎。前四镇北庭行军兼泾原节度使检校右散骑长侍御史大夫田布。咨尔先臣。惟国元老。首自河朔。来朝帝廷。而又东取青齐。北讨燕赵。提挈义旅。勤劳王家。冒白刃而不疑。推赤心而自信。属冀方求帅。余所重难。辍自大名。付兹巨镇。而中台暗折。上将妖侵。蟊贼潜寘于腹心。豺狼勃兴于肘腋。人神愤痛。朝野惊嗟。深轸予怀。誓擒元恶。以尔布诗书并习。忠孝两全。尝用魏师。克征淮孽。素行恩信。共著勋庸。岂无奋激之图。为报寇雠之党。且魏之诸将。由尔父而崇高。魏之三军。蒙尔父之仁爱。昔既同其美利。今岂忘其深冤。尔其淬砺勇夫。敬恭义士。一饭之饱。必同于卒伍。一毫之费。必用于干矛。非算画勿萌于心。非军旅勿宣于口。居则席稿。寒则抱冰。以丧礼处之。若哀心感者。必有为横身刎颈。感智捐躯。下报营魂。旁清丑类。于戏。至诚可托。稔恶难逃。矧彼凶狂。去将安往。墨缞居体。元纛在前。提鼓执金。无忘哀敬。可起复宁远将军守右金吾卫大将军员外同正员检校工部尚书兼魏州大都督府长史御史大夫充魏博等州节度观察处置等使。勋赐如故。主者施行。","周相录《元稹年谱新编》，上海古籍出版社版2004年版，第212页",,,,"欧阳丹"
"唐","元稹","长庆元年","821",,,"43","","京畿道","京兆府","长安",,"陕西","西安市",,"108.946306","34.347436","中书舍人、翰林承旨学士","在翰林院，起草《招讨镇州制》。","唐穆宗","《招讨镇州制》","Article","加裴度镇州四面招讨使制
门下。传云。死者不可复生。刑者不可复续。是以先王斩一支指。杀一犬彘。莫不伏念隐悼。至于旬时决而行者。盖不得巳也。予于镇人亦然。伏念俟其悛革。讵止旬时。前命相臣。招怀抚谕。矜其诖误。示以生门。期于尽脱网罗。岂欲驱之陷阱。而豺狼当道。荆棘牵衣。虽欲归之于仁。厥路无由而至。况王师压境。义勇争先。朕每抑其锋铓。未忍覆其巢穴。是犹爱稂莠而伤稼穑。养痈疽以溃肌肤。独怀儿女之仁。虑失祖宗之典。今上台居镇。算画无遗。操晋阳之利兵。驱屈产之良马。举河东义成之众。合沧景泽潞之师。当元翼授命之初。乘田布雪冤之顷。举毛拾芥。其易可知。兼用恩威。尚存招致。宜令河东节度使裴度充镇州四面招讨使。于戏。以一城之卒。敌天下之师。徇猖獗之徒。抗君父之命。吾哀尔辈。死实无名。苟能自新。亦冀容汝。主者施行。","周相录《元稹年谱新编》，上海古籍出版社版2004年版，第212页",,,,"欧阳丹"
"唐","元稹","长庆元年","821",,,"43","","京畿道","京兆府","长安",,"陕西","西安市",,"108.946306","34.347436","中书舍人、翰林承旨学士","在翰林院，起草《授牛元翼深翼州节度使制》。","唐穆宗","《授牛元翼深翼州节度使制》","Article","授牛元翼深冀等州节度使制
门下。鹰隼击则妖鸟除。弧弓张则天狼灭。汤沐具而虮虱相吊。针石炽而痈疽立溃。苟得韩卢而示之狡兔。则可备俎豆而俟脯醢矣。复何忧于越逸乎。夫将者。亦虮虱之汤沐。而渠魁之韩卢也。我得之矣。又何患焉。检校右散骑常侍深州刺史牛元翼。挺生河朔之间。迥钟海岳之秀。幼为儿戏。营垒已成。长学神枢。风云谙晓。众推然诺。已任安危。善用奇兵。尤精技击。陈安之矛丈八。颜高之弓六钧。或山立于军前。或肉飞于马上。而又谦能养勇。孝以资忠虽胆力过人。而心诚许国。自常山作沴。上将罹灾。恸哭辕门。誓清妖孽。羽书三奏。驿骑四驰。上请庙谋。旁徵邻援。指期斩叛。尅已图功。断自予衷。开怀用尔。夫以尔之材力。而取彼之凶残。是犹以火焚枯。以石压卵。虫臂拒辙。鸡肋承拳。万万相殊。破之必矣。而况于镇之黎人。皆朕之赤子。尔之部曲。即镇之卒徒。闻尔鼙鼓之音。怀尔椒兰之德。吾知此辈。谁不革心。尔其寒者衣之。饥者食之。无废室庐。无害农稼。苟获戎首。置之稿街。下以报忠臣之冤。上以告先帝之庙。则蚩蚩从乱。予又何诛。于戏。杀人盈城。尔其深戒。孥戮誓众。朕不忍言。再换蝉冠。新持武节。恩不虚授。尔其敬之。可检校右散骑常侍充深冀等州节度观察等使。","周相录《元稹年谱新编》，上海古籍出版社版2004年版，第212页",,,,"欧阳丹"
"唐","元稹","长庆元年","821",,,"43","","京畿道","京兆府","长安",,"陕西","西安市",,"108.946306","34.347436","中书舍人、翰林承旨学士","在翰林院，起草《秋分日祭百神文》。","唐穆宗","《秋分日祭百神文》","Article","秋分日祭百神文
维长庆元年岁次辛丑八月甲子朔十八日辛巳。皇帝遣通议大夫行内侍省常侍赐紫金鱼袋李某。祭于百神之灵。朕奄宅万有。亭毒品类。日月所照。永思和宁。上极于天。下蟠于地。包山绝海。穷冥入元。至于毛鳞裸羽之神。咸秩无文。以祛不若。秋序始肃。时将顺成。且报且祈。用举常祀。罔害嘉谷。以贻神羞。","周相录《元稹年谱新编》，上海古籍出版社版2004年版，第212页",,,,"欧阳丹"
"唐","元稹","长庆元年","821",,,"43","","京畿道","京兆府","长安",,"陕西","西安市",,"108.946306","34.347436","中书舍人、翰林承旨学士","在翰林院，起草《加裴度幽镇两道招抚使制》。","唐穆宗","《加裴度幽镇两道招抚使制》","Article","加裴度幽镇两道招抚使制
门下。夫以区区秦伯。而犹念晋国。曰其君是恶。其人何罪。况朕均养亿兆。为之君亲。燕人冀人。皆吾乳哺而育之。安忍以豺狼驱胁之故。绝其飞走。尽致网罗。止行犯命之诛。是用开其一面。河东节度观察处置等使金紫光禄大夫守司空兼门下侍郎同中书门下平章事太原尹北都留守上柱国晋国公食邑三千户裴度。昔者区域之中。蜂蚁巢聚。蔡有逆孽。齐有狡童。厥初图征。疑议满野。不惧不惑。挺然披攘。苟无司南。允罔能济。佑我宪考。为唐神宗。实惟股肱。运用心力。肆朕小子。蒙受景灵。冀服于前。燕平于后。而抚驭失理。盘牙复生。求思弭宁。中夜有得。国有元老。夫何患焉。用是急宣恳恻之诚。就加招抚之命。于戏。顷者师道元济。乘累代袭授之资。藉山东结连之势。以丞相布画于千里之外。使诸将持重于四封之中。而犹刘悟裂蛇豕之驱。李祐溃鲸鲵之腹。盖顺逆之情异。而忠孝之道明也。况彼幽镇。无名暴征。以丞相进观其宜。以诸将齐奋其力。斧锧之刑坐迫。椒兰之气外薰。谁不自爱其生。焉能与乱同死。度宜开怀缓带。以待其归。可依前守司空兼门下侍郎同中书门下平章事河东节度使充幽镇两道招抚使。馀如故。","周相录《元稹年谱新编》，上海古籍出版社版2004年版，第212页",,,,"欧阳丹"
"唐","元稹","长庆元年","821",,,"43","","京畿道","京兆府","长安",,"陕西","西安市",,"108.946306","34.347436","中书舍人、翰林承旨学士","在翰林院，起草《加裴度镇州四面招讨使制》。","唐穆宗","《加裴度镇州四面招讨使制》","Article","加裴度镇州四面招讨使制
门下。传云。死者不可复生。刑者不可复续。是以先王斩一支指。杀一犬彘。莫不伏念隐悼。至于旬时决而行者。盖不得巳也。予于镇人亦然。伏念俟其悛革。讵止旬时。前命相臣。招怀抚谕。矜其诖误。示以生门。期于尽脱网罗。岂欲驱之陷阱。而豺狼当道。荆棘牵衣。虽欲归之于仁。厥路无由而至。况王师压境。义勇争先。朕每抑其锋铓。未忍覆其巢穴。是犹爱稂莠而伤稼穑。养痈疽以溃肌肤。独怀儿女之仁。虑失祖宗之典。今上台居镇。算画无遗。操晋阳之利兵。驱屈产之良马。举河东义成之众。合沧景泽潞之师。当元翼授命之初。乘田布雪冤之顷。举毛拾芥。其易可知。兼用恩威。尚存招致。宜令河东节度使裴度充镇州四面招讨使。于戏。以一城之卒。敌天下之师。徇猖獗之徒。抗君父之命。吾哀尔辈。死实无名。苟能自新。亦冀容汝。主者施行。","周相录《元稹年谱新编》，上海古籍出版社版2004年版，第212页",,,,"欧阳丹"
"唐","元稹","长庆元年","821",,,"43","","京畿道","京兆府","长安",,"陕西","西安市",,"108.946306","34.347436","中书舍人、翰林承旨学士","在翰林院，起草《加乌重胤检校司徒制》。","唐穆宗","《加乌重胤检校司徒制》","Article","加乌重允检校司徒制
门下。古之命将。莫不登诸斋坛。告于郊庙。分其阃限。推其车毂。非所以宠异崇大而姑息之。盖先王之懋典。授之专柄。然后迁延者必罪。选懦者必惩。式所以使恩威并流。而人人无辞于赏罚也。横海军节度沧德棣等州观察处置等使银青光禄大夫检校司空使持节沧州诸军事兼沧州刺史御史大夫上柱国邠国公食邑三千户乌重允。尝以怀汝之师。南伐叛蔡。博大持重。不要奇胜。不用鈇钺。不严刁斗。举必乐信。战必尅期。寇雠知其仁。士卒怀其惠。枭獍就执。第其勋庸。虽坐树不言。而图功甚大。先皇帝分命水土。换其旌旄。俾廉于沧。以长横海。幽镇既乱。人心或摇。师众无哗。而汤池自固者。重允盖有之矣。而又明于斥堠。善揣敌情。动静以闻。兹实赖汝。是用升其秩序。以大威声。进位上公。式光戎律。此所以慰荐尔之忠力也。尔其勉之。于戏。甘之誓曰。用命赏于祖。不用命戮于社。朕奉祖宗而守社稷也。其能私赏罚于天下乎。赏既不俟于成功。罚固难期于后效矣。若惊之宠。无忘戒之。可检校司徒。依前充横海军节度使。","周相录《元稹年谱新编》，上海古籍出版社版2004年版，第212页",,,,"欧阳丹"
"唐","元稹","长庆元年","821",,,"43","","京畿道","京兆府","长安",,"陕西","西安市",,"108.946306","34.347436","中书舍人、翰林承旨学士","在翰林院，起草《赠乌重胤父承玭等》制。","唐穆宗","《赠乌重胤父承玭等》","Article","","周相录《元稹年谱新编》，上海古籍出版社版2004年版，第213页",,,,"欧阳丹"
"唐","元稹","长庆元年","821",,,"43","","京畿道","京兆府","长安",,"陕西","西安市",,"108.946306","34.347436","中书舍人、翰林承旨学士","在翰林院，起草《范季睦授尚书仓部员外郎》制。","唐穆宗","《范季睦授尚书仓部员外郎》","Article","授范季睦尚书仓部员外郎制
敕。权知仓部员外郎判度支案范季睦。野有饿殍不知发。狗彘食人之食不知检。此经常之失政也。而况于戎车未息。飞挽犹勤。新熟之时。岂宜无备。乃诏执事。聿求其才。乘我有秋。大实仓廪。佥曰季睦。副予虚怀。汝其往哉。予用训汝。夫廉贾五之。不争之谓也。出纳必吝。有司之常也。贰上下之价。则茫昧者受弊。杂苦良之货。则豪右者受赢。惟一惟公。乃罔不同。惟平惟实。乃罔不吉。尔其戒之。无替朕命。可尚书仓部员外郎依前判度支案充京西京北籴使。馀如故。","周相录《元稹年谱新编》，上海古籍出版社版2004年版，第213页",,,,"欧阳丹"
"唐","元稹","长庆元年","821",,,"43","","京畿道","京兆府","长安",,"陕西","西安市",,"108.946306","34.347436","中书舍人、翰林承旨学士","在翰林院，起草《杜载监察御史》制。","唐穆宗","《杜载监察御史》","Article","授杜载监察御史制
敕。杜载。西旅违言。侵坑县道。虽有备无患。而予心惕然。惟尔载奉捷潜奏。乘驿以奔。吉语亟来。人用胥悦。念驱攘之略。诚在将军。奖飞驰之劳。宜加宪秩。归语尔帅。无忘乃庸。","周相录《元稹年谱新编》，上海古籍出版社版2004年版，第213页",,,,"欧阳丹"
"唐","元稹","长庆元年","821",,,"43","","京畿道","京兆府","长安",,"陕西","西安市",,"108.946306","34.347436","中书舍人、翰林承旨学士","在翰林院，起草《授王播中书侍郎平掌事兼盐铁使制》。","唐穆宗","《授王播中书侍郎平掌事兼盐铁使制》","Article","授王播中书侍郎同平章事使职如故制
门下。昔萧何用新造之汉。而能调发子弟。完补败亡。使关东粮馈不绝者。以其尽得秦之图籍。而周知其众寡也。我国家乘十一圣之区宇。提亿兆人之生齿。而曰不能足食足兵。朕甚懵焉。得非调阴阳抚夷夏者不欲侵货泉之任。而主会计校盈虚者不得参邦国之重乎。今将兼之。允在能者。诸道盐铁转运等使大中大夫守刑部尚书骑都尉太原县开国男赐紫金鱼袋王播。在德宗时以对诏入仕。践更台阁。由御史中丞大京兆尹掌。县官盐铁为春官尚书。乃长巴髳。以控蛮蜑。尽称厥职。达于予闻。洎诏徵还。便殿与语。得所未得。闻所未闻。昭然发矇。几至前席。重委操剸。铓刃益精。国有羡财。而人不加赋。东师在野。物力萧然。不有主张。孰能戡济。是用命尔作相。仍以旧务因之。尔其西备戎羌。东定燕冀。内实九府。外丰万人。百度群伦。罔不在尔。于戏。典谟训诰。行之具存。邪正是非。知之孔易。予唯以不敏不明。故用尔为股肱耳目。又安能以一二戒诲。垂之空言。尔其自励于尔心。无令观听者论尔于乡校。可依前件守中书侍郎同中书门下平章事。依前充诸道盐铁转运等使。散官勋封赐如故。","周相录《元稹年谱新编》，上海古籍出版社版2004年版，第213页",,,,"欧阳丹"
"唐","元稹","长庆元年","821",,,"43","","京畿道","京兆府","长安",,"陕西","西安市",,"108.946306","34.347436","中书舍人、翰林承旨学士","在翰林院，起草《批王播谢官表》。","唐穆宗","《批王播谢官表》","Article","批王播谢官表
朕闻有众不言弱。有地不言贫。是以管夷吾用区区之齐。而诸侯九合。今朕四海之大。亿兆之众。独不能擒庭凑克融。而曰物力先困。朕甚惑焉。况高祖太宗之法令具存。德宗宪考之旧章犹在。制诰比下。选拔日闻。较量轻重。勤恤仁隐。而室闾益耗。县道益贫。职业坏隳。程品差戾。议论讲贯。殊无古风。岂朕听之不聪。而股肱耳目莫得宣其效也。先皇帝以卿有廓庙之画。倚以为相。眇朕小子。得而用之。卿宜勉竭诚怀。副兹嘉属。无为龊龊。以伤先帝之明。所谢知。","周相录《元稹年谱新编》，上海古籍出版社版2004年版，第213页",,,,"欧阳丹"
"唐","元稹","长庆元年","821",,,"43","","京畿道","京兆府","长安",,"陕西","西安市",,"108.946306","34.347436","中书舍人、翰林承旨学士","在翰林院，起草《授牛元翼成德军节度使制》。","唐穆宗","《授牛元翼成德军节度使制》","Article","授牛元翼成德军节度使制
门下。王庭凑山东一叛卒也。非有席勋籍宠之资。强大结连之势。一朝驱朕赤子。弄吾甲兵。是犹以羊将狼。其下必当溃其心腹。而犹越月踰时。莫见舂其喉者。岂非常山无帅。赵子弟未有所归耶。翕而受之。我有长画。检校右散骑常侍深冀等州节度观察等使牛元翼。燕赵间号为飞将。望其旗帜者。莫不风靡雨散。图其战伐。不可胜书。而又忠孝谨廉。慈仁和惠。爱养士伍。均如鸤鸠。镇之三军。争在麾下。自领深冀。殷若雷霆。居四战之中。坚一城之守。以少击众。以智料愚。鼓角不惊。而梯冲自陨。人愿为用。寇不敢前。扫吾氛烟。舍此安往。前所谓我有长画。莫若命尔。以来镇人。是用益以二州。超之八座。帅我成德。廉其四封。尔宜来者怀之。迷者谕之。老者视之。幼者抚之。狂者遏之。逆者绝之。惟是六者。尔其懋哉。可镇州大都督成德军节度使镇深冀赵等州观察处置等使。","周相录《元稹年谱新编》，上海古籍出版社版2004年版，第213页",,,,"欧阳丹"
"唐","元稹","长庆元年","821",,,"43","","京畿道","京兆府","长安",,"陕西","西安市",,"108.946306","34.347436","中书舍人、翰林承旨学士","在翰林院，起草《杨嗣复授尚书兵部郎中》制。","唐穆宗","《杨嗣复授尚书兵部郎中》","Article","授杨嗣复权知尚书兵部郎中制
敕。吏部郎中杨嗣复。官天下之文武。重事也。兵部郎中二员。一在侍从。不居外省。旁求其一。颇甚难之。而执事者皆曰。近以文章词赋之士为名辈。由此者坐至公卿。娴达宪章。用是稀少。而吏曹郎嗣复。州里秀异。议论宏博。宜其以所长自多。然而操剸吏事。细大无遗。用副虚求。允谓宜称。尔其试守兹任。为予简稽。苟能修明。旋议超陟。可权知兵部郎中。馀如故。","周相录《元稹年谱新编》，上海古籍出版社版2004年版，第213页",,,,"欧阳丹"
"唐","元稹","长庆元年","821",,,"43","","京畿道","京兆府","长安",,"陕西","西安市",,"108.946306","34.347436","中书舍人、翰林承旨学士","在翰林院，起草《授郑仁弼检校祠部员外充横海判官制》。","唐穆宗","《授郑仁弼检校祠部员外充横海判官制》","Article","授郑仁弼检校祠部员外充横海判官等制
敕。郑仁弼。诸侯辟士。古实有之。近制二千石以上。乘轺车者则开幕选才。由古道也。仁弼等有劳参画。重允以闻。威等著称词华。䎖亦致请台省。茂膺兼命。式示恩荣。无忘切磨。用副匡益。可依前件。","周相录《元稹年谱新编》，上海古籍出版社版2004年版，第213页",,,,"欧阳丹"
"唐","元稹","长庆元年","821",,,"43","","京畿道","京兆府","长安",,"陕西","西安市",,"108.946306","34.347436","中书舍人、翰林承旨学士","在翰林院，起草《赠韩愈父仲卿尚书吏部侍郎》。","唐穆宗","《赠韩愈父仲卿尚书吏部侍郎》","Article","","周相录《元稹年谱新编》，上海古籍出版社版2004年版，第213页",,,,"欧阳丹"
"唐","元稹","长庆元年","821",,,"43","","京畿道","京兆府","长安",,"陕西","西安市",,"108.946306","34.347436","中书舍人、翰林承旨学士","在翰林院，起草《元宗简授京兆少尹制》。","唐穆宗","《元宗简授京兆少尹制》","Article","授元宗简权知京兆少尹刘约行尚书司门员外郎制
敕。元宗简刘约等。叙彝伦。节浮竞。必在于迁次有准。以崇廉让之风。是以置具员。限资考。而犹幸得贪求之士。不绝于埃尘间。今古之常也。闻尔等端静廉雅。行浮于名。非公事未尝至于卿相之门。何其自持之优也。内史贰秩。重而不烦。中台诸郎。清而无杂。各勉荣授。无移素风。宗简可权知京兆少尹。约可行尚书司门员外郎。并散官勋赐如故。","周相录《元稹年谱新编》，上海古籍出版社版2004年版，第213页",,,,"欧阳丹"
"唐","元稹","长庆元年","821",,,"43","","京畿道","京兆府","长安",,"陕西","西安市",,"108.946306","34.347436","中书舍人、翰林承旨学士","在翰林院，起草《班肃授尚书司封员外郎》制。","唐穆宗","《班肃授尚书司封员外郎》","Article","授班肃尚书司封员外郎制
敕。朝议郎前坊州刺史赐绯鱼袋班肃。驰竞之徒。能于寒暑之际。不以忧畏移其薄厚之道者鲜矣。闻尔为祠部员外郎。值吾黜奸之日。游其门者。莫不跧窜奔迸。惧罹其身。唯尔安分不渝。进退有素。搢绅之论。有以多之。复尔中台。以厚吾俗。勉慎其始。无轻所从。可行尚书司封员外郎。馀如故。","周相录《元稹年谱新编》，上海古籍出版社版2004年版，第214页",,,,"欧阳丹"
"唐","元稹","长庆元年","821",,,"43","","京畿道","京兆府","长安",,"陕西","西安市",,"108.946306","34.347436","中书舍人、翰林承旨学士","在翰林院，起草《韩察明州刺史等》制。","唐穆宗","《韩察明州刺史等》","Article","授韩察等明通等州刺史制
敕。朕子育黎人。懔乎惧一物之不至。将我德泽流布于远迩者。其惟良二千石乎。前京兆府富平县令韩察等。久于史职。皆著能名。昔尝奉诏条。风声尚在。或历居郊甸。惠养有方。命汝临人。勿违其俗。夫明近于海。懦则奸生。通理于巴。急则吏扰。沔当津会。滞则怨起。推是三者。引而伸之。然后可以忧人之忧矣。尔其勉之。可依前件。","周相录《元稹年谱新编》，上海古籍出版社版2004年版，第214页",,,,"欧阳丹"
"唐","元稹","长庆元年","821",,,"43","","京畿道","京兆府","长安",,"陕西","西安市",,"108.946306","34.347436","中书舍人、翰林承旨学士","在翰林院，起草《加陈楚检校左仆射制》。","唐穆宗","《加陈楚检校左仆射制》","Article","加陈楚检校左仆射义武军节度使制
门下。昔楚师多寒。楚子巡而抚之。士皆如挟纩。明号令之可以动人也。由是天以雷震苏蛰气。兵以鼓鼙作战力。高官重秩。可以兴起人之壮心我无爱焉。加以戎师。亦所以作万夫之气。而增一鼓之雄也。义成军节度使检校工部尚书陈楚。茂昭之甥。酷似其舅。总齐义武。于今六年。以两郡之赋舆。备三军之供费。民不劳耗。而兵能缮完。政有经矣。今辽阳冀方。纷乱交虐。楚实间居于此。其勤可知。自非国之千城。物之利器。安能为我保障。芟夷寇雠。欲将激其茂勋。夫何吝于好爵。加之左揆。以盛中权。苟有庸功。岂无后命。于戏。书云。功懋懋赏。言其当也。传曰。舍爵策勋。言其速也。今则寇未平而进律。馘方献而先恩。吾于将臣。可谓无所负也。苟不自效。其如法何。可检校左仆射使持节定州诸军事兼定州刺史充义武军节度使。散官勋封如故。主者施行。","周相录《元稹年谱新编》，上海古籍出版社版2004年版，第214页",,,,"欧阳丹"
"唐","元稹","长庆元年","821",,,"43","","京畿道","京兆府","长安",,"陕西","西安市",,"108.946306","34.347436","中书舍人、翰林承旨学士","在翰林院，起草《赠陈宪忠衡州刺史》制。","唐穆宗","《赠陈宪忠衡州刺史》","Article","赠陈宪忠衡州刺史制
敕。故元从奉天定难功臣柳州刺史陈宪忠。在德宗时。执羁靮以从。遂加戡难之名。在宪宗时。沐雨露之恩。实被念功之诏。朕敬承先志。崇奖旧勋。爰命有司。用申常典。生有熊当其轼。殁有雁随其车。可谓男子之哀荣矣。可赠使持节衡州诸军事衡州刺史。","周相录《元稹年谱新编》，上海古籍出版社版2004年版，第214页",,,,"欧阳丹"
"唐","元稹","长庆元年","821",,,"43","","京畿道","京兆府","长安",,"陕西","西安市",,"108.946306","34.347436","中书舍人、翰林承旨学士","在翰林院，起草《授郭皎文》。","唐穆宗","《授郭皎文》","Article","授郭皎冀王府咨议制
敕。郭皎材任爪牙。姻联肺腑。领辕门之右广。假桂苑之元寮。夙著威名。尝颁勇爵。元戎启状。庆泽覃恩。宜辍豹韬之雄。以资雁沼之画。可行冀王府咨议参军。馀如故。","周相录《元稹年谱新编》，上海古籍出版社版2004年版，第214页",,,,"欧阳丹"
"唐","元稹","长庆元年","821",,,"43","","京畿道","京兆府","长安",,"陕西","西安市",,"108.946306","34.347436","中书舍人、翰林承旨学士","元和十五年至长庆元年间起草《崔元略加阶》制，姑系于此。","唐穆宗","《崔元略加阶》","Article","崔元略等加阶制
某官某乙。阶之设二十有九。有庸有事。有叙有加。用是四者。以诏百吏。由郾而上至于元略。曰加曰叙。进而下至于景。曰事曰庸。光我侍从之臣。且优致政之老。诏贤诏德。于是乎在。堂奥益近。尔其敬之。","周相录《元稹年谱新编》，上海古籍出版社版2004年版，第214页",,,,"欧阳丹"
"唐","元稹","长庆元年","821",,,"43","","京畿道","京兆府","长安",,"陕西","西安市",,"108.946306","34.347436","中书舍人、翰林承旨学士","元和十五年至长庆元年间起草《裴堪授工部尚书致仕制》，姑系于此。","唐穆宗","《裴堪授工部尚书致仕制》","Article","加裴堪工部尚书致仕制
敕。书曰。冲子嗣。则无遗寿耇。朕以眇末。宪章祖宗。是用锡于邦伯庶尹。至于旧有位人。式示知恩。以期于理。而裴堪等奉事先帝。无非旧老。更历中外。备有典刑。以疾以年。皆致厥政。遗名自遂。勇退推高。并沐新恩。例升荣级。裨朕厥德。犹俟安车。可依前件。","周相录《元稹年谱新编》，上海古籍出版社版2004年版，第214页",,,,"欧阳丹"
"唐","元稹","长庆元年","821",,,"43","","京畿道","京兆府","长安",,"陕西","西安市",,"108.946306","34.347436","中书舍人、翰林承旨学士","元和十五年至长庆元年间起草《韦行立处州刺史》制，姑系于此。","唐穆宗","《韦行立处州刺史》","Article","授韦行立处州刺史制
敕。守卫尉少卿袭邢国公韦行立。闻尔贵游之子也。出入省寺。二十馀年。终无尤违。斯亦鲜矣。江南诸郡。户籍非少。皆有赋入之难。尔为吾往理缙云。以宣朕化。无虐茕独。俾伤惠和。可使持节处州刺史。","周相录《元稹年谱新编》，上海古籍出版社版2004年版，第214页",,,,"欧阳丹"
"唐","元稹","长庆元年","821",,,"43","","京畿道","京兆府","长安",,"陕西","西安市",,"108.946306","34.347436","中书舍人、翰林承旨学士","元和十五年至长庆元年间起草《裴温兼监察御史里行充清海军节度参谋》制，姑系于此。","唐穆宗","《裴温兼监察御史里行充清海军节度参谋》","Article","裴温等兼监察御史里行充清海军节度参谋制
敕。前洛阳县尉裴温等。南极北向户。北至于桂林。旁带邕容。分置征镇。而南海尤居剧地。旧制辄得临莅诸管。参酌庶务。兹惟郡僚温等。受知于人。为报不易。勤尽检白。可以无瑕。可依前件。","周相录《元稹年谱新编》，上海古籍出版社版2004年版，第214页",,,,"欧阳丹"
"唐","元稹","长庆元年","821",,,"43","","京畿道","京兆府","长安",,"陕西","西安市",,"108.946306","34.347436","中书舍人、翰林承旨学士","元和十五年至长庆元年间起草《剑南西川节度使下将士叙勋》制，姑系于此。","唐穆宗","《剑南西川节度使下将士叙勋》","Article","剑南西川节度使下将士史宪等叙勋制
门下。剑南西川节度使下准制叙勋将士朝议大夫试太子家令上护军史宪等。蜀形胜之地也。南控蛮蜑。西扼戎羌。厉禁之劳。实赖汝三千八百六十有六人之力。使之必报。并赐崇勋。各懋乃诚。勖率以敬。可结前件。","周相录《元稹年谱新编》，上海古籍出版社版2004年版，第214页",,,,"欧阳丹"
"唐","元稹","长庆元年","821",,,"43","","京畿道","京兆府","长安",,"陕西","西安市",,"108.946306","34.347436","中书舍人、翰林承旨学士","元和十五年至长庆元年间起草《王迪贬永州司马》制，姑系于此。","唐穆宗","《王迪贬永州司马》","Article","王迪贬永州司马制
敕。王迪。为吏不廉。受贿六千馀万。据其赃罪。合寘重条。言事者以为伐蔡之时。陷其家属。适遭蜂虿。并为鲸鲵。尚念尔于兹。当从末减。议迁郡佐。无忘悛心。可守永州司马员外置同正员。仍所在驿发遣。","周相录《元稹年谱新编》，上海古籍出版社版2004年版，第214页",,,,"欧阳丹"
"唐","元稹","长庆元年","821",,,"43","","京畿道","京兆府","长安",,"陕西","西安市",,"108.946306","34.347436","中书舍人、翰林承旨学士","元和十五年至长庆元年间起草《王悦昭武校尉行左千牛备身》制，姑系于此。","唐穆宗","《王悦昭武校尉行左千牛备身》","Article","王悦等可昭武校尉行左千牛备身制
敕。执千牛刀以侍奉吾左右者。命子弟之选也。庄宪皇后侄王悦等。或勋戚荫馀。或公卿贵允。佩觿有趋跄之美。释褐参侍从之荣。勉奉我朝廷之仪。敬顺尔父兄之教。可依前件。","周相录《元稹年谱新编》，上海古籍出版社版2004年版，第214页",,,,"欧阳丹"
"唐","元稹","长庆元年","821",,,"43","","京畿道","京兆府","长安",,"陕西","西安市",,"108.946306","34.347436","中书舍人、翰林承旨学士","元和十五年至长庆元年间起草《崔适翊麾校尉守左千牛备身》制，姑系于此。","唐穆宗","《崔适翊麾校尉守左千牛备身》","Article","崔适等可翊麾校尉守左千牛备身制
敕。三品子崔适等。左右备身。在吾旒扆之侧。非贵游子弟之可亲信者。不在选中。尔等阀阅甚崇。教诲斯至。事我犹事父。畏法犹畏师。勿惰勿佻。以期无诲。斯可与成人并行于朝廷矣。","周相录《元稹年谱新编》，上海古籍出版社版2004年版，第214页",,,,"欧阳丹"
"唐","元稹","长庆元年","821",,,"43","","京畿道","京兆府","长安",,"陕西","西安市",,"108.946306","34.347436","中书舍人、翰林承旨学士","元和十五年至长庆元年间起草《姚文寿右监门卫将军知内侍省事》制，姑系于此。","唐穆宗","《姚文寿右监门卫将军知内侍省事》","Article","姚文寿可冠军大将军右监门卫将军知内侍省事制
敕。姚文寿出入中外。备尝剧职。静以自胜。高而益谦。先皇帝以其忠愿谨信。知书有文。每决务宫中。付以密命。巳事而复。终无漏言。朕方藉良能。夺其情礼。起自哀疚。命为监临。和而有常。威而不侮。修身处众。两得其宜。忧服既除。庸功可奖。崇阶厚秩。兼以命之。无忘慎修。用副毗倚。","周相录《元稹年谱新编》，上海古籍出版社版2004年版，第214页",,,,"欧阳丹"
"唐","元稹","长庆元年","821",,,"43","","京畿道","京兆府","长安",,"陕西","西安市",,"108.946306","34.347436","中书舍人、翰林承旨学士","元和十五年至长庆元年间起草《徐智岌右监门卫将军》制，姑系于此。","唐穆宗","《徐智岌右监门卫将军》","Article","徐智岌可云麾将军右监门卫将军知内侍省事制
敕。徐智岌。邠之地。后稷公刘之所理也。俗饶稼穑。土宜六扰。内捍郊圻。外攘夷狄。故吾特命礼乐诗书之上将。俾为长城。立监临戎。亦慎兹选。以尔自更事任。巳著公方。端介而不失人心。谦和而能宣朕命。宠以将军之号。仍加内省之荣。复职旧藩。勉终前效。","周相录《元稹年谱新编》，上海古籍出版社版2004年版，第214页",,,,"欧阳丹"
"唐","元稹","长庆元年","821",,,"43","","京畿道","京兆府","长安",,"陕西","西安市",,"108.946306","34.347436","中书舍人、翰林承旨学士","元和十五年至长庆元年间起草《邵常政内侍省内谒者监》制，姑系于此。","唐穆宗","《邵常政内侍省内谒者监》","Article","邵常政等可内侍省内谒者监制
敕。天子有内诸臣。所以参侍奉。备传达。而将外诸臣之复也。其或久更事任。绩效甄明者。必择其良能而分命焉。元从兴元朝议郎行内侍邵常政等。或扈从于艰难之际。或服勤著廉善之名。宜序班资。用优阶秩。夫奠东司而临象教。尔无忘于肃清。将成命以察戎行。尔无忘于畏慎。正闱闼以亲宾客。尔无忘于敬恭。行是三者。可以长守其禄位。而不离于荣近矣。各扬尔职。称朕意焉。可依前件。","周相录《元稹年谱新编》，上海古籍出版社版2004年版，第214页",,,,"欧阳丹"
"唐","元稹","长庆元年","821",,,"43","","京畿道","京兆府","长安",,"陕西","西安市",,"108.946306","34.347436","中书舍人、翰林承旨学士","元和十五年至长庆元年间起草《宋常春等内仆局令》，姑系于此。","唐穆宗","《宋常春等内仆局令》","Article","宋常春等可内侍省内仆局令制
敕。近制选内臣之善于其职者。监视诸镇。盖所以将我腹心之命。达于爪牙之士也。宣义郎行内侍宋常春等。皆以谨信多才。得参侍从。更掌上府。尤见吏能。守官无毫发之暇。励巳有冰霜之操。迹其声实。可备监临。汝其往哉。予用训尔。夫处众莫若顺。犯众则不安。约身莫若廉。奉身则不足。推是两者。引而伸之。然后入可以近天子之光。出可以护将军之旅矣。罔或失坠。以贻后艰。勉当柱国之荣。无忘立表之誓。全实可宣德郎行内侍省宫闱局令员外置同正员。常春可徵仕郎内侍省内仆局令员外置同正员。","周相录《元稹年谱新编》，上海古籍出版社版2004年版，第214页",,,,"欧阳丹"
"唐","元稹","长庆元年","821",,,"43","","京畿道","京兆府","长安",,"陕西","西安市",,"108.946306","34.347436","中书舍人、翰林承旨学士","元和十五年至长庆元年间起草《郑氏封才人》制，姑系于此。","唐穆宗","《郑氏封才人》","Article","郑氏封才人制
敕。古者天子设六宫以诏内理。是以关雎乐得淑女。忧在进贤。将听鸡鸣之诗。岂惟鱼贯之序。郑氏山东令族。海内良家。每师班女之文。尝慕樊姬之德。桃姿焜耀。兰行馨香。爰用择才。冀无伤善。勉当选进之重。无忘和平之心。","周相录《元稹年谱新编》，上海古籍出版社版2004年版，第214页",,,,"欧阳丹"
"唐","元稹","长庆元年","821",,,"43","","京畿道","京兆府","长安",,"陕西","西安市",,"108.946306","34.347436","中书舍人、翰林承旨学士","元和十五年至长庆元年间起草《刘惠通授谒者监制》，姑系于此。","唐穆宗","《刘惠通授谒者监制》","Article","授刘惠通谒者监制
敕。宣议郎内侍省宫间局令赐绯鱼袋刘惠通。愿吾爱之。俾在左右。将我密命。达于四方。去尽行人之词。还致诸臣之复。言必忠信。事无尤违。使朕不出户而知三军之意者。尔有力焉。深念其勤。将以为报。阶秩兼进。用示恩荣。可依前件。","周相录《元稹年谱新编》，上海古籍出版社版2004年版，第214页",,,,"欧阳丹"
"唐","元稹","长庆元年","821",,,"43","","京畿道","京兆府","长安",,"陕西","西安市",,"108.946306","34.347436","中书舍人、翰林承旨学士","元和十五年至长庆元年间起草《授罗让工部员外郎制》，姑系于此。","唐穆宗","《授罗让工部员外郎制》","Article","授罗让工部员外郎制
敕。义成军前度支判官朝议郎检校刑部员外郎兼侍御史上柱国赐绯鱼袋罗让。昔陶宏景一代高人。始愿四十为尚书。而犹不遂。国朝选署。尤用其良。以尔让敏而好学。直而能温。甲乙亟登。班资历践。顷将军辟士。权资孙楚之坐筹。今曹府抡材。复奖马宫之射策。无忘辨护。以宣程品。日省月试。用劝百工。可尚书工部员外郎。","周相录《元稹年谱新编》，上海古籍出版社版2004年版，第214页",,,,"欧阳丹"
"唐","元稹","长庆元年","821",,,"43","","京畿道","京兆府","长安",,"陕西","西安市",,"108.946306","34.347436","中书舍人、翰林承旨学士","元和十五年至长庆元年间起草《授嗣虢王溥等少仆少卿制》，姑系于此。","唐穆宗","《授嗣虢王溥等少仆少卿制》","Article","授嗣虢王溥太仆少卿等制
敕。正议大夫行宗正丞嗣虢王溥守随州司马员外置同正员李逢等。昔我宪宗章武皇帝法尧睦族。深惟本枝。乃诏执事曰。伯父叔季幼子童孙在属籍者。必命卿长以才行闻。而溥等国族之良。雅副兹选。纠训群仆。允王官。各率乃诚。无替厥职。溥可权知太仆少卿。逢可守袁王府长史。馀如故。","周相录《元稹年谱新编》，上海古籍出版社版2004年版，第214页",,,,"欧阳丹"
"唐","元稹","长庆元年","821",,,"43","","京畿道","京兆府","长安",,"陕西","西安市",,"108.946306","34.347436","中书舍人、翰林承旨学士","元和十五年至长庆元年间起草《授张奉国上将军皇城留守制》，姑系于此。","唐穆宗","《授张奉国上将军皇城留守制》","Article","授张奉国上将军皇城留守制
敕。环太微诸星。有上将次将之列。所以拱卫宸极。谁何不若。予置上将军以御侮。率是道也。前皇城留守张奉国。谦能养勇。明以资忠。卑飞翕翼于未击之前。痛心疾首于见危之际。常擒狡猾。克定妖氛。行赏计功。屡升荣级。朕爱其忠厚。难以外迁。稍移娄胃之间。不失爪牙之任。为吾守禁。勉尔干城。可检校兵部尚书兼左卫上将。依前充皇城使。","周相录《元稹年谱新编》，上海古籍出版社版2004年版，第214页",,,,"欧阳丹"
"唐","元稹","长庆元年","821",,,"43","","京畿道","京兆府","长安",,"陕西","西安市",,"108.946306","34.347436","中书舍人、翰林承旨学士","元和十五年至长庆元年间起草《授薛昌朝（等）绛王傅（等）制》，姑系于此。","唐穆宗","《授薛昌朝（等）绛王傅（等）制》","Article","授薛昌朝等王傅等制
敕。薛昌朝等。国有政职之要。其一曰具员。所以稽绩用而升秩序也。尔等典掌众务。勤历岁时。无畏厥官。能举其政。择才以佐诸邸。选士以列东朝。亦吾蕴崇本枝之意也。尔无易之。可依前件。","周相录《元稹年谱新编》，上海古籍出版社版2004年版，第214页",,,,"欧阳丹"
"唐","元稹","长庆元年","821",,,"43","","京畿道","京兆府","长安",,"陕西","西安市",,"108.946306","34.347436","中书舍人、翰林承旨学士","元和十五年至长庆元年间起草《授王自励原王府谘议制》，姑系于此。","唐穆宗","《授王自励原王府谘议制》","Article","授王自励原王府咨议制
敕。王自励。左右禁旅。非才力过人而忠厚谨信者。不在壁垒库楼之地。惟尔自励。备吾选中。平蔡之师。亦有功伐。追思舍爵之赏。擢授曳裾之寮。特示新恩。且仍旧职。可检校太子宾客兼原王府咨议参军。依前殿中侍御史如故。","周相录《元稹年谱新编》，上海古籍出版社版2004年版，第214页",,,,"欧阳丹"
"唐","元稹","长庆元年","821",,,"43","","京畿道","京兆府","长安",,"陕西","西安市",,"108.946306","34.347436","中书舍人、翰林承旨学士","元和十五年至长庆元年间起草《授王师鲁等岭南判官制》，姑系于此。","唐穆宗","《授王师鲁等岭南判官制》","Article","授王师鲁等岭南判官制
敕。王师鲁等。古称南海为难理。盖蛮蜑獠俚之杂俗。有珠玑玳瑁之奇货。为吏者不能洁身。无以格物。是以非吴处默之清德。不可以耀远人。非孙子荆之长才。不可以参密画。尔等皆当茂迁。取重元戎。更职命官。各如来奏。可依前件。","周相录《元稹年谱新编》，上海古籍出版社版2004年版，第214页",,,,"欧阳丹"
"唐","元稹","长庆元年","821",,,"43","","京畿道","京兆府","长安",,"陕西","西安市",,"108.946306","34.347436","中书舍人、翰林承旨学士","元和十五年至长庆元年间起草《授刘泰清左武卫将军制》，姑系于此。","唐穆宗","《授刘泰清左武卫将军制》","Article","授刘泰清左武卫将军制
敕。刘泰清。文武并用。必推其才。久次不迁。则有升叙。以尔践更吏职。星岁颇淹。例当酬劳。用进常秩。分我武卫。以列周庐。斯亦信臣之任也。其勤厥职。式副予恩。可游击将军守左武卫将军。","周相录《元稹年谱新编》，上海古籍出版社版2004年版，第214页",,,,"欧阳丹"
"唐","元稹","长庆元年","821",,,"43","","京畿道","京兆府","长安",,"陕西","西安市",,"108.946306","34.347436","中书舍人、翰林承旨学士","元和十五年至长庆元年间起草《授裴寰奉先县令制》，姑系于此。","唐穆宗","《授裴寰奉先县令制》","Article","授裴寰奉先县令制
敕。裴寰等。尹正务重。自掾属巳下。至于邦畿之长。往往选署以闻。从而可之。亦委任责成之义也。以尔等或理谋居最。或保任称能。将委剧曹。亦专近邑。各懋乃职。用酬尔知。可依前件。","周相录《元稹年谱新编》，上海古籍出版社版2004年版，第214页",,,,"欧阳丹"
"唐","元稹","长庆元年","821",,,"43","","京畿道","京兆府","长安",,"陕西","西安市",,"108.946306","34.347436","中书舍人、翰林承旨学士","元和十五年至长庆元年间起草《授萧睦凤州周载渝州刺史制》，姑系于此。","唐穆宗","《授萧睦凤州周载渝州刺史制》","Article","授萧睦凤州周载渝州刺史制
敕。前剑南三川榷盐判官殿中侍御史内供奉萧睦前知盐铁转运山南东道院事殿中侍御史周载等。由文学古。施于有政。三验所至。莫非良能。河池近藩。南平东险。绥戎阜俗。必藉长才。副我虚求。牧兹凋瘵。事时农劝。用节人安。三年有成。惟乃之效。睦可凤州刺史。载可渝州刺史。","周相录《元稹年谱新编》，上海古籍出版社版2004年版，第214页",,,,"欧阳丹"
"唐","元稹","长庆元年","821",,,"43","","京畿道","京兆府","长安",,"陕西","西安市",,"108.946306","34.347436","中书舍人、翰林承旨学士","元和十五年至长庆元年间起草《授卢㟧监察里行宣州判官制》，姑系于此。","唐穆宗","《授卢㟧监察里行宣州判官制》","Article","授卢㟧监察里行宣州判官等制
敕。卢㟧等。宣城重地。较缗之数。岁不下百馀万。管干剧职。灵盐近戎。分务简僚。不易宜称。尔等研究儒术。修明政经。勉慎所从。以承其长。可依前件。","周相录《元稹年谱新编》，上海古籍出版社版2004年版，第214页",,,,"欧阳丹"
"唐","元稹","长庆元年","821",,,"43","","京畿道","京兆府","长安",,"陕西","西安市",,"108.946306","34.347436","中书舍人、翰林承旨学士","元和十五年至长庆元年间起草《授杨进亳州长史制》，姑系于此。","唐穆宗","《授杨进亳州长史制》","Article","授杨进亳州长史制
敕。杨进。顷者师道潜遣凶徒。将焚京洛。奸谋指日。忠告先期。俾无赪尾之灾。实赖赤心之效。虽居禁卫。未免食贫。言念前劳。宜沾厚秩。式佐郡府。仍壮军容。尚旌扑灭之功。以示优崇之赏。可守亳州长史。仍令宣武军节度收随要中驱使。","周相录《元稹年谱新编》，上海古籍出版社版2004年版，第214页",,,,"欧阳丹"
"唐","元稹","长庆元年","821",,,"43","","京畿道","京兆府","长安",,"陕西","西安市",,"108.946306","34.347436","中书舍人、翰林承旨学士","元和十五年至长庆元年间起草《授孟子周太子宾客制》，姑系于此。","唐穆宗","《授孟子周太子宾客制》","Article","授孟子周太子宾客制
敕。闻匹夫之爱其子者。犹求明哲为之师。贤善为之友。而况乎羽翼元子。宾游东朝。非旧德耆年。孰副兹选。前守光禄卿骑都尉赐紫金鱼袋孟子周。词艺饰身。端厚居业。历官中外。休有令闻。人推君子之风。朝洽名卿之目。副予求旧。咨尔诚明。勉修讽谕之词。以俟元良之德。可守太子宾客。勋封如故。","周相录《元稹年谱新编》，上海古籍出版社版2004年版，第214页",,,,"欧阳丹"
"唐","元稹","长庆元年","821",,,"43","","京畿道","京兆府","长安",,"陕西","西安市",,"108.946306","34.347436","中书舍人、翰林承旨学士","元和十五年至长庆元年间起草《于季友授右羽林将军制》，姑系于此。","唐穆宗","《于季友授右羽林将军制》","Article","授于季友右羽林将军制
敕。具官于季友。天子六军。必有材官。佽飞超乘挽强之士在焉。董之以威。待之以信。分八含之众寡。均二广之劳逸。不吴不扬。不掉不挫。皆将军之命也。是以李大亮上直禁中。而文皇甘寝。则心腹爪牙之任。斯不细矣。以尔季友。时予旧姻。念往兴怀。度才思用。荣以服色。列于藩垣。尔其恭敬。无替朕命。可守右羽林将军知军事。仍赐紫金鱼袋。","周相录《元稹年谱新编》，上海古籍出版社版2004年版，第214页",,,,"欧阳丹"
"唐","元稹","长庆元年","821",,,"43","","京畿道","京兆府","长安",,"陕西","西安市",,"108.946306","34.347436","中书舍人、翰林承旨学士","元和十五年至长庆元年间起草《李珝监察御史》制，姑系于此。","唐穆宗","《李珝监察御史》","Article","李珝起复监察御史制
敕。前监察御史里行李珝。比制多以详练法理者行于御史府。或满岁即真。或不时署位。亦试可之义也。以尔珝文学周敏。操行端方。执丧有闻。俯以就制。复尔故秩。勉修乃诚。可行监察御史。","周相录《元稹年谱新编》，上海古籍出版社版2004年版，第215页",,,,"欧阳丹"
"唐","元稹","长庆元年","821",,,"43","","京畿道","京兆府","长安",,"陕西","西安市",,"108.946306","34.347436","中书舍人、翰林承旨学士","元和十五年至长庆元年间起草《李从易宗正丞》制，姑系于此。","唐穆宗","《李从易宗正丞》","Article","授李从易宗正寺丞制
敕。朝议郎京兆府士曹参军李从易。昔刘氏子孙。在属籍者十馀万。我唐光有天下。二百馀年。伯仲叔季。幼子童孙。可胜道哉。第其贤能。以次序昭穆。皆吾宗寺之职也。凡在选任。每难其人。以尔天属谨良。修明吏理。检身好学。有儒者法仪。宗长以闻。朕不敢议。承上莅下。无忘敬恭。可守宗正寺丞。","周相录《元稹年谱新编》，上海古籍出版社版2004年版，第215页",,,,"欧阳丹"
"唐","元稹","长庆元年","821",,,"43","","京畿道","京兆府","长安",,"陕西","西安市",,"108.946306","34.347436","中书舍人、翰林承旨学士","元和十五年至长庆元年间起草《荆浦左清道率府率》制，姑系于此。","唐穆宗","《荆浦左清道率府率》","Article","授荆浦等左清道率府率制
敕。奉天定难功臣壮武将军行右清道率府率上柱国赐紫金鱼袋左龙武军宿卫荆浦等。初朕宅忧西庙。祗受丕训。尔或执携金吾。清道前马。或操总戈戟。立陛周庐。星拱翼舒。谁何不若。乃诏超陟。因及序常。用报有劳。且升久次。各扬其职。无弃厥司。可依前件。","周相录《元稹年谱新编》，上海古籍出版社版2004年版，第215页",,,,"欧阳丹"
"唐","元稹","长庆元年","821",,,"43","","京畿道","京兆府","长安",,"陕西","西安市",,"108.946306","34.347436","中书舍人、翰林承旨学士","元和十五年至长庆元年间起草《袁重光雅州刺史李践方大理寺丞》制，姑系于此。","唐穆宗","《袁重光雅州刺史李践方大理寺丞》","Article","授袁重光雅州刺史李践方大理寺丞制
敕。卢山郡贯平羌江。带邛峡关。西南蛮经□之地也。大理寺专狱犴。视刑书。我国家生人之司命也。任非其才。为患不细。前鄜坊丹延等州观察判官侍御史内供奉赐绯鱼袋袁重光。佐观风于鄜畤。闻有能名。前湖南都团练判官兼监察御史李践方。参练卒于湘中。号为柔立。宜当慈惠之选。且尽哀敬之心。姑务胜残。无或枉挠。伫尔布政。叶予好生。重光可使持节雅州刺史。散官勋赐如故。践方可大理寺丞。","周相录《元稹年谱新编》，上海古籍出版社版2004年版，第215页",,,,"欧阳丹"
"唐","元稹","长庆元年","821",,,"43","","京畿道","京兆府","长安",,"陕西","西安市",,"108.946306","34.347436","中书舍人、翰林承旨学士","元和十五年至长庆元年间起草《万憬皓端州刺史》制，姑系于此。","唐穆宗","《万憬皓端州刺史》","Article","授万憬皓端州刺史制
敕。前顺州刺史赐紫金鱼袋万憬皓。赦所以宥不幸也。尔乃郡守。无违诏条。而以疾罢去。非不幸欤。今朕还尔符印。俾临高要之人。守吾宪章。愆则有辟。可使持节端州刺史。馀如故。","周相录《元稹年谱新编》，上海古籍出版社版2004年版，第215页",,,,"欧阳丹"
"唐","元稹","长庆元年","821",,,"43","","京畿道","京兆府","长安",,"陕西","西安市",,"108.946306","34.347436","中书舍人、翰林承旨学士","元和十五年至长庆元年间起草《骆怡寿州长史》制，姑系于此。","唐穆宗","《骆怡寿州长史》","Article","","周相录《元稹年谱新编》，上海古籍出版社版2004年版，第215页",,,,"欧阳丹"
"唐","元稹","长庆元年","821",,,"43","","京畿道","京兆府","长安",,"陕西","西安市",,"108.946306","34.347436","中书舍人、翰林承旨学士","元和十五年至长庆元年间起草《韩克从太子通事舍人》制，姑系于此。","唐穆宗","《韩克从太子通事舍人》","Article","授韩克从太子通事舍人制
敕。前河中府参军韩克从。闻尔之齿长矣。而犹趋驰冉冉。其何以堪。今命尔为东朝舍人。以司赞引。岂独加之恩奖。抑亦示其优容。宜勤厥官。以服休命。可守太子通事舍人。馀如故。","周相录《元稹年谱新编》，上海古籍出版社版2004年版，第215页",,,,"欧阳丹"
"唐","元稹","长庆元年","821",,,"43","","京畿道","京兆府","长安",,"陕西","西安市",,"108.946306","34.347436","中书舍人、翰林承旨学士","元和十五年至长庆元年间起草《齐煦华州定县令》，姑系于此。","唐穆宗","《齐煦华州定县令》","Article","","周相录《元稹年谱新编》，上海古籍出版社版2004年版，第215页",,,,"欧阳丹"
"唐","元稹","长庆元年","821",,,"43","","京畿道","京兆府","长安",,"陕西","西安市",,"108.946306","34.347436","中书舍人、翰林承旨学士","元和十五年至长庆元年间起草《常亮元权知桥陵台令》，姑系于此。","唐穆宗","《常亮元权知桥陵台令》","Article","","周相录《元稹年谱新编》，上海古籍出版社版2004年版，第215页",,,,"欧阳丹"
"唐","元稹","长庆元年","821",,,"43","","京畿道","京兆府","长安",,"陕西","西安市",,"108.946306","34.347436","中书舍人、翰林承旨学士","元和十五年至长庆元年间起草《观兵部马射赋》，姑系于此。","唐穆宗","《观兵部马射赋》","Article","观兵部马射赋
大司马以驰射而选才。众君子皆注目而观艺。至张侯之所。乃执弓而誓。誓曰。今皇帝制羽舞以敷文德。择材官而奋武卫。兼以超乘者为雄。不惟中鹄者得祭。用先才捷。志亦和平。以多马为能。故以马为试。以得鹿为美。故以鹿为正。岂独武人之利。实惟君子之争。射者皆曰诺。虽五善之未习。庶一举而有成。于是马逸骙骙。士勇伾伾。蓄锐气。候歌诗。初听采蘋之章。共调白羽。次逞穿杨之妙。忽纵青丝。旁瞻突过。咸惧发迟。冀骥足之展矣。翻猿臂而射之。挥弓电掣。激矢风追。方当耦象。决裂丽龟。砉尔摧班。示偏工于小者。安然飞鞚。故无忧于殆而。信候蹄之不爽。则舍拔之无遗。故司射举旌以效胜曰。尔能克备。我爵可期。贾馀勇者。宜乘破竹之势。善量力者。当引负薪之辞。由是靡不争先。莫肯为后。皆曰措柸于肘。十得其九。忝明试者。亦何尝而不有。破的之术。万不失一。凡献艺者。岂自疑于无必。冲冠发怒。扬鞭气逸。引满雷砰。腾凌飙疾。皆穷百中之妙。尽由一札而出。乃知来者之艺。盖亦前人之匹。若此则蹲甲壮基。扬觯观孔。信一场之独擅。终六辔之未总。岂比乎浮云迥度。开月影而弯环。骤雨横飞。挟星精而摇动。虽当至理。不忘庸功。天子垂衣。俨鹓行于北阙。夏官司马。阅骑从于南宫。贡士之程。职思其举。会款塞五方之俗。观校埒百夫之御。得隽为雄。唯能是与。星郎草奏。上献拱辰之防。天骄解颜。喜见射雕之侣。客独顾之而笑曰。此盖有司之拔萃。固非吾君之右汝。我有笔阵与词锋。可以偃干戈而息戎旅。司文者闻之而惊曰。尔其自砺于尔躬。吾将献尔于王所。","周相录《元稹年谱新编》，上海古籍出版社版2004年版，第215页",,,,"欧阳丹"
"唐","元稹","长庆元年","821",,,"43","","京畿道","京兆府","长安",,"陕西","西安市",,"108.946306","34.347436","中书舍人、翰林承旨学士","元和十五年至长庆元年间起草《善歌如贯珠赋》，姑系于此。","唐穆宗","《善歌如贯珠赋》","Article","善歌如贯珠赋
珠以编次。歌有继声。美绵绵而不绝。状累累以相成。偏佳朗畅。屡比圆明。度雕梁而暗绕。误缀网之频惊。响象而然。非谓结之以绳约。气至则尔。故可贯之以精诚。原夫以节为珠。以声为纬。渐杳杳而无极。以多多而益贵。悠扬绿水。讶合浦之同归。缭绕青霄。环五星之一气。望明月而宛转。感潜鲛之歔欷。若非象照乘之珍。安能忘在齐之味。其始也。长言逦迤。度曲缠绵。吟断章而离离若间。引妙啭而一一皆圆。小大虽伦。离朱视之而不见。唱和相续。师乙美之而谓连。当其拂树弥长。凌风乍直。意出弹者与高音而臻极。及夫属思渐繁。因声屡有。想无胫者随促节而奔走。以洞彻为精英。比瑕疵于能否。次第其韵。且殷勤于士衡之文。上下其音。谓低昂于游女之手。窈窕远矣。徘徊绎如。髣髴成象。玲珑构虚。频寄词于章句之末。愿连光于咳唾之馀。清而且圆。直而不散。方同累丸之重叠。岂比沉泉之撩乱。惧无知者。初悯默于暗投。善则返之。乃因循于旧贯。美清泠而发越。忆辉光之璀璨。始终虽异。细大靡殊。中规矩于圆折。成条贯以萦纡。似是而非。赋湛露则方惊缀冕。有声无实。歌芳树而空想垂珠。美恶难掩。前后不踰。亦比抡材而至者。岂独善歌之谓乎。","周相录《元稹年谱新编》，上海古籍出版社版2004年版，第215页",,,,"欧阳丹"
"唐","元稹","长庆元年","821",,,"43","","京畿道","京兆府","长安",,"陕西","西安市",,"108.946306","34.347436","中书舍人、翰林承旨学士","元和十五年至长庆元年间起草《封乌重胤妻张氏邓国夫人制》，姑系于此。","唐穆宗","《封乌重胤妻张氏邓国夫人制》","Article","","周相录《元稹年谱新编》，上海古籍出版社版2004年版，第215页",,,,"欧阳丹"
"唐","元稹","长庆元年","821","10",,"43","","京畿道","京兆府","长安",,"陕西","西安市",,"108.946306","34.347436","工部侍郎","裴度弹劾元稹结交宦官，元稹罢学士，出为工部侍郎，有诗。","裴度","《自责》","Poem","自责
犀带金鱼束紫袍，不能将命报分毫。他时得见牛常侍，为尔君前捧佩刀。","周相录《元稹年谱新编》，上海古籍出版社版2004年版，第203页",,,,"欧阳丹"
"唐","元稹","长庆元年","821","11",,"43","","京畿道","京兆府","长安",,"陕西","西安市",,"108.946306","34.347436","工部侍郎","与李绅荐蒋防为翰林学士。","李绅，蒋防",,"","","周相录《元稹年谱新编》，上海古籍出版社版2004年版，第204页",,,,"欧阳丹"
"唐","元稹","长庆元年","821","12",,"43","","京畿道","京兆府","长安",,"陕西","西安市",,"108.946306","34.347436","工部侍郎","李景俭贬漳州刺史，元稹作诗别之。","李景俭","《别毅郎》","Poem","","周相录《元稹年谱新编》，上海古籍出版社版2004年版，第204页",,,,"欧阳丹"
"唐","元稹","长庆元年","821",,,"43","","京畿道","京兆府","长安",,"陕西","西安市",,"108.946306","34.347436","工部侍郎","冬，刘禹锡迁夔州刺史，或出于元稹之提携。元稹亲承圣旨，令隐王建《宫词》。传令狐楚表荐张裕，元稹抑之。","刘禹锡，令狐楚，张裕",,"","","周相录《元稹年谱新编》，上海古籍出版社版2004年版，第204-206页",,,,"欧阳丹"
"唐","元稹","长庆元年","821",,,"43","","京畿道","京兆府","长安",,"陕西","西安市",,"108.946306","34.347436","工部侍郎","是年，有感事之诗。","","《感事三首》","Poem","感事三首 其一
为国谋羊舌，从来不为身。此心长自保，终不学张陈。
感事三首 其二
自笑心何劣，区区辨所冤。伯仁虽到死，终不向人言。
感事三首 其三
富贵年皆长，风尘旧转稀。白头方见绝，遥为一沾衣。","周相录《元稹年谱新编》，上海古籍出版社版2004年版，第215页",,,,"欧阳丹"
"唐","元稹","长庆元年","821",,,"43","","京畿道","京兆府","长安",,"陕西","西安市",,"108.946306","34.347436","工部侍郎","是年，次韵白居易《待漏人入阁书事奉赠元九学士阁老》诗。","白居易","《酬乐天待漏入阁见赠》","Poem","酬乐天待漏入閤见赠
未勘银台契，先排浴殿关。沃心因特召，承旨绝常班。飐闪才人袖，呕鸦软举镮。宫花低作帐，云从积成山。密视枢机草，偷瞻咫尺颜。恩垂天语近，对久漏声闲。丹陛曾同立，金銮恨独攀。笔无鸿业润，袍愧紫文殷。河水通天上，瀛州接世间。谪仙名籍在，何不重来还。","周相录《元稹年谱新编》，上海古籍出版社版2004年版，第215页",,,,"欧阳丹"
"唐","元稹","长庆元年","821",,,"43","","京畿道","京兆府","长安",,"陕西","西安市",,"108.946306","34.347436","工部侍郎","是年，杨巨源赴凤翔，有赠别诗。","杨巨源","《赠别杨员外巨源》","Poem","赠别杨员外巨源
忆昔西河县下时，青山憔悴宦名卑。揄扬陶令缘求酒，结托萧娘只在诗。朱紫衣裳浮世重，苍黄岁序长年悲。白头后会知何日，一盏烦君不用辞。","周相录《元稹年谱新编》，上海古籍出版社版2004年版，第216页",,,,"欧阳丹"
"唐","元稹","长庆元年","821",,,"43","","京畿道","京兆府","长安",,"陕西","西安市",,"108.946306","34.347436","工部侍郎","是年，起草《论边事及幽州事宜疏》。","唐穆宗","《论边事及幽州事宜疏》","Article","","周相录《元稹年谱新编》，上海古籍出版社版2004年版，第216页","（亡佚）",,,"欧阳丹"
"唐","元稹","长庆元年","821",,,"43","","京畿道","京兆府","长安",,"陕西","西安市",,"108.946306","34.347436","工部侍郎","是年，有《长庆宫辞》一诗。","","《长庆宫辞》","Poem","为乐天自勘诗集因思顷年城南醉归马上递唱艳曲十馀里不绝长庆初俱以制诰侍宿南郊斋宫夜后偶吟数十篇两掖诸公洎翰林学士三十馀人惊起就听逮至卒吏莫不众观群公直至侍从行礼之时不复聚寐予与乐天吟哦竟亦不绝因书于乐天卷后越中冬夜风雨不觉将晓诸门互启关锁即事成篇
春野醉吟十里程，斋宫潜咏万人惊。今宵不寐到明读，风雨晓闻开锁声。","周相录《元稹年谱新编》，上海古籍出版社版2004年版，第216页","（亡佚）",,,"欧阳丹"
"唐","元稹","长庆元年","821",,,"43","","京畿道","京兆府","长安",,"陕西","西安市",,"108.946306","34.347436","工部侍郎","是年，元稹与李绅同和李德裕《吐绶鸟词》。","李绅，李德裕","《吐绶鸟词》","Poem","","周相录《元稹年谱新编》，上海古籍出版社版2004年版，第216页","（亡佚）",,,"欧阳丹"
"唐","元稹","长庆元年","821",,,"43","","京畿道","京兆府","长安",,"陕西","西安市",,"108.946306","34.347436","工部侍郎","是年，怀念薛涛，有诗，但疑伪。","","《寄赠薛涛》","Poem","寄赠薛涛
锦江滑腻蛾眉秀，幻出文君与薛涛。言语巧偷鹦鹉舌，文章分得凤皇毛。纷纷辞客多停笔，个个公卿欲梦刀。别后相思隔烟水，菖蒲花发五云高。","周相录《元稹年谱新编》，上海古籍出版社版2004年版，第215页","（疑伪）",,,"欧阳丹"
"唐","元稹","长庆二年","822","2",,"44","","京畿道","京兆府","长安",,"陕西","西安市",,"108.946306","34.347436","工部侍郎","王廷凑、朱克融围牛元翼于深州，官军三面救之，财竭力尽，竟无成功。元稹劝穆宗罢兵。韩愈冒险选慰王廷凑，元稹为之担忧。","唐穆宗，韩愈",,"","","周相录《元稹年谱新编》，上海古籍出版社版2004年版，第217页",,,,"欧阳丹"
"唐","元稹","长庆二年","822","2",,"44","","京畿道","京兆府","长安",,"陕西","西安市",,"108.946306","34.347436","工部侍郎、同中书门下平章事","崔植罢为刑部尚书，元稹同平章事。白居易为元稹草谢官表。","白居易，崔植",,"","","周相录《元稹年谱新编》，上海古籍出版社版2004年版，第218页",,,,"欧阳丹"
"唐","元稹","长庆二年","822","3",,"44","","京畿道","京兆府","长安",,"陕西","西安市",,"108.946306","34.347436","工部侍郎、同中书门下平章事","与李绅同荐庞严为翰林学士。","李绅，庞严",,"","","周相录《元稹年谱新编》，上海古籍出版社版2004年版，第219页",,,,"欧阳丹"
"唐","元稹","长庆二年","822","3",,"44","","京畿道","京兆府","长安",,"陕西","西安市",,"108.946306","34.347436","工部侍郎、同中书门下平章事","左骁卫上将军张奉国卒，元稹为其撰墓志铭。","张奉国","《唐故开府仪同三司检校兵部尚书兼左骁卫上将军充大内皇城留守御史大夫上柱国南阳郡王赠某官碑文铭》","Article","唐故开府仪同三司检校兵部尚书兼左骁卫上将军充大内皇城留守御史大夫上柱国南阳郡王赠某官碑文铭
南阳王姓张氏。讳奉国。本名子良。以某年月日薨于家。其子岌哭于其党曰。唐制三品以上。殁既葬。碑于墓以文其行。我父当得碑。家且贫。无以买其文。卿大夫谁我肯哀者。由是因其舅捧南阳王所受制诰凡八通。历抵卿大夫之为文者。予与焉。予故闻南阳王忠功。每义之。然其请。明日。子岌状其故闻官阀以告曰。我南阳西鄂人。我高祖盈。左武卫将军闲厩使。我曾祖兰。朝散大夫沙州别驾。我祖景春。朝请大夫太仆少卿。我父南阳王。太仆府君之第某子也。少学读经史子。至古今成败之言。尤所穷究。遂贯穿于神枢鬼藏之间。而尽得擒纵弛张之术矣。大历末。始以戎服事郭汾阳于邠。建中中。以骑五百讨希烈于蔡。遭太夫人丧。号叫请罢。遂克终制。仆射张建封以寿帅移于徐。始以涡口三城授于我。仆射殁而徐师乱。子乘乱以自立。王不忍讨。以师二万归于润。德宗异之。诏召至京。授侍御史。复职于浙西。就加御史中丞。又加国子祭酒。是元和之元年也。二年。李锜叛。王擒之以献。加检校工部尚书兼右金吾卫将军御史大夫上柱国。进封南阳郡王。食实封一百五十户。遂锡嘉名。寻迁检校刑部尚书。充振武麟胜等州节度营田观察处置等使。复以刑部尚书兼左金吾卫将军御史大夫。历左龙武统军鸿胪卿。就加检校兵部尚书。转左骁卫上将军。充大内皇城留守。以疾薨。寿八十三。特诏赠某官。我南阳郡夫人熊氏。祖元皓。皇朝礼部尚书左金吾卫将军进国公。岌与嵩。南阳夫人之二子也。嵩任某官。岌以某官夺丧制。葬以某年月日于某地。岌不肖。能言先将军之职官。而不能知先将军之勋业矣。乞为碑。予按仆射张建封以贞元十六年薨于徐。徐人立其子愔求命。南阳王不义其所为。以涡之众尽弃去。由是泗濠之守皆据郡。愔不能令卒帖徐。由南阳王之断其臂也。元和之二年。润帅锜求觐京师。既许之。不克觐。辱中贵人。杀其臣寮以令下。杨帅锷以叛告。朝廷甚忧之。初锜筦盐于润有年矣。削虐暴狠。其下甚畏之。而库庾之藏以亿计。润之师故南韩晋公之所教训。弩劲剑利。号为难当。是时初定蜀。兵始散。物力未完。加诛于锜。甚难之。宪宗皇帝不得已下诛诏。不浃日。露章自润曰。十月十二日。锜就擒。从乱者无遗馀。问其状。则曰。锜既叛。以是月十一日。命南阳王田少卿李奉仙率锐众以图池。南阳王喜养士。又能为逆顺言。明日。与二将誓所部回讨。锜城守不敢出。环其城。是夕攻愈急。锜众坏散。缒于城下。遂就擒。自是南阳王勋名显于代。性卑顺不伐。在振武时。以检俭同士卒劳苦。居馀官皆谨慎专至如不及。在朝廷十馀年。似无功能者。未尝图进取。薨之日。家甚贫。几无以葬其身。天子怜之。废视朝。赙布帛。给班剑鼓吹以葬之。呜呼。举三十年为言。其间至将相者凡百数。耳目相远之后。非其子孙能识其姓名者。十不能一二焉。若南阳王缚锜弃愔。全徐完润。自取爵位。以贻不朽。无几希矣。碑于其墓。不亦宜乎。铭曰。在昔徐帅。知于南阳。付授兵柄。涡俾为防。徐丧其帅。徐人恃强。强以愔嗣。不归其丧。我欲尽殄。愔亦与亡。不忍自我。焚其构堂。我或不去。愔童必猖。猖甚则蹶。其能久长。乃挈万众。宾于邻疆。愔果惴惴。不假不狂。逮及终殁。全归其吭。润锜待我。不踰于行。一日叛诞。肆其昏荒。我乃遽取。归之天王。非不可杀。示人不戕。报愔以惠。报锜以常。称示厚薄。俾之相当。克勇克义。不伐不扬。铭于墓石。以永无疆。","周相录《元稹年谱新编》，上海古籍出版社版2004年版，第224页",,,,"欧阳丹"
"唐","元稹","长庆二年","822",,,"44","","京畿道","京兆府","长安",,"陕西","西安市",,"108.946306","34.347436","工部侍郎、同中书门下平章事","春，李景俭以元稹之故，迁楚州刺史，改少府少监。","李景俭",,"","","周相录《元稹年谱新编》，上海古籍出版社版2004年版，第219页",,,,"欧阳丹"
"唐","元稹","长庆二年","822","5",,"44","","京畿道","京兆府","长安",,"陕西","西安市",,"108.946306","34.347436","工部侍郎、同中书门下平章事","李赏受李逢吉指使，诬告元稹欲遣人刺杀裴度，诏韩皋、郑覃、李逢吉按验，无状，而元稹与于方合谋使牛元翼事因之公开。京兆尹刘遵古遣吏潜逻元稹宅，元稹奏之，刘遵古被罚俸一月。","唐穆宗，李赏，李逢吉，于方，刘遵古",,"","","周相录《元稹年谱新编》，上海古籍出版社版2004年版，第221页",,,,"欧阳丹"
"唐","元稹","长庆二年","822","6",,"44","","京畿道","京兆府","长安",,"陕西","西安市",,"108.946306","34.347436","工部侍郎、同中书门下平章事","为工部侍郎、同中书门下平章事时撰有墓志铭，姑系于此。","","《故中书令赠太尉沂国公墓志铭》","Article","故中书令赠太尉沂国公墓志铭
长庆二年某月某日。司礼氏持第一品幰弩已下备卫。椎钲鼓鸣铙箫笳笛。前导我沂国公洎某国夫人某氏合葬于某县某乡某里某原。先是沂国嗣子肇乞予铭墓石。按沂国公姓田氏。讳某。字某。平州卢龙人。曾祖璟。官至郑州别驾。祖延恽。官至安东都护府司马。沂国既贵。赠尚书右仆射。父庭玠。官至银青光禄大夫相州刺史中丞。沂国既贵。累赠至司空。公本讳兴。司空第某子。幼敏隽。年十八。为魏博衙前都知兵马使。自是魏剧地剧职尽更之。由太子宾客沂国公累加殿中御史侍御史中丞秘书监。元和七年同节度副使。步射之众皆隶焉。魏帅季安卒。子怀谏始十馀岁。恶辈树之。不累月。魏法大坏。一旦万众相叫噪。皆曰田中丞当为帅。公曰。叱叱止止。众曰。何谓也。公曰。尔辈牵制孺子犹一累。吾焉能受。尔辈即欲受吾使。用我乎。皆曰诺。公曰。孺子之家敢有辱者死。擅杀人者死。掠财者死。天子未命敢有言吾麾节者死。讫吾世敢有不从吾忠孝者死。汝辈可乎。皆曰可。公乃状其事于先帝。先帝大悦。降工部尚书魏博相卫贝澶六州节度支度营田观察处置制。刻节以授之。而又赐缗钱。赦死罪。复租入。公乃献地图。编口籍。修职贡。上吏员。凡魏之废置。不关于有司者悉罢。军司马已下。皆请命于廷。然后斩暴乱。叙劳旧。除僭异。弛禁闭。家家始以灯火相会聚。亲戚吉凶通吊问。出入封无所诘。魏之人。老者闻见平时多出涕。少者不知所以然。百辟四方皆奉贺。明年锡嘉名。又明年加仆射。十三年子布功于蔡。加司空。十四年帅师克东平。加司徒平章宰相事。八月朝京师。乞侍从。先帝付以山东。加侍中实封以遣之。十五年。会上新即位。成德表帅。上曰。非吾勋贤。莫可入者。转中书令以往焉。是日命子布节度河阳以张之。公既入镇。去就事法犹在魏。魏之人相与立石乞文于陛下。陛下诏臣稹为文以付之。先是瀛之乐寿博野入于镇。公乃奏归之。长庆元年七月。幽州乱。公即日命将悉帅麾下集于境。镇人初受制。未惯用于王。是月二十八日潜作乱。公薨于师。年至五十八。天子震悼。罢五日朝。册赠太尉。下诏徵天下兵。且命子布脱缞绖总魏师以自报。兵势未合。布冤愤自杀。遂罢讨。三年。镇人归其丧。诏葬有加焉。呜呼。魏之法虐切疑忌。诸将以才多死者。公既故为刺史子。又多才好读书。识理乱形势。孝友信义。士众多附服。官望已重。不宜免。然而晦养谨慎。不下二十年。讫无祸。用是建大勋。更大镇。模样声名。施于后世。身以忠殁。子以孝殁。累累在坟下者。如公几何人。公若干男。若干女。子布。终魏博节度使。子肇。凤翔府少尹。子犨。某将军。子某。某官。子某。某官。女邵氏某氏妇。近世勋将。尤贵富者言李郭。然而汾阳西平。犹不得父子并世为节制。公与子布同日登将坛。诸子洎伯季。龟緺金银。被腰佩者十数人。不亦多乎哉。铭曰。忠乎仁乎。可以用于彼。而不可用于此乎。何魏人之不我以异。而镇人之不与我为徒。化苌宏而为血。辨青旂于苇蒲。感异物之先兆。岂人力之能图。送横之客歌薤露。吁嗟沂公今已乎。","周相录《元稹年谱新编》，上海古籍出版社版2004年版，第224页",,,,"欧阳丹"
"唐","元稹","长庆二年","822","6",,"44","","京畿道","京兆府","长安",,"陕西","西安市",,"108.946306","34.347436","同州刺史兼长春宫使","与裴度俱罢相，出为同州刺史兼长春宫使，李逢吉渔人得利，同平章事。","裴度",,"","","周相录《元稹年谱新编》，上海古籍出版社版2004年版，第222页",,,,"欧阳丹"
"唐","元稹","长庆二年","822","6",,"44","","京畿道","同州","冯翊",,"陕西","渭南市","大荔县","109.948624","34.80179","同州刺史兼长春宫使","元稹至同州，上疏论党项事宜。","唐穆宗","《同州刺史谢上表》","Article","同州刺史谢上表
臣稹言。伏奉今月三日制书。授臣使持节同州诸军事守同州刺史兼本州防御使。臣罪重责轻。忧惶失据。虑为台府迫逐。不敢徘徊阙廷。便自朝堂匍匐进发。谨以今月九日到州上讫。臣某辜负圣朝。辱累恩奖。便合自求死所。岂宜尚忝官荣。诚恐诚惭死罪死罪。臣八岁丧父。家贫无业。母兄乞丐。以供资养。衣不布体。食不充肠。幼学之年。不蒙师训。因感邻里儿稚。有父兄为开学校。涕咽发愤。愿知诗书。慈母哀臣。亲为教授。年十有五。得明经出身。自是苦心为文。夙夜强学。年二十四登吏部乙科。授校书郎。年二十八蒙制举首选。授左拾遗。始自为学。至于升朝。无朋友为臣吹嘘。无亲党为臣援庇。莫非苦巳。实不因人。独立成性。遂无交结。任拾遗日。屡陈时政。蒙先皇帝召问延英。旋为宰相所憎。贬臣河南县尉。及为监察御史。又不敢规避。专心纠绳。复为宰相怒臣不庇亲党。因以他事贬臣江陵判司。废弃十年。分死沟渎。元和十四年。宪宗皇帝开释有罪。始授臣膳部员外郎。与臣同省署者。多是臣初登朝时举人。任卿相者。半是臣同谏院时拾遗补阙。愚臣既不能低心曲就。辈流亦以望风怒臣。不料陛下天听过卑。知臣薄艺。朱书授臣制诰。延英召臣赐绯。宰相恶臣不出其门。由是百计侵毁。陛下察臣无罪。宠奖逾深。召臣面授舍人。遣充承旨学士。金章紫服。光饰陋躯。生人之荣。臣亦至矣。然臣益遭诽谤。日夜忧危。唯陛下圣鉴照临。弥加保任。竟排群议。擢备台司。臣忝有肺肝。岂并寻常宰相。况当行营退散之后。牛元翼未出之间。每闻陛下轸念之言。微臣恨不身先士卒。所问于方计策遣王友明等救解深州。盖欲上副圣情。岂是别怀他意。不料奸人疑臣杀害裴度。妄有告论。尘黩圣聪。愧羞天地。臣本待辨明一了。便拟杀身谢责。岂料圣慈尚在。薄贬同州。虽违咫尺之颜。不远郊畿之境。伏料必是宸衷独断。乞臣此官。若遣他人商量。乍可与臣远处藩镇。岂肯遣臣俯近阙庭。臣所恨今月三日尚蒙召对延英。此时不解泣血仰辞天颜。便至今日窜逐。臣自离京国。目断魂销。每至五更朝谒之时。臣实制泪不已。臣若馀生未死。他时万一归还。不敢更望得见天颜。但得再闻京城钟鼓之音。臣虽黄土覆面。无恨九原。臣某无任自恨自惭攀恋圣慈之至。然臣一日未死。亦合有所陈论。或闻党项小有动摇。臣今谨具手疏陈奏。伏望恕臣死罪。特留圣览。臣此表并臣手疏。并请留中不出。谨遣差知衙官试殿中监马宏直奉表谢罪以闻。","周相录《元稹年谱新编》，上海古籍出版社版2004年版，第222页",,,,"欧阳丹"
"唐","元稹","长庆二年","822","6",,"44","","京畿道","同州","冯翊",,"陕西","渭南市","大荔县","109.948624","34.80179","同州刺史","追制削元稹长春宫使。","唐穆宗",,"","","周相录《元稹年谱新编》，上海古籍出版社版2004年版，第223页",,,,"欧阳丹"
"唐","元稹","长庆二年","822","11",,"44","","京畿道","同州","冯翊",,"陕西","渭南市","大荔县","109.948624","34.80179","同州刺史","进乌马一匹，有状。","唐穆宗","《进马状》","Article","进马状
右。臣窃闻道路相传。车驾欲暂游幸温汤。未知虚实者。臣职居守土。侍从无由。羡魏阙之埃尘。犹随日御。恨新丰之鸡犬。亦听车音。目断魂销。形留神往。又得进奏官状。知河中华州京兆府并于昭应排比进献。臣当州素乏所出。无以粗展丹诚。臣既别受恩私。又不合独无壤奠。伏以前件马北方正色。东道奇踪。调习多时。备谙材色。解击毬者。每嘉其环回斗转。动可惬心。善猎射者。皆叹其度堑踰沟。走不换足。欲随正至献贺。窃虑群众混同。徘徊瞻顾。蓄锐斯久。今者宸游近甸。地降灵泉。施展是时。戢藏何益。伏望陛下扬鞭顿辔。取验其驯良。结尾络头。试观其神彩。臣某深恩未报。愚志空存。自惭驽钝之姿。莫展驱驰之效。扪心恋主。因马喻身。轻冒天威。无任战汗。其马谨随状进。谨进。","周相录《元稹年谱新编》，上海古籍出版社版2004年版，第223-224页",,,,"欧阳丹"
"唐","元稹","长庆二年","822","11",,"44","","京畿道","同州","冯翊",,"陕西","渭南市","大荔县","109.948624","34.80179","同州刺史","进乌鹘、双鸡各两联，有状。","唐穆宗","《进双鸡等状》","Article","进双鸡等状
右。臣当州元和十五年奉宣。令采双鸡五联。各重四斤。频年采取。一联不获。自臣到州。询问采捕人等。皆云二十年前。采得一联双鸡。尔后更不曾采得。昨旬日之内。并获两联。斤两轻重。稍符诏旨。况浚郊初启。既以大剪豺狼。鸷鸟自来。可以助清枭獍。臣所恨身无羽翼。不获陪奉属车。擒狡兔之根源。破妖狐之群党。臣某无任忘躯思奋睹物感恩之至。谨遣某官某乙随状奉进谨进。","周相录《元稹年谱新编》，上海古籍出版社版2004年版，第224页",,,,"欧阳丹"
"唐","元稹","长庆二年","822",,,"44","","京畿道","同州","冯翊",,"陕西","渭南市","大荔县","109.948624","34.80179","同州刺史","秋或冬，推荐进士李景述，有诗。","李景述，王起","《和王侍郎酬广宣上人观放榜后相贺》","Poem","和王侍郎酬广宣上人观放榜后相贺
渥洼徒自有权奇，伯乐书名世始知。竞走墙前希得俊，高悬日下表无私。都中纸贵流传后，海外金填姓字时。珍重刘繇因首荐，为君送和碧云诗。","周相录《元稹年谱新编》，上海古籍出版社版2004年版，第224页",,,,"欧阳丹"
"唐","元稹","长庆二年","822",,,"44","","京畿道","同州","冯翊",,"陕西","渭南市","大荔县","109.948624","34.80179","同州刺史","是年，为严公写行状。","","《故金紫光禄大夫检校司徒及太子少傅赠太保郑国公食邑三千户严公行状》","Article","故金紫光禄大夫检校司徒兼太子少傅赠太保郑国公食邑三千户严公行状
曾祖方约，皇利州司功参军赠太常少卿。祖挹之，皇徐州符离县尉。父丹，皇殿中侍御史东川租庸盐铁青苗等使赠礼部尚书。某州某县某乡某里严某字某年七十七。公少好学。始以大历八年举进士。礼部侍郎张谓妙选时彦。在选中。不数年。补太子正字。历栎阳尉。试为大理评事福州支。使复以监察里行为宣歙观察判官。转殿中兼侍御史。充团副。加检校著作郎。赐章服。入拜尚书刑部员外郎。一年转太原少尹。赐金紫。寻加北都副留守兼御史中丞。又加行军司马检校司封郎中。特命为银青光禄大夫检校工部尚书河南节度支度营田观察处置等使兼太原尹御史大夫北都留守。再命加检校尚书右仆射。三命加金紫光禄大夫检校尚书左仆射扶风郡开国公。食邑二千户。四命加检校司空。始特命至是凡九年。朝京师。真拜尚书右仆射。依前检校。寻以检校司空拜荆南节度观察支度等使兼江陵尹御史大夫。进封郑国公。食邑三千户。后累岁迁山南东道节度观察处置支度营田等使兼襄州刺史。司空大夫皆如故。就加淮西招抚使。徵拜太子少保。依前检校司空。换检校司徒兼太子少保。判光禄卿事。复换太子少傅。依前检校司徒。疾告久之。有司上言。百日不视事当绝俸。特诏有司无绝俸。长庆二年五月二十七日。薨于家。上为一日不听朝。诏赠太保。出内帛以赠赙之。恩有加也。初贞元中。宣歙观察使刘赞以公勤信精尽。深所委异。十年之间。政无细大。一以咨之。及赞府除。掌赞馀务。德宗皇帝善公之所为。是有刑曹之命。且欲任用焉。会太原节度使李说婴疾旷废。遂命副助之。其实将代说矣。公事说愈谨。待下愈谨。及说薨而人人皆愿为帅。德宗皇帝因人焉。元和初。杨惠琳反于夏。公上言曰。陛下新即位。惠琳不诛。威去矣。臣请偏师断其头。优诏许之。公乃秣刍以载于车。烝粮以曝于日。赍挽轾重。人利百倍。惠琳诛。是有金紫大夫尚书左揆开国扶风之命焉。明年。贼辟劫蜀兵以叛。诏公分师以会伐。令司空光颜将往会。公乃悉出帐下卫以骁果之柄以付之。然后丰其资赏。副以兼乘。涉栈道者五千馀骑。人无徒步而进者。马有羡力。兵不劳困。蜀人骇窜。自我功为多。役罢。是有检校司空之命焉。公之始帅太原也。内外乘马不过千馀匹。三年。皂而秣之者六千匹。出之于野者以万数。及今十不能一二焉。尝大阅于并城东。种落毕会。旗帜满野。周回数十里不绝。时回鹘悔录将军来在会。闻金鼓震伏。其在江陵也。蛮酋张伯靖杀长吏。劫据辰锦诸州。连九洞以自固。诏公讨之。公上言曰。缘溪诸蛮。狐鼠跧窜。王师步趋。不习嵌崄。溯水行舟。进寸退里。昼不得战。夜则掩覆。攻实危道。招可怀来。臣今谨以便宜。未宣讨诏。先遣所部将李志烈赍书谕旨。俟其悛心。不十馀日。伯靖果以隶黔六州之地乞降下公。天子褒异。一以委公。公命志烈复往。伯靖遂以其下舒秀和等来就戮。诏公皆署麾下将以抚之。由是六州平。而伯靖亦卒为我用。荆俗不理室居。架竹苫茅。卑庳褊逼。风旱麾戛。熇然自火。公乃陶瓦积材。半入其直。勉劝假借。俾自为之。数月之间。廛闬如化。灾害减少。人始歌之。及朝廷有淮蔡之师。乃命公为襄阳节度以招抚之。既至。再旬而王师济汉。器备车徒。皆若素具。俸秩廪禄。一以资军。公之大槩。推诚厚下。善用人之所长。故诛琳破辟。柔伯靖秀和。皆谈笑指麾。而人人自输其效。理身理家。和易孝敬。亲丧不自支。事兄嫂有过人者。前后四显亲。而先府君位尚书。先夫人封虢国。朋友姻戚。泳游于德宇者如归焉。自始建牙选将。开幕壁。于今才二十年矣。目击为将相者。逮不肖凡九人焉。其馀从公而同奉朝请者可知也。公之先自两汉至隋氏。郡守列侯驸马御史郡丞将军刺史著作郎。数百年冠冕不绝代。若公之出入更践。位与寿极。其上无如也。高祖协。贞观中文皇征辽。为海东运粮使洮州都督。自高祖至王考礼部府君。为政皆严明无畏避。初府君为松滋江陵令。恃豪赖军目气势者。比比皆杖杀。邑人相与刻石歌咏之。先是开元天宝间。安之尉京剧。挺之更右职。破坏豪黠如神明。至是挺之子武洎府君又著称。有唐言剸断者。先严氏焉。自公始用儒素谦廉见推于早岁。及为大官。益自劳谨。贵贵尊尊。而哀贱下于己者。虽走胥负卒。幼子童孙。终不得闻辱诟之言。而窥怠惰之容矣。用是享年七十七。仕五十年。一为尚书。三历仆射。六兼大夫。五任司空。再践司徒。三居保傅。阶崇金紫。爵极国公。荆并襄皆天下重地也。继为统帅者十有四年。前后奏名刺率百辟以慰庆吉凶者凡八载。然而褫免之诮。不闻于耳。忧悔之绪。不萌于心。非夫上取信于其君。下取信于其友。权近不疑于畏逼。戎旅赖我以安全。其孰能如此哉。诗所谓终温且惠。淑慎其身。于实敢信。备录闻诸有司。谨状上尚书考功。稹变赞无状。孤负明恩。天付郡符。官未称责。日夜忧畏。岂暇为文。无何。太保公诸子。以稹门吏之中。恩顾偏厚。具状官阀。且讣日时。愿布有司。以旌懿行。其间亲承讲贯。子孙不得而闻者。往往漏略。恐他人纂撰。益复脱遗。感念曩怀。遂书行实。其所行事。由荆而下。皆所经见。由荆而上。莫非传信。饰终定谥。期在至公。谨状。","周相录《元稹年谱新编》，上海古籍出版社版2004年版，第225页","严公具体身份不详。",,,"欧阳丹"
"唐","元稹","长庆二年","822",,,"44","","京畿道","同州","冯翊",,"陕西","渭南市","大荔县","109.948624","34.80179","同州刺史","是年，逆贼李岕被诛，有文记之。","","《贺汴州诛李岕表》","Article","贺汴州诛李㝏表
臣某言。伏见逆贼李㝏。已就诛夷。韩充入汴州讫。一方既定。率土无虞。凡在臣僚。实增欣抃。臣某中贺。伏以汴州抱吴楚之津梁。据咽喉之要地。将骄卒悍。易动难安。急攻则越逸是忧。缓取则迁延易变。自非陛下尽排群议。独断宸衷。外委将臣。内敷睿算。风行号令。天助机谋。则何以斩此鲸鲵。破兹枭獍。臣摧凶志切。受国恩深。仰荷威灵。倍万常品。限以符守。不获称庆阙庭。无任踊跃屏营之至。","周相录《元稹年谱新编》，上海古籍出版社版2004年版，第225页",,,,"欧阳丹"
"唐","元稹","长庆二年","822",,,"44","","京畿道","同州","冯翊",,"陕西","渭南市","大荔县","109.948624","34.80179","同州刺史","是年，唐穆宗卧病在床，之后身体康复朝见百官，有文贺之。","唐穆宗","《贺圣体平复御紫宸殿受朝贺状》","Article","贺圣体平复御紫宸殿受朝贺表
臣某言。今日得上都进奏官报称。昨日陛下御紫宸殿。受群臣朝贺。伏审圣躬万福。亲见百寮。率土皆欢。溥天同庆。臣某臣闻两曜有晦明。所以成其不巳。四渎有盈缩。所以成其不竭。不有燎火。无以辨玉质。不有霜霰。无以见松心。是以轩辕神倦。然后梦华胥之游。秦穆疾寐。然后享钧天之乐。尧以癯瘠而为圣。禹以胼胝而称功。斯皆因疾成妍。以劳逢福。非臣臆度。敢进瞽言。昨者圣体不安。才经旬日。穆卜言吉。勿药有瘳。此所以表北极之长尊。配南山而永固者也。况日临黄道。万物皆荣。帝御紫宸。千官毕贺。臣以守符外郡。不获称庆明庭。空怀鼓舞之心。有阻赓歌之末。无任跳跃欢欣瞻望徘徊之至。谨差知衙官刘宗奉表陈贺以闻。","周相录《元稹年谱新编》，上海古籍出版社版2004年版，第225页",,,,"欧阳丹"
"唐","元稹","长庆二年","822",,,"44","","京畿道","同州","冯翊",,"陕西","渭南市","大荔县","109.948624","34.80179","同州刺史","是年，有祭祀曾祖文。","","《告祀曾祖文》","Article","告祀曾祖文
孝曾孙稹。谨以清酌庶馐之奠。敢昭告于曾祖岐州参军府君。礼称礿禘烝尝。一岁用是。四者而已。唐制位五品皆庙祀。庙祀亦以求吉日。其馀未庙祀者。各奉家传。疏数每异。昔我先府君深惟孝思。终已不怠。每岁换正。至涉佳辰。睹儿孙宾游相会聚。未尝无悲。是用日至暨正旦。仲夏之五日。季秋之初九。莫不修奉祠祀。以达事生之意焉。逮小子稹。冒华腼荣。当立庙以事先人于京师。会值谴出。未果修构。宗子积。牧民于金。复不克以上牲陪祀。每衣裘葛。酸伤五情。今谨依约庙则。每岁以一至二分暨正旦。与宗积彼此奉祀于治所。始用变礼。不敢不告。伏惟尚飨。","周相录《元稹年谱新编》，上海古籍出版社版2004年版，第225页",,,,"欧阳丹"
"唐","元稹","长庆二年","822",,,"44","","京畿道","同州","冯翊",,"陕西","渭南市","大荔县","109.948624","34.80179","同州刺史","是年，有祭祀黄祖祖妣文。","","《告赠黄祖祖妣文》","Article","告赠皇祖祖妣文
孝孙稹。敢昭告于皇祖陈州南顿县丞赠尚书兵部员外郎府君祖妣赠晋昌县太君唐氏。惟元统运。尝宅区夏。选建贤善。俾公彭城。公实能德。延于后嗣。降及兵部。为隋巨人。抑扬直声。扶卫衰俗。户部绩绍。传于魏州。蕴郁懿粹。族用繁昌。始兵部赐第于靖安里。下及天宝。五世其居。冕弁骈比。罗列省寺。一日秉朝烛者。凡十四五。叔仲伯季。姊妹诸姑。洎友婿弥孙。岁时与会聚者。百有馀人。冠冕之盛。重于一时。燕寇突来。人士骇散。荫籍朘削。龟绳用稀。我曾我祖。仍世不偶。先尚书盛德大业。屈于郎署。小子稹蒙幸馀福。据有方州。今皇帝嗣位之初。泽被幽显。尚书府君洎荥阳郡太夫人。当进封赠。小子稹伏念先尚书尝以比部郎乞换追命。朝列不许。大孝莫申。是用追述先志。乞回恩于祖父祖妣。是岁八月十八日诏。以兵部员外郎晋昌县太君来告第。摧慕感咽。五情伤殒。谨以仲冬日至。修奉常荐。焚献制书。昭告神几。伏惟尚飨。","周相录《元稹年谱新编》，上海古籍出版社版2004年版，第225页",,,,"欧阳丹"
"唐","元稹","长庆二年","822",,,"44","","京畿道","同州","冯翊",,"陕西","渭南市","大荔县","109.948624","34.80179","同州刺史","是年，作《论党项疏》，但已亡佚。","","《论党项疏》（已亡佚）","Article","","周相录《元稹年谱新编》，上海古籍出版社版2004年版，第225页",,,,"欧阳丹"
"唐","元稹","长庆三年","823",,,"45","","京畿道","同州","冯翊",,"陕西","渭南市","大荔县","109.948624","34.80179","同州刺史","春，杨巨源路过同州，与元稹相会，有诗。时杨为国子司业。","杨巨源","《酬杨司业十二兄早秋述情见寄》","Poem","酬杨司业十二兄早秋述情见寄
白发故人少，相逢意弥远。往事共销沈，前期各衰晚。昨来遇弥苦，已复云离巘。秋草古胶庠，寒沙废宫苑。知心岂忘鲍，咏怀难和阮。壮志日萧条，那能竞朝幰。","周相录《元稹年谱新编》，上海古籍出版社版2004年版，第226页",,,,"欧阳丹"
"唐","元稹","长庆三年","823","3",,"45","","京畿道","同州","冯翊",,"陕西","渭南市","大荔县","109.948624","34.80179","同州刺史","祈雨九龙神，有文。","","《祈雨九龙神文》","Article","祈雨九龙神文
稹始以长庆二年夏六月相天子无状。降居于同。愁惭焦劳。求念人隐。思有以报陛下莫大之恩。涉岁于兹。理用不效。冬不时雪。春不时雨。越二月。宿麦不滋。耒耜不利。大惧兹岁。患成于人。以羞陛下之奖寄。刻责罪悔。罔识攸咎。大凡天降疵厉。必因于人。岂予心之虚削孤独。依倚气势耶。将予刑之僭滥失所。冤哀无告耶。或予政之抑塞和令。开泄闭藏耶。举动云为。罔不在我。神怒天谴。降灾于我身。我不敢让。今夫蠢蠢何罪。物物何知。使不肖者长理。而灾害随至。无乃天之降罚。不得其所耶。痛毒恻怛。无所赴露。惟龙司水于同。同人神之。谨斋戒沐浴。叩首挥泪。愿以小子稹为千万请命于龙。龙其鉴之。克三日。雨我田畴。其有以报。不然。灾于子身。亦足以谢。伏惟尚飨。","周相录《元稹年谱新编》，上海古籍出版社版2004年版，第226页",,,,"欧阳丹"
"唐","元稹","长庆三年","823","3",,"45","","京畿道","同州","冯翊",,"陕西","渭南市","大荔县","109.948624","34.80179","同州刺史","雨下，报雨九龙神，有文。","","《报雨九龙神文》","Article","报雨九龙神文
同州刺史元稹。谨以清酌庶馐之奠。敬祭于九龙之神。是月己巳。刺史稹以二从事蒙受尘露。百里诣龙。为七邑民赴诉不雨。予固惭恻。言讫涕下。亲为龙言。龙意享若。是夕而应。庚午而降。辛未而洽。癸酉而饫。甲戌而霁。乙亥而报。报典不渝。龙祐宜永。讫是嘉谷。勿旱勿霪。岁其有成。无忘龙德。尚飨。","周相录《元稹年谱新编》，上海古籍出版社版2004年版，第226页",,,,"欧阳丹"
"唐","元稹","长庆三年","823","5",,"45","","京畿道","同州","冯翊",,"陕西","渭南市","大荔县","109.948624","34.80179","同州刺史","友人刘颇卒，元稹为其作墓志铭。","刘颇","《唐故使持节万州诸军事万州刺史赐绯鱼袋刘君墓志铭》","Article","唐故使持节万州诸军事万州刺史赐绯鱼袋刘君墓志铭
岁长庆之癸卯五月日乙亥。处士禄汾以予友保极丧讣于予。且告保极遗意。欲予志卒葬。子哭泣受妻子宾友吊。又哭泣退叙事。保极讳颇。姓刘氏。汉燕王子孙之在其国者。皆称昌平人。后世有清夷军使拯。为清夷军使时。会侯希逸叛。辽海侧近军郡守将皆弃走。拯独不弃军。军乱。害及拯。朝廷忠之。以平州刺史告其第。平州生表里。表里官至深州长史。亦用忠战死于军。长史生子骞。子骞官至银青光禄大夫唐州刺史。与周增等谋溃李希烈。觉皆杀之。君实唐州之长子。希烈不忍其幼。养之麾下。凡攻战必携去。年十四五。始读书。希烈死。得脱。举进士。文咏词调。有古时人气候。不肯学蹙蹙近一题者。试一不中。遂不复试。复田于唐。唐刺史愿得君为婿。君不愿为刺史婿。刺史怒。暴租其田。君乃大集里中诸老曰。刺史谓田足以累我耶。由是火其居。出契书投火中。尽诸老田。弃去汝上。读书赋诗。厚自期待。刺史陆长源器异之。三十馀试授秘书省校书郎。复以协律郎从事于鄜。元和初。高崇文方下蜀。宰相杜黄裳以君为大理评事画于君。后为寿安主簿。适乌重允以怀汝之师来伐蔡。请君为监察御史判怀汝营田事。寻改节度判官。赐章服。是时贼始盛。陈许怀汝之众。怯怯未振举。都统韩宏在大梁。君乃请于乌曰。青陵故城地高。要得之。可以据贼矣。公能使我于韩。可以得。乌使之。韩一见奇之。竟夕与语。遂命陈许怀汝大梁之众据青陵。尅日遂据之。自是官军乃大振。凡乌之战阵谋取案牍书奏之事。皆咨之。常为乌启事京师。宪宗皇帝语及阵法。曰。卿何以知战。对曰。臣固淮西之战者也。读书馀事耳。遭太夫人丧。服阕。以从来所赋诗投宰相令狐楚。楚屡吟赏于有文章者。宰相段文昌在蜀时。爱君之磊落。善呼吸人。遂相奏天子。以君为殿中侍御史银州长史知刺史事。先时银之长不命于朝数十年矣。诸将摄理。夺其马牛。夷人苦。益复叛远。君始受命。指赢输之白四足者谓予曰。君为我识之。此马苟无死。不复易矣。至所治。党项诸羌来会聚。君告以忠信廉俭。皆出涕。无敢违告者。岁馀受代。酋长拓拔建宗等七百馀众遮拥不欲去。君驰去之。建宗等稍稍随至境。果以赢输之白四足者归京师。自外无馀畜。及君之没。诸羌之长不绝聘。寻授河西令。侍中宏方在蒲。得君喜甚。因请自贰。朝廷以水部员外郎兼侍御史充河中节度副使。又岁馀。君所善元稹为宰相。朝谓君曰。君将展矣。亟荐之。稹竟不能用。寻除万州刺史。病于汝竟。以长庆三年某月日卒所寓。年若干。以某月日葬某所。君五男二女。李氏妇洎处子。皆女也。统明既明越明坎明聪明。皆男也。处士禄汾。始终视其丧。始君善交人。凡气志豪健尚功名者多师之。投分誓且死。为收长用慈俭。闾里皆爱惜。少为陆尚书长源李尚书元素郑司徒馀庆杜司空黄裳所知。群公更处重位。君亦不能遂所欲。乌之知且委也。事以丧废。韩之器且荐也。卒不获用。命也已。予为监察御史时。始与君更相许与为将相。予果为相。而不能毫发加于君。非命也。予罪也。抑不能专善善恶恶之柄耶。不然。何二世死忠之家。既生如是之杰。而卒不能成就之。呜呼。铭曰。气成郁噎。必为风云。有志不泄。死当能神。神固不昧。故吾有云。天子思我。朋嫉我恩。虽我悴戚。心我不泯。誓致尧舜。封山侍巡。恸告君墓。报君知人。","周相录《元稹年谱新编》，上海古籍出版社版2004年版，第226页",,,,"欧阳丹"
"唐","元稹","长庆三年","823",,,"45","","京畿道","同州","冯翊","杏园","陕西","渭南市","大荔县","109.948624","34.80179","同州刺史","春，游同州杏园，有诗。","","《杏花》","Poem","杏花
常年出入右银台，每怪春光例早回。惭愧杏园行在景，同州园里也先开。","周相录《元稹年谱新编》，上海古籍出版社版2004年版，第232页",,,,"欧阳丹"
"唐","元稹","长庆三年","823",,,"45","","京畿道","同州","冯翊",,"陕西","渭南市","大荔县","109.948624","34.80179","同州刺史","春，元稹寄诗与白居易。","白居易","《寄乐天二首》","","寄乐天二首 其一
荣辱升沈影与身，世情谁是旧雷陈。唯应鲍叔犹怜我，自保曾参不杀人。山入白楼沙苑暮，潮生沧海野塘春。老逢佳景唯惆怅，两地各伤何限神。
寄乐天二首 其二
论才赋命不相干，凤有文章雉有冠。羸骨欲销犹被刻，疮痕未没又遭弹。剑头已折藏须盖，丁字虽刚屈莫难。休学州前罗刹石，一生身敌海波澜。","周相录《元稹年谱新编》，上海古籍出版社版2004年版，第232页",,,,"欧阳丹"
"唐","元稹","长庆三年","823",,,"45","","京畿道","同州","冯翊",,"陕西","渭南市","大荔县","109.948624","34.80179","同州刺史","春或夏，均定同州稅籍，有文。","","《同州奏均田状》","Article","同州奏均田状
当州自于七县田地数内。均配两税元额顷亩。便请分给诸色职田州使田官田与百姓。其草栗脚钱等。便请于万户上均率。又均摊左神策合阳镇军田粟。及特放百姓税麻。及除去斛斗钱草零数等利宜。分析如后。其一当州两税地右件地。并是贞元四年检责。至今已是三十六年。其间人户逃移。田地荒废。又近河诸县。每年河路吞侵。沙苑侧近。日有沙砾填掩。百姓税额已定。皆是虚额徵率。其间亦有豪富兼并。广占阡陌。十分田地。才税二三。致使穷独逋亡。赋税不办。州县转破。实在于斯。臣自到州。便欲遣官检量。又虑疲人烦扰。昨因农务稍暇。臣遂设法各令百姓自通手实状。又令里正书手等傍为稳审。并不遣官吏擅到村乡。百姓等皆知臣欲一例均平所通田地。略无欺隐。臣便据所通。悉与除去逃户荒地及河侵沙掩等地。其馀见定顷亩。然取两税元额地数。通计七县沃瘠。一例作分抽税。自此贫富彊弱。一切均平。徵敛赋租。庶无逋欠。三二年外。此州实冀稍校完全。其二当州京官及州县官职田公廨田并州使官田驿田等右。臣当州百姓田地。每亩只税粟九升五合。草四分。地头榷酒钱共出二十一文已下。其诸色职田。每亩约税粟三斗。草三束。脚钱一百二十文。若是京官上司职田。又须百姓变米雇车般送。比量正税。近于四倍加徵。既缘差税至重。州县遂逐年抑配百姓租佃。或有隔越乡村被配一亩二亩之者。或有身居市井。亦令虚额出税之者。其公廨田官田驿田等。所税轻重。约与职田相似。亦是抑配百姓租佃。疲人患苦。无过于斯。伏准长庆元年七月赦文。京兆府职田。令于万户上均配。与臣当州事宜相类。臣今因重配原额税地。便请尽将此色田地。一切给与百姓。任为永业。一依正税粟草及地头榷酒钱数纳税。其馀所欠职田斛斗钱草等。只于夏税地上每亩加一合。秋税地上每亩各加六合。草一分。其馀脚钱。只收地头榷酒钱上分釐充数便足。百姓元不加配。其上司职田合变米送城者。比缘百姓自出车牛。及零碎舂碾。动逾春夏。送纳不得到城。臣今便于当州近城县纳粟。官为变碾。取本色脚钱。州司和雇情愿车牛搬载。差纲送纳。计万户所加至少。使四倍之税永除。上司职禄及时。公私俱受其利。其三当州供左神策合阳镇军田粟二千石右。自置军镇日。伏准敕令。取百姓蒿荒田地一百顷。给充军田。并缘田地零碎。军司佃用不得。遂令县司每亩出粟二斗。其粟并是一县百姓税上加配。偏当重敛。事实不均。臣今已于七县应税地上。量事配率。自此亦冀均平。其四当州朝邑等三县代纳夏阳韩城两县率钱右。准元和十三年敕。绿夏阳韩城两县残破。量减逃户率税。每年摊配朝邑澄城合阳三县。代纳钱六百七十九贯九百二十一文。斛斗三千一百五十二硕一斗三升三合。草九千九束。零并不计。臣今因令百姓自通田地。落下两县蒿荒之外。并据见定顷亩一例徵率。自然两县已减元额税地。请更不令三县代纳差科。其五当州税麻右。当州从前税麻地七十五顷六十七亩四垄。每年计麻一万一千八百七十四两。充州司诸色公用。臣昨因均配地税。寻检三数十年两税文案。只见逐年配率麻地。并不言两税数内为复数外。既无条敕可凭。臣今一切放免不税。其六当州所徵斛斗草及地头等钱畸零分数右。从前所徵斛斗升合之外。又有抄勺圭撮。钱草即有分釐毫铢。案牍交加。不可勘算。人户输纳。元无畸零。蹙数所成。尽是奸吏欺没。臣今所徵斛斗并请成合。草并请成分。钱并请成文。在百姓纳数。元无所加。于官司簿书。永绝奸诈。其蹙数粟麦草等。便充填所欠职田等数。其钱当州每亩元税二十文三分六釐。人户元纳二十一文整数。臣今只收纳二十一文。内分釐零数。将充职田脚钱。二千六百馀贯便足。更不分外摊徵。回奸吏隐欺之赃。除百姓重敛之困。如此处置。庶有利宜。以前件谨具利宜如前。逐县两税元额顷亩。并摊配职田分数。及蹙成文分合等钱草斛斗数。谨具分析在前件状如前。伏以当州田地。咸卤瘠薄。兼带山原。通计十亩。不敌京畿一二。加以检责年深。贫富偏并。税额已定。徵率转难。臣昨所奏累年逋悬。其弊实由于此。臣今并已均融抽税。又免配佃职田。闾里之间。稍令苏息。伏缘请配职田地充百姓永业。事须奉敕处分。然冀永有遵凭。伏望圣慈允臣所奏。谨录奏闻。伏听敕旨。","周相录《元稹年谱新编》，上海古籍出版社版2004年版，第227页",,,,"欧阳丹"
"唐","元稹","长庆三年","823","7",,"45","","京畿道","同州","冯翊",,"陕西","渭南市","大荔县","109.948624","34.80179","同州刺史","自去年冬至今年秋，同州少雨雪，故作诗自责。","","《旱灾自咎贻七县宰》","Poem","旱灾自咎贻七县宰
吾闻上帝心，降命明且仁。臣稹苟有罪，胡不灾我身。胡为旱一州，祸此千万人。一旱犹可忍，其旱亦已频。腊雪不满地，膏雨不降春。恻恻诏书下，半减麦与缗。半租岂不薄，尚竭力与筋。竭力不敢惮，惭戴天子恩。累累妇拜姑，呐呐翁语孙。禾黍日夜长，足得盈我囷。还填折粟税，酬偿贳麦邻。苟无公私责，饮水不为贫。欢言未盈口，旱气已再振。六月天不雨，秋孟亦既旬。区区昧陋积，祷祝非不勤。日驰衰白颜，再拜泥甲鳞。归来重思忖，愿告诸邑君。以彼天道远，岂如人事亲。团团囹圄中，无乃冤不申。扰扰食廪内，无乃奸有因。轧轧输送车，无乃使不伦。遥遥负担卒，无乃役不均。今年无大麦，计与珠玉滨。村胥与里吏，无乃求取繁。符下敛钱急，值官因酒嗔。诛求与挞罚，无乃不逡巡。生小下里住，不曾州县门。诉词千万恨，无乃不得闻。强豪富酒肉，穷独无刍薪。俱由案牍吏，无乃移祸屯。官分市井户，迭配水陆珍。未蒙所偿直，无乃不敢言。有一于此事，安可尤苍旻。借使漏刑宪，得不虞鬼神。自顾顽滞牧，坐贻灾沴臻。上羞朝廷寄，下愧闾里民。岂无神明宰，为我同苦辛。共布慈惠语，慰此衢客尘。","周相录《元稹年谱新编》，上海古籍出版社版2004年版，第227页",,,,"欧阳丹"
"唐","元稹","长庆三年","823",,,"45","","京畿道","同州","冯翊",,"陕西","渭南市","大荔县","109.948624","34.80179","同州刺史","在同州，杨巨源曾寄诗与元稹，故有酬答诗，姑系于此。","杨巨源","《酬杨司业十二兄早秋述情见寄》","Poem","酬杨司业十二兄早秋述情见寄
白发故人少，相逢意弥远。往事共销沈，前期各衰晚。昨来遇弥苦，已复云离巘。秋草古胶庠，寒沙废宫苑。知心岂忘鲍，咏怀难和阮。壮志日萧条，那能竞朝幰。","周相录《元稹年谱新编》，上海古籍出版社版2004年版，第232页",,,,"欧阳丹"
"唐","元稹","长庆三年","823",,,"45","","京畿道","同州","冯翊",,"陕西","渭南市","大荔县","109.948624","34.80179","同州刺史","在同州，见乌鸦有感，作诗记之。","","《树上乌》","","树上乌
树上乌，洲中有树巢若铺。百巢一树知几乌，一乌不下三四雏。雏又生雏知几雏，老乌未死雏已乌。散向人间何处无，攫麑啄卵方可食。男女群强最多力，灵蛇万古唯一珠。岂可抨弹千万亿，吾不会天教尔辈多子孙，告诉天公天不言。","周相录《元稹年谱新编》，上海古籍出版社版2004年版，第232页",,,,"欧阳丹"
"唐","元稹","长庆三年","823",,,"45","","京畿道","同州","冯翊",,"陕西","渭南市","大荔县","109.948624","34.80179","同州刺史","长庆二年至三年间在同州作《送公度之福建》，姑系于此。","孙公度","《送公度之福建》","Poem","送公度之福建
棠阴犹在建溪矶，此去那论是与非。若见白头须尽敬，恐曾江岸识胡威。","周相录《元稹年谱新编》，上海古籍出版社版2004年版，第234页",,,,"欧阳丹"
"唐","元稹","长庆三年","823",,,"45","","京畿道","同州","冯翊",,"陕西","渭南市","大荔县","109.948624","34.80179","同州刺史","长庆二年至三年间在同州作《喜五兄自泗州至》》，姑系于此。","","《喜五兄自泗州至》","Poem","喜五兄自泗州至
眼中三十年来泪，一望南云一度垂。惭愧临淮李常侍，远教形影暂相随。","周相录《元稹年谱新编》，上海古籍出版社版2004年版，第235页","“五兄”似为元稹胞兄",,,"欧阳丹"
"唐","元稹","长庆三年","823","8",,"45","","京畿道","同州","冯翊",,"陕西","渭南市","大荔县","109.948624","34.80179","越州刺史兼御史大夫、浙东观察史","改越州刺史兼御史大夫、浙东观察史。妻裴淑不乐，作诗安慰之。在同州期间，有惠于民，离同州时，民不忍其去。","","《初除浙东妻有阻色因以四韵晓之》","Poem","初除浙东妻有阻色因以四韵晓之
嫁时五月归巴地，今日双旌上越州。兴庆首行千命妇，会稽旁带六诸侯。海楼翡翠闲相逐，镜水鸳鸯煖共游。我有主恩羞未报，君于此外更何求。","周相录《元稹年谱新编》，上海古籍出版社版2004年版，第228页",,,,"欧阳丹"
"唐","元稹","长庆三年","823",,,"45","","河南道","泗州","临淮",,"江苏","宿迁市","泗洪县","118.222657","33.465229","越州刺史兼御史大夫、浙东观察史","至泗州，得知管内明州每年贡淡菜、海蚶，民不堪命。","",,"","","周相录《元稹年谱新编》，上海古籍出版社版2004年版，第229页",,,,"欧阳丹"
"唐","元稹","长庆三年","823",,,"45","","江南东道","润州","丹徒",,"江苏","镇江市",,"119.431494","32.195688","越州刺史兼御史大夫、浙东观察史","途中得到李德裕赠诗，故经润州，与李德裕相会，有诗。","李德裕","《酬李浙西先因从事见寄之作》","Poem","酬李浙西先因从事见寄之作
近日金銮直，亲于汉珥貂。内人传帝命，丞相让吾僚。浙郡悬旌远，长安谕日遥。因君蕊珠赠，还一梦烟霄。","周相录《元稹年谱新编》，上海古籍出版社版2004年版，第229页",,,,"欧阳丹"
"唐","元稹","长庆三年","823",,,"45","","江南东道","苏州","吴县",,"江苏","苏州市",,"120.589613","31.304566","越州刺史兼御史大夫、浙东观察史","经苏州，晤李谅、李琼。","李谅，李琼",,"","","周相录《元稹年谱新编》，上海古籍出版社版2004年版，第229页",,,,"欧阳丹"
"唐","元稹","长庆三年","823","10",,"45","","江南东道","杭州","钱塘",,"浙江","杭州市",,"120.161693","30.280059","越州刺史兼御史大夫、浙东观察史","经杭州，晤白居易，三宿而别，有诗。","白居易","《重赠》","Poem","重赠
休遣玲珑唱我诗，我诗多是别君词。明朝又向江头别，月落潮平是去时。","周相录《元稹年谱新编》，上海古籍出版社版2004年版，第229页",,,,"欧阳丹"
"唐","元稹","长庆三年","823",,,"45","","江南东道","杭州","钱塘",,"浙江","杭州市",,"120.161693","30.280059","越州刺史兼御史大夫、浙东观察史","在杭州，次韵酬和白居易《元微之除浙东观察史喜得杭越邻州先赠长句》一诗。","白居易","《酬乐天喜邻郡》","Poem","酬乐天喜邻郡
蹇驴瘦马尘中伴，紫绶朱衣梦里身。符竹偶因成对岸，文章虚被配为邻。湖翻白浪常看雪，火照红妆不待春。老大那能更争竞，任君投募醉乡人。","周相录《元稹年谱新编》，上海古籍出版社版2004年版，第233页",,,,"欧阳丹"
"唐","元稹","长庆三年","823",,,"45","","江南东道","杭州","钱塘",,"浙江","杭州市",,"120.161693","30.280059","越州刺史兼御史大夫、浙东观察史","在杭州，酬和李谅诗，李谅原唱已亡佚。","李谅","《再酬复言和前篇》","Poem","再酬复言和前篇
经过二郡逢贤牧，聚集诸郎宴老身。清夜漫劳红烛会，白头非是翠娥邻。曾携酒伴无端宿，自入朝行便别春。潦倒微之从不占，未知公议道何人。","周相录《元稹年谱新编》，上海古籍出版社版2004年版，第233页",,,,"欧阳丹"
"唐","元稹","长庆三年","823",,,"45","","江南东道","杭州","钱塘",,"浙江","杭州市",,"120.161693","30.280059","越州刺史兼御史大夫、浙东观察史","在杭州，酬和白居易《席上答微之》一诗。","白居易","《赠乐天》","Poem","","周相录《元稹年谱新编》，上海古籍出版社版2004年版，第233页",,,,"欧阳丹"
"唐","元稹","长庆三年","823",,,"45","","江南东道","杭州","钱塘","钱塘江","浙江","杭州市",,"120.161693","30.280059","越州刺史兼御史大夫、浙东观察史","渡钱塘江。","",,"","","周相录《元稹年谱新编》，上海古籍出版社版2004年版，第230页",,,,"欧阳丹"
"唐","元稹","长庆三年","823",,,"45","","江南东道","越州","永兴","西陵驿","浙江","绍兴市",,"120.586673","30.036519","越州刺史兼御史大夫、浙东观察史","至西陵驿，登高晚眺，感慨万分，故有诗。","","《别后西陵晚眺》","Poem","别后西陵晚眺
晚日未抛诗笔砚，夕阳空望郡楼台。与君后会知何日，不似潮头暮却回。","周相录《元稹年谱新编》，上海古籍出版社版2004年版，第230页",,,,"欧阳丹"
"唐","元稹","长庆三年","823",,,"45","","江南东道","越州","永兴","西陵驿","浙江","绍兴市",,"120.586673","30.036519","越州刺史兼御史大夫、浙东观察史","至西陵驿，登高晚眺，感慨万分，故有诗。","","《上西陵留别》","Poem","上西陵留别
□忧去国三千里，遥指江南一道云。","周相录《元稹年谱新编》，上海古籍出版社版2004年版，第234页",,,,"欧阳丹"
"唐","元稹","长庆三年","823",,,"45","","江南东道","越州","会稽",,"浙江","绍兴市",,"120.586673","30.036519","越州刺史兼御史大夫、浙东观察史","至越州，下车伊始，奏罢明州岁贡海味一事。","","《论浙东罢进海味状》","Article","浙东论罢进海味状 其一 钱货议状
奉进止。当今百姓之困。众情所知。减税则国用不充。欲依旧则人困转甚。皆由货轻钱重。徵税暗加。宜令百寮各陈意见。以革其弊。右。闰正月十七日。宰相奉宣进止如前者。臣以为当今百姓之困。其弊数十。不独在于钱货徵税之谓也。既圣问言之。又以为黎庶之重困。不在于赋税之闇加。患在于剥夺之不已。钱货之轻重。不在于议论之不当。患在于法令之不行。今天下赋税一法也。厚薄一概也。然而廉能莅之则生息。贪愚莅之则败伤。盖得人则理之明验也。岂徵税暗加之谓乎。自岭已南。以金银为货币。自巴已外。以盐帛为交易。黔巫溪峡。大抵用水银朱砂缯帛巾帽以相市。然而前人以之理。后人以之扰。东郡以之耗。西郡以之赢。又得人则理之明验也。岂钱重货轻之谓乎。自国家置两税以来。天下之财。限为三品。一曰上供。二曰留使。三曰留州。皆量出以为入。定额以给资。然而节将有进献以市国恩者。有赂遗以买私名者。有藏镪滞帛以贻子孙者。有高楼广榭以炽第宅者。彼之俸入有常也。公私有分也。此何从而得之。又国家置度支转运以来。一则管盐以易货。一则受财以轻费。近制有年进月进之名。有正至三节之献。彼之管盐有常也。受财有数也。此又何从而得之。且百姓国家之百姓也。货财国家之货财也。不足则取之。有馀则舍之。在我而已。又何必授之重柄。假之利权。徇彼之徼恩。成我之怨府哉。今陛下初临亿兆。首问群寮。诚能禁藩镇大臣不时之献。罢度支转运别进之名。绝赂遗之私。节侈靡之俗。峻风宪之举。深赃罪之刑。精覈考课之条。慎选字人之长。若此则不减税而人安。不改法而人理矣。至于古今言钱币之轻重者熟矣。或更大钱。或放私铸。或龟或贝。或皮或刀。或禁埋藏。或禁销燬。或禁器用。或禁滞积。皆可以救一时之弊也。然而或损或益者。盖法有行不行之谓也。臣不敢远徵古證。窃见元和以来。初有公私器用禁铜之令。次有交易钱帛兼行之法。近有积钱不得过数之限。每更守尹。则必有用钱不得加除之榜。然而铜器备列于公私。钱帛不兼于卖鬻。积钱不出于墙垣。欺滥遍行于市井。亦未闻鞭一夫。黜一吏。赏一告讦。坏一蓄藏岂法不便于时耶。盖行之不至也。陛下诚能采古今救弊之方。施赏罚必行之令。则圣祖仁宗之法制何限。前贤后智之议论何穷。岂待愚臣盗窃古人之见。自称革弊之术哉。谨录奏闻。伏听敕旨。","周相录《元稹年谱新编》，上海古籍出版社版2004年版，第230页",,,,"欧阳丹"
"唐","元稹","长庆三年","823",,,"45","","江南东道","越州","会稽",,"浙江","绍兴市",,"120.586673","30.036519","越州刺史兼御史大夫、浙东观察史","张籍寄新诗与白居易，白转寄与元稹，元有酬答诗。","白居易","《酬乐天吟张员外诗见寄因思上京每与乐天于居敬兄升平里咏张新诗》","Poem","酬乐天吟张员外诗见寄因思上京每与乐天于居敬兄升平里咏张新诗
乐天书内重封到，居敬堂前共读时。四友一为泉路客，三人两咏浙江诗。别无远近皆难见，老减心情自各知。杯酒与他年少隔，不相酬赠欲何之。","周相录《元稹年谱新编》，上海古籍出版社版2004年版，第231页",,,,"欧阳丹"
"唐","元稹","长庆三年","823",,,"45","","江南东道","越州","会稽",,"浙江","绍兴市",,"120.586673","30.036519","越州刺史兼御史大夫、浙东观察史","岁末，编辑自己的文集，作《叙奏》。","","《叙奏》","Article","","周相录《元稹年谱新编》，上海古籍出版社版2004年版，第231页","杨军《元稹集编年笺注》中系为长庆四年（824）所作。",,,"欧阳丹"
"唐","元稹","长庆三年","823",,,"45","","江南东道","越州","会稽",,"浙江","绍兴市",,"120.586673","30.036519","越州刺史兼御史大夫、浙东观察史","岁末，编辑自己的文集，有诗寄白居易，与白居易寄和诗已数百首。","白居易","《郡务稍简因得整比旧诗并连缀焚削封章繁委箧笥仅逾百轴偶成自叹因寄乐天》","Poem","郡务稍简因得整比旧诗并连缀焚削封章委箧仅逾百轴偶成自叹因寄乐天
近来章奏小年诗，一种成空尽可悲。书得眼昏朱似碧，用来心破发如丝。催身易老缘多事，报主深恩在几时。天遣两家无嗣子，欲将文集与它谁。","周相录《元稹年谱新编》，上海古籍出版社版2004年版，第232页",,,,"欧阳丹"
"唐","元稹","长庆三年","823",,,"45","","江南东道","越州","会稽",,"浙江","绍兴市",,"120.586673","30.036519","越州刺史兼御史大夫、浙东观察史","在越州，曾寄诗与白居易，白和诗为《答微之夸越州州宅》。","白居易","《以州宅夸于乐天》","Poem","以州宅夸于乐天
州城迥绕拂云堆，镜水稽山满眼来。四面常时对屏障，一家终日在楼台。星河似向檐前落，鼓角惊从地底回。我是玉皇香案吏，谪居犹得住蓬莱。","周相录《元稹年谱新编》，上海古籍出版社版2004年版，第233页",,,,"欧阳丹"
"唐","元稹","长庆三年","823",,,"45","","江南东道","越州","会稽",,"浙江","绍兴市",,"120.586673","30.036519","越州刺史兼御史大夫、浙东观察史","在越州，元稹次韵白居易《答微之夸越州州宅》一诗。","白居易","《重夸州宅旦幕景色兼酬前篇末句》","Poem","重夸州宅旦暮景色兼酬前篇末句
仙都难画亦难书，暂合登临不合居。绕郭烟岚新雨后，满山楼阁上灯初。人声晓动千门辟，湖色宵涵万象虚。为问西州罗刹岸，涛头冲突近何如。","周相录《元稹年谱新编》，上海古籍出版社版2004年版，第233页",,,,"欧阳丹"
"唐","元稹","长庆三年","823",,,"45","","江南东道","越州","会稽",,"浙江","绍兴市",,"120.586673","30.036519","越州刺史兼御史大夫、浙东观察史","在越州，元稹次韵白居易《答微之夸越州州宅》一诗。","白居易","《再酬复言和夸州宅》","Poem","再酬复言和誇州宅
会稽天下本无俦，任取苏杭作辈流。断发仪刑千古学，奔涛翻动万人忧。石缘类鬼名罗刹，寺为因坟号虎丘。莫著诗章远牵引，由来北郡似南州。","周相录《元稹年谱新编》，上海古籍出版社版2004年版，第233页",,,,"欧阳丹"
"唐","元稹","长庆三年","823",,,"45","","江南东道","越州","会稽",,"浙江","绍兴市",,"120.586673","30.036519","越州刺史兼御史大夫、浙东观察史","在越州，元稹寄诗与白居易，白和诗为《答微之咏怀见寄》。","白居易","《寄乐天》","Poem","","周相录《元稹年谱新编》，上海古籍出版社版2004年版，第233页",,,,"欧阳丹"
"唐","元稹","长庆三年","823",,,"45","","江南东道","越州","会稽",,"浙江","绍兴市",,"120.586673","30.036519","越州刺史兼御史大夫、浙东观察史","在越州，元稹寄诗与白居易，白和诗为《酬微之夸镜湖》。","白居易","《戏赠乐天复言》","Poem","戏赠乐天复言
乐事难逢岁易徂，白头光景莫令孤。弄涛船更曾观否，望市楼还有会无。眼力少将寻案牍，心情且强掷枭卢。孙园虎寺随宜看，不必遥遥羡镜湖。","周相录《元稹年谱新编》，上海古籍出版社版2004年版，第233页",,,,"欧阳丹"
"唐","元稹","长庆三年","823",,,"45","","江南东道","越州","会稽",,"浙江","绍兴市",,"120.586673","30.036519","越州刺史兼御史大夫、浙东观察史","在越州，次韵酬和白居易《酬微之夸镜湖》一诗。","白居易","《重酬乐天》","Poem","重酬乐天
红尘扰扰日西徂，我兴云心两共孤。暂出已遭千骑拥，故交求见一人无。百篇书判从饶白，八米诗章未伏卢。最笑近来黄叔度，自投名刺占陂湖。","周相录《元稹年谱新编》，上海古籍出版社版2004年版，第234页",,,,"欧阳丹"
"唐","元稹","长庆三年","823",,,"45","","江南东道","越州","会稽",,"浙江","绍兴市",,"120.586673","30.036519","越州刺史兼御史大夫、浙东观察史","在越州，与李谅唱和，李谅原作亡佚。","李谅","《再酬复言》","Poem","再酬复言
绕郭笙歌夜景徂，稽山迥带月轮孤。休文欲咏心应破，道子虽来画得无。顾我小才同培塿，知君险斗敌都卢。不然岂有姑苏郡，拟著陂塘比镜湖。","周相录《元稹年谱新编》，上海古籍出版社版2004年版，第234页",,,,"欧阳丹"
"唐","元稹","长庆三年","823",,,"45","","江南东道","越州","会稽",,"浙江","绍兴市",,"120.586673","30.036519","越州刺史兼御史大夫、浙东观察史","在越州，次韵酬唱白居易《余思未尽加为六韵重寄微之》一诗。","白居易","《酬乐天余思不尽加为六韵之作》","Poem","酬乐天馀思不尽加为六韵之作
律吕同声我尔身，文章君是一伶伦。众推贾谊为才子，帝喜相如作侍臣。次韵千言曾报荅，直词三道共经纶。元诗駮杂真难辨，白朴流传用转新。蔡女图书虽在口，于公门户岂生尘。商瞿未老犹希冀，莫把籯金便付人。","周相录《元稹年谱新编》，上海古籍出版社版2004年版，第234页",,,,"欧阳丹"
"唐","元稹","长庆三年","823",,,"45","","江南东道","越州","会稽",,"浙江","绍兴市",,"120.586673","30.036519","越州刺史兼御史大夫、浙东观察史","在越州，次韵酬和白居易《雪中即事答微之》一诗。","白居易","《酬乐天雪中见寄》","Poem","酬乐天雪中见寄
知君夜听风萧索，晓望林亭雪半糊。撼落不教封柳眼，埽来偏尽附梅株。敲扶密竹枝犹亚，煦暖寒禽气渐苏。坐觉湖声迷远浪，回惊云路在长途。钱塘湖上蘋先合，梳洗楼前粉暗铺。石立玉童披鹤氅，台施瑶席换龙须。满空飞舞应为瑞，寡和高歌只自娱。莫遣拥帘伤思妇，且将盈尺慰农夫。称觞彼此情何异，对景东西事有殊。镜水绕山山尽白，琉璃云母世间无。","周相录《元稹年谱新编》，上海古籍出版社版2004年版，第234页",,,,"欧阳丹"
"唐","元稹","长庆三年","823",,,"45","",,,,,,,,"0","0",,"是年，崔倰去世，有墓志铭。","崔倰","《有唐赠太子少保崔公墓志铭》","Article","有唐赠太子少保崔公墓志铭
公讳倰。字德长。以孝公为从祖父。则其官族可知也。沔弟涛。官至大理少卿。涛生仪甫。官至大理丞。赠刑部侍郎。公即刑部之第某子。母曰范阳卢氏。赠本部太君。公再娶。前夫人荥阳郑之尚女。后夫人范阳卢国倚女。封范阳郡君。七女三男。三女既嫁。郑出也。两男三女出于卢。逞千牛。乃明经。迅挽郎。公以长庆三年二月四日薨于洛阳时邕里。寿至七十一年。官至户部尚书。赠太子少保。阶至正议大夫。勋至上柱国。爵至安平县开国男。紫服金鱼之赐其尚矣。葬以其年十一月之某日于某地。公始以太庙郎再任为东阳主簿。刺史李衡。一见自得。衡迁湖南。宾置之府。罢授宣州录事参军。观察使崔衍状为南陵。会南陵赋钱三万。税输之户。天地相远。不可等度。由是岁累逋负。人被鞭迫。而又屠牛铸钱。贼杀吏卒。莫敢禁止者。公始至。怗怗然无约束。适有屠牛铸钱之徒败觉者。尽窟穴诛之。群盗皆散走。一旦命负担者三四人。悉以米盐醯酱之具寘于担。从十数辈。直抵里中佛舍下。因召集老艾十馀人与之坐。遍谓里中赋输之粗等者。吾不复问。贫富高下之大不相当。亟言之。不言。罪且死。不实。罪亦死。既言之。皆笔于书。然后取所负米盐醯酱。饱所从而去。又一里亦如之。不数十日。尽得诸里所传书。因为户输之籍。有自十万钱而降于千百者。有自千百钱而登于十万者。卒事悬于门。莫敢隐匿者。是岁前逋负尽入焉。宣使骇异之。当去复留者凡七载。歙州阙刺史。府中宾皆愿去。宣帅衍不遣去。以公摄理之。用能也。累迁京兆府司录。拜侍御史。转膳部员外郎。转运判官。会朝廷始置两税使。俾之听郡县。授公检校膳部郎中。襄州湖鄂之税皆涖焉。且主转运留务于江陵。公乃取一大吏。劾其赃。其馀眇小不法者牒按之。所涖皆震竦。岁馀计奏。宪宗皇帝深嘉之。面命金紫。加检校职方郎中。移治留务于扬子。仍兼淮浙宣建等两税使。寻拜苏州刺史。迁湖南都团练观察处置使兼御史中丞潭州刺史。破坏豪黠。除去冗费。岁中。廪藏皆羡溢。宪宗驿召至京城。擢拜户部侍郎判度支。不累月。会上新即位。顿掌内外。修奉景陵。一日下诏移五镇。幽州镇州赐钱皆亿万。郊天地。上徽名。太和公主嫁可汗。吐蕃请降使。使者往返凡数辈。幽州囚将帅。镇州杀将帅。食饟半天下兵。自七月至十二月。一出于有司。则其供办之能可知也。陛下特加工部尚书以偿之。会凤翔阙节度。宰相奏名皆不可。上曰。得之矣。明日出白麻书。以公为检校礼部尚书兼凤翔府尹御史大夫充凤翔陇州节度观察处置使。先是岐吴诸山多椽栎柱栋之材。薪炭粟刍之数。京师藉赖焉。负气势者名为相市。实出于官。公则求者无所与。由是负气势者相与皆怨恨。又无可为毁。乃扬言曰。以崔之峭削廉隘。好是非人。士众不愿久为帅。陛下一旦问宰相。予虽心知其不然。然亦惑于众口。卒不能坚辨上意。赖上仁圣不受谗。乃以公为检校礼部尚书河南尹。是后岐下诸将。比比有来者。予谓曰。公于里闾间。吾不复问矣。军怨乎。吏怨乎。何为谤。皆曰举其一二可知也。凡军之怨。怨不均也。先是岐之军。食于府者同一斛。食于省者盈一一焉。公乃岁以六十四万斛就其盈。由是言之。怨乎哉。吏之怨。怨不厚也。先是郑少师得请于上。吏之俸有加焉。然而后郑者辄以所加之俸管于库。其府吏以下未尝获一钱。公乃悉出所馀。命纠掾以下均取之。仍著令曰。自是加俸贮于尅府。赏信易取也。人人皆便之。言讫叹愤。多出涕。理河南不旬月。家家自谓有崔尹。卒吏无敢过其门。识事者皆云。五十年无是尹都者。是岁七月抗疏云。臣七十当致仕。词意不可遏。朝廷嘉之。拜户部尚书以遂之。近世未有心胆既强。声势方稳。而能自引去者。明年春。暴疾薨于家。予与公更相知善有年矣。公之气性刚方。理家理身。廉俭峻直。颇有文章。考公之所尚。仁孝友爱。内外死丧婚嫁之不能自持者。莫不已任之。尝以户部侍郎为其兄乞换一五品致仕官。天子怜其意。特以太子谕德与其兄。至于亲戚僚友。间无所阙。由是议论不能饶借所无者。而所无者亦以是畏避之。为理尚严明。勤于举察。胥吏辈始皆难于公。然而终卒无大过。词色朗厉。若不可支梧。然而下于已者。能以理千之。无不即时换已见。此其所多也。铭曰。詟怯声佞。直持劲正根乎性。抑厄病横。耇寿景盛由乎命。我用其劲。齿与位并。铭于子孙。用我为镜。","周相录《元稹年谱新编》，上海古籍出版社版2004年版，第232页",,,,"欧阳丹"
"唐","元稹","长庆三年","823",,,"45","",,,,,,,,"0","0",,"是年，怀念亡友李景俭，作祭文。","","《祭亡友文》","Article","祭亡友文
呜呼。英英君子。汲汲仁义。寿则道亨。夭亦德炽。滔滔众人。没没名利。材不称官。老不识事。紫绶荣身。黄发垂穗。徒掷天年。窃耀名器。石顽慧明。亦有何贵。君虽促龄。实大其志。呼吸风云。摆落尘腻。泥浕珠玉。粪土名位。瞪目凡流。倾心俊异。誉如不闻。毁亦不忌。不求近效。直诣殊致。圈槛豺狼。笼御鹏骥。堑山堙海。吞河喷渭。岳立英髦。粉碎庸媚。德我者煌煌。虐我者惴惴。赫赫其门。扬扬其气。念昔日之尽言。此唯君之大意。夭不降年。志亦没地。我辈犹在。尚可希冀。故曰交本乎道。道通乎类。身没类存。道则不坠。信后图之未忘。奈目前之歔欷。昔江濆之送君。每重宵而叠醉。曾不易其津涯。忽莫陈于丧次。孀妇号呼。哀彻提稚。拜我者曩日之旧童。示我者绝时之遗字。埋万恨于深心。洒终天之别泪。呜呼哀哉。尚飨。","周相录《元稹年谱新编》，上海古籍出版社版2004年版，第232页",,,,"欧阳丹"
"唐","元稹","长庆四年","824",,,"46","","江南东道","越州","会稽",,"浙江","绍兴市",,"120.586673","30.036519","越州刺史兼御史大夫、浙东观察史","年初，编辑自己的文集时回忆其改革制诰的经历，有文记之，姑系于此。","","《制诰序》","Article","制诰自序
制诰本于书。书之诰命训誓。皆一时之约束也。自非训导职业。则必指言美恶。以明诛赏之意焉。是以读说命则知辅相之不易。读允征则知废怠之可诛。秦汉以来。未之或改。近世以科试取士文章。司言者苟务刓饰。不根事实。升之者美溢于词。而不知所以美之之谓。黜之者罪溢于纸。而不知所以罪之之来。而又拘以属对。跼以圆方。类之于赋判者流。先王之约束。盖扫地矣。元和十五年。余始以祠部郎中知制诰。初约束不暇。及后累月。辄以古道干丞相。丞相信然之。又明年。召入禁林。专掌内命。上好文。一日。从容议及此。上曰。通事舍人不知书便其宜。宣赞之外无不可。自是司言之臣。皆得追用古道。不从中覆。然而余所宣行者。文不能自足其意。率皆浅近。无以变例。追而序之。盖所以表明天子之复古。而张后来者之趣尚耳。","杨军《元稹集编年笺注（散文卷）》，三秦出版社2008年版，第915页",,,,"欧阳丹"
"唐","元稹","长庆四年","824","1","1","46","","江南东道","越州","会稽",,"浙江","绍兴市",,"120.586673","30.036519","越州刺史兼御史大夫、浙东观察史","苏州刺史李谅寄诗元稹、白居易，元、白各以诗答之。","李谅","《酬复言长庆四年元日郡斋感怀见寄》","Poem","酬复言长庆四年元日郡斋感怀见寄
腊尽残销春又归，逢新别故欲沾衣。自惊身上添年纪，休系心中小是非。富贵祝来何所遂，聪明鞭得转无机。羞看稚子先拈酒，怅望平生旧采薇。去日渐加馀日少，贺人虽闹故人稀。椒花丽句闲重检，艾发衰容惜寸辉。苦思正旦酬白雪，闲观风色动青旂。千官仗下炉烟里，东海西头意独违。","周相录《元稹年谱新编》，上海古籍出版社版2004年版，第237页",,,,"欧阳丹"
"唐","元稹","长庆四年","824","1","1","46","","江南东道","越州","会稽",,"浙江","绍兴市",,"120.586673","30.036519","越州刺史兼御史大夫、浙东观察史","苏州刺史李谅寄诗元稹、白居易，元、白各以诗答之。","李谅","《寄浙西李大夫四首》","Poem","寄浙西李大夫四首 其一
柳眼梅心渐欲春，白头西望忆何人。金陵太守曾相伴，共蹋银台一路尘。
寄浙西李大夫四首 其二
蕊珠深处少人知，网索西临太液池。浴殿晓闻天语后，步廊骑马笑相随。
寄浙西李大夫四首 其三
禁林同直话交情，无夜无曾不到明。最忆西楼人静夜，玉晨钟磬两三声。
寄浙西李大夫四首 其四
由来鹏化便图南，浙右虽雄我未甘。早渡西江好归去，莫抛舟楫滞春潭。","周相录《元稹年谱新编》，上海古籍出版社版2004年版，第237页",,,,"欧阳丹"
"唐","元稹","长庆四年","824",,,"46","","江南东道","越州","会稽",,"浙江","绍兴市",,"120.586673","30.036519","越州刺史兼御史大夫、浙东观察史","春，次韵唱和白居易《早春忆微之》一诗。","白居易","《和乐天早春见之》","Poem","和乐天早春见寄
雨香云澹觉微和，谁送春声入棹歌。萱近北堂穿土早，柳偏东面受风多。湖添水色消残雪，江送潮头涌漫波。同受新年不同赏，无由缩地欲如何。","周相录《元稹年谱新编》，上海古籍出版社版2004年版，第240页",,,,"欧阳丹"
"唐","元稹","长庆四年","824",,,"46","","江南东道","越州","会稽",,"浙江","绍兴市",,"120.586673","30.036519","越州刺史兼御史大夫、浙东观察史","春，次韵唱和白居易《早春西湖闲游怅然兴怀忆与微之同赏因思在越官重事殷镜湖之游或恐未暇偶成十八韵寄微之》。","白居易","《酬乐天早春西湖闲游怅然兴怀忆与微之同赏因思在越官重事殷镜湖之游或恐未暇偶成十八韵见寄乐天前篇到时适会予宴镜湖南亭因述目前所睹以成酬答末章亦示暇诚则势使之然亦欲粗为恬养之赠耳》","Poem","酬乐天早春闲游西湖颇多野趣恨不得与微之同赏因思在越官重事殷镜湖之游或恐未暇因成十八韵见寄乐天前篇到时适会予亦宴镜湖南亭因述目前所睹以成酬荅末章亦示暇诚则势使之然亦欲粗为恬养之赠耳
雁思欲回宾，风声乍变新。各携红粉伎，俱伴紫垣人。水面波疑縠，山腰虹似巾。柳条黄大带，茭葑绿文茵。雪尽才通屐，汀寒未有蘋。向阳偏晒羽，依岸小游鳞。浦屿崎岖到，林园次第巡。墨池怜嗜学，丹井羡登真。雅叹游方盛，聊非意所亲。白头辞北阙，沧海是东邻。问俗烦江界，蒐畋想渭津。故交音讯少，归梦往来频。独喜同门旧，皆为列郡臣。三刀连地轴，一苇碍车轮。尚阻青天雾，空瞻白玉尘。龙因雕字识，犬为送书驯。胜事无穷境，流年有限身。懒将闲气力，争斗野塘春。","周相录《元稹年谱新编》，上海古籍出版社版2004年版，第240-241页",,,,"欧阳丹"
"唐","元稹","长庆四年","824","4","11","46","","江南东道","越州","会稽","永福寺","浙江","绍兴市",,"120.586673","30.036519","越州刺史兼御史大夫、浙东观察史","游永福寺，有文记之。","","《永福寺石壁法华经记》","Article","永福寺石壁法华经记
按沙门释惠皎自状其事云。永福寺一名孤山寺。在杭州钱塘湖心孤山上。石壁法华经在寺之中。始以元和十二年严休复为刺史时惠皎萌厥心。卒以长庆四年白居易为刺史时成厥事。上下其石六尺有五寸。短长其石五十七尺有六寸。座周于下。盖周于上。堂周于石。砌周于堂。凡买工凿经六万九千二百有五十。钱十经之数。经既讫。又成二石为二碑。其一碑。凡输钱于经者。由十而上。皆得名于碑。其输钱之贵者。若杭州刺史吏部郎中严休复。中书舍人杭州刺史白居易。刑部郎中湖州刺史崔元亮。刑部郎中睦州刺史韦文悟。处州刺史韦行立。衢州刺史张聿。御史中丞苏州刺史李谅。御史大夫越州刺史元稹。右司郎中处州刺史陈岵。九刺史之外。搢绅之由杭者。若宣慰使库部郎中知制诰贾餗以降。鲜不附于经石之列。必以输钱先后为次第。不以贵贱老幼多少为先后。其一碑。僧之徒思得声名人文其事以自广。予始以长庆二年相先帝无状。谴于同州。明年徙会稽。路出于杭。杭民竞相观睹。刺史白怪问之。皆曰。非欲观宰相。盖欲观曩所闻之元白耳。由是僧之徒误以予为名声人。相与日夜攻刺史白乞予文。予观僧之徒所以经于石文于碑。盖欲相与为不朽计。且欲自大其本术。今夫碑既文。经既石。而又九诸侯相率贡钱于所事。由近而言。亦可谓来异宗而成不朽矣。由远而言。则不知几万千岁而外。地与天相轧。阴与阳相荡。火与风相射。名与形相灭。则四海九州。皆大空中一微尘耳。又安知其朽与不朽哉。然而羊叔子识枯树中旧环。张僧繇世世为画师。历阳之气。至今为城郭。狗一叱而异世卒不可化。锻之子学数息则易成。此又性与物一相游。而终不能两相忘矣。又安知夫六万九千之文。刻石永永。因众性合成。独不能为千万劫含藏之不朽耶。由是思之。则僧之徒得计矣。至于佛书之妙奥。僧当为予言。予不当为僧言。况斯文止于纪石刻。故不及讲贯其义云。长庆四年四月十一日。浙江东道都团练观察处置等使通议大夫使持节都督越州诸军事越州刺史兼御史大夫上柱国赐紫金鱼袋元稹记。","周相录《元稹年谱新编》，上海古籍出版社版2004年版，第240页",,,,"欧阳丹"
"唐","元稹","长庆四年","824","5",,"46","","江南东道","越州","会稽",,"浙江","绍兴市",,"120.586673","30.036519","越州刺史兼御史大夫、浙东观察史","白居易离开杭州，元稹有诗记之。","白居易","《代杭民作使君一朝去二首》","Poem","代杭人作使君一朝去二首 其一
使君一朝去，遗爱在人口。惠化境内春，才名天下首。为问龚黄辈，兼能作诗否。
代杭人作使君一朝去二首 其二
使君一朝去，断肠如剉檗。无复见冰壶，唯应镂金石。自此一州人，生男尽名白。","周相录《元稹年谱新编》，上海古籍出版社版2004年版，第241页",,,,"欧阳丹"
"唐","元稹","长庆四年","824","5",,"46","","江南东道","越州","会稽",,"浙江","绍兴市",,"120.586673","30.036519","越州刺史兼御史大夫、浙东观察史","次韵酬和白居易《别州民》一诗。","白居易","《代杭民答乐天》","Poem","代杭民答乐天
翠幕笼斜日，朱衣俨别筵。管弦凄欲罢，城郭望依然。路溢新城市，农开旧废田。春坊幸无事，何惜借三年。","周相录《元稹年谱新编》，上海古籍出版社版2004年版，第241页",,,,"欧阳丹"
"唐","元稹","长庆四年","824","9",,"46","","江南东道","越州","会稽","望海亭","浙江","绍兴市",,"120.586673","30.036519","越州刺史兼御史大夫、浙东观察史","宴望海亭，与郑鲂唱和。","郑鲂","《酬郑从事四年九月宴望海亭次用旧韵》","Poem","酬郑从事四年九月宴望海亭次用旧韵
海亭树木何茏葱，寒光透坼秋玲珑。湖山四面争气色，旷望不与人间同。一拳墺伏东武小，两山斗构秦望雄。嵌空古墓失文种，突兀怪石疑防风。舟船骈比有宗侣，水云滃泱无始终。雪花布遍稻陇白，日脚插入秋波红。兴馀望剧酒四坐，歌声舞艳烟霞中。酒酣从事歌送我，歌云此乐难再逢。良时年少犹健羡，使君况是头白翁。我闻此曲深叹息，唧唧不异秋草虫。忆年十五学构厦，有意盖覆天下穷。安知四十虚富贵，朱紫束缚心志空。妆梳伎女上楼榭，止欲欢乐微茫躬。虽无趣尚慕贤圣，幸有心目知西东。欲将滑甘柔藏府，已被郁噎冲喉咙。君今劝我酒太醉，醉语不复能冲融。劝君莫学虚富贵，不是贤人难变通。","周相录《元稹年谱新编》，上海古籍出版社版2004年版，第237页",,,,"欧阳丹"
"唐","元稹","长庆四年","824","12",,"46","","江南东道","越州","会稽",,"浙江","绍兴市",,"120.586673","30.036519","越州刺史兼御史大夫、浙东观察史","编排白居易长庆二年以前之作《白氏长庆集》五十卷，并作序记之。","白居易","《白氏长庆集序》","Article","白氏长庆集序
白氏长庆集者。太原人白居易之所作。居易字乐天。乐天始言。试指之无二字。能不误。始既言。读书勤敏。与他儿异。五六岁识声韵。十五志诗赋。二十七举进士。贞元末进士。尚驰竞不尚文。就中六籍尤摈落。礼部侍郎高郢始用经艺为进退。乐天一举擢上第。明年拔萃甲科。由是性习相近。远求元珠斩白蛇剑等赋。洎百节判。新进士竞相传于京师矣。会宪宗皇帝册召天下士。乐天对诏称旨。又登甲科。未几。入翰林掌制诰。比比上书言得失。因为喜雨诗秦中吟等数十章。指言天下事。时人比之风骚焉。予始与乐天同校秘书。前后多以诗章相赠答。会予谴掾江陵。乐天犹在翰林。寄予百韵律诗及杂体。前后数十章。是后各佐江通。复相詶寄。巴蜀江楚间洎长安中少年。递相仿效。竞作新词。自谓为元和诗。而乐天秦中吟贺两讽谕闲适等篇。时人罕能知者。然而二十年间。禁省观寺邮堠墙壁之上无不书。王公妾妇牛童马走之口无不道。至于缮写模勒。衒卖于市井。或持之以交酒茗者。处处皆是。其甚者有至于盗窃名姓。苟求自售。杂乱閒厕。无可奈何。予尝于平水市中。见村校诸童。竞习歌咏。召而问之。皆对曰。先生教我乐天微之诗。固亦不知予之为微之也。又鸡林贾人求市颇切。自云本国宰相每以一金换一篇。其甚伪者。宰相辄能辨别之。自篇章已来。未有如是流传之广者。长庆四年。乐天自杭州刺史以右庶子诏还。予时刺郡会稽。因得尽徵其文。手自排缵。成五十卷。凡二千二百五十一首。前辈多以前集中集为名。予以为国家改元长庆。讫于是。因号曰白氏长庆集。大凡人之文各有所长。乐天之长。可以为多矣夫。讽谕之诗长于激。閒适之诗长于遣。感伤之诗长于切。五字律诗百言而上长于赡。五字七字百言而下长于情。赋赞箴戒之类长于当。碑记叙事制诰长于实。启奏表状长于直。书檄词策剖判长于尽。总而言之。不亦多乎哉。至于乐天之官秩景行。与予之交分浅深。非叙文之要也。故不书。长庆四年冬十二月十日。微之序。","周相录《元稹年谱新编》，上海古籍出版社版2004年版，第238页",,,,"欧阳丹"
"唐","元稹","长庆四年","824","12",,"46","","江南东道","越州","会稽",,"浙江","绍兴市",,"120.586673","30.036519","越州刺史兼御史大夫、浙东观察史","编排白居易长庆二年以前之作《白氏长庆集》五十卷，有诗记之。","白居易","《为乐天自勘诗集因思顷年城南醉归马上递唱艳曲十余里不绝长庆初俱以制诰侍宿南郊斋宫夜后偶吟数十篇两掖诸公洎翰林学士三十余人惊起就听逮至卒吏莫不众观群公直至侍从行礼之时不复聚寐予于乐天吟哦竟亦不绝因书于乐天卷后越中冬夜风雨不觉将晓诸门互启关锁即事成篇》","Poem","为乐天自勘诗集因思顷年城南醉归马上递唱艳曲十馀里不绝长庆初俱以制诰侍宿南郊斋宫夜后偶吟数十篇两掖诸公洎翰林学士三十馀人惊起就听逮至卒吏莫不众观群公直至侍从行礼之时不复聚寐予与乐天吟哦竟亦不绝因书于乐天卷后越中冬夜风雨不觉将晓诸门互启关锁即事成篇
春野醉吟十里程，斋宫潜咏万人惊。今宵不寐到明读，风雨晓闻开锁声。","周相录《元稹年谱新编》，上海古籍出版社版2004年版，第241页",,,,"欧阳丹"
"唐","元稹","长庆四年","824",,,"46","","江南东道","越州","会稽",,"浙江","绍兴市",,"120.586673","30.036519","越州刺史兼御史大夫、浙东观察史","是年，穆宗仙去，元稹灰心已甚，有诗。","","《题长庆四年历日尾》","Poem","题长庆四年历日尾
残历半张馀十四，灰心雪鬓两悽然。定知新岁御楼后，从此不名长庆年。","周相录《元稹年谱新编》，上海古籍出版社版2004年版，第238页",,,,"欧阳丹"
"唐","元稹","长庆四年","824",,,"46","","江南东道","越州","会稽",,"浙江","绍兴市",,"120.586673","30.036519","越州刺史兼御史大夫、浙东观察史","是年，穆宗仙去，元稹灰心已甚，有诗。","","《长庆历》","Poem","长庆历
年历复年历，卷尽悲且惜。历日何足悲，但悲年运易。年年岂无叹，此叹何唧唧。所叹别此年，永无长庆历。","周相录《元稹年谱新编》，上海古籍出版社版2004年版，第238页",,,,"欧阳丹"
"唐","元稹","长庆四年","824",,,"46","","江南东道","越州","会稽",,"浙江","绍兴市",,"120.586673","30.036519","越州刺史兼御史大夫、浙东观察史","是年，元稹在越州，白居易在杭州，彼此唱和频繁，常以竹简递送。有诗。","白居易","《寄乐天》","Poem","","周相录《元稹年谱新编》，上海古籍出版社版2004年版，第239页",,,,"欧阳丹"
"唐","元稹","长庆四年","824",,,"46","","江南东道","越州","会稽",,"浙江","绍兴市",,"120.586673","30.036519","越州刺史兼御史大夫、浙东观察史","是年，次韵酬和白居易《题留郡斋》一诗。","白居易","《代郡斋神答乐天》","Poem","代郡斋神荅乐天
虚白堂神传好语，二年长伴独吟时。夜怜星月多离烛，日滉波涛一下帷。为报何人偿酒债，引看墙上使君诗。","周相录《元稹年谱新编》，上海古籍出版社版2004年版，第241页",,,,"欧阳丹"
"唐","元稹","长庆四年","824",,,"46","","江南东道","越州","会稽",,"浙江","绍兴市",,"120.586673","30.036519","越州刺史兼御史大夫、浙东观察史","是年，次韵酬和白居易《重寄别微之》一诗。","白居易","《酬乐天重寄别》","Poem","酬乐天重寄别
却报君侯听苦辞，老头抛我欲何之。武牢关外虽分手，不似如今衰白时。","周相录《元稹年谱新编》，上海古籍出版社版2004年版，第241页",,,,"欧阳丹"
"唐","元稹","长庆四年","824",,,"46","","江南东道","越州","会稽",,"浙江","绍兴市",,"120.586673","30.036519","越州刺史兼御史大夫、浙东观察史","是年，次韵酬和白居易《重题别东楼》一诗。","白居易","《和乐天重题别东楼》","Poem","和乐天重题别东楼
山容水态使君知，楼上从容万状移。日映文章霞细丽，风驱鳞甲浪参差。鼓催潮户凌晨击，笛赛婆官彻夜吹。唤客潜挥远红袖，卖垆高挂小青旗。剩铺床席春眠处，乍捲帘帷月上时。光景无因将得去，为郎抄在和郎诗。","周相录《元稹年谱新编》，上海古籍出版社版2004年版，第241页",,,,"欧阳丹"
"唐","元稹","长庆四年","824",,,"46","","江南东道","越州","会稽",,"浙江","绍兴市",,"120.586673","30.036519","越州刺史兼御史大夫、浙东观察史","是年，与周示范唱和，周原作已亡佚。","周示范","《余杭周从事以十章见寄词调清婉难于遍酬聊和首篇以答来贶》","Poem","馀杭周从事以十章见寄词调清婉难于遍酬聊和诗首篇以荅来贶
扰扰纷纷旦暮间，经营闲事不曾闲。多缘老病推辞酒，少有功夫久羡山。清夜笙歌喧四郭，黄昏钟漏下重关。何由得似周从事，醉入人家醒始还。","周相录《元稹年谱新编》，上海古籍出版社版2004年版，第241页","周示范乃杭州刺史白居易之幕僚。",,,"欧阳丹"
"唐","元稹","长庆四年","824",,,"46","","江南东道","越州","会稽",,"浙江","绍兴市",,"120.586673","30.036519","越州刺史兼御史大夫、浙东观察史","是年，酬和白居易《寄李苏州兼示杨琼》一诗。","白居易","《和乐天示杨琼》","Poem","和乐天示杨琼
我在江陵少年日，知有杨琼初唤出。腰身瘦小歌圆紧，依约年应十六七。去年十月过苏州，琼来拜问郎不识。青衫玉貌何处去，安得红旗遮头白。我语杨琼琼莫语，汝虽笑我我笑汝。汝今无复小腰身，不似江陵时好女。杨琼为我歌送酒，尔忆江陵县中否。江陵王令骨为灰，车来嫁作尚书妇。卢戡及第严涧在，其馀死者十八九。我今贺尔亦自多，尔得老成余白首。","周相录《元稹年谱新编》，上海古籍出版社版2004年版，第241页",,,,"欧阳丹"
"唐","元稹","长庆四年","824",,,"46","","江南东道","越州","会稽",,"浙江","绍兴市",,"120.586673","30.036519","越州刺史兼御史大夫、浙东观察史","是年，曾咏二十四节气，有诗，但有可能为后人依托，姑系于此。","","《咏廿四气诗》","Poem","","周相录《元稹年谱新编》，上海古籍出版社版2004年版，第241页",,,,"欧阳丹"
"唐","元稹","长庆四年","824",,,"46","","江南东道","越州","会稽",,"浙江","绍兴市",,"120.586673","30.036519","越州刺史兼御史大夫、浙东观察史","是年，裴淑从兄裴乂去世，元稹为其作墓志铭。","裴乂","《唐故福建等州都圃练观察处置等使中大夫持节都督福州诸军事守福州刺史兼御史中丞上柱国赐紫金鱼袋赠左散骑常侍裴公墓志铭》","Article","唐故福建等州都团练观察处置等使中大夫使持节都督福州诸军事守福州刺史兼御史中丞上柱国赐紫金鱼袋赠左散骑常侍裴公墓志铭
公讳某。字某。河东闻喜其望也。唐故长安县令讳安期。赠左散骑常侍讳后已。赠工部尚书讳郜。其父祖其曾也。赠晋阳县太君王氏。其母也。故清河县君房氏。其室也。昭应县令稷。虔州刺史逊。盩厔县令及。其季也。进士诲。进士警。其子也。辛少穆孝尧一阳观李及。其婿也。参军于彭。尉于雒。丞于湖城。复尉于奉先。主簿于太常。录事于华。户曹于京兆。检校水部员外郎侍御史佐于襄。令于醴泉。检校库部员外郎侍御史兼中丞团练观察于福建。其官也。中大夫上柱国紫绶金鱼。其阶其勋其赐也。岁某月之某日癸卯某月之某日甲辰某月之某日。其始其薨其葬也。某县某乡某里之某原。其墓也。少好学。家贫。甘役劳于师。雨则负诸弟以往。卒能通开元礼书。中甲科。在湖城时。杖刺史若初宠卒。返致若初谢。在华时。会刺史故相郢将至。旧法尽取行器于人。公不取给。官司所有粗陈之。其他廉法不挠皆称是。刺史郢卒以上下考詶之。初状请白京兆尹于陵。由是奏为剧曹掾。佐襄时。新换帅。公为新帅均驰抚其师。会众卒将食旧帅宾。公遏之不果食。既而均至。傲狠不用礼。公去之。在坊时。岁旱。廪库空少。不数年皆羡溢。在郑时。朝廷有事淄蔡。驴车粟刍。一出于郑。均次征役。征人用不扰。义成节度光颜将出师。乞自副。且专留事。讫师还不绝粮饟。义成换帅。仍为副。皆带刺史事。理郑凡三年。郑人宜便。观察福建时。远俗佻剽。食税重繁。急则散去。缓则偷苟。持之五载不失所。逮其就徵。内外以才自许为剧职者皆开路。不幸薨于扬。天子闻之。罢一日朝。降使者赙粟帛。仍以左散骑常侍追加焉。予与公姻懿相习熟。及予来东。自谓与公会于途。晨涉淮而夕闻其讣。其子诲。雅知予有旧。因请铭。大凡公之行。孝爱友顺。显扬前人。冬曹晋阳。宠备幽穸。而又勤尽让。不为竞争。官卑时多为官重者所与。居重官人皆以经惯吏理为美谈。不如是安能富贵其身哉。铭曰。实而无文。行则不振。不有好辞。安知令闻。我有禄位。荣于子孙。亦又记志。其期不泯。","周相录《元稹年谱新编》，上海古籍出版社版2004年版，第239页；杨军《元稹集编年笺注（散文卷）》，三秦出版社2008年版，第929页",,,,"欧阳丹"
"唐","元稹","宝历元年","825",,,"47","","江南东道","越州","会稽",,"浙江","绍兴市",,"120.586673","30.036519","越州刺史兼御史大夫、浙东观察史","秋，白居易请元稹代访《霓裳羽衣舞》舞者，有诗。","白居易","《霓裳羽衣曲》","Poem","","周相录《元稹年谱新编》，上海古籍出版社版2004年版，第242页","（亡佚）",,,"欧阳丹"
"唐","元稹","宝历元年","825",,,"47","","江南东道","越州","会稽",,"浙江","绍兴市",,"120.586673","30.036519","越州刺史兼御史大夫、浙东观察史","道士郭虚舟来访。离越州赴苏州时，有诗赠别，并让郭捎信与白居易。","郭虚舟，白居易","《赠别郭虚舟炼师五十韵》","Poem","","周相录《元稹年谱新编》，上海古籍出版社版2004年版，第243页","（亡佚）",,,"欧阳丹"
"唐","元稹","宝历元年","825",,,"47","","江南东道","越州","会稽",,"浙江","绍兴市",,"120.586673","30.036519","越州刺史兼御史大夫、浙东观察史","越州新楼初建成，作诗报白居易。","白居易","《开拆新楼初毕报乐天》","Poem","","周相录《元稹年谱新编》，上海古籍出版社版2004年版，第243页","（亡佚）",,,"欧阳丹"
"唐","元稹","宝历元年","825",,,"47","","江南东道","越州","会稽",,"浙江","绍兴市",,"120.586673","30.036519","越州刺史兼御史大夫、浙东观察史","是年，兴修水利。使人访刻石山韦夫人碑，不获。与李德裕次韵酬和。","李德裕","《奉和浙西李大夫霜夜听小童薛阳陶觱篥歌》","Poem","","周相录《元稹年谱新编》，上海古籍出版社版2004年版，第243-245页","（亡佚）",,,"欧阳丹"
"唐","元稹","宝历元年","825",,,"47","","江南东道","越州","会稽",,"浙江","绍兴市",,"120.586673","30.036519","越州刺史兼御史大夫、浙东观察史","是年，李德裕请元稹代访青田胎化鹤，并有酬和诗。","李德裕","《和浙西李大夫晚下北固山喜径成荫怅然怀古偶题临江亭》","Poem","和浙西李大夫晚下北固山喜松径成阴怅然怀古偶题临江亭
自公镇南徐，三换营门柳。","周相录《元稹年谱新编》，上海古籍出版社版2004年版，第244页","（拟题）",,,"欧阳丹"
"唐","元稹","宝历元年","825",,,"47","","江南东道","越州","会稽",,"浙江","绍兴市",,"120.586673","30.036519","越州刺史兼御史大夫、浙东观察史","是年，元稹在越州考察婺州义乌双林鸟的故事，有文记之。","","《还珠留书记》","Article","","杨军《元稹集编年笺注（散文卷）》，三秦出版社2008年版，第938页",,,,"欧阳丹"
"唐","元稹","宝历二年","826",,,"48","","江南东道","越州","会稽",,"浙江","绍兴市",,"120.586673","30.036519","越州刺史兼御史大夫、浙东观察史","李德裕作《述梦诗四十韵》。春，元稹、刘禹锡和之。约本年春，章孝标投诗元稹。","李德裕，刘禹锡，章孝标","《奉和浙西大夫李德裕述梦四十韵大夫本题言赠于梦中诗赋以寄一二僚友故今所和者亦止述翰院旧游而已次本韵》","Poem","奉和浙西大夫李德裕述梦四十韵大夫本题言赠于梦中诗赋以寄一二僚友故今所和者亦止述翰苑旧游而已次本韵
闻有池塘什，还因梦寐遭。攀禾工类蔡，咏豆敏过曹。庄蝶玄言秘，罗禽藻思高。戈矛排笔阵，貔虎让文韬。䌽缋鸾凰颈，权奇骥騄髦。神枢千里应，华衮一言褒。李广留飞箭，王祥得佩刀。传乘司隶马，继染翰林毫。辨颖□超脱，词锋岂足櫜。金刚锥透玉，镔铁剑吹毛。顾我曾陪附，思君正郁陶。近酬新乐录，仍寄续离骚。阿阁偏随凤，方壶共跨鳌。借骑银杏叶，横赐锦垂萄。冰井分珍果，金瓶贮御醪。独辞珠有戒，廉取玉非叨。麦纸侵红点，兰灯燄碧高。代予言不易，承圣旨偏劳。绕月同栖鹊，惊风比夜獒。吏传开锁契，神撼引铃绦。渥泽深难报，危心过自操。犯颜诚恳恳，腾口惧忉忉。佩宠虽緺绶，安贫尚葛袍。宾亲多谢绝，延荐必英豪。分阻杯盘会，閒随寺观遨。祗园一林杏，仙洞万株桃。澥海沧波减，昆明劫火熬。未陪登鹤驾，已讣堕乌号。痛泪过江浪，冤声出海涛。尚看恩诏湿，已梦寿宫牢。再造承天宝，新持济巨篙。犹怜弊簪履，重委旧旌旄。北望心弥苦，西回首屡搔。九霄难就日，两浙仅容舠。暮竹寒窗影，衰杨古郡濠。鱼虾集橘市，鹤鹳起亭皋。朽刃休冲斗，良弓枉在韬。早弯摧虎兕，便铸垦蓬蒿。渔艇宜孤棹，楼船称万艘。量材分用处，终不学滔滔。","周相录《元稹年谱新编》，上海古籍出版社版2004年版，第245页",,,,"欧阳丹"
"唐","元稹","宝历二年","826","4","1","48","","江南东道","越州","会稽",,"浙江","绍兴市",,"120.586673","30.036519","越州刺史兼御史大夫、浙东观察史","寄诗与白居易，白居易和诗为《和微之四月一日作》。","白居易","《四月一日作》","Poem","","周相录《元稹年谱新编》，上海古籍出版社版2004年版，第249页","（亡佚）",,,"欧阳丹"
"唐","元稹","宝历二年","826","9",,"48","","江南东道","越州","会稽","龙瑞宫","浙江","绍兴市",,"120.586673","30.036519","越州刺史兼御史大夫、浙东观察史","游龙瑞宫，作碑铭。时陆洿、韩杼材已入元稹幕。","陆洿，韩杼材","《禹穴碑铭》","Article","","周相录《元稹年谱新编》，上海古籍出版社版2004年版，第246页",,,,"欧阳丹"
"唐","元稹","宝历二年","826","9",,"48","","江南东道","越州","会稽","龙瑞宫","浙江","绍兴市",,"120.586673","30.036519","越州刺史兼御史大夫、浙东观察史","游龙瑞宫，有诗。","","《拜禹庙》","Poem","拜禹庙
恢能咨岳日，悲慕羽山秋。父陷功仍继，君名礼不雠。洪水襄陵后，玄圭菲食由。已甘鱼父子，翻荷粒咽喉。古庙苍烟冷，寒亭翠柏稠。马泥真骨动，龙画活睛留。祀典稽千圣，孙谋绝一丘。道虽污世载，恩岂酌沈浮。洞穴探常近，图书即可求。德崇人不惰，风在俗斯柔。茭色湖光上，泉声雨脚收。歌诗呈志义，箫鼓渎清猷。史亦明勋最，时方怒校酋。还希四载术，将以拯虔刘。","周相录《元稹年谱新编》，上海古籍出版社版2004年版，第249页",,,,"欧阳丹"
"唐","元稹","宝历二年","826","10",,"48","","江南东道","越州","会稽",,"浙江","绍兴市",,"120.586673","30.036519","越州刺史兼御史大夫、浙东观察史","白居易罢苏州刺史任，刘禹锡罢和州刺史任，相遇于杨子津，结伴而行，元稹有诗寄之。","白居易，刘禹锡","《寄问刘白》","Poem","","周相录《元稹年谱新编》，上海古籍出版社版2004年版，第247页","（亡佚）",,,"欧阳丹"
"唐","元稹","宝历二年","826","10",,"48","","江南东道","越州","会稽",,"浙江","绍兴市",,"120.586673","30.036519","越州刺史兼御史大夫、浙东观察史","白居易罢苏州刺史任，刘禹锡罢和州刺史任，相遇于杨子津，结伴而行，元稹有诗寄之。","白居易，刘禹锡","《寄孟得》","Poem","","周相录《元稹年谱新编》，上海古籍出版社版2004年版，第247页","（亡佚）",,,"欧阳丹"
"唐","元稹","宝历二年","826",,,"48","","江南东道","越州","会稽",,"浙江","绍兴市",,"120.586673","30.036519","越州刺史兼御史大夫、浙东观察史","约本年秋，《吴越唱和集》结集。","刘禹锡",,"Article","","周相录《元稹年谱新编》，上海古籍出版社版2004年版，第247页",,,,"欧阳丹"
"唐","元稹","宝历二年","826",,,"48","","江南东道","越州","会稽",,"浙江","绍兴市",,"120.586673","30.036519","越州刺史兼御史大夫、浙东观察史","本年冬，周师范入元稹幕。有书寄与白居易。韦夏卿侄韦珩为台州刺史。","周师范，白居易","《越州寄乐天书》","Article","凭李忠州寄书乐天
万里寄书将出峡，却凭巫峡寄江州。伤心最是江头月，莫把书将上庾楼。","周相录《元稹年谱新编》，上海古籍出版社版2004年版，第248-249页","（亡佚）",,,"欧阳丹"
"唐","元稹","宝历三年、大和元年","827",,,"49","","江南东道","越州","会稽",,"浙江","绍兴市",,"120.586673","30.036519","越州刺史兼御史大夫、浙东观察史","春，派周师范赴京贺大赦元年。","周师范",,"","","周相录《元稹年谱新编》，上海古籍出版社版2004年版，第250页","本年二月，文宗改年号为大和",,,"欧阳丹"
"唐","元稹","宝历三年、大和元年","827",,,"49","","江南东道","越州","会稽",,"浙江","绍兴市",,"120.586673","30.036519","越州刺史兼御史大夫、浙东观察史","夏，周师范返越。","周师范",,"","","周相录《元稹年谱新编》，上海古籍出版社版2004年版，第250页",,,,"欧阳丹"
"唐","元稹","宝历三年、大和元年","827","9",,"49","","江南东道","越州","会稽",,"浙江","绍兴市",,"120.586673","30.036519","越州刺史兼御史大夫、浙东观察史、检校礼部尚书","与李德裕同时加检校礼部尚书。","唐文宗，李德裕",,"","","周相录《元稹年谱新编》，上海古籍出版社版2004年版，第251页",,,,"欧阳丹"
"唐","元稹","宝历三年、大和元年","827",,,"49","","江南东道","越州","会稽",,"浙江","绍兴市",,"120.586673","30.036519","越州刺史兼御史大夫、浙东观察史、检校礼部尚书","是年，追和《白氏长庆集》中未对答者五十七首，合一百一十四首，题为《因继集》卷一，有序。刘蔚赴浙东为元稹从事，来时带来刘禹锡文卷。","白居易，刘蔚","《因继集序》","Article","白氏长庆集序
白氏长庆集者。太原人白居易之所作。居易字乐天。乐天始言。试指之无二字。能不误。始既言。读书勤敏。与他儿异。五六岁识声韵。十五志诗赋。二十七举进士。贞元末进士。尚驰竞不尚文。就中六籍尤摈落。礼部侍郎高郢始用经艺为进退。乐天一举擢上第。明年拔萃甲科。由是性习相近。远求元珠斩白蛇剑等赋。洎百节判。新进士竞相传于京师矣。会宪宗皇帝册召天下士。乐天对诏称旨。又登甲科。未几。入翰林掌制诰。比比上书言得失。因为喜雨诗秦中吟等数十章。指言天下事。时人比之风骚焉。予始与乐天同校秘书。前后多以诗章相赠答。会予谴掾江陵。乐天犹在翰林。寄予百韵律诗及杂体。前后数十章。是后各佐江通。复相詶寄。巴蜀江楚间洎长安中少年。递相仿效。竞作新词。自谓为元和诗。而乐天秦中吟贺两讽谕闲适等篇。时人罕能知者。然而二十年间。禁省观寺邮堠墙壁之上无不书。王公妾妇牛童马走之口无不道。至于缮写模勒。衒卖于市井。或持之以交酒茗者。处处皆是。其甚者有至于盗窃名姓。苟求自售。杂乱閒厕。无可奈何。予尝于平水市中。见村校诸童。竞习歌咏。召而问之。皆对曰。先生教我乐天微之诗。固亦不知予之为微之也。又鸡林贾人求市颇切。自云本国宰相每以一金换一篇。其甚伪者。宰相辄能辨别之。自篇章已来。未有如是流传之广者。长庆四年。乐天自杭州刺史以右庶子诏还。予时刺郡会稽。因得尽徵其文。手自排缵。成五十卷。凡二千二百五十一首。前辈多以前集中集为名。予以为国家改元长庆。讫于是。因号曰白氏长庆集。大凡人之文各有所长。乐天之长。可以为多矣夫。讽谕之诗长于激。閒适之诗长于遣。感伤之诗长于切。五字律诗百言而上长于赡。五字七字百言而下长于情。赋赞箴戒之类长于当。碑记叙事制诰长于实。启奏表状长于直。书檄词策剖判长于尽。总而言之。不亦多乎哉。至于乐天之官秩景行。与予之交分浅深。非叙文之要也。故不书。长庆四年冬十二月十日。微之序。","周相录《元稹年谱新编》，上海古籍出版社版2004年版，第251页","（亡佚）",,,"欧阳丹"
"唐","元稹","宝历三年、大和元年","827",,,"49","","江南东道","越州","会稽",,"浙江","绍兴市",,"120.586673","30.036519","越州刺史兼御史大夫、浙东观察史、检校礼部尚书","是年，寄诗与白居易，白居易和诗为《和微之诗二十三首·和晨兴因报问龟儿》","白居易","《问龟儿》","Poem","","周相录《元稹年谱新编》，上海古籍出版社版2004年版，第253页","（亡佚）",,,"欧阳丹"
"唐","元稹","大和二年","828",,,"50","","江南东道","越州","会稽",,"浙江","绍兴市",,"120.586673","30.036519","越州刺史兼御史大夫、浙东观察史、检校礼部尚书","春，白居易作诗贺元稹加检校礼部尚书，又作诗颂扬元稹政绩。元稹为白寂然卜筑禅院于剡县沃洲山。寄越州缯纱于国子司业张籍。","白居易，张籍",,"","","周相录《元稹年谱新编》，上海古籍出版社版2004年版，第254页",,,,"欧阳丹"
"唐","元稹","大和二年","828",,,"50","","江南东道","越州","会稽",,"浙江","绍兴市",,"120.586673","30.036519","越州刺史兼御史大夫、浙东观察史、检校礼部尚书","秋，白居易编次长庆三年以后诗文为《白氏长庆集·后集》二十卷，寄元稹。","白居易",,"","","周相录《元稹年谱新编》，上海古籍出版社版2004年版，第254页",,,,"欧阳丹"
"唐","元稹","大和二年","828",,,"50","","江南东道","越州","会稽",,"浙江","绍兴市",,"120.586673","30.036519","越州刺史兼御史大夫、浙东观察史、检校礼部尚书","冬，《因继集》二、三卷成，白居易重撰序。是年，女保子已与韦绚结婚。","白居易",,"","","周相录《元稹年谱新编》，上海古籍出版社版2004年版，第254页",,,,"欧阳丹"
"唐","元稹","大和二年","828",,,"50","","江南东道","越州","会稽",,"浙江","绍兴市",,"120.586673","30.036519","越州刺史兼御史大夫、浙东观察史、检校礼部尚书","是年，有诗寄与白居易，白酬和为《和微之听妻弹别鹤操因为解释其义依韵加四句》。","白居易","《听弹别鹤操》","Poem","听妻弹别鹤操
别鹤声声怨夜弦，闻君此奏欲潸然。商瞿五十知无子，更付琴书与仲宣。","周相录《元稹年谱新编》，上海古籍出版社版2004年版，第255页",,,,"欧阳丹"
"唐","元稹","大和二年","828",,,"50","","江南东道","越州","会稽",,"浙江","绍兴市",,"120.586673","30.036519","越州刺史兼御史大夫、浙东观察史、检校礼部尚书","是年，元稹次韵酬唱白居易《杏花园下赠刘郎中》一诗。","白居易","《酬白乐天杏花园》","Poem","酬白乐天杏花园
刘郎不用闲惆怅，且作花间共醉人。算得贞元旧朝士，几人同见太和春。","周相录《元稹年谱新编》，上海古籍出版社版2004年版，第255页",,,,"欧阳丹"
"唐","元稹","大和二年","828",,,"50","","江南东道","越州","会稽",,"浙江","绍兴市",,"120.586673","30.036519","越州刺史兼御史大夫、浙东观察史、检校礼部尚书","是年，元稹次韵酬唱白居易《除夜寄微之》一诗。","白居易","《除夜酬乐天》","Poem","除夜酬乐天
引傩绥旆乱毵毵，戏罢人归思不堪。虚涨火尘龟浦北，无由阿伞凤城南。休官期限元同约，除夜情怀老共谙。莫道明朝始添岁，今年春在岁前三。","周相录《元稹年谱新编》，上海古籍出版社版2004年版，第255页",,,,"欧阳丹"
"唐","元稹","大和二年","828",,,"50","","江南东道","越州","会稽",,"浙江","绍兴市",,"120.586673","30.036519","越州刺史兼御史大夫、浙东观察史、检校礼部尚书","是年，曾寄书与刘禹锡，但已亡佚。","刘禹锡","《与刘郎中书》","Article","","周相录《元稹年谱新编》，上海古籍出版社版2004年版，第255页","（亡佚）",,,"欧阳丹"
"唐","元稹","大和二年","828",,,"50","","江南东道","越州","会稽",,"浙江","绍兴市",,"120.586673","30.036519","越州刺史兼御史大夫、浙东观察史、检校礼部尚书","是年，寄诗与张籍，张籍酬和为《浙东元相公尚书见寄绫素》。","张籍","《寄绫素与张司业》","Poem","","周相录《元稹年谱新编》，上海古籍出版社版2004年版，第255页","（亡佚）",,,"欧阳丹"
"唐","元稹","大和二年","828",,,"50","","江南东道","越州","会稽",,"浙江","绍兴市",,"120.586673","30.036519","越州刺史兼御史大夫、浙东观察史、检校礼部尚书","白居易于大和二三年间在《和微之诗二十三首》中酬和元稹《晨露》诗，姑系于此。","白居易","《晨露》","Poem","","周相录《元稹年谱新编》，上海古籍出版社版2004年版，第255页","（亡佚）",,,"欧阳丹"
"唐","元稹","大和二年","828",,,"50","","江南东道","越州","会稽",,"浙江","绍兴市",,"120.586673","30.036519","越州刺史兼御史大夫、浙东观察史、检校礼部尚书","白居易于大和二三年间在《和微之诗二十三首》中酬和元稹《送刘道士游天台》诗，姑系于此。","白居易","《送刘道士游天台》","Poem","","周相录《元稹年谱新编》，上海古籍出版社版2004年版，第255页","（亡佚）",,,"欧阳丹"
"唐","元稹","大和二年","828",,,"50","","江南东道","越州","会稽",,"浙江","绍兴市",,"120.586673","30.036519","越州刺史兼御史大夫、浙东观察史、检校礼部尚书","白居易于大和二三年间在《和微之诗二十三首》中酬和元稹《栉沐寄道友》诗，姑系于此。","白居易","《栉沐寄道友》","Poem","","周相录《元稹年谱新编》，上海古籍出版社版2004年版，第255页","（亡佚）",,,"欧阳丹"
"唐","元稹","大和二年","828",,,"50","","江南东道","越州","会稽",,"浙江","绍兴市",,"120.586673","30.036519","越州刺史兼御史大夫、浙东观察史、检校礼部尚书","白居易于大和二三年间在《和微之诗二十三首》中酬和元稹《祝苍华》诗，姑系于此。","白居易","《祝苍华》","Poem","","周相录《元稹年谱新编》，上海古籍出版社版2004年版，第255页","（亡佚）",,,"欧阳丹"
"唐","元稹","大和二年","828",,,"50","","江南东道","越州","会稽",,"浙江","绍兴市",,"120.586673","30.036519","越州刺史兼御史大夫、浙东观察史、检校礼部尚书","白居易于大和二三年间在《和微之诗二十三首》中酬和元稹《我年三首》，姑系于此。","白居易","《我年三首》","Poem","","周相录《元稹年谱新编》，上海古籍出版社版2004年版，第255页","（亡佚）",,,"欧阳丹"
"唐","元稹","大和二年","828",,,"50","","江南东道","越州","会稽",,"浙江","绍兴市",,"120.586673","30.036519","越州刺史兼御史大夫、浙东观察史、检校礼部尚书","白居易于大和二三年间在《和微之诗二十三首》中酬和元稹《三月三十日四十韵》，姑系于此。","白居易","《三月三十日四十韵》","Poem","","周相录《元稹年谱新编》，上海古籍出版社版2004年版，第256页","（亡佚）",,,"欧阳丹"
"唐","元稹","大和二年","828",,,"50","","江南东道","越州","会稽",,"浙江","绍兴市",,"120.586673","30.036519","越州刺史兼御史大夫、浙东观察史、检校礼部尚书","白居易于大和二三年间在《和微之诗二十三首》中酬和元稹《寄乐天》诗，姑系于此。","白居易","《寄乐天》","Poem","","周相录《元稹年谱新编》，上海古籍出版社版2004年版，第256页","（亡佚）",,,"欧阳丹"
"唐","元稹","大和二年","828",,,"50","","江南东道","越州","会稽",,"浙江","绍兴市",,"120.586673","30.036519","越州刺史兼御史大夫、浙东观察史、检校礼部尚书","白居易于大和二三年间在《和微之诗二十三首》中酬和元稹《新楼北园偶集从孙公度周巡官韩秀才卢秀才范处士小饮郑侍御判官周刘二从事皆先归》诗，姑系于此。","白居易","《新楼北园偶集从孙公度周巡官韩秀才卢秀才范处士小饮郑侍御判官周刘二从事皆先归》","Poem","","周相录《元稹年谱新编》，上海古籍出版社版2004年版，第256页","（亡佚）",,,"欧阳丹"
"唐","元稹","大和二年","828",,,"50","","江南东道","越州","会稽",,"浙江","绍兴市",,"120.586673","30.036519","越州刺史兼御史大夫、浙东观察史、检校礼部尚书","白居易于大和二三年间在《和微之诗二十三首》中酬和元稹《知非》诗，姑系于此。","白居易","《知非》","Poem","","周相录《元稹年谱新编》，上海古籍出版社版2004年版，第256页","（亡佚）",,,"欧阳丹"
"唐","元稹","大和二年","828",,,"50","","江南东道","越州","会稽",,"浙江","绍兴市",,"120.586673","30.036519","越州刺史兼御史大夫、浙东观察史、检校礼部尚书","白居易于大和二三年间在《和微之诗二十三首》中酬和元稹《望晓》诗，姑系于此。","白居易","《望晓》","Poem","","周相录《元稹年谱新编》，上海古籍出版社版2004年版，第256页","（亡佚）",,,"欧阳丹"
"唐","元稹","大和二年","828",,,"50","","江南东道","越州","会稽",,"浙江","绍兴市",,"120.586673","30.036519","越州刺史兼御史大夫、浙东观察史、检校礼部尚书","白居易于大和二三年间在《和微之诗二十三首》中酬和元稹《李势女》诗，姑系于此。","白居易","《李势女》","Poem","","周相录《元稹年谱新编》，上海古籍出版社版2004年版，第256页","（亡佚）",,,"欧阳丹"
"唐","元稹","大和二年","828",,,"50","","江南东道","越州","会稽",,"浙江","绍兴市",,"120.586673","30.036519","越州刺史兼御史大夫、浙东观察史、检校礼部尚书","白居易于大和二三年间在《和微之诗二十三首》中酬和元稹《酬郑侍御东阳春闷放怀追越游见寄》诗，姑系于此。","白居易","《酬郑侍御东阳春闷放怀追越游见寄》","Poem","","周相录《元稹年谱新编》，上海古籍出版社版2004年版，第256页","（亡佚）",,,"欧阳丹"
"唐","元稹","大和二年","828",,,"50","","江南东道","越州","会稽",,"浙江","绍兴市",,"120.586673","30.036519","越州刺史兼御史大夫、浙东观察史、检校礼部尚书","白居易于大和二三年间在《和微之诗二十三首》中酬和元稹《自劝二首》诗，姑系于此。","白居易","《自劝二首》","Poem","","周相录《元稹年谱新编》，上海古籍出版社版2004年版，第256页","（亡佚）",,,"欧阳丹"
"唐","元稹","大和二年","828",,,"50","","江南东道","越州","会稽",,"浙江","绍兴市",,"120.586673","30.036519","越州刺史兼御史大夫、浙东观察史、检校礼部尚书","白居易于大和二三年间在《和微之诗二十三首》中酬和元稹《雨中花》诗，姑系于此。","白居易","《雨中花》","Poem","","周相录《元稹年谱新编》，上海古籍出版社版2004年版，第256页","（亡佚）",,,"欧阳丹"
"唐","元稹","大和二年","828",,,"50","","江南东道","越州","会稽",,"浙江","绍兴市",,"120.586673","30.036519","越州刺史兼御史大夫、浙东观察史、检校礼部尚书","白居易于大和二三年间在《和微之诗二十三首》中酬和元稹《朝回与王炼师游南山下》诗，姑系于此。","白居易","《朝回与王炼师游南山下》","Poem","","周相录《元稹年谱新编》，上海古籍出版社版2004年版，第256页","（亡佚）",,,"欧阳丹"
"唐","元稹","大和二年","828",,,"50","","江南东道","越州","会稽",,"浙江","绍兴市",,"120.586673","30.036519","越州刺史兼御史大夫、浙东观察史、检校礼部尚书","白居易于大和二三年间在《和微之诗二十三首》中酬和元稹《尝新酒》诗，姑系于此。","白居易","《尝新酒》","Poem","","周相录《元稹年谱新编》，上海古籍出版社版2004年版，第256页","（亡佚）",,,"欧阳丹"
"唐","元稹","大和二年","828",,,"50","","江南东道","越州","会稽",,"浙江","绍兴市",,"120.586673","30.036519","越州刺史兼御史大夫、浙东观察史、检校礼部尚书","白居易于大和二三年间在《和微之诗二十三首》中酬和元稹《顺之琴者》诗，姑系于此。","白居易","《顺之琴者》","Poem","","周相录《元稹年谱新编》，上海古籍出版社版2004年版，第256页","（亡佚）",,,"欧阳丹"
"唐","元稹","大和二年","828",,,"50","","江南东道","越州","会稽",,"浙江","绍兴市",,"120.586673","30.036519","越州刺史兼御史大夫、浙东观察史、检校礼部尚书","是年，元稹有诗《春深二十首》，白居易酬和《和春深二十首》，刘禹锡亦有《同乐天和微之深春二十首》。","白居易，刘禹锡","《春深二十首》","Poem","生春二十首 其一
何处生春早，春生云色中。笼葱闲著水，晻淡欲随风。度晓分霞态，馀光庇雪融。晚来低漠漠，浑欲泥幽丛。
生春二十首 其二
何处生春早，春生漫雪中。浑无到地片，唯逐入楼风。屋上些些薄，池心旋旋融。自悲销散尽，谁假入兰丛。
生春二十首 其三
何处生春早，春生霁色中。远林横返照，高树亚东风。水冻霜威庇，泥新地气融。渐知残雪薄，杪近最怜丛。
生春二十首 其四
何处生春早，春生曙火中。星围分暗陌，烟气满晴风。宫树栖鸦乱，城楼带雪融。竞排阊阖侧，珂伞自相丛。
生春二十首 其五
何处生春早，春生晓禁中。殿阶龙旆日，漏阁宝筝风。药树香烟重，天颜瑞气融。柳梅浑未觉，青紫已丛丛。
生春二十首 其六
何处生春早，春生江路中。雨移临浦市，晴候过湖风。芦笋锥犹短，凌澌玉渐融。数宗船载足，商妇两眉丛。
生春二十首 其七
何处生春早，春生野墅中。病翁闲向日，征妇懒成风。斫筤天虽暖，穿区冻未融。鞭牛县门外，争土盖蚕丛。
生春二十首 其八
何处生春早，春生冰岸中。尚怜扶腊雪，渐觉受东风。织女云桥断，波神玉貌融。便成呜咽去，流恨与莲丛。
生春二十首 其九
何处生春早，春生柳眼中。芽新才绽日，茸短未含风。绿误眉心重，黄惊蜡泪融。碧条殊未合，愁绪已先丛。
生春二十首 其十
何处生春早，春生梅援中。蕊排难犯雪，香乞拟来风。陇迥羌声怨，江遥客思融。年年最相恼，缘未有诸丛。
生春二十首 其十一
何处生春早，春生鸟思中。鹊巢移旧岁，䳒羽旋高风。鸿雁惊沙暖，鸳鸯爱水融。最怜双翡翠，飞入小梅丛。
生春二十首 其十二
何处生春早，春生池榭中。镂琼冰陷日，文縠水回风。柳爱和身动，梅愁合树融。草芽犹未出，挑得小萱丛。
生春二十首 其十三
何处生春早，春生稚戏中。乱骑残爆竹，争唾小旋风。骂雨愁妨走，呵冰喜旋融。女儿针线尽，偷学五辛丛。
生春二十首 其十四
何处生春早，春生人意中。晓妆虽近火，晴戏渐怜风。暗入心情懒，先添酒思融。预知花好恶，偏在最深丛。
生春二十首 其十五
何处生春早，春生半睡中。见灯如见雾，闻雨似闻风。开眼犹残梦，抬身便恐融。却成双翅蝶，还绕庳花丛。
生春二十首 其十六
何处生春早，春生晓镜中。手寒匀面粉，鬟动倚帘风。宿雾梅心滴，朝光幕上融。思牵梳洗懒，空拔绿丝丛。
生春二十首 其十七
何处生春早，春生绮户中。玉栊穿细日，罗幔张轻风。柳软腰支嫩，梅香密气融。独眠傍妒物，偷铲合欢丛。
生春二十首 其十八
何处生春早，春生老病中。土膏蒸足肿，天暖痒头风。似觉肌肤展，潜知血气融。又添新一岁，衰白转成丛。
生春二十首 其十九
何处生春早，春生客思中。旅魂惊北雁，乡信是东风。纵有心灰动，无由鬓雪融。未知开眼日，空绕未开丛。
生春二十首 其二十
何处生春早，春生濛雨中。裛尘微有气，拂面细如风。柳误啼珠密，梅惊粉汗融。满空愁淡淡，应豫忆芳丛。","周相录《元稹年谱新编》，上海古籍出版社版2004年版，第256页","（亡佚）",,,"欧阳丹"
"唐","元稹","大和三年","829",,,"51","","江南东道","越州","会稽","阳明洞天","浙江","绍兴市",,"120.586673","30.036519","越州刺史兼御史大夫、浙东观察史、检校礼部尚书","春，从事郑鲂自越州入京，晤白居易。春分，为祈求神灵降福，有诗。","郑鲂，白居易","《春分投阳明洞天作》","Poem","春分投简阳明洞天作
中分春一半，今日半春徂。老惜光阴甚，慵牵兴绪孤。偶成投秘简，聊得泛平湖。郡邑移仙界，山川展画图。旌旗遮屿浦，士女满闉阇。似木吴儿劲，如花越女姝。牛侬惊力直，蚕妾笑睢盱。怪我携章甫，嘲人托鹧鸪。闾阎随地胜，风俗与华殊。跣足沿流妇，丫头避役奴。雕题虽少有，鸡卜尚多巫。乡味尤珍蛤，家神爱事乌。舟船通海峤，田种绕城隅。栉比千艘合，袈裟万顷铺。亥茶阗小市，渔父隔深芦。日脚斜穿浪，云根远曳蒲。凝风花气度，新雨草芽苏。粉坏梅辞萼，红含杏缀珠。薅馀秧渐长，烧后葑犹枯。绿綟高悬柳，青钱密辫榆。驯鸥眠浅濑，惊雉迸平芜。水静王馀见，山空谢豹呼。燕狂捎蛱蝶，螟挂集蒲卢。浅碧鹤新卵，深黄鹅嫩雏。村扉以白板，寺壁耀赪糊。禹庙才离郭，陈庄恰半途。石帆何峭峣，龙瑞本萦纡。穴为探符坼，潭因失箭刳。堤形弯熨斗，峰势踊香炉。幢盖迎三洞，烟霞贮一壶。桃枝蟠复直，桑树亚还扶。鳖解称从事，松堪作大夫。荣光飘殿阁，虚籁合笙竽。庭狎仙翁鹿，池游县令凫。君心除健羡，扣寂入虚无。冈蹋翻星纪，章飞动帝枢。东皇提白日，北斗下玄都。骑吏裙皆紫，科车幰尽朱。地侯鞭社伯，海若跨天吴。雾喷雷公怒，烟扬灶鬼趋。投壶怜玉女，噀饭笑麻姑。果实经千岁，衣裳重六铢。琼杯传素液，金匕进雕胡。掌里承来露，盘中钓得鲈。菌生悲局促，柯烂觉须臾。稊米休言圣，醯鸡益伏愚。鼓鼙催瞑色，簪组缚微躯。遂别真徒侣，还来世路衢。题诗叹城郭，挥手谢妻孥。幸有桃源近，全家肯去无。","周相录《元稹年谱新编》，上海古籍出版社版2004年版，第257页；周相录《元稹集校注》，上海古籍出版社2011版，第1590页",,,,"欧阳丹"
"唐","元稹","大和三年","829",,,"51","","江南东道","越州","会稽",,"浙江","绍兴市",,"120.586673","30.036519","越州刺史兼御史大夫、浙东观察史、检校礼部尚书","夏，邀请白居易游越州，白氏思一访之，未果。","白居易",,"","","周相录《元稹年谱新编》，上海古籍出版社版2004年版，第257、263页",,,,"欧阳丹"
"唐","元稹","大和三年","829",,,"51","","江南东道","越州","会稽","桐柏崇道观","浙江","绍兴市",,"120.586673","30.036519","越州刺史兼御史大夫、浙东观察史、检校礼部尚书","是年，重修桐柏崇道观，有文记之。","","《重修桐柏观记》","Article","重修桐柏观记
岁太和己酉。修桐柏观讫事。道士徐灵府以其状乞文于余曰。有葛氏子。昔仙于吴。乃观桐柏。以神其居。葛氏既去。复荒于墟。墟有犯者。神犹祸诸。实唐睿祖。悼民之愚。乃诏郡县。厉其封隅。环四十里。无得樵苏。复观桐柏。用承厥初。俾司马氏。宅时灵都。马亦勤止。率合其徒。兵执锯铝。独持斧鈇。手缔上清。实劳我躯。棱棱巨幢。粲粲流珠。万五千言。体三其书。置之妙台。以永厥图。不及百年。忽焉而芜。芜久将坏。坏其反乎。神启密命。命友余徐。徐实何力。敢告俸馀。侯用俞止。俾来不虚。曾未讫岁。奂乎于于。乃殿乃阁。以廪以厨。始自础栋。周于墁圬。事有终始。侯其识欤。余观旧志。极其邱区。我识全圮。孰烦锱铢。克合徐志。冯陈协夫。","周相录《元稹集校注》，上海古籍出版社版2011年版第1632页",,,,
"唐","元稹","大和三年","829",,,"51","","江南东道","越州","会稽","云门寺","浙江","绍兴市",,"120.586673","30.036519","越州刺史兼御史大夫、浙东观察史、检校礼部尚书","在越期间，曾多次游览云门山云门寺，有诗，姑系于此。","","《游云门》","Poem","游云门
遥泉滴滴度更迟，秋夜霜天入竹扉。明月自随山影去，清风长送白云归。","周相录《元稹年谱新编》，上海古籍出版社版2004年版，第258、265页",,,,"欧阳丹"
"唐","元稹","大和三年","829",,,"51","","江南东道","越州","会稽","云门寺","浙江","绍兴市",,"120.586673","30.036519","越州刺史兼御史大夫、浙东观察史、检校礼部尚书","在越期间，曾多次游览云门山云门寺，有诗，姑系于此。","","《再游云门寺》","Poem","","周相录《元稹年谱新编》，上海古籍出版社版2004年版，第258、268页","（亡佚）",,,"欧阳丹"
"唐","元稹","大和三年","829",,,"51","","江南东道","越州","会稽","永安寺","浙江","绍兴市",,"120.586673","30.036519","越州刺史兼御史大夫、浙东观察史、检校礼部尚书","在越期间，曾游览龟山永安寺，有诗，姑系于此。","","《修龟山鱼池示众僧》","Poem","修龟山鱼池示众僧
劝尔诸僧好护持，不须垂钓引青丝。云山莫厌看经坐，便是浮生得道时。","周相录《元稹年谱新编》，上海古籍出版社版2004年版，第258、265页",,,,"欧阳丹"
"唐","元稹","大和三年","829",,,"51","","江南东道","越州","会稽","平水寺","浙江","绍兴市",,"120.586673","30.036519","越州刺史兼御史大夫、浙东观察史、检校礼部尚书","在越期间，曾游览平水寺，姑系于此。","",,"","","周相录《元稹年谱新编》，上海古籍出版社版2004年版，第258页",,,,"欧阳丹"
"唐","元稹","大和三年","829",,,"51","","江南东道","越州","会稽","东武亭","浙江","绍兴市",,"120.586673","30.036519","越州刺史兼御史大夫、浙东观察史、检校礼部尚书","在越期间，尝建东武亭，有诗。所辟幕僚多文士，交游甚广，姑系于此。","卢简求，裴，冯惟良，徐灵府，刘采春，赵嘏，元公度，僧直言，徐凝，韦繇。","《题醉东武》","Poem","醉题东武
役役行人事，纷纷碎簿书。功夫两衙尽，留滞七年馀。病痛梅天发，亲情海岸疏。因循未归得，不是忆鲈鱼。","周相录《元稹年谱新编》，上海古籍出版社版2004年版，第258页",,,,"欧阳丹"
"唐","元稹","大和三年","829",,,"51","","江南东道","越州","会稽",,"浙江","绍兴市",,"120.586673","30.036519","越州刺史兼御史大夫、浙东观察史、检校礼部尚书","长庆三年至大和三年间在越州曾作《和严给事闻唐昌观玉蕊花下有游仙》，姑系于此。","严休复","《和严给事闻唐昌观玉蕊花下有游仙》","Poem","和严给事闻唐昌观玉蕊花下有游仙
弄玉潜过玉树时，不教青鸟出花枝。的应未有诸人觉，只是严郎不得知。","周相录《元稹年谱新编》，上海古籍出版社版2004年版，第264页",,,,"欧阳丹"
"唐","元稹","大和三年","829",,,"51","","江南东道","越州","会稽",,"浙江","绍兴市",,"120.586673","30.036519","越州刺史兼御史大夫、浙东观察史、检校礼部尚书","长庆三年至大和三年间在越州曾作《正月十五夜呈幕中诸公》，姑系于此。","","《正月十五夜呈幕中诸公》","Poem","","周相录《元稹年谱新编》，上海古籍出版社版2004年版，第265页",,,,"欧阳丹"
"唐","元稹","大和三年","829",,,"51","","江南东道","越州","会稽",,"浙江","绍兴市",,"120.586673","30.036519","越州刺史兼御史大夫、浙东观察史、检校礼部尚书","长庆三年至大和三年间在越州曾作《感逝》，姑系于此。","","《感逝》","Poem","感逝
头白夫妻分无子，谁令兰梦感衰翁。三声啼妇卧床上，一寸断肠埋土中。蜩甲暗枯秋叶坠，燕雏新去夜巢空。情知此恨人皆有，应与暮年心不同。","周相录《元稹年谱新编》，上海古籍出版社版2004年版，第265页",,,,"欧阳丹"
"唐","元稹","大和三年","829",,,"51","","江南东道","越州","会稽",,"浙江","绍兴市",,"120.586673","30.036519","越州刺史兼御史大夫、浙东观察史、检校礼部尚书","长庆三年至大和三年间在越州曾作《妻满月日相唁》，姑系于此。","","《妻满月日相唁》","Poem","妻满月日相唁
十月辛勤一月悲，今朝相见泪淋漓。狂风落尽莫惆怅，犹胜因花压折枝。","周相录《元稹年谱新编》，上海古籍出版社版2004年版，第265页",,,,"欧阳丹"
"唐","元稹","大和三年","829",,,"51","","江南东道","越州","会稽",,"浙江","绍兴市",,"120.586673","30.036519","越州刺史兼御史大夫、浙东观察史、检校礼部尚书","长庆三年至大和三年间在越州曾作《酬周从事望海亭笺寄》，姑系于此。","周师范","《酬周从事望海亭笺寄》","Poem","酬周从事望海亭见寄
年老无流辈，行稀足薜萝。热时怜水近，高处见山多。衣袖长堪舞，喉咙转解歌。不辞狂复醉，人世有风波。","周相录《元稹年谱新编》，上海古籍出版社版2004年版，第265页",,,,"欧阳丹"
"唐","元稹","大和三年","829",,,"51","","江南东道","越州","会稽",,"浙江","绍兴市",,"120.586673","30.036519","越州刺史兼御史大夫、浙东观察史、检校礼部尚书","长庆三年至大和三年间在越州曾作《赠刘采春》，姑系于此。","刘采春","《赠刘采春》","Poem","赠刘采春
新妆巧样画双蛾，谩裹常州透额罗。正面偷匀光滑笏，缓行轻踏破纹波。言辞雅措风流足，举止低回秀媚多。更有恼人肠断处，选词能唱望夫歌。","周相录《元稹年谱新编》，上海古籍出版社版2004年版，第265页",,,,"欧阳丹"
"唐","元稹","大和三年","829",,,"51","","江南东道","越州","会稽",,"浙江","绍兴市",,"120.586673","30.036519","越州刺史兼御史大夫、浙东观察史、检校礼部尚书","长庆三年至大和三年间在越州曾作《和琵琶》，姑系于此。","","《和琵琶》","Poem","","周相录《元稹年谱新编》，上海古籍出版社版2004年版，第265页",,,,"欧阳丹"
"唐","元稹","大和三年","829",,,"51","","江南东道","越州","会稽",,"浙江","绍兴市",,"120.586673","30.036519","越州刺史兼御史大夫、浙东观察史、检校礼部尚书","长庆三年至大和三年间在越州曾作《夜花》，姑系于此。","","《夜花》","Poem","夜花
灯照露花何所似，馆娃宫殿夜妆台。","周相录《元稹年谱新编》，上海古籍出版社版2004年版，第265页",,,,"欧阳丹"
"唐","元稹","大和三年","829",,,"51","","江南东道","越州","会稽",,"浙江","绍兴市",,"120.586673","30.036519","越州刺史兼御史大夫、浙东观察史、检校礼部尚书","长庆三年至大和三年间在越州曾作《罢弊务思归故国寄知友》，姑系于此。","","《罢弊务思归故国寄知友》（残）","Poem","罢弊务思归故国寄知友
如今欲种韩康药，未卜云山第几峰。","周相录《元稹年谱新编》，上海古籍出版社版2004年版，第265页",,,,"欧阳丹"
"唐","元稹","大和三年","829",,,"51","","江南东道","越州","会稽",,"浙江","绍兴市",,"120.586673","30.036519","越州刺史兼御史大夫、浙东观察史、检校礼部尚书","长庆三年至大和三年间在越州曾作《春词》，姑系于此。","","《春词》","Poem","","周相录《元稹年谱新编》，上海古籍出版社版2004年版，第265页",,,,"欧阳丹"
"唐","元稹","大和三年","829",,,"51","","江南东道","越州","会稽",,"浙江","绍兴市",,"120.586673","30.036519","越州刺史兼御史大夫、浙东观察史、检校礼部尚书","长庆三年至大和三年间在越州曾作《刘阮妻二首》，姑系于此。","","《刘阮妻二首》","Poem","刘阮妻二首 其一
仙洞千年一度开，等闲偷入又偷回。桃花飞尽东风起，何处消沈去不来。
刘阮妻二首 其二
芙蓉脂肉绿云鬟，罨画楼台青黛山。千树桃花万年药，不知何事忆人间。","周相录《元稹年谱新编》，上海古籍出版社版2004年版，第265页",,,,"欧阳丹"
"唐","元稹","大和三年","829",,,"51","","江南东道","越州","会稽",,"浙江","绍兴市",,"120.586673","30.036519","越州刺史兼御史大夫、浙东观察史、检校礼部尚书","长庆三年至大和三年间在越州曾作《雪天》，姑系于此。","","《雪天》","Poem","雪天
故乡千里梦，往事万重悲。小雪沈阴夜，闲窗老病时。独闻归去雁，偏咏别来诗。惭愧红妆女，频惊两鬓丝。","周相录《元稹年谱新编》，上海古籍出版社版2004年版，第265页",,,,"欧阳丹"
"唐","元稹","大和三年","829",,,"51","","江南东道","越州","会稽",,"浙江","绍兴市",,"120.586673","30.036519","越州刺史兼御史大夫、浙东观察史、检校礼部尚书","长庆三年至大和三年间在越州曾作《早春书怀》，姑系于此。","","《早春书怀》","Poem","","周相录《元稹年谱新编》，上海古籍出版社版2004年版，第265页","（残）",,,"欧阳丹"
"唐","元稹","大和三年","829",,,"51","","江南东道","越州","会稽",,"浙江","绍兴市",,"120.586673","30.036519","越州刺史兼御史大夫、浙东观察史、检校礼部尚书","长庆三年至大和三年间在越州曾作《雨后书情》，姑系于此。","","《雨后书情》","Poem","雨后书情
溪上懒蒲藏钓艇，窗前新笋长渔竿。","周相录《元稹年谱新编》，上海古籍出版社版2004年版，第266页","（残）",,,"欧阳丹"
"唐","元稹","大和三年","829",,,"51","","江南东道","越州","会稽",,"浙江","绍兴市",,"120.586673","30.036519","越州刺史兼御史大夫、浙东观察史、检校礼部尚书","长庆三年至大和三年间在越州曾作《雨后感怀》，姑系于此。","","《雨后感怀》","Poem","雨后感怀
云际日光分万井，烟消山色露千峰。","周相录《元稹年谱新编》，上海古籍出版社版2004年版，第266页","（残）",,,"欧阳丹"
"唐","元稹","大和三年","829",,,"51","","江南东道","越州","会稽","法华山、天衣寺","浙江","绍兴市",,"120.586673","30.036519","越州刺史兼御史大夫、浙东观察史、检校礼部尚书","长庆三年至大和三年间在越州曾作《题法华山天衣寺》，姑系于此。","","《题法华山天衣寺》","Poem","题法华山天衣寺
马踏红尘古塞平，出门谁不为功名。到头争似栖禅客，林下无言过一生。","周相录《元稹年谱新编》，上海古籍出版社版2004年版，第266页",,,,"欧阳丹"
"唐","元稹","大和三年","829",,,"51","","江南东道","越州","会稽",,"浙江","绍兴市",,"120.586673","30.036519","越州刺史兼御史大夫、浙东观察史、检校礼部尚书","长庆三年至大和三年间在越州曾作《春游》，姑系于此。","","《春游》","Poem","春游
酒户年年减，山行渐渐难。欲终心懒慢，转恐兴阑姗。镜水波犹冷，稽峰雪尚残。不能辜物色，乍可怯春寒。远目伤千里，新年思万端。无人知此意，闲凭小栏干。","周相录《元稹年谱新编》，上海古籍出版社版2004年版，第266页",,,,"欧阳丹"
"唐","元稹","大和三年","829",,,"51","","江南东道","越州","会稽",,"浙江","绍兴市",,"120.586673","30.036519","越州刺史兼御史大夫、浙东观察史、检校礼部尚书","长庆三年至大和三年间在越州疑作《赠毛先翁并序》，姑系于此。","","《赠毛先翁并序》","Poem","赠毛仙翁
仙驾初从蓬海来，相逢又说向天台。一言亲授希微诀，三夕同倾沆瀣杯。此日临风飘羽卫，他年嘉约指盐梅。花前挥手迢遥去，目断霓旌不可陪。","周相录《元稹年谱新编》，上海古籍出版社版2004年版，第267页","（疑伪）",,,"欧阳丹"
"唐","元稹","大和三年","829",,,"51","","江南东道","越州","会稽",,"浙江","绍兴市",,"120.586673","30.036519","越州刺史兼御史大夫、浙东观察史、检校礼部尚书","长庆三年至大和三年间在越州曾作《一字至七字诗·茶》，姑系于此。","","《一字至七字诗·茶》","Poem","茶
茶，香叶，嫩芽。慕诗客，爱僧家。碾雕白玉，罗织红纱。铫煎黄蕊色，碗转曲尘花。夜后邀陪明月，晨前命对朝霞。洗尽古今人不倦，将知醉后岂堪誇。","周相录《元稹年谱新编》，上海古籍出版社版2004年版，第267页",,,,"欧阳丹"
"唐","元稹","大和三年","829",,,"51","","江南东道","越州","会稽",,"浙江","绍兴市",,"120.586673","30.036519","越州刺史兼御史大夫、浙东观察史、检校礼部尚书","长庆三年至大和三年间在越州曾作《酬乐天初冬早寒见寄》，姑系于此。","白居易","《酬乐天初冬早寒见寄》","Poem","","周相录《元稹年谱新编》，上海古籍出版社版2004年版，第267页",,,,"欧阳丹"
"唐","元稹","大和三年","829",,,"51","","江南东道","越州","会稽","金庭观","浙江","绍兴市",,"120.586673","30.036519","越州刺史兼御史大夫、浙东观察史、检校礼部尚书","长庆三年至大和三年间在越州曾作《题王右军遗迹》，姑系于此。","","《题王右军遗迹》","Poem","题王右军遗迹
生卧竹堂虚室白，逍遥松径远山青。","周相录《元稹年谱新编》，上海古籍出版社版2004年版，第268页",,,,"欧阳丹"
"唐","元稹","大和三年","829",,,"51","","江南东道","越州","会稽",,"浙江","绍兴市",,"120.586673","30.036519","越州刺史兼御史大夫、浙东观察史、检校礼部尚书","长庆三年至大和三年间在越州疑作《叹槿花》，姑系于此。","","《叹槿花》","Poem","","周相录《元稹年谱新编》，上海古籍出版社版2004年版，第268页","（亡佚）",,,"欧阳丹"
"唐","元稹","大和三年","829",,,"51","","江南东道","越州","会稽",,"浙江","绍兴市",,"120.586673","30.036519","越州刺史兼御史大夫、浙东观察史、检校礼部尚书","长庆三年至大和三年间在越州疑作《道保生三日》，姑系于此。","","《道保生三日》","Poem","","周相录《元稹年谱新编》，上海古籍出版社版2004年版，第268页","（亡佚）",,,"欧阳丹"
"唐","元稹","大和三年","829","9",,"51","","江南东道","越州","会稽",,"浙江","绍兴市",,"120.586673","30.036519","尚书左丞","诏为尚书左丞，故准备离开越州，前往长安。","",,"","","周相录《元稹年谱新编》，上海古籍出版社版2004年版，第261页",,,,"欧阳丹"
"唐","元稹","大和三年","829",,,"51","","江南东道","苏州",,"虎丘寺","江苏","苏州市",,"120.589613","31.304566","尚书左丞","赴京途中经苏州，游虎丘寺，题名，有诗纪念李端。","","《题李端》","Poem","题李端
新笋短松低晓露，晚花寒沼漾残晖。","周相录《元稹年谱新编》，上海古籍出版社版2004年版，第262页",,,,"欧阳丹"
"唐","元稹","大和三年","829",,,"51","","都畿道","河南府","洛阳",,"河南","洛阳市",,"112.460033","34.624376","尚书左丞","赴京途中经东都，与白居易相会，有诗。或此时购买韦氏履信坊宅。","白居易","《过东都别乐天二首》","Poem","过东都别乐天二首 其一
君应怪我留连久，我欲与君辞别难。白头徒侣渐稀少，明日恐君无此欢。
过东都别乐天二首 其二
自识君来三度别，这回白尽老髭须。恋君不去君须会，知得后回相见无。","周相录《元稹年谱新编》，上海古籍出版社版2004年版，第262页",,,,"欧阳丹"
"唐","元稹","大和三年","829",,,"51","","都畿道","河南府","洛阳","临都驿","河南","洛阳市",,"112.460033","34.624376","尚书左丞","临都驿与白居易相别。","白居易",,"","","周相录《元稹年谱新编》，上海古籍出版社版2004年版，第262页",,,,"欧阳丹"
"唐","元稹","大和三年","829",,,"51","","京畿道","京兆府","长安",,"陕西","西安市",,"108.946306","34.347436","尚书左丞","赴京途中疑遇腾珦，有诗，姑系于此。","腾珦","《赠致仕滕庶子先辈》","Poem","","周相录《元稹年谱新编》，上海古籍出版社版2004年版，第264页","（疑伪）",,,"欧阳丹"
"唐","元稹","大和三年","829",,,"51","","京畿道","京兆府","长安",,"陕西","西安市",,"108.946306","34.347436","尚书左丞","岁杪，至长安。冬，裴淑生子，名道护。","",,"","","周相录《元稹年谱新编》，上海古籍出版社版2004年版，第262页",,,,"欧阳丹"
"唐","元稹","大和四年","830","1",,"52","","京畿道","京兆府","长安",,"陕西","西安市",,"108.946306","34.347436","尚书左丞、检校户部尚书兼鄂州刺史、御史大夫、武昌军节度使。","除检校户部尚书、兼鄂州刺史、御史大夫、武昌节度使。诏下，妻裴淑不乐，元稹以诗慰之，裴淑亦以诗相答。","唐文宗，裴淑","《赠柔之》","Poem","赠柔之
穷冬到乡国，正岁别京华。自恨风尘眼，常看远地花。碧幢还照曜，红粉莫咨嗟。嫁得浮云婿，相随即是家。","周相录《元稹年谱新编》，上海古籍出版社版2004年版，第269页",,,,"欧阳丹"
"唐","元稹","大和四年","830",,,"52","","京畿道","京兆府","长安","浐桥","陕西","西安市",,"108.946306","34.347436","尚书左丞、检校户部尚书兼鄂州刺史、御史大夫、武昌军节度使。","离京时，刘禹锡送元稹至浐桥。","刘禹锡",,"","","周相录《元稹年谱新编》，上海古籍出版社版2004年版，第269页",,,,"欧阳丹"
"唐","元稹","大和四年","830",,,"52","","江南西道","鄂州","江夏",,"湖北","武汉市","武昌区","114.322539","30.559627","尚书左丞、检校户部尚书兼鄂州刺史、御史大夫、武昌军节度使。","至鄂州，辟窦巩为副使，卢简求为掌书记，周复为从事。与窦巩唱和。","窦巩，卢简求，周复","《戏酬副使中丞见示思韵》","Poem","戏酬副使中丞见示四韵
莫恨暂櫜鞬，交游几个全。眼明相见日，肺病欲秋天。五马虚盈枥，双蛾浪满船。可怜俱老大，无处用闲钱。","周相录《元稹年谱新编》，上海古籍出版社版2004年版，第270页",,,,"欧阳丹"
"唐","元稹","大和四年","830",,,"52","","江南西道","鄂州","江夏","黄鹤楼","湖北","武汉市","武昌区","114.322539","30.559627","尚书左丞、检校户部尚书兼鄂州刺史、御史大夫、武昌军节度使。","是年，多次登黄鹤楼宴饮赋诗，诗已亡佚。","",,"","","周相录《元稹年谱新编》，上海古籍出版社版2004年版，第270页",,,,"欧阳丹"
"唐","元稹","大和四年","830",,,"52","","江南西道","鄂州","江夏","蓝桥","湖北","武汉市","武昌区","114.322539","30.559627","尚书左丞、检校户部尚书兼鄂州刺史、御史大夫、武昌军节度使。","是年，出镇武昌时，感怀有诗，姑系于此。","","《蓝桥怀旧》","Poem","","周相录《元稹年谱新编》，上海古籍出版社版2004年版，第271页","（亡佚）",,,"欧阳丹"
"唐","元稹","大和四年","830",,,"52","","江南西道","鄂州","江夏",,"湖北","武汉市","武昌区","114.322539","30.559627","尚书左丞、检校户部尚书兼鄂州刺史、御史大夫、武昌军节度使。","是年，徐凝来访。在武昌遇见崔元儒，有诗。","徐凝，崔元儒","《赠崔元儒》","Poem","赠崔元儒
殷勤夏口阮元瑜，二十年前旧饮徒。最爱轻欺杏园客，也曾辜负酒家胡。些些风景闲犹在，事事颠狂老渐无。今日头盘三两掷，翠娥潜笑白髭须。","周相录《元稹年谱新编》，上海古籍出版社版2004年版，第271页",,,,"欧阳丹"
"唐","元稹","大和五年","831",,,"53","","江南西道","鄂州","江夏",,"湖北","武汉市","武昌区","114.322539","30.559627","尚书左丞、检校户部尚书兼鄂州刺史、御史大夫、武昌军节度使。","春或夏，白居易子崔儿夭折，以诗报元稹。","白居易",,"","","周相录《元稹年谱新编》，上海古籍出版社版2004年版，第271页",,,,"欧阳丹"
"唐","元稹","大和五年","831",,,"53","","江南西道","鄂州","江夏",,"湖北","武汉市","武昌区","114.322539","30.559627","尚书左丞、检校户部尚书兼鄂州刺史、御史大夫、武昌军节度使。","夏，求蜀琴于李德裕。","李德裕",,"","","周相录《元稹年谱新编》，上海古籍出版社版2004年版，第271页",,,,"欧阳丹"
"唐","元稹","大和五年","831","7","22","53","","江南西道","鄂州","江夏",,"湖北","武汉市","武昌区","114.322539","30.559627","尚书右仆射","元稹遇暴疾而卒，赠尚书右仆射。","",,"","","周相录《元稹年谱新编》，上海古籍出版社版2004年版，第272页",,,,"欧阳丹"
"唐","元稹","大和五年","831",,,"53","","江南西道","鄂州","江夏",,"湖北","武汉市","武昌区","114.322539","30.559627","尚书右仆射",,"","《元氏类集》","Article","刘氏馆集隐客归和子元及之子蒙晦之
湿垫缘竹径，寥落护岸冰。偶然沽市酒，不越四五升。诗客爱时景，道人话升腾。笑言各有趣，悠哉古孙登。","周相录《元稹年谱新编》，上海古籍出版社版2004年版，第274页",,,,"欧阳丹"
"唐","元稹","大和五年","831",,,"53","","江南西道","鄂州","江夏",,"湖北","武汉市","武昌区","114.322539","30.559627","尚书右仆射","卒前，疑作《元稹制集》，姑系于此。","","《元稹制集》","Article","","周相录《元稹年谱新编》，上海古籍出版社版2004年版，第274页",,,,"欧阳丹"
"唐","元稹",,"-100000",,,"","",,,,,,,,"0","0",,"元稹生前曾作《寄旧诗与薛涛因成长句》，无法编年，姑系于此。","","《寄旧诗与薛涛因成长句》","Poem","","周相录《元稹年谱新编》，上海古籍出版社版2004年版，第282页","（疑伪）",,,"欧阳丹"
"唐","元稹",,"-100000",,,"","",,,,,,,,"0","0",,"元稹生前曾作《冬夜怀李侍御王太祝段丞》，无法编年，姑系于此。","","《冬夜怀李侍御王太祝段丞》","Poem","冬夜怀李侍御王太祝段丞
浩露烟壒尽，月光閒有馀。松篁细阴影，重以帘牖疏。泛览星粲粲，轻河悠碧虚。纤云不成叶，脉脉风丝舒。丹灶炽东序，烧香罗玉书。飘飘魂神举，若骖鸾鹤舆。感念夙昔意，华尚簪与裾。簪裾讵几许，累创吞钩鱼。今闻馨香道，一以悟臭帤。悟觉誓不惑，永抱胎仙居。昼夜欣所适，安知岁云除。行行二三友，君怀复何如。","周相录《元稹年谱新编》，上海古籍出版社版2004年版，第282页",,,,"欧阳丹"
"唐","元稹",,"-100000",,,"","",,,,,,,,"0","0",,"元稹生前曾作《酬段丞与诸棋流会宿弊居赠二十四韵》，无法编年，姑系于此。","","《酬段丞与诸棋流会宿弊居赠二十四韵》","Poem","酬段丞与诸棋流会宿弊居见赠二十四韵
鸣局宁虚日，闲窗任废时。琴书甘尽弃，园井讵能窥。运石疑填海，争筹忆坐帷。赤心方苦斗，红烛已先施。蛇势萦山合，鸿联度岭迟。堂堂排直阵，衮衮逼羸师。悬劫偏深猛，回征特险巇。旁攻百道进，死战万般为。异日玄黄队，今宵黑白棋。斫营看迥点，对垒重相持。善败虽称怯，骄盈最易欺。狼牙当必碎，虎口祸难移。乘胜同三捷，扶颠望一词。希因送目便，敢恃指纵奇。退引防边策，雄吟斩将诗。眠床都浪置，通夕共忘疲。晓雉风传角，寒丛雪压枝。繁星收玉版，残月耀冰池。僧请闻钟粥，宾催下药卮。兽炎馀炭在，蜡泪短光衰。俛仰嗟陈迹，殷勤卜后期。公私牵去住，车马各支离。分作终身癖，兼从是事隳。此中无限兴，唯怕俗人知。","周相录《元稹年谱新编》，上海古籍出版社版2004年版，第282页",,,,"欧阳丹"
"唐","元稹",,"-100000",,,"","",,,,,,,,"0","0",,"元稹生前曾作《西斋小松二首》，无法编年，姑系于此。","","《西斋小松二首》","Poem","西斋小松二首 其一
松树短于我，清风亦已多。况乃枝上雪，动摇微月波。幽姿得閒地，讵感岁蹉跎。但恐厦终构，藉君当奈何。
西斋小松二首 其二
簇簇枝新黄，纤纤攒素指。柔苙渐依条，短莎还半委。清风日夜高，凌云意何已。千岁盘老龙，修鳞自兹始。","周相录《元稹年谱新编》，上海古籍出版社版2004年版，第282页",,,,"欧阳丹"
"唐","元稹",,"-100000",,,"","",,,,,,,,"0","0",,"元稹生前曾作《高荷》，无法编年，姑系于此。","","《高荷》","Poem","高荷
种藕百馀根，高荷才四叶。飐闪碧云扇，团圆青玉叠。亭亭自抬举，鼎鼎难藏擪。不学著水荃，一生长怗怗。","周相录《元稹年谱新编》，上海古籍出版社版2004年版，第282页",,,,"欧阳丹"
"唐","元稹",,"-100000",,,"","",,,,,,,,"0","0",,"元稹生前曾作《和裴校书鹭鸶飞》，无法编年，姑系于此。","","《和裴校书鹭鸶飞》","Poem","和裴校书鹭鸶飞
鹭鸶鹭鸶何遽飞，鸦惊雀噪难久依。清江见底草堂在，一点白光终不归。","周相录《元稹年谱新编》，上海古籍出版社版2004年版，第282页",,,,"欧阳丹"
"唐","元稹",,"-100000",,,"","",,,,,,,,"0","0",,"元稹生前曾作《赋得鱼登龙门》，无法编年，姑系于此。","","《赋得鱼登龙门》","Poem","赋得鱼登龙门
鱼贯终何益，龙门在苦登。有成当作雨，无用耻为鹏。激浪诚难溯，雄心亦自凭。风云潜会合，鬐鬣忽腾凌。泥滓辞河浊，烟霄见海澄。回瞻顺流辈，谁敢望同升。","周相录《元稹年谱新编》，上海古籍出版社版2004年版，第282页",,,,"欧阳丹"
"唐","元稹",,"-100000",,,"","",,,,,,,,"0","0",,"元稹生前曾作《夜池》，无法编年，姑系于此。","","《夜池》","Poem","夜池
荷叶团团茎削削，绿萍面上红衣落。满池明月思啼螀，高屋无人风张幕。","周相录《元稹年谱新编》，上海古籍出版社版2004年版，第282页",,,,"欧阳丹"
"唐","元稹",,"-100000",,,"","",,,,,,,,"0","0",,"元稹生前曾作《落月》，无法编年，姑系于此。","","《落月》","Poem","落月
落月沈馀影，阴渠流暗光。蚊声霭窗户，萤火绕屋梁。飞幌翠云薄，新荷清露香。不吟复不寐，竟夕池水傍。","周相录《元稹年谱新编》，上海古籍出版社版2004年版，第282页",,,,"欧阳丹"
"唐","元稹",,"-100000",,,"","",,,,,,,,"0","0",,"元稹生前曾作《晚秋》，无法编年，姑系于此。","","《晚秋》","Poem","晚秋
竹露滴寒声，离人晓思惊。酒醒秋簟冷，风急夏衣轻。寝倦解幽梦，虑闲添远情。谁怜独欹枕，斜月透窗明。","周相录《元稹年谱新编》，上海古籍出版社版2004年版，第282页",,,,"欧阳丹"
"唐","元稹",,"-100000",,,"","",,,,,,,,"0","0",,"元稹生前曾作《忆杨十二》（杨子爱言诗），无法编年，姑系于此。","","《忆杨十二》（杨子爱言诗）","Poem","忆杨十二
杨子爱言诗，春天好咏时。恋花从马滞，联句放杯迟。日映含烟竹，风牵卧柳丝。南山更多兴，须作白云期。","周相录《元稹年谱新编》，上海古籍出版社版2004年版，第282页",,,,"欧阳丹"
"唐","元稹",,"-100000",,,"","",,,,,,,,"0","0",,"元稹生前曾作《忆杨十二》（去是芍药才堪赠），无法编年，姑系于此。","","《忆杨十二》（去是芍药才堪赠）","Poem","","周相录《元稹年谱新编》，上海古籍出版社版2004年版，第282页",,,,"欧阳丹"
"唐","元稹",,"-100000",,,"","",,,,,,,,"0","0",,"元稹生前曾作《夜和》，无法编年，姑系于此。","","《夜和》","Poem","","周相录《元稹年谱新编》，上海古籍出版社版2004年版，第282页",,,,"欧阳丹"
"唐","元稹",,"-100000",,,"","",,,,,,,,"0","0",,"元稹生前曾作《早归》，无法编年，姑系于此。","","《早归》","Poem","早归
春静晓风微，凌晨带酒归。远山笼宿雾，高树影朝晖。饮马鱼惊水，穿花露滴衣。娇莺似相恼，含啭傍人飞。","周相录《元稹年谱新编》，上海古籍出版社版2004年版，第282页",,,,"欧阳丹"
"唐","元稹",,"-100000",,,"","",,,,,,,,"0","0",,"元稹生前曾作《春病》，无法编年，姑系于此。","","《春病》","Poem","春病
病来闲卧久，因见静时心。残月晓窗迥，落花幽院深。望山移坐榻，行药步墙阴。车马门前度，遥闻哀苦吟。","周相录《元稹年谱新编》，上海古籍出版社版2004年版，第282页",,,,"欧阳丹"
"唐","元稹",,"-100000",,,"","",,,,,,,,"0","0",,"元稹生前曾作《悟禅三首寄胡果》，无法编年，姑系于此。","","《悟禅三首寄胡果》","Poem","悟禅三首寄胡果 其一
近闻胡隐士，潜认得心王。不恨百年促，翻悲万劫长。有修终有限，无事亦无殃。慎莫通方便，应机不顿忘。
悟禅三首寄胡果 其二
百年都几日，何事苦嚣然。晚岁倦为学，闲心易到禅。病宜多宴坐，贫似少攀缘。自笑无名字，因名自在天。
悟禅三首寄胡果 其三
近见新章句，因知见在心。春游晋祠水，晴上霍山岑。问法僧当偈，还丹客赠金。莫惊头欲白，禅观老弥深。","周相录《元稹年谱新编》，上海古籍出版社版2004年版，第282页",,,,"欧阳丹"
"唐","元稹",,"-100000",,,"","",,,,,,,,"0","0",,"元稹生前曾作《夜饮》，无法编年，姑系于此。","","《夜饮》","Poem","夜饮
灯火隔帘明，竹梢风雨声。诗篇随意赠，杯酒越巡行。漫唱江朝曲，闲徵药草名。莫辞终夜饮，朝起又营营。","周相录《元稹年谱新编》，上海古籍出版社版2004年版，第282页",,,,"欧阳丹"
"唐","元稹",,"-100000",,,"","",,,,,,,,"0","0",,"元稹生前曾作《岁日》，无法编年，姑系于此。","","《岁日》","Poem","岁日
一日今年始，一年前事空。凄凉百年事，应与一年同。","周相录《元稹年谱新编》，上海古籍出版社版2004年版，第282页",,,,"欧阳丹"
"唐","元稹",,"-100000",,,"","",,,,,,,,"0","0",,"元稹生前曾作《独游》，无法编年，姑系于此。","","《独游》","Poem","独游
远地难逢侣，闲人且独行。上山随老鹤，接酒待残莺。花当西施面，泉胜卫玠清。鹈鹕满春野，无限好同声。","周相录《元稹年谱新编》，上海古籍出版社版2004年版，第282页",,,,"欧阳丹"
"唐","元稹",,"-100000",,,"","",,,,,,,,"0","0",,"元稹生前曾作《指巡胡》，无法编年，姑系于此。","","《指巡胡》","Poem","指巡胡
遣闷多凭酒，公心只仰胡。挺身唯直指，无意独欺愚。","周相录《元稹年谱新编》，上海古籍出版社版2004年版，第282页",,,,"欧阳丹"
"唐","元稹",,"-100000",,,"","",,,,,,,,"0","0",,"元稹生前曾作《晚春》，无法编年，姑系于此。","","《晚春》","Poem","晚春
昼静帘疏燕语频，双双斗雀动阶尘。柴扉日暮随风掩，落尽闲花不见人。","周相录《元稹年谱新编》，上海古籍出版社版2004年版，第282页",,,,"欧阳丹"
"唐","元稹",,"-100000",,,"","",,,,,,,,"0","0",,"元稹生前曾作《古寺》，无法编年，姑系于此。","","《古寺》","Poem","古寺
古寺春馀日半斜，竹风萧爽胜人家。花时不到有花院，意在寻僧不在花。","周相录《元稹年谱新编》，上海古籍出版社版2004年版，第282页",,,,"欧阳丹"
"唐","元稹",,"-100000",,,"","",,,,,,,,"0","0",,"元稹生前曾作《定僧》，无法编年，姑系于此。","","《定僧》","Poem","定僧
落魄闲行不著家，遍寻春寺赏年华。野僧偶向花前定，满树狂风满树花。","周相录《元稹年谱新编》，上海古籍出版社版2004年版，第282页",,,,"欧阳丹"
"唐","元稹",,"-100000",,,"","",,,,,,,,"0","0",,"元稹生前曾作《观心处》，无法编年，姑系于此。","","《观心处》","Poem","观心处
满坐喧喧笑语频，独怜方丈了无尘。灯前便是观心处，要似观心有几人。","周相录《元稹年谱新编》，上海古籍出版社版2004年版，第282页",,,,"欧阳丹"
"唐","元稹",,"-100000",,,"","",,,,,,,,"0","0",,"元稹生前曾作《香球》，无法编年，姑系于此。","","《香球》","Poem","香毬
顺俗唯团转，居中莫动摇。爱君心不恻，犹讶火长烧。","周相录《元稹年谱新编》，上海古籍出版社版2004年版，第282页",,,,"欧阳丹"
"唐","元稹",,"-100000",,,"","",,,,,,,,"0","0",,"元稹生前曾作《南家桃》，无法编年，姑系于此。","","《南家桃》","Poem","南家桃
南家桃树深红色，日照露光看不得。树小花狂风易吹，一夜风吹满墙北。离人自有经时别，眼前落花心叹息。更待明年花满枝，一年迢递空相忆。","周相录《元稹年谱新编》，上海古籍出版社版2004年版，第282页",,,,"欧阳丹"
"唐","元稹",,"-100000",,,"","",,,,,,,,"0","0",,"元稹生前曾作《志坚师》，无法编年，姑系于此。","","《志坚师》","Poem","志坚师
嵩山老僧披破衲，七十八年三十腊。灵武朝天辽海征，宇宙曾行三四匝。初因怏怏薙却头，便绕嵩山寂师塔。淮西未返半年前，已见淮西阵云合。","周相录《元稹年谱新编》，上海古籍出版社版2004年版，第282页",,,,"欧阳丹"
"唐","元稹",,"-100000",,,"","",,,,,,,,"0","0",,"元稹生前曾作《夜别筵》，无法编年，姑系于此。","","《夜别筵》","Poem","夜别筵
夜长酒阑灯花长，灯花落地复落床。似我别泪三四行，滴君满坐之衣裳。与君别后泪痕在，年年著衣心莫改。","周相录《元稹年谱新编》，上海古籍出版社版2004年版，第282页",,,,"欧阳丹"
"唐","元稹",,"-100000",,,"","",,,,,,,,"0","0",,"元稹生前曾作《八月十四日夜玩月》，无法编年，姑系于此。","","《八月十四日夜玩月》","Poem","八月十四日夜玩月
犹欠一宵轮未满，紫霞红衬碧云端。谁能唤得姮娥下，引向堂前子细看。","周相录《元稹年谱新编》，上海古籍出版社版2004年版，第282页",,,,"欧阳丹"
"唐","元稹",,"-100000",,,"","",,,,,,,,"0","0",,"元稹生前曾作《寒食夜》，无法编年，姑系于此。","","《寒食夜》","Poem","寒食夜
红染桃花雪压梨，玲珑鸡子斗赢时。今年不是明寒食，暗地鞦韆别有期。","周相录《元稹年谱新编》，上海古籍出版社版2004年版，第282页",,,,"欧阳丹"
"唐","元稹",,"-100000",,,"","",,,,,,,,"0","0",,"元稹生前曾作《逢白公》，无法编年，姑系于此。","白居易","《逢白公》","Poem","逢白公
远路事无限，相逢唯一言。月色照荣辱，长安千万门。","周相录《元稹年谱新编》，上海古籍出版社版2004年版，第282页","（疑伪）",,,"欧阳丹"
"唐","元稹",,"-100000",,,"","",,,,,,,,"0","0",,"元稹生前曾作《酬白太傅》，无法编年，姑系于此。","白居易","《酬白太傅》","Poem","酬白太傅
太空秋色凉，独鸟下微阳。三径池塘静，六街车马忙。渐能高酒户，始是入诗狂。官冷且无事，追陪慎莫忘。","周相录《元稹年谱新编》，上海古籍出版社版2004年版，第282页","（伪）",,,"欧阳丹"
"唐","元稹",,"-100000",,,"","",,,,,,,,"0","0",,"元稹生前曾作《曹十九舞绿钿》，无法编年，姑系于此。","","《曹十九舞绿钿》","Poem","曹十九舞绿钿
急管清弄频，舞衣才揽结。含情独摇手，双袖参差列。騕袅柳牵丝，炫转风回雪。凝眄娇不移，往往度繁节。","周相录《元稹年谱新编》，上海古籍出版社版2004年版，第282页",,,,"欧阳丹"
"唐","元稹",,"-100000",,,"","",,,,,,,,"0","0",,"元稹生前曾作《月暗》，无法编年，姑系于此。","","《月暗》","Poem","月暗
月暗灯残面墙泣，罗缨斗重知啼湿。真珠帘断蝙蝠飞，燕子巢空萤火入。深殿门重夜漏严，柔□□□□年急。君王掌上容一人，更有轻身何处立。","周相录《元稹年谱新编》，上海古籍出版社版2004年版，第282页",,,,"欧阳丹"
"唐","元稹",,"-100000",,,"","",,,,,,,,"0","0",,"元稹生前曾作《代九九》，无法编年，姑系于此。","","《代九九》","Poem","代九九
昔年桃李月，颜色共花宜。回脸莲初破，低蛾柳并垂。望山多倚树，弄水爱临池。远被登楼识，潜因倒影窥。隔林徒想像，上砌转逶迤。谩掷庭中果，虚攀墙外枝。强持文玉佩，求结麝香缡。阿母怜金重，亲兄要马骑。把将娇小女，嫁与冶游儿。自隐勤勤索，相要事事随。每常同坐卧，不省暂参差。才学羞兼妒，何言宠便移。青春来易皎，白日誓先亏。僻性嗔来见，邪行醉后知。别床铺枕席，当面指瑕疵。妾貌应犹在，君情遽若斯。的成终世恨，焉用此宵为。鸾镜灯前扑，鸳衾手下隳。参商半夜起，琴瑟一声离。努力新丛艳，狂风次第吹。","周相录《元稹年谱新编》，上海古籍出版社版2004年版，第283页",,,,"欧阳丹"
"唐","元稹",,"-100000",,,"","",,,,,,,,"0","0",,"元稹生前曾作《舞腰》，无法编年，姑系于此。","","《舞腰》","Poem","舞腰
裙裾旋旋手迢迢，不趁音声自趁娇。未必诸郎知曲误，一时偷眼为回腰。","周相录《元稹年谱新编》，上海古籍出版社版2004年版，第283页",,,,"欧阳丹"
"唐","元稹",,"-100000",,,"","",,,,,,,,"0","0",,"元稹生前曾作《友封体》，无法编年，姑系于此。","","《友封体》","Poem","友封体
雨送浮凉夏簟清，小楼腰褥怕单轻。微风暗度香囊转，胧月斜穿隔子明。桦烛燄高黄耳吠，柳堤风静紫骝声。频频闻动中门锁，桃叶知嗔未敢迎。","周相录《元稹年谱新编》，上海古籍出版社版2004年版，第283页",,,,"欧阳丹"
"唐","元稹",,"-100000",,,"","",,,,,,,,"0","0",,"元稹生前曾作《看花》，无法编年，姑系于此。","","《看花》","Poem","看花
努力少年求好官，好花须是少年看。君看老大逢花树，未折一枝心已阑。","周相录《元稹年谱新编》，上海古籍出版社版2004年版，第283页",,,,"欧阳丹"
"唐","元稹",,"-100000",,,"","",,,,,,,,"0","0",,"元稹生前曾作《有所教》，无法编年，姑系于此。","","《有所教》","Poem","有所教
莫画长眉画短眉，斜红伤竖莫伤垂。人人总解争时势，都大须看各自宜。","周相录《元稹年谱新编》，上海古籍出版社版2004年版，第283页",,,,"欧阳丹"
"唐","元稹",,"-100000",,,"","",,,,,,,,"0","0",,"元稹生前曾作《桃源行》，无法编年，姑系于此。","","《桃源行》","Poem","","周相录《元稹年谱新编》，上海古籍出版社版2004年版，第283页","（拟题）",,,"欧阳丹"
"唐","元稹",,"-100000",,,"","",,,,,,,,"0","0",,"元稹生前曾作《书情》，无法编年，姑系于此。","","《书情》","Poem","","周相录《元稹年谱新编》，上海古籍出版社版2004年版，第283页","（拟题）",,,"欧阳丹"
"唐","元稹",,"-100000",,,"","",,,,,,,,"0","0",,"元稹生前曾作《咏李花》，无法编年，姑系于此。","","《咏李花》","Poem","咏李花
苇绡开万朵。","周相录《元稹年谱新编》，上海古籍出版社版2004年版，第283页","（拟题）",,,"欧阳丹"
"唐","元稹",,"-100000",,,"","",,,,,,,,"0","0",,"元稹生前曾作《送晏秀才归江陵》，无法编年，姑系于此。","","《送晏秀才归江陵》","Poem","送晏秀才归江陵
长堤纤草河边绿，近郭新莺竹里啼。","周相录《元稹年谱新编》，上海古籍出版社版2004年版，第283页",,,,"欧阳丹"
"唐","元稹",,"-100000",,,"","",,,,,,,,"0","0",,"元稹生前曾作《送刘秀才归江陵》，无法编年，姑系于此。","","《送刘秀才归江陵》","Poem","送刘秀才归江陵
花间祖席离人醉，水上归帆落日行。","周相录《元稹年谱新编》，上海古籍出版社版2004年版，第283页",,,,"欧阳丹"
"唐","元稹",,"-100000",,,"","",,,,,,,,"0","0",,"元稹生前曾作《雨后感情》，无法编年，姑系于此。","","《雨后感情》","Poem","雨后感情
瓮开白酒花间醉，帘卷青山雨后看。","周相录《元稹年谱新编》，上海古籍出版社版2004年版，第283页",,,,"欧阳丹"
"唐","元稹",,"-100000",,,"","",,,,,,,,"0","0",,"元稹生前曾作《蔷薇》，无法编年，姑系于此。","","《蔷薇》","Poem","蔷薇
千重密叶侵阶绿，万朵闲花向日红。","周相录《元稹年谱新编》，上海古籍出版社版2004年版，第283页",,,,"欧阳丹"
"唐","元稹",,"-100000",,,"","",,,,,,,,"0","0",,"元稹生前曾作《送故人归府》，无法编年，姑系于此。","","《送故人归府》","Poem","送故人归府
落日樽前添别思，碧潭滩上荻花秋。","周相录《元稹年谱新编》，上海古籍出版社版2004年版，第283页",,,,"欧阳丹"
"唐","元稹",,"-100000",,,"","",,,,,,,,"0","0",,"元稹生前曾作《旅舍感怀》，无法编年，姑系于此。","","《旅舍感怀》","Poem","旅舍感怀
因依客路烟波上，迢递乡心夜梦中。","周相录《元稹年谱新编》，上海古籍出版社版2004年版，第283页","（残）",,,"欧阳丹"
"唐","元稹",,"-100000",,,"","",,,,,,,,"0","0",,"元稹生前曾作《闭门即事》，无法编年，姑系于此。","","《闭门即事》","Poem","闭门即事
数竿修竹衡门里，一径松杉落日中。","周相录《元稹年谱新编》，上海古籍出版社版2004年版，第283页","（残）",,,"欧阳丹"
"唐","元稹",,"-100000",,,"","",,,,,,,,"0","0",,"元稹生前曾作《宫词》，无法编年，姑系于此。","","《宫词》","Poem","宫词
外人不识承恩处，唯有罗衣染御香。","周相录《元稹年谱新编》，上海古籍出版社版2004年版，第283页","（残）",,,"欧阳丹"
"唐","元稹",,"-100000",,,"","",,,,,,,,"0","0",,"元稹生前曾作《拗花》，无法编年，姑系于此。","","《拗花》","Poem","拗花
试问酒旗歌板地，今朝谁是拗花人。","周相录《元稹年谱新编》，上海古籍出版社版2004年版，第283页","（残）",,,"欧阳丹"
"唐","元稹",,"-100000",,,"","",,,,,,,,"0","0",,"元稹生前曾作《山茶花》，无法编年，姑系于此。","","《山茶花》","Poem","山茶花
冷蝶寒蜂尚未来。","周相录《元稹年谱新编》，上海古籍出版社版2004年版，第283页","（残）",,,"欧阳丹"
"唐","元稹",,"-100000",,,"","",,,,,,,,"0","0",,"元稹生前曾作《咏莺》，无法编年，姑系于此。","","《咏莺》","Poem","咏莺
天下金衣侣，还能贶草莱。风流晋王谢，言语汉邹枚。公等久安在，今从何处来？山禽正嘈杂，慰我日徘徊。","周相录《元稹年谱新编》，上海古籍出版社版2004年版，第283页",,,,"欧阳丹"
"唐","元稹",,"-100000",,,"","",,,,,,,,"0","0",,"元稹生前曾作《石榴花》，无法编年，姑系于此。","","《石榴花》","Poem","石榴花
寥落山榴深映叶，红霞浅带碧霄云。曲尘枝下年年见，别似衣裳不似裙。","周相录《元稹年谱新编》，上海古籍出版社版2004年版，第283页",,,,"欧阳丹"
"唐","元稹",,"-100000",,,"","",,,,,,,,"0","0",,"元稹生前曾作《八骏图》，无法编年，姑系于此。","","《八骏图》","Poem","八骏图诗
穆满志空阔，将行九州野。神驭四来归，天与八骏马。龙种无凡性，龙行无暂舍。朝辞扶桑底，暮宿昆崙下。鼻息吼春雷，蹄声裂寒瓦。尾掉沧波黑，汗染白云赭。华辀本修密，翠盖尚妍冶。御者挽不移，乘者寐不假。车无轮扁斲，辔无王良把。虽有万骏来，谁是敢骑者。","周相录《元稹年谱新编》，上海古籍出版社版2004年版，第283页",,,,"欧阳丹"
"唐","元稹",,"-100000",,,"","",,,,,,,,"0","0",,"元稹生前曾作《金珰玉佩歌》，无法编年，姑系于此。","","《金珰玉佩歌》","Poem","","周相录《元稹年谱新编》，上海古籍出版社版2004年版，第283页",,,,"欧阳丹"
"唐","元稹",,"-100000",,,"","",,,,,,,,"0","0",,"白居易得知元稹辞世，作诗哀之。李德裕赋诗二篇悼念元稹。卒前，托白居易撰墓志铭。三兄积及侄某等营办丧事。灵柩北返，十月经洛阳，白居易为文以祭之。冬，李德裕又作《忆金门旧游奉寄江西李（沈）大夫》悼念元稹及韦处厚、杜元颖等。元稹卒后，窦巩即卸职北返，至京，卒。","",,"","","周相录《元稹年谱新编》，上海古籍出版社版2004年版，第272-274页",,,,"欧阳丹"
"唐","元稹","大和六年（卒后一年）","832","7",,"","",,,,,,,,"0","0",,"七月，葬于咸阳县奉贤乡洪渡原。","",,"","","周相录《元稹年谱新编》，上海古籍出版社版2004年版，第274页",,,,"欧阳丹"
"唐","元稹","大和六年（卒后一年）","832","8",,"","",,,,,,,,"0","0",,"八月，白居易以元稹墓志之润笔六七十万钱为修香山寺之费，并以《修香山寺记》以记之。","",,"","","周相录《元稹年谱新编》，上海古籍出版社版2004年版，第274页",,,,"欧阳丹"
,"元稹","北宋大中祥符九年（卒后一百八十五年）","1016",,,"","",,,,,,,,"0","0",,"宋真宗以元稹七世孙台州司马。","",,"","","周相录《元稹年谱新编》，上海古籍出版社版2004年版，第276页",,,,"欧阳丹"