朝代,作家,皇帝年号及干支,年份,月,日,年岁,活动分期,活动地道、路,州,县,地点名胜,省,市,县,经度,纬度,任职官名,活动内容或创作缘起,交游者姓名,系年作品,系年作品文体,作品内容,材料来源,页码,备注1,备注2,录入者
"唐","陆龟蒙","文宗大和四年庚戌","830",,,"1","","江南东道","苏州","长洲",,"江苏","苏州市",,"120.589613","31.304566",,"或生于本年。本表所列年岁为虚拟数，非实数。","",,"","","李福标《皮陆年谱》，中山大学出版社2011年版。第57页",,,,"王秀林"
"唐","陆龟蒙","文宗大和五年辛亥","831",,,"2","","江南东道","苏州","长洲",,"江苏","苏州市",,"120.589613","31.304566",,"在故乡长洲家居","",,"","","李福标《皮陆年谱》，中山大学出版社2011年版。第62页",,,,"王秀林"
"唐","陆龟蒙","文宗大和六年壬子","832",,,"3","","江南东道","苏州","长洲",,"江苏","苏州市",,"120.589613","31.304566",,"在故乡长洲家居","",,"","","李福标《皮陆年谱》，中山大学出版社2011年版。第62页",,,,"王秀林"
"唐","陆龟蒙","文宗大和七年癸丑","833",,,"4","","江南东道","苏州","长洲",,"江苏","苏州市",,"120.589613","31.304566",,"在故乡长洲家居","",,"","","李福标《皮陆年谱》，中山大学出版社2011年版。第62页",,,,"王秀林"
"唐","陆龟蒙","文宗大和八年甲寅","834",,,"5","","江南东道","苏州","长洲",,"江苏","苏州市",,"120.589613","31.304566",,"在故乡长洲家居","",,"","","李福标《皮陆年谱》，中山大学出版社2011年版。第64页",,,,"王秀林"
"唐","陆龟蒙","文宗大和九年乙卯","835",,,"6","","江南东道","苏州","长洲",,"江苏","苏州市",,"120.589613","31.304566",,"在故乡长洲家居","",,"","","李福标《皮陆年谱》，中山大学出版社2011年版。第69页",,,,"王秀林"
"唐","陆龟蒙","文宗开成元年丙辰","836",,,"7","","江南东道","苏州","长洲",,"江苏","苏州市",,"120.589613","31.304566",,"在故乡长洲家居","",,"","","李福标《皮陆年谱》，中山大学出版社2011年版。第70页",,,,"王秀林"
"唐","陆龟蒙","文宗开成二年丁巳","837",,,"8","","江南东道","苏州","长洲",,"江苏","苏州市",,"120.589613","31.304566",,"在故乡长洲家居陆龟蒙父陆宾虞在校书郎任","",,"","","李福标《皮陆年谱》，中山大学出版社2011年版。第71页",,,,"王秀林"
"唐","陆龟蒙","文宗开成三年戊午","838",,,"9","","江南东道","苏州","长洲",,"江苏","苏州市",,"120.589613","31.304566",,"在故乡长洲家居","",,"","","李福标《皮陆年谱》，中山大学出版社2011年版。第71页",,,,"王秀林"
"唐","陆龟蒙","文宗开成四年己未","839",,,"10","","江南西道","宣州","潥阳",,"江苏","常州市","溧阳市","119.491108","31.421755",,"陆龟蒙大概随父在潥阳，闻孟郊故事于白头书佐","",,"","","李福标《皮陆年谱》，中山大学出版社2011年版。第72页",,,,"王秀林"
"唐","陆龟蒙","文宗开成五年庚申","840",,,"11","","江南东道","苏州","长洲",,"江苏","苏州市",,"120.589613","31.304566",,"在故乡长洲家居","",,"","","李福标《皮陆年谱》，中山大学出版社2011年版。第73页",,,,"王秀林"
"唐","陆龟蒙","武宗会昌元年辛酉","841",,,"12","","江南东道","苏州","长洲",,"江苏","苏州市",,"120.589613","31.304566",,"在故乡长洲家居","",,"","","李福标《皮陆年谱》，中山大学出版社2011年版。第73页",,,,"王秀林"
"唐","陆龟蒙","武宗会昌二年壬戌","842",,,"13","","江南东道","苏州","长洲",,"江苏","苏州市",,"120.589613","31.304566",,"在故乡长洲家居","",,"","","李福标《皮陆年谱》，中山大学出版社2011年版。第75页",,,,"王秀林"
"唐","陆龟蒙","武宗会昌三年癸亥","843",,,"14","","江南东道","苏州","长洲",,"江苏","苏州市",,"120.589613","31.304566",,"在故乡长洲家居","",,"","","李福标《皮陆年谱》，中山大学出版社2011年版。第75页",,,,"王秀林"
"唐","陆龟蒙","武宗会昌四年甲子","844",,,"15","","江南东道","苏州","长洲",,"江苏","苏州市",,"120.589613","31.304566",,"在故乡长洲家居","",,"","","李福标《皮陆年谱》，中山大学出版社2011年版。第76页",,,,"王秀林"
"唐","陆龟蒙","武宗会昌五年乙丑","845",,,"16","","江南东道","苏州","长洲",,"江苏","苏州市",,"120.589613","31.304566",,"在故乡长洲家居","",,"","","李福标《皮陆年谱》，中山大学出版社2011年版。第76页",,,,"王秀林"
"唐","陆龟蒙","武宗会昌六年丙寅","846",,,"17","","江南东道","苏州","长洲",,"江苏","苏州市",,"120.589613","31.304566",,"在故乡长洲家居","",,"","","李福标《皮陆年谱》，中山大学出版社2011年版。第76页",,,,"王秀林"
"唐","陆龟蒙","宣宗大中元年丁卯","847",,,"18","","江南东道","苏州","长洲",,"江苏","苏州市",,"120.589613","31.304566",,"在故乡长洲家居","",,"","","李福标《皮陆年谱》，中山大学出版社2011年版。第77页",,,,"王秀林"
"唐","陆龟蒙","宣宗大中二年戊辰","848",,,"19","","江南东道","苏州","长洲",,"江苏","苏州市",,"120.589613","31.304566",,"在故乡长洲家居","",,"","","李福标《皮陆年谱》，中山大学出版社2011年版。第77页",,,,"王秀林"
"唐","陆龟蒙","宣宗大中三年己巳","849",,,"20","","江南东道","苏州","长洲",,"江苏","苏州市",,"120.589613","31.304566","","在故乡长洲家居","",,"","","李福标《皮陆年谱》，中山大学出版社2011年版。第78页",,,,"王秀林"
"唐","陆龟蒙","宣宗大中四年庚午","850",,,"21","","江南东道","苏州","长洲",,"江苏","苏州市",,"120.589613","31.304566","","在故乡长洲家居","","","","","李福标《皮陆年谱》，中山大学出版社2011年版。第78页",,,,"王秀林"
"唐","陆龟蒙","宣宗大中五年辛未","851",,,"22","","江南东道","苏州","长洲",,"江苏","苏州市",,"120.589613","31.304566","","在故乡长洲家居","",,"","","李福标《皮陆年谱》，中山大学出版社2011年版。第78页",,,,"王秀林"
"唐","陆龟蒙","宣宗大中六年壬申","852",,,"23","","江南东道","苏州","长洲",,"江苏","苏州市",,"120.589613","31.304566","","在故乡长洲家居","",,"","","李福标《皮陆年谱》，中山大学出版社2011年版。第78页",,,,"王秀林"
"唐","陆龟蒙","宣宗大中七年癸酉","853",,,"24","","江南东道","苏州","长洲",,"江苏","苏州市",,"120.589613","31.304566","","在故乡长洲家居","",,"","","李福标《皮陆年谱》，中山大学出版社2011年版。第79页",,,,"王秀林"
"唐","陆龟蒙","宣宗大中八年甲戌","854",,,"25","","江南西道","宣州","宣城",,"安徽","宣城市",,"118.765196","30.946576","","或于是年前后从豆庐瑑游宣城","豆庐瑑",,"","","李福标《皮陆年谱》，中山大学出版社2011年版。第83页",,,,"王秀林"
"唐","陆龟蒙","宣宗大中八年甲戌","854",,,"25","","江南东道","润州",,,"江苏","镇江市",,"119.431494","32.195688",,"本年或自润州取解，第一次赴京应举","",,"","","李福标《皮陆年谱》，中山大学出版社2011年版。第84页",,,,"王秀林"
"唐","陆龟蒙","宣宗大中九年乙亥","855",,,"26","","都畿道","河南府","洛阳",,"河南","洛阳市",,"112.460033","34.624376",,"或参加科举考试不利，流连于两京地区隐居读书","",,"","","李福标《皮陆年谱》，中山大学出版社2011年版。第85页",,,,"王秀林"
"唐","陆龟蒙","宣宗大中九年乙亥","856",,,"27","","都畿道","河南府","登封","嵩山","河南","郑州市","登封市","113.056704","34.459775",,"或参加科举考试不利，流连于两京地区隐居读书","",,"","","李福标《皮陆年谱》，中山大学出版社2011年版。第85页",,,,"王秀林"
"唐","陆龟蒙","宣宗大中十年丙子","856",,,"27","","都畿道",,,,,,,"0","0",,"在两京地区隐居读书","",,"","","李福标《皮陆年谱》，中山大学出版社2011年版。第88页",,,,"王秀林"
"唐","陆龟蒙","宣宗大中十一年丁丑","857",,,"28","","都畿道",,,,,,,"0","0",,"在两京地区隐居读书","",,"","","李福标《皮陆年谱》，中山大学出版社2011年版。第91页",,,,"王秀林"
"唐","陆龟蒙","宣宗大中十二年戊寅","858",,,"29","","都畿道",,,,,,,"0","0",,"在两京地区隐居读书","",,"","","李福标《皮陆年谱》，中山大学出版社2011年版。第92页",,,,"王秀林"
"唐","陆龟蒙","宣宗大中十三年己卯","859",,,"30","","京畿道","京兆府","长安",,"陕西","西安市",,"108.946306","34.347436",,"参加科考，不第","","","","","李福标《皮陆年谱》，中山大学出版社2011年版。第97页",,,,"王秀林"
"唐","陆龟蒙","宣宗大中十三年己卯","859","2",,"30","","都畿道","河南府","洛阳",,"河南","洛阳市",,"112.460033","34.624376",,"春二月，落第后由长安东返，先是在洛阳嵩山停留，梦游甘露寺","",,"","","李福标《皮陆年谱》，中山大学出版社2011年版。第98页",,,,"王秀林"
"唐","陆龟蒙","宣宗大中十三年己卯","859",,,"30","","江南东道","润州",,,"江苏","镇江市",,"119.431494","32.195688",,"春末夏初，到达润州，游甘露寺，有诗","","《纪梦游甘露寺》","Poem","纪梦游甘露寺
昔卧嵩高云，云窗正寒夕。披裘忽生梦，似到空王宅。峨天一峰立，栏楯横半壁。级倚绿巅差，关临赤霄辟。扪虚陟孤峭，不翅千馀尺。叠掌望罘罳，分明袒肩释。凌香稽首罢，嘹哓□□□。高户乘北风，声号大波白。光中目难送，定验方可觌。树细鸿濛烟，岛疏零落碧。须臾群籁入，空水相喷激。积浪亚寒堆，呀如斗危石。跳音簇鞞鼓，溅沫交矛戟。鸟疾帆亦奔，纷纷助劲敌。思非水灵怒，即是饥龙擘。怯慑不敢前，荷襟汗沾霢。回经定僧处，泉木光相射。岩磴云族栖，柖柯露华适。逍遥得真趋，逦迤寻常迹。山腹贮孤亭，岚根四垂帟。谁题雪月句，乃是曹刘格。阆阙一枝琼，边楼数声笛。吟高矍然起，若自苍旻掷。短烛堕馀花，圆蟾挂斜魄。自从神锡境，无处不登陟。忽上南徐山，心期豁而获。岂伊烦恼骨，合到清凉域。暗得胡蝶身，幽期尽相识。奈何有名氏，未列金闺籍。翻惭丱顶童，得奉真如策。云涛触风望，毫管和烟搦。聊记梦中游，留之问禅客。","李福标《皮陆年谱》，中山大学出版社2011年版。第99页","《甫里集》卷四",,,"王秀林"
"唐","陆龟蒙","宣宗大中十三年己卯","859",,,"30","","江南东道","润州",,,"江苏","镇江市",,"119.431494","32.195688",,"秋，陆龟蒙仍在润州","","《归路》","Poem","归路
渐入新丰路，衰红映小桥。浑如七年病，初得一丸销。","李福标《皮陆年谱》，中山大学出版社2011年版。第100页","《甫里集》卷七",,,"王秀林"
"唐","陆龟蒙","宣宗大中十三年己卯","859",,,"30","","江南东道","润州",,,"江苏","镇江市",,"119.431494","32.195688",,"秋，陆龟蒙仍在润州","","《润州送人往长洲》","Poem","润州送人往长洲
秋来频上向吴亭，每上思归意剩生。废苑池台烟里色，夜村蓑笠雨中声。汀洲月下菱船疾，杨柳风高酒旆轻。君住松江多少日，为尝鲈鲙与莼羹。","李福标《皮陆年谱》，中山大学出版社2011年版。第100页","《甫里集》卷八",,,"王秀林"
"唐","陆龟蒙","宣宗大中十三年己卯","859",,,"30","","江南东道","润州",,,"江苏","镇江市",,"119.431494","32.195688",,"秋，陆龟蒙仍在润州","","《润州江口送人谒池郎阳卫郎中》","Poem","润州江口送人谒池阳卫郎中
山翁曾约旧交欢，须拂侯门侧注冠。月在石头摇戍角，风生江口亚帆竿。闲随野醉溪声闹，独伴清谭晓色残。待取新秋归更好，九华苍翠入楼寒。","李福标《皮陆年谱》，中山大学出版社2011年版。第100页","《甫里集》卷八",,,"王秀林"
"唐","陆龟蒙","懿宗咸通元年、宣宗大中十四年庚辰","860",,,"31","","江南东道","睦州","桐庐","桐江","浙江","杭州市",,"120.161693","30.280059",,"本年左右有桐江之行，有诗，又与进士严子重相交","严子重","《钓车》","Poem","钓车
小轮轻线妙无双，曾伴幽人酒一缸。洛客见诗如有问，辗烟冲雨过桐江。","李福标《皮陆年谱》，中山大学出版社2011年版。第103页","《甫里集》卷一二","陆龟蒙父陆宾虞于是年前后为浙东从事。半年后，暴卒与浙东任。陆龟蒙血气败索两年。",,"王秀林"
"唐","陆龟蒙","懿宗咸通元年、宣宗大中十四年庚辰","860",,,"31","","江南西道","饶州","鄱阳",,"江西","上饶市","鄱阳县","116.709997","29.011281",,"此年左右至饶州或抚州，三月无所诣。刺史蔡京率官属就见，龟蒙拂衣而去，《马当山铭》或作于此时","蔡京","《马当山铭》","Article","马当山铭
言天下之险者。在山曰太行。在水曰吕梁。合二险而为一。吾又闻乎马当。彼之为险也。屹于大江之旁。怪石凭怒。跳波发狂。日黯风助。摧牙折樯。血和蛟涎。骨横鱼吭。幸而脱死。神魂飞扬。殊不知坚轮蹄者。夷乎太行。仗忠信者。通乎吕梁。便舟楫者。行乎马当。合是三险而为一。未敌小人方寸之包藏。外若脂韦。中如剑铓。蹈藉必死。钩𠢐必伤。在古巳极。于今益昌。敬篆岩石。俾民勿忘。","李福标《皮陆年谱》，中山大学出版社2011年版。104-106","《甫里集》卷一八",,,"王秀林"
"唐","陆龟蒙","懿宗咸通元年、宣宗大中十四年庚辰","860",,,"31","","江南西道","抚州",,,"江西","抚州市",,"116.364627","27.953603",,"此年左右至饶州或抚州，三月无所诣","蔡京",,"","","李福标《皮陆年谱》，中山大学出版社2011年版。第104页",,,,"王秀林"
"唐","陆龟蒙","懿宗咸通元年、宣宗大中十四年庚辰","860",,,"31","","江南东道","苏州","长洲",,"江苏","苏州市",,"120.589613","31.304566",,"陆龟蒙居苏州家中，《中酒赋》或作于此时","","《中酒赋》","Article","中酒赋
书编百氏。病载千名。将有滨于九死。谅无敌于馀酲。窗间落月。枕上残更。意欲问而无问。梦将成而不成。心悄悄。目瞠瞠。爱静中而人且语。愁曙后而鸡已鸣。才遭轥轹。适别恩情。屈大夫之独醒。应难共语。阮校尉之连醉。不可同行。气缕支绵。神杂色沮。前欢己誓于抛掷。往事空经乎思虑。有馘卓擒伶之伍。我愿先登。有殛狄放杜之君。臣能执御。聿当拔酒树。平曲封。掊仲榼。碎尧钟。先刊美椽。次削真龙。编虎须者宁教畔去。持蟹螯者不要相逢。欲倚还眠。将词又默。深穷寂寞之境。别有凄凉之域。黄昏细雨。迷途而不到长亭。白昼繁花。失意而初归故国。背枕求稳。牵帏就黑。愁应平子分与。渴是相如传得。感物逾嗟。怀人有恻。谢月镜共王清去。去不乏风流。杜兰香别张硕来。来更无消息。冠缨不御。杯桉空陈。徒歼燕燕之髀。浸费猩猩之唇。牛心表异。熊掌称珍。剪云梦䔇。采泮宫芹。周子之菘向晚。庾郎之韭初春。加以欧川桂蠹。颍谷榆仁。虽驰心于万品。且忘味于兹辰。莫话三年。谁云五斗。从齐奴车骑如水。任阿宁风姿似柳。仙莫得而媒。艳何能而有。麟毫帘近。遮云母不足惊心。琥珀钏将。还玉儿未能回首。或乃强迎宾友。力答笺书。落魄不啻。压伊有馀。襜褕犹懒整。解散固慵梳。卞七蔚专讽虾蟆。诚堪窃笑。庄周子化为蝴蝶。实是凭虚。客曰虽鲭鲊能珍。微风可折。岂比夫榴花竹叶之味。酃水中山之碧。必能醺骨酡颜。潜销暗释。况前覆乃后车之警。独行为众人之僻。不然吾将受教于圣贤。敢忘乎欢伯。","李福标《皮陆年谱》，中山大学出版社2011年版。第110页","《甫里集》卷一五",,,"王秀林"
"唐","陆龟蒙","懿宗咸通二年辛巳","861",,,"32","",,,,,,,,"0","0",,"行踪不详","",,"","","李福标《皮陆年谱》，中山大学出版社2011年版。第110页",,,,"王秀林"
"唐","陆龟蒙","懿宗咸通三年壬午","862",,,"33","",,,,,,,,"0","0",,"行踪不详","",,"","","李福标《皮陆年谱》，中山大学出版社2011年版。第116页",,,,"王秀林"
"唐","陆龟蒙","懿宗咸通四年癸未","863",,,"34","",,,,,,,,"0","0",,"行踪不详","",,"","","李福标《皮陆年谱》，中山大学出版社2011年版。第127页",,,,"王秀林"
"唐","陆龟蒙","懿宗咸通五年甲申","864",,,"35","",,,,,,,,"0","0",,"行踪不详","","","","","李福标《皮陆年谱》，中山大学出版社2011年版。第142页",,,,"王秀林"
"唐","陆龟蒙","懿宗咸通六年乙酉","865","3",,"36","","江南东道","睦州",,,"浙江","杭州市","建德市","119.287608","29.481104",,"在睦州，与刺史陆墉游，有诗","陆墉","《引泉》","Poem","引泉诗
上嗣位六载，吾宗刺桐川。余来拜旌戟，诏下之明年。是时春三月，绕郭花蝉联。岚盘百万髻，上插黄金钿。授以道士馆，置榻于东偏。满院声碧树，空堂形老仙。本性乐凝淡，及来更虚玄。焚香礼真像，盥手披灵编。新定山角角，乌龙独巉然。除非净晴日，不见苍崖巅。上有拿云峰，下有喷壑泉。泉分数十汊，落处皆峥潺。寒声入烂醉，聒破西窗眠。支筇起独寻，祗在墙东边。呼童具畚锸，立凿莓苔穿。灇淙一派堕，练带横斜牵。乱石抛落落，寒流响溅溅。狂奴七里濑，缩到疏楹前。跳花泼半散，涌沫飞旋圆。势束三峡挂，泻危孤磴悬。曾闻瑶池溜，亦灌朱草田。凫伯弄翠蕊，鸾雏舞丹烟。凌风捩桂柂，隔雾驰犀船。况当玄元家，尝著道德篇。上善可比水，斯文参五千。精灵若在此，肯恶微波传。不拟争滴沥，还应会沦涟。出门复飞箭，合势浮青天。必有学真子，鹿冠秋鹤颜。如能辅余志，日使疏其源。","李福标《皮陆年谱》，中山大学出版社2011年版。第149页","《甫里集》卷三",,,"王秀林"
"唐","陆龟蒙","懿宗咸通六年乙酉","865",,,"36","","江南东道","睦州",,,"浙江","杭州市","建德市","119.287608","29.481104",,"在睦州，与刺史陆墉游，有诗","陆墉","《新定陪太守一百五夜南馆玩月》","Poem","新定陪太守一百五夜南馆玩月
风雨教春处处伤，一宵云尽见沧浪。全无片烛侵光彩，只有清滩助雪霜。烟蔽棹歌归浦溆，露将花影到衣裳。却嫌殷浩南楼夕，一带秋声入恨长。","李福标《皮陆年谱》，中山大学出版社2011年版。第149页","《全唐诗》卷六二六",,,"王秀林"
"唐","陆龟蒙","懿宗咸通六年乙酉","865",,,"36","","江南东道","睦州",,,"浙江","杭州市","建德市","119.287608","29.481104",,"与郑窦游，有诗","郑窦","《寄淮南郑窦书记》","Poem","寄淮南郑宝书记
记室千年翰墨孤，唯君才学似应徐。五丁驱得神功尽，二酉搜来秘检疏。炀帝帆樯留泽国，淮王笺奏入班书。清词醉草无因见，但钓寒江半尺鲈。","李福标《皮陆年谱》，中山大学出版社2011年版。第150页","《甫里集》卷八",,,"王秀林"
"唐","陆龟蒙","懿宗咸通六年乙酉","865",,,"36","","江南东道","睦州",,,"浙江","杭州市","建德市","119.287608","29.481104",,"访严观钓台，有诗","","《严观钓台》","Poem","严光钓台
片帆竿外揖清风，石立云孤万古中。不是狂奴为故态，仲华争得黑头公。","李福标《皮陆年谱》，中山大学出版社2011年版。第150页","《甫里集》卷一二",,,"王秀林"
"唐","陆龟蒙","懿宗咸通七年丙戌","866",,,"37","","江南东道","杭州",,,"浙江","杭州市",,"120.161693","30.280059",,"在杭州，与丁翰之游","丁翰之",,"","","李福标《皮陆年谱》，中山大学出版社2011年版。第168页",,,,"王秀林"
"唐","陆龟蒙","懿宗咸通八年丁亥","867",,,"38","",,,,,,,,"0","0",,"行踪不详","",,"","","李福标《皮陆年谱》，中山大学出版社2011年版。第169页",,,,"王秀林"
"唐","陆龟蒙","懿宗咸通九年戊子","868",,,"39","","江南东道","苏州","长洲",,"江苏","苏州市",,"120.589613","31.304566",,"在苏州，其《幽居赋》或作于是年前后","","《幽居赋》","Article","幽居赋
泰伯勾吴。通侯旧里。地接虎邱。门连鹤市。比颜巷兮非陋。方赐墙兮犹峙。乐令有名教之乐。必以仁行。庄生乃道家者流。咸从达起。彼既得矣。予何谢焉。欲神游于浩气。法大隐于遗编。鲁仲孙衣止七升之布。栾武子食无一卒之田。贱不容忧。贫惟可贺。冥心而姑务藏疾。卷舌而谁能击堕。争先敢脱乎牛车。自给方营于马磨。噫秦时亡命。竟作帝师。吁汉末遗臣。皆称王佐。吾焉用此。仆病未能。艺合欢求解忧之力。饵陟釐明攻冷之徵。悲少歌于赵壹。喜长啸于孙登。万古骚人。远追乎橘浦。百金䱷事。近出于松陵。非慕偷桃。还怜嗜芰。何惭尺蠖之屈。未损丈夫之志。投簪隐几。聊思夷甫谈元。搦札弹毫。耻效文通奏记。夫静者躁之君。名者实之宾。进不参于多士。退宜追乎逸人。颂厥土之三壤。托高风于四邻。才袪燥湿。稍远嚣尘。以日系时。且复穷于鲁史。穿池种树。正欲类于齐民。室乏崇坛。墉非缩板。因坎窞以为洫。藉蒙笼而表限。孟戒无是非之心。阮通能青白之眼。龟床鹿帻。讶招隐兮何迟。橡饭菁羹。笑谋生之太简。是知名安可钓。笔不堪耕。有白凤之才。乃先为赘客。有雕龙之辩。然后为狂生。雄自投而几死。檷流恸而将行。外嬖方施。孟子虚陈乎仁义。中谗既胜。韩非徒恃其纵横。况复支离壹郁。尪陋謇吃。才甚微而寡文。体素羸而多疾。阴铿药铫。披晓幌以皆来。徐邈酒铛。拥寒炉而必出。自然忘物我。混穷通。将大宗师理叶。与握真宰情同。优游塞马。脱落冥鸿。窃慕王晞。眷恋于良辰美景。深符谢朓。留连于明月清风。得不分埼岸而饰荒台。辍金钱而营佳树。莼丝兮欲萦千里。草带兮初围十步。颓垣抱碧。无非海发山衣。暗座飘香。尽是松肪桂蠹。加以篱边种菊。堂后生萱。覆井之新桐乍引。临窗之旧竹犹存。花妨过帽。柳碍移门。鹿去而云遮绝洞。樵归而水绕孤村。遇境逍遥。就鱼鸟之性乐。开襟散诞。见羲皇之道尊。早濯元泉。屡游庭苑。忧废学而将落。惧无文而不远。豹管閒窥。羊歧忘返。搜束皙之亡缺。补陈农之遗遁。梁世祖府充名画。或得奇踪。任敬子家聚群书。率多异本。何尝髣髴。莫究分毫。徒羡玉杯珠柱之号美。象格犀簪之态高。宁容朴野。不称蓬蒿。怅残编之未构。奚雅具之为劳。况乎栖平芜古木之地。壮被褐拥篇之事。宜其梓合巾箱。藤交饼笥。炊秕稗以为食。剖瓠匏而作器。荷蓧而行。据梧而睡。妖宁胜德。休占贾谊承尘。醉可全真。但舞王戎如意。其间豁尔。此外萧然。姜肱则惟卧一被。江革则还留半毡。望夫子之门墙。仍过数仞。顾先生之履袜。不啻双穿。敢惊时而独行。聊内视而返听。岂可浪发元关。虚摇谭柄。夜将半而谁容。月每旦而谁评。清言不屈。孙刘讵减于中军。善讲无穷。支许那轻于小令。或抽易轴。或扣元端。演精微于简易。消澹泊于危难。澄如止水。畟若长竿。与牛心者赴敌。持麈尾者登坛。交衡而矛戟初利。顿挫而风霜正寒。兴公雅韵。仲祖旁观。始信何才。当指地于丞相。方知习捷。抗弥天之道安。彼濩落而无容。且萧条而高寄。兼耳目以咸外。曷丘园之足贲。幸春物之向荣。列天姿而见遗。阴者负而阳者胜。孰谓两仪。瘠者缓而腴者先。奚云一气。真宰难问。洪钧肯留。人间未适。象表何求。纵使陶烟霞而傲睨。骑日月以嬉游。乘刚直上。摄景冥搜。纵横兮四海。飞扬兮十洲。读仙苑之琅书。安能解愠。倾洛公之金醴。几得消忧。不假大招。宁驰别国。悲故乡之何在。望平原之无极。叹钟鼎之沉光。向渔樵而骋力。庚桑有道。犹居畏垒之颠。接舆佯狂。亦取杶栌之食。徐誇下舍。陶爱吾庐。上法于陵之畦圃。旁分建业之村墟。时牵殗殜。自把渠疏。友乏惠施。莫解连环之义。医无文挚。谁知方寸之虚。存其道而或通。失其居而久旅。才将命兮分坎窞。性与时兮甘龃龉。閒游广泽。愿学弋于蒲且。终蹈沧溟。更移家于苧屿。夫动以劳吾身。静以休吾神。苟能推其用舍。自足究乎天人。思任诞于穷檐。何辞井臼。不求容于侧径。何患荆榛。沉冥者朴素之源。毁誉者浮华之辙。蓍名聚雪。仍招死草之讥。琴号落霞。尚被枯桐之说。值圣则幽赞成功。逢贤则雅音攸发。同于德者。大亦宜然。殷宗命相于岩下。周武迎师于渭边。有东山北郭之风。才能养素。无左车右侯之计。未足图全。嗟浩叹而长吟。畏兰凋而蕙歇。清樽方滟于瑶水。宝瑟坐凝于华月。归田少接。犹疑斥鴳追飞。羽猎相逢。可谓无盐唐突。","李福标《皮陆年谱》，中山大学出版社2011年版。第183页","《甫里集》卷一五",,,"王秀林"
"唐","陆龟蒙","懿宗咸通九年戊子","868",,,"39","","江南东道","苏州","长洲",,"江苏","苏州市",,"120.589613","31.304566",,"在苏州，其《小铭录》当作于此年前","","《小名录》","Article","小名录序
天地万物。杂然而生。圣人居其中。强为之命称。或以义。或以形。或因其自然。天地取其义者也。日月取其形者也。鸟兽因其自然者也。人既列氏赐族矣。得不务佳名而纪之。盖取婴儿三月目能眴。与人喜笑相答。因以名分之。以入生人之籍。贵贱一也。故传曰。子生三月之末。择吉日。剪发为鬌。妻以子见于父。执子之手。咳而名之。夫告宰曰。某年某日生。宰告闾史。书为二。其一藏于闾府。其一献于州伯。州伯命藏诸州府。诸侯世子则名而告之庙。为宗主也。天子则告于郊。见于天。明当继父承天也。二十而冠。冠而字之。表其成人也。所谓名以立身。字以表德也。申繻曰。名有五。有信有义有象有假有类。以名生为信。以德命为义。以类命为象。取于物为假。取于父为类。不以国。不以官。不以山川。不以隐疾。不以畜牲。不以器币。周人以讳事神。名终将讳之故也。三代之时。至殷尚质。直以生日名之。太甲太乙武丁是也。周以伯仲次之。太伯仲雍叔达季历是也。自周以降。随事而名之。至有黑臀黑肱之鄙。羊肩狐毛之异。负刍之贱。御寇之强。杵臼籧篨瞢顽狂狡无知无忌不寿不臣。皆名不正而言不顺也。鲁叔孙庄叔之败狄也。以虺豹名其子。晋穆姜以条之役生太子。命之曰仇。其弟生又以千亩之战。命之曰成师。师服曰。异哉君之名子也。始兆乱矣。汉灵帝名二子曰史侯董侯。既立为帝矣。后皆退之为诸侯之应也。如此吉凶悔吝。于是乎皆在。古人生而名之。长而行之。尚存其朴也。末世浮伪日生。幼虽行于闺门。长不达于州里。故又有官名小名之别。苟不因事而载之。则幼之名。没然不闻于后矣。彼吉凶悔吝。何从而知之。今自秦汉以来。编而纪之。至于神仙玉女之名。妇人臧获之字。亦无弃焉。及名涉怪奇。近于图谶者。亦附于内。谓之小名录。夫近者详。远者略。势使然也。其间遗落。请俟博闻。","李福标《皮陆年谱》，中山大学出版社2011年版。第184页","《甫里集》附录",,,"王秀林"
"唐","陆龟蒙","懿宗咸通九年戊子","868",,,"39","","江南东道","苏州","长洲",,"江苏","苏州市",,"120.589613","31.304566",,"在苏州","","《稗说三卷》","Article","","李福标《皮陆年谱》，中山大学出版社2011年版。第185页","已佚",,,"王秀林"
"唐","陆龟蒙","懿宗咸通十年己丑","869",,,"40","","江南东道","苏州","长洲",,"江苏","苏州市",,"120.589613","31.304566",,"在苏州，干谒皮日休，两人相交酬唱甚密","皮日休","奉和袭美二游诗两首","Poem","奉和袭美二游诗 徐诗
尝闻四书曰，经史子集焉。苟非天禄中，此事无由全。自从秦火来，历代逢迍邅。汉祖入关日，萧何为政年。尽力取图籍，遂持天下权。中兴熹平时，教化还相宣。立石刻五经，置于太学前。贼卓乱王室，君臣如转圜。洛阳且煨烬，载籍宜为烟。逮晋武革命，生民才息肩。惠怀亟寡昧，戎羯俄腥膻。已觉天地闭，竞为东南迁。日既不暇给，坟索何由专。尔后国脆弱，人多尚虚玄。任学者得谤，清言者为贤。直至沈范辈，始家藏简编。御府有不足，仍令就之传。梁元渚宫日，尽取如蚳蝝。兵威忽破碎，焚爇无遗篇。近者隋后主，搜罗势骈阗。宝函映玉轴，彩翠明霞鲜。伊唐受命初，载史声连延。砥柱不我助，惊波涌沦涟。遂令因去书，半在馀浮泉。贞观购亡逸，蓬瀛渐周旋。炅然东壁光，与月争流天。伟矣开元中，王道真平平。八万五千卷，一一皆涂铅。人间盛传写，海内奔穷研。目云西斋书，有过东皋田。吾闻徐氏子，奕世皆才贤。因知遗孙谋，不在黄金钱。插架几万轴，森森若戈鋋。风吹签牌声，满室铿锵然。佳哉鹿门子，好问如除㾓。倏来参卿处，遂得参卿怜。开怀展橱簏，唯在性所便。素业已千仞，今为峻云巅。雄才旧百派，相近浮日川。君抱王佐图，纵步凌陶甄。他时若报德，谁在参卿先。
奉和袭美二游诗 任诗
吴之辟疆园，在昔胜概敌。前闻富脩竹，后说纷怪石。风烟惨无主，载祀将六百。草色与行人，谁能问遗迹。不知清景在，尽付任君宅。却是五湖光，偷来傍檐隙。出门向城路，车马声躏跞。入门望亭隈，水木气岑寂。犨墙绕曲岸，势似行无极。十步一危梁，乍疑当绝壁。池容澹而古，树意苍然僻。鱼惊尾半红，鸟下衣全碧。斜来岛屿隐，恍若潇湘隔。雨静挂残丝，烟消有馀脉。朅来任公子，摆落名利役。虽将禄代耕，颇爱巾随策。秋笼支遁鹤，夜榻戴颙客。说史足为师，谭禅差作伯。君多鹿门思，到此情便适。偶荫桂堪帷，纵吟苔可席。顾余真任诞，雅遂中心获。但知醉还醒，岂知玄尚白。甘闲在鸡口，不贵封龙额。即此自怡神，何劳谢公屐。","李福标《皮陆年谱》，中山大学出版社2011年版。第192页","《松陵集》卷一","编年诗参见第208页（皮《二游诗》—陆《奉和》）",,"王秀林"
"唐","陆龟蒙","懿宗咸通十年己丑","869",,,"40","","江南东道","苏州","长洲",,"江苏","苏州市",,"120.589613","31.304566",,"在苏州，干谒皮日休，两人相交酬唱甚密","皮日休","奉和袭美寄滑州李副使员外","Poem","奉和袭美寄滑州李副使员外
洛生闲咏正抽毫，忽傍旌旗著战袍。檄下连营皆破胆，剑离孤匣欲吹毛。清秋月色临军垒，半夜淮声入贼壕。除却征南为上将，平徐功业更谁高。","李福标《皮陆年谱》，中山大学出版社2011年版。第192页","《松陵集》卷七","编年诗参见第209页（皮《寄滑州李副使员外》—陆《奉和》）",,"王秀林"
"唐","陆龟蒙","懿宗咸通十年己丑","869",,,"40","","江南东道","苏州","长洲",,"江苏","苏州市",,"120.589613","31.304566",,"在苏州，干谒皮日休，两人相交酬唱甚密","皮日休","和袭美赠南阳润卿将归雷平","Poem","和袭美赠南阳润卿将归雷平
朝市山林隐一般，却归那减卧云欢。堕阶红叶谁收得，半盎清醪客酹乾。玉笈诗成吟处晓，金沙泉落梦中寒。真仙若降如相问，曾步星罡绕醮坛。","李福标《皮陆年谱》，中山大学出版社2011年版。第192页","《松陵集》卷八","编年诗参见第209页（皮《南阳润卿将归雷平，因而有赠》—陆《奉和》）",,"王秀林"
"唐","陆龟蒙","懿宗咸通十年己丑","869",,,"40","","江南东道","苏州","长洲",,"江苏","苏州市",,"120.589613","31.304566",,"在苏州，干谒皮日休，两人相交酬唱甚密","皮日休","和袭美褚家林亭","Poem","和袭美褚家林亭
一阵西风起浪花，绕栏杆下散瑶华。高窗曲槛仙侯府，卧苇荒芹白鸟家。孤岛待寒凝片月，远山终日送馀霞。若知方外还如此，不要秋乘上海槎。","李福标《皮陆年谱》，中山大学出版社2011年版。第192页","《松陵集》卷九","编年诗参见第210页（皮《褚家林亭》—张贲《奉和》—陆《奉和》）",,"王秀林"
"唐","陆龟蒙","懿宗咸通十年己丑","869",,,"40","","江南东道","苏州","长洲",,"江苏","苏州市",,"120.589613","31.304566",,"在苏州，干谒皮日休，两人相交酬唱甚密","皮日休","和袭美冬晓章上人院","Poem","和袭美冬晓章上人院
山寒偏是晓来多，况值禅窗雪气和。病客功夫经未演，故人书信纳新磨。闲临静案修茶品，独傍深溪记药科。从此逍遥知有地，更乘清月伴君过。","李福标《皮陆年谱》，中山大学出版社2011年版。第192页","《松陵集》卷八","编年诗参见第209页",,"王秀林"
"唐","陆龟蒙","懿宗咸通十年己丑","869",,,"40","","江南东道","苏州","长洲",,"江苏","苏州市",,"120.589613","31.304566",,"在苏州，干谒皮日休，两人相交酬唱甚密","皮日休","奉和袭美公斋四咏次韵","Poem","奉和袭美公斋四咏次韵 其一 小松
擢秀逋客岩，遗根飞鸟径。因求饰清閟，遂得辞危夐。贞同柏有心，立若珠无胫。枝形短未怪，鬣数差难定。况密三天风，方遵四时柄。那兴培塿叹，免荅邻里病。微霜静可分，片月疏堪映。奇当虎头笔，韵叶通明性。会拂阳乌胸，抡才膺帝命。
奉和袭美公斋四咏次韵 其二 小桂
讽赋轻八植，擅名方一枝。才高不满意，更自寒山移。宛宛别云态，苍苍出尘姿。烟归助华杪，雪点迎芳蕤。青条坐可结，白日如奔螭。谅无𠠜剪忧，即是萧森时。洛浦虽有荫，骚人聊自怡。终为济川楫，岂在论高卑。
奉和袭美公斋四咏次韵 其三 新竹
别坞破苔藓，严城树轩楹。恭闻禀璇玑，化质离青冥。色可定鸡颈，实堪招凤翎。立窥五岭秀，坐对三都屏。晴月窈窕入，曙烟霏微生。昔者尚借宅，况来处宾庭。金罍纵倾倒，碧露还鲜醒。若非抱苦节，何以偶惟馨。徐观稚龙出，更赋锦苞零。
奉和袭美公斋四咏次韵 其四 鹤屏
时人重花屏，独即胎化状。丛毛练分彩，疏节筇相望。曾无氃氋态，颇得连轩样。势拟抢高寻，身犹在函丈。如忧鸡鹜斗，似忆烟霞向。尘世任纵横，霜襟自闲放。空资明远思，不待浮丘相。何由振玉衣，一举栖瀛阆。","李福标《皮陆年谱》，中山大学出版社2011年版。第192页","《松陵集》卷二","编年诗参见第208页",,"王秀林"
"唐","陆龟蒙","懿宗咸通十年己丑","869",,,"40","","江南东道","苏州","长洲",,"江苏","苏州市",,"120.589613","31.304566",,"在苏州，干谒皮日休，两人相交酬唱甚密","皮日休","《奉和袭美新秋言怀三十韵次韵》","Poem","奉和袭美新秋言怀三十韵次韵
身闲唯爱静，篱外是荒郊。地僻怜同巷，庭喧厌累巢。岸声摇舴艋，窗影辨蟏蛸。径祗溪禽下，关唯野客敲。竹冈从古凸，池缘本来䫜。早藕擎霜节，凉花束紫梢。渔情随锤网，猎兴起鸣𩩉。好梦经年说，名方著处抄。才疏惟自补，技痒欲谁抓。窗静常悬䕹，鞭闲不正鞘。山衣轻斧藻，天籁逸弦匏。蕙转风前带，桃烘雨后胶。藓乾黏晚砌，烟湿动晨庖。沈约便图籍，扬雄重酒肴。目曾窥绝洞，耳不犯征铙。历外穷飞朔，蓍中记伏爻。石林空寂历，云肆肯哓譊。松桂何妨蠹，龟龙亦任嘲。未能丹作髓，谁相紫为胞。莫把荣枯异，但和大小包。由弓猿不捷，梁圈虎忘虓。旧友怀三益，关山阻二崤。道随书簏古，时共钓轮抛。好作忘机士，须为莫逆交。看君驰谏草，怜我卧衡茅。出处虽冥默，薰莸肯溷殽。岸沙从鹤印，崖蜜劝人𦾱。白菌盈枯蘖，黄精满绿筲。仙因隐居信，禅是净名教。勿谓江湖永，终浮一大瓟。","李福标《皮陆年谱》，中山大学出版社2011年版。第192页","《松陵集》卷五","编年诗参见第208页",,"王秀林"
"唐","陆龟蒙","懿宗咸通十年己丑","869",,,"40","","江南东道","苏州","长洲",,"江苏","苏州市",,"120.589613","31.304566",,"在苏州，干谒皮日休，两人相交酬唱甚密","皮日休","《秋日遣怀十六韵寄道侣》","Poem","秋日遣怀十六韵寄道侣
尽日临风坐，雄词妙略兼。共知时世薄，宁恨岁华淹。且把灵方试，休凭吉梦占。夜然烧汞火，朝炼洗金盐。有路求真隐，无媒举孝廉。自然成啸傲，不是学沈潜。水恨同心隔，霜愁两鬓沾。鹤屏怜掩扇，乌帽爱垂檐。雅调宜观乐，清才称典签。冠𢼮玄发少，书健紫毫尖。故疾因秋召，尘容畏日黔。壮图须行行，儒服谩襜襜。片石聊当枕，横烟欲代帘。蠹根延穴蚁，疏叶漏庭蟾。药鼎高低铸，云庵早晚苫。胡麻如重寄，从诮我无厌。","李福标《皮陆年谱》，中山大学出版社2011年版。第192页","《松陵集》卷五","编年诗参见第208页",,"王秀林"
"唐","陆龟蒙","懿宗咸通十年己丑","869",,,"40","","江南东道","苏州","长洲",,"江苏","苏州市",,"120.589613","31.304566",,"在苏州，干谒皮日休，两人相交酬唱甚密","皮日休","袭美初植松桂偶题","Poem","袭美初植松桂偶题
轩阴冉冉移斜日，寒韵泠泠入晚风。烟格月姿曾不改，至今犹似在山中。","李福标《皮陆年谱》，中山大学出版社2011年版。第192页","《松陵集》卷七","编年诗参见第209页（皮《二游诗》—陆《奉和》）",,"王秀林"
"唐","陆龟蒙","懿宗咸通十年己丑","869",,,"40","","江南东道","苏州","长洲",,"江苏","苏州市",,"120.589613","31.304566",,"在苏州，干谒皮日休，两人相交酬唱甚密","皮日休","《戏题袭美书印囊》","Poem","戏题袭美书印囊
鹊衔龟顾妙无馀，不爱封侯爱石渠。应笑休文过万卷，至今谁道沈家书。","李福标《皮陆年谱》，中山大学出版社2011年版。第192页","《松陵集》卷七","编年诗参见第209页（皮《二游诗》—陆《奉和》）",,"王秀林"
"唐","陆龟蒙","懿宗咸通十年己丑","869",,,"40","","江南东道","苏州","长洲",,"江苏","苏州市",,"120.589613","31.304566",,"在苏州，干谒皮日休，两人相交酬唱甚密","皮日休","和袭美初冬偶作寄南阳润卿次韵","Poem","和袭美初冬偶作寄南阳润卿次韵
逐日生涯敢计冬，可嗟寒事落然空。窗怜返照缘书小，庭喜新霜为橘红。衰柳尚能和月动，败兰犹拟倩烟笼。不知海上今清浅，试与飞书问洛公。","李福标《皮陆年谱》，中山大学出版社2011年版。第192页","《松陵集》卷八","编年诗参见第209页（皮《二游诗》—陆《奉和》）",,"王秀林"
"唐","陆龟蒙","懿宗咸通十年己丑","869",,,"40","","江南东道","苏州","长洲",,"江苏","苏州市",,"120.589613","31.304566",,"在苏州，干谒皮日休，两人相交酬唱甚密","皮日休","和同润卿寒夜访袭美各惜其志次韵","Poem","和同润卿寒夜访袭美各惜其志次韵
醉韵飘飘不可亲，掉头吟侧华阳巾。如能跂脚南窗下，便是羲皇世上人。","李福标《皮陆年谱》，中山大学出版社2011年版。第192页","《松陵集》卷九","编年诗参见第210页",,"王秀林"
"唐","陆龟蒙","懿宗咸通十年己丑","869",,,"40","","江南东道","苏州","长洲",,"江苏","苏州市",,"120.589613","31.304566",,"在苏州，皮日休以其《文薮》十卷示之，崔璞有诗赞仰，皮有酬答，陆龟蒙亦和之。","崔璞","奉和袭美酬前进士崔潞盛制见寄因赠至一百四十言","Poem","奉和袭美酬前进士崔潞盛制见寄因赠至一百四十言
孔圣铸颜事，垂之千载馀。其间王道乖，化作荆榛墟。天必授贤哲，为时攻剪除。轲雄骨已朽，百代徒趑趄。近者韩文公，首为闲辟锄。夫子又继起，阴霾终廓如。搜得万古遗，裁成十编书。南山盛云雨，东序堆琼琚。偶此真籍客，悠扬两情摅。清词忽窈窕，雅韵何虚徐。唱既野芳坼，酬还天籁疏。轻波掠翡翠，晓露披芙渠。俪曲信寡合，末流难嗣初。空持一竿饵，有意䱷鲸鱼。","李福标《皮陆年谱》，中山大学出版社2011年版。第194页","《松陵集》卷二",,,"王秀林"
"唐","陆龟蒙","懿宗咸通十年己丑","869",,,"40","","江南东道","苏州","长洲",,"江苏","苏州市",,"120.589613","31.304566",,"在苏州，皮日休于是秋主试乡贡试，陆龟蒙参加乡贡试取解","皮日休","《秋赋有期，因寄袭美》","Poem","秋赋有期因寄袭美
云似无心水似闲，忽思名在贡书间。烟霞鹿弁聊悬著，邻里渔舠暂解还。文章病来犹满箧，药苗衰后即离山。广寒宫树枝多少，风送高低便可攀。","李福标《皮陆年谱》，中山大学出版社2011年版。第197页","《松陵集》卷八",,,"王秀林"
"唐","陆龟蒙","懿宗咸通十年己丑","869","10",,"40","","江南东道","苏州","长洲",,"江苏","苏州市",,"120.589613","31.304566",,"冬十月，往长安应试，闻诏而返，旋忧愤成疾","",,"","","李福标《皮陆年谱》，中山大学出版社2011年版。第199页",,,,"王秀林"
"唐","陆龟蒙","懿宗咸通十年己丑","869",,,"40","","江南东道","苏州","长洲",,"江苏","苏州市",,"120.589613","31.304566",,"在病中，皮日休慰问无虚日。两人作诗酬和","皮日休","《读<襄阳耆旧传>，因作诗五百言寄皮袭美》","Poem","读襄阳耆旧传因作诗五百言寄皮袭美
汉皋古来雄，山水天下秀。高当轸翼分，化作英髦囿。暴秦之前人，灰灭不可究。自从宋生贤，特立冠耆旧。离骚既日月，九辩即列宿。卓哉悲秋辞，合在风雅右。庞公乐幽隐，辟聘无所就。祗爱鹿门泉，泠泠倚岩漱。孔明卧龙者，潜伏躬耕耨。忽遭玄德云，遂起鳞角斗。三胡节皆峻，二习名亦茂。其馀文武家，相望如斥堠。缅思齐梁降，寂寞寡清胄。凝融为漪澜，复结作莹琇。不知粹和气，有得方大受。将生皮夫子，上帝可其奏。并包数公才，用以殿厥后。尝闻儿童岁，嬉戏陈俎豆。积渐开词源，一派分万溜。先崇丘旦室，大惧隳结构。次补荀孟垣，所贵亡罅漏。仰瞻三皇道，虮虱在宇宙。却视五霸图，股掌弄孩幼。或能醢髋髀，或与翼雏鷇。或喜掉直舌，或乐斩邪脰。或耨锄翳荟，或整理错谬。或如百千骑，合沓原野狩。又如晓江平，风死波不皱。幽埋力须掘，遗落赀必购。乃于文学中，十倍猗顿富。囊乏向咸镐，马重迟步骤。专场射策时，缚虎当羿彀。归来把通籍，且作高堂寿。未足逞戈矛，谁云被文绣。从知偶东下，帆影拂吴岫。物象悉摧藏，精灵畏雕镂。伊余抱沈疾，憔悴守圭窦。方推洪范畴，更念大玄首。陈诗采风俗，学古穷篆籀。朝朝贳薪米，往往逢责诟。既被邻里轻，亦为妻子陋。持冠适瓯越，敢怨不得售。窘若晒沙鱼，悲如哭霜狖。唯君枉车辙，以逐海上臭。披襟两相对，半夜忽白昼。执热濯清风，忘忧饮醇酎。驱为文翰侣，驽皂参骥厩。有时谐宫商，自喜真邂逅。道孤情易苦，语直诗还瘦。藻匠如见酬，终身致怀袖。","李福标《皮陆年谱》，中山大学出版社2011年版。第203页","《松陵集》卷一",,,"王秀林"
"唐","陆龟蒙","懿宗咸通十年己丑","869",,,"40","","江南东道","苏州","长洲",,"江苏","苏州市",,"120.589613","31.304566",,"在病中，皮日休作诗赠陆龟蒙，以安抚其受伤之心。陆龟蒙和之。","皮日休","《袭美先辈以龟蒙所献五百言，既蒙见和，复示容唱，至于千字。提奖之重，蔑有称实。再抒鄙怀，用伸酬谢》","Poem","袭美先辈以龟蒙所献五百言既蒙见和复示荣唱至于千字提奖之重蔑有称实再抒鄙怀用伸酬谢
洪范分九畴，转成天下规。河图孕八卦，焕作玄中奇。先开否臧源，次筑经纬基。粤若鲁圣出，正当周德衰。越疆必载质，历国将扶危。诸侯恣崛强，王室方陵迟。歌凤时不偶，获麟心益悲。始嗟吾道穷，竟使空言垂。首赞五十易，又删三百诗。遂令篇籍光，可并日月姿。向非笔削功，未必无瑕疵。迨至夫子没，微言散如枝。所宗既不同，所得亦异宜。名法在深刻，虚玄至希夷。自从战伐来，一派纵横驰。寒谷生艳木，沸潭结流澌。惊奔失壮士，好恶随纤儿。嬴氏并六合，势尊丞相斯。加于挟书律，尽取坑焚之。南勒会稽颂，北恢胡亥阺。犹怀遍巡狩，不暇亲维持。及汉文景后，鸿生方䤨摫。簸扬尧舜风，反作三代吹。飘飖四百载，左右为藩篱。邺下曹父子，猎贤甚熊罴。发论若霞驳，裁诗如锦摛。徐王应刘辈，头角咸相衰。或有妙绝赏，或为独步推。或许润色美，或嫌诋诃痴。倏以中利病，且非混醇醨。雅当乎魏文，丽矣哉陈思。不肯少选妄，恐贻后世嗤。吾祖仗才力，革车蒙虎皮。手持一白旄，直向文场麾。轻若脱钳釱，豁如抽扊扅。精钢不足利，騕袅何劳追。大可罩山岳，微堪析毫釐。十体免负赘，百家咸起痿。争入鬼神奥，不容天地私。一篇迈华藻，万古无孑遗。刻鹄尚未已，雕龙奋而为。刘生吐英辩，上下穷高卑。下臻宋与齐，上指轩从羲。岂但标八索，殆将包两仪。人谣洞野老，骚怨明湘累。立本以致诘，驱宏来抵巇。清如朔雪严，缓若春烟羸。或欲开户牖，或将饰缨緌。虽非倚天剑，亦是囊中锥。皆由内史意，致得东莞词。梁元尽索虏，后主终亡隋。哀音但浮脆，岂望分雄雌。吾唐揖让初，陛列森咎夔。作颂媲吉甫，直言过祖伊。明皇践中日，墨客肩参差。岳净秀擢削，海寒光陆离。皆能取穴凤，尽拟乘云螭。迩来二十祀，俊造相追随。余生落其下，亦值文明时。少小不好弄，逡巡奉弓箕。虽然苦贫贱，未省亲嚅㖇。秋倚抱风桂，晓烹承露葵。穷年只败袍，积日无晨炊。远访卖药客，闲寻捕鱼师。归来蠹编上，得以含情窥。抗韵吟比雅，覃思念棿摛。因知昭明前，剖石呈清琪。又嗟昭明后，败叶埋芳蕤。纵有月旦评，未能天下知。徒为强貔豹，不免参狐狸。谁蹇行地足，谁抽刺天鬐。谁作河畔草，谁为洞中芝。谁若灵囿鹿，谁犹清庙牺。谁轻如鸿毛，谁密如凝脂。谁比蜀严静，谁方巴賨赀。谁能钓抃鳌，谁能灼神龟。谁背如水火，谁同若埙篪。谁可作梁栋，谁敢驱谷蠡。用此常不快，无人动交铍。空消病里骨，枉白愁中髭。鹿门先生才，大小无不怡。就彼六籍内，说诗直解颐。顾我迷未远，开怀溃其疑。初开凿本源，渐乃疏旁支。邃古派泛滥，皇朝光赫曦。揣摩是非际，一一如襟期。李杜气不易，孟陈节难移。信知君子言，可并神明蓍。枯腐尚求律，膏肓犹谒医。况将太牢味，见啖逋悬饥。今来置家地，正枕吴江湄。饵薄钩不曲，跫然守空坻。嘿坐无影响，唯君款茅茨。抽书乱签帙，酌茗烦瓯㰕。或伴补缺砌，或偕诣荒祠。孤筇倚烟蔓，细木横风漪。触雨妨屝屦，临流泥江蓠。既狎野人调，甘为豪士訾。不敢负建鼓，唯忧掉降旗。希君念馀勇，挽袖登文陴。","李福标《皮陆年谱》，中山大学出版社2011年版。第205页","《松陵集》卷一",,,"王秀林"
"唐","陆龟蒙","懿宗咸通十年己丑","869",,,"40","","江南东道","苏州","长洲",,"江苏","苏州市",,"120.589613","31.304566",,"皮陆二人又与张贲等交游唱和","张贲","《奉和次韵》","Poem","再和次韵
阶下饥禽啄嫩苔，野人方倒病中杯。寒蔬卖却还沽吃，可有金貂换得来。","李福标《皮陆年谱》，中山大学出版社2011年版。第206页","《松陵集》卷九",,,"王秀林"
"唐","陆龟蒙","懿宗咸通十年己丑","869",,,"40","","江南东道","苏州","长洲",,"江苏","苏州市",,"120.589613","31.304566",,"年底，陆龟蒙旧友吴兴进士严子重访皮陆","严子重","《玩金鸂鶒赠袭美》","Poem","玩金鸂𪆟戏赠袭美
曾向溪边泊暮云，至今犹忆浪花群。不知镂羽凝香雾，堪与鸳鸯觉后闻。","李福标《皮陆年谱》，中山大学出版社2011年版。第207页","《松陵集》卷九","编年诗参见第210页",,"王秀林"
"唐","陆龟蒙","懿宗咸通十一年庚寅","870","2",,"41","","江南东道","苏州","长洲",,"江苏","苏州市",,"120.589613","31.304566",,"作诗伤严子重进士","严子重","《严子重以诗游于名胜间旧矣，余晚余江南相遇甚乐。不幸且没，袭美作诗序而吊之，其名真不朽矣，又何戚其死哉。余因息悲而为之和》","Poem","严子重以诗游于名胜间旧矣余晚于江南相遇甚乐不幸且没袭美作诗序而吊之其名真不朽矣又何戚其死哉余因息悲而为之和
每值江南日落春，十年诗酒爱逢君。芙蓉湖上吟船倚，翡翠岩前醉马分。祗有汀洲连旧业，岂无章疏动遗文。犹怜未卜佳城处，更斸要离冢畔云。","李福标《皮陆年谱》，中山大学出版社2011年版。211-212","《松陵集》卷八",,,"王秀林"
"唐","陆龟蒙","懿宗咸通十一年庚寅","870",,,"41","","江南东道","苏州","长洲",,"江苏","苏州市",,"120.589613","31.304566",,"初夏，皮日休病愈，并作诗招羊振文等小饮，羊振文赴，陆龟蒙以病不赴，然皆有和诗","皮日休","《袭美留振文小宴，龟蒙抱病不赴。猥示倡和，因次韵仰酬》","Poem","袭美留振文宴龟蒙抱病不赴猥示倡和因次韵酬谢
绮席风开照露晴，祗将茶荈代云觥。繁弦似玉纷纷碎，佳妓如鸿一一惊。毫健几多飞藻客，羽寒寥落映花莺。幽人独自西窗晚，闲凭香柽反照明。","李福标《皮陆年谱》，中山大学出版社2011年版。第216页","《松陵集》卷九",,,"王秀林"
"唐","陆龟蒙","懿宗咸通十一年庚寅","870",,,"41","","江南东道","苏州","长洲",,"江苏","苏州市",,"120.589613","31.304566",,"初夏，皮陆唱和","皮日休","《奉酬袭美先辈初夏见寄次韵》","Poem","奉酬袭美先辈初夏见寄次韵
积雨晦皋圃，门前烟水平。蘋蘅增遥吹，枕席分馀清。村旆诧酒美，赊来满鋞程。未必减宣子，何羡谢公荣。借宅去人远，败墙连古城。愁鸱占枯蘖，野鼠趋前楹。昨日云破损，晚林先觉晴。幽篁倚微照，碧粉含疏茎。蠹简有遗字，㪇琴无泛声。蚕寒茧尚薄，燕喜雏新成。览物正摇思，得君初夏行。诚明复散诞，化匠安能争。海浪刷三岛，天风吹六英。洪崖领玉节，坐使虚音生。吾祖傲洛客，因言几为伧。末裔实渔者，敢怀干墨卿。唯思钓璜老，遂得持竿情。何须乞鹅炙，岂在斟羊羹。畦蔬与瓮醁，便可相携迎。蟠木几甚曲，笋皮冠且轻。闲心放羁靮，醉脚从欹倾。一径有馀远，一窗有馀明。秦皇苦不达，天下何足并。","李福标《皮陆年谱》，中山大学出版社2011年版。第216页","《松陵集》卷一","编年诗参见第254页",,"王秀林"
"唐","陆龟蒙","懿宗咸通十一年庚寅","870","4",,"41","","江南东道","苏州","长洲",,"江苏","苏州市",,"120.589613","31.304566",,"四月，闻朝廷下大赦诏，恢复明年贡举，并增补进士及第名额，感而赋诗","皮日休","《徐方平后闻赦因寄袭美》","Poem","徐方平后闻赦因寄袭美
新春旒扆御翚轩，海内初传涣汗恩。秦狱已收为厉气，瘴江初返未招魂。英材尽作龙蛇蛰，战地多成虎豹村。除却数般伤痛外，不知何事及王孙。","李福标《皮陆年谱》，中山大学出版社2011年版。第217页","《松陵集》卷六",,,"王秀林"
"唐","陆龟蒙","懿宗咸通十一年庚寅","870",,,"41","","江南东道","苏州","长洲",,"江苏","苏州市",,"120.589613","31.304566",,"吴中淫雨不息。皮日休有《吴中苦雨，因书一百韵寄鲁望》，陆龟蒙和之","皮日休","《奉酬袭美先辈吴中苦雨一百韵见寄次韵》","Poem","奉酬袭美先辈吴中苦雨一百韵
微生参最灵，天与意绪拙。人皆机巧求，百径无一达。家为唐臣来，奕世唯稷卨。只垂青白风，凛凛自贻厥。犹残赐书在，编简苦断绝。其间忠孝字，万古光不灭。孱孙诚瞢昧，有志常搰搰。敢云嗣良弓，但欲终守节。諠哗不入耳，谗佞不挂舌。仰咏尧舜言，俯遵周孔辙。所贪既仁义，岂暇理生活。纵有旧田园，抛来亦芜没。因之成否塞，十载真契阔。冻骭一襜褕，饥肠少糠籺。甘心付天壤，委分任回斡。笠泽卧孤云，桐江钓明月。盈筐盛芡芰，满釜煮鲈鳜。酒帜风外㩻，茶枪露中撷。歌谣非大雅，捃摭为小说。上可补熏茎，傍堪跐芽檗。方当卖罾罩，尽以易纸札。踪迹尚吴门，梦魂先魏阙。寻闻天子诏，赫怒诛叛卒。宵旰悯烝黎，谟明问征伐。王师虽继下，贼垒未即拔。此时淮海波，半是生人血。霜戈驱少壮，败屋叶羸耋。践蹋比尘埃，焚烧同稿秸。吾皇自神圣，执事皆间杰。射策亦何为，春卿遂聊辍。伊余将贡技，未有耻可刷。却问渔樵津，重耕烟雨垡。诸侯急兵食，冗剩方剪截。不可抱词章，巡门事干谒。归来阖蓬楗，壁立空竖褐。煖手抱孤烟，披书向残雪。幽忧和愤懑，忽愁自惊蹶。文兮乏寸毫，武也无尺铁。平生所韬蓄，到死不开豁。念此令人悲，翕然生内热。加之被皲瘃，况复久藜粝。既为霜露侵，一卧增百疾。筋骸将束缚，腠理如箠挞。初谓抵狂䝙，又如当毒蝎。江南多事鬼，巫觋连瓯粤。可口是妖讹，恣情专赏罚。良医只备位，药肆或虚设。而我正萎痿，安能致诃咄。椒兰任芳苾，精粣从罗列。盏斝既屡倾，钱刀亦随爇。兼之渎财贿，不止行盗窃。天地如有知，微妖岂逃杀。其时心力愤，益使气息惙。永夜更呻吟，空床但皮骨。君来赞贤牧，野鹤聊簪笏。谓我同光尘，心中有溟渤。轮蹄相压至，问遗无虚月。首到春鸿濛，犹残病根茇。看花虽眼晕，见酒忘肺渴。隐几还自怡，逢卢亦争喝。抽毫更唱和，剑戟相磨戛。何大不包罗，何微不挑刮。今来值霖雨，昼夜无暂歇。杂若碎渊沦，高如破轇轕。何劳鼍吼岸，讵要鹳鸣垤。祗意江海翻，更愁山岳裂。初惊蚩尤阵，虎豹争搏啮。又疑伍胥涛，蛟蜃相蹙拶。千家濛瀑练，忽似好披拂。万瓦垂玉绳，如堪取萦结。况余居低下，本是蛙蚓窟。迩来增号呼，得以恣唐突。先夸屋舍好，又恃头角凸。厚地虽直方，身能遍穿穴。常参庄辩里，亦造扬玄末。偃仰纵无机，形容且相忽。低头增叹诧，到口复嗢咽。沮洳渍琴书，莓苔染巾袜。解衣换仓粟，秕稗犹未脱。饥鸟屡窥临，泥僮苦舂䑔。或闻秋稼穑，大半沈澎汃。耕父蠹齐民，农夫思旱魃。吾观天之意，未必洪水割。且要虐飞龙，又图滋跛鳖。三吴明太守，左右皆儒哲。有力即扶危，怀仁过救暍。鹿门皮夫子，气调真俊逸。截海上云鹰，横空下霜鹘。文坛如命将，可以持玉钺。不独扆羲轩，便当城老佛。顾余为山者，所得才篑撮。譬如饰箭材，尚欠镞与筈。闲将歈儿唱，强倚帝子瑟。幸得远潇湘，不然嗤贾屈。开缄窥宝肆，玑贝光比栉。朗咏冲乐悬，陶匏响铿擖。古来愁霖赋，不是不清越。非君顿挫才，沴气难摧折。驰情扣虚寂，力尽无所掇。不足谢徽音，祗令凋鬓发。","李福标《皮陆年谱》，中山大学出版社2011年版。第218页","《松陵集》卷一",,,"王秀林"
"唐","陆龟蒙","懿宗咸通十一年庚寅","870",,,"41","","江南东道","苏州","长洲",,"江苏","苏州市",,"120.589613","31.304566",,"在苏州，皮陆唱和","皮日休","《奉和二游诗》","Poem","","李福标《皮陆年谱》，中山大学出版社2011年版。第218页","《松陵集》卷一","编年诗参见第254页",,"王秀林"
"唐","陆龟蒙","懿宗咸通十一年庚寅","870",,,"41","","江南东道","苏州","长洲",,"江苏","苏州市",,"120.589613","31.304566",,"在苏州，皮陆唱和","皮日休","《同前亦次本韵》","Poem","","李福标《皮陆年谱》，中山大学出版社2011年版。第218页","《松陵集》卷二","编年诗参见第254页",,"王秀林"
"唐","陆龟蒙","懿宗咸通十一年庚寅","870",,,"41","","江南东道","苏州","长洲",,"江苏","苏州市",,"120.589613","31.304566",,"在苏州，皮陆唱和","皮日休","《同前次韵》二首","Poem","和同润卿寒夜访袭美各惜其志次韵
醉韵飘飘不可亲，掉头吟侧华阳巾。如能跂脚南窗下，便是羲皇世上人。
和袭美江南书情二十韵寄秘阁韦校书贻之商洛宋先辈垂文二同年次韵
我志如鱼乐，君词称凤衔。暂来从露冕，何事买云岩。水石应容病，松篁未听谗。罐香松蠹腻，山信药苗缄。爱鹭欹危立，思猿矍铄獑。谢才偏许朓，阮放最怜咸。大乐宁忘缶，奇工肯顾瑊。客愁迷旧隐，鹰健想秋毚。砚缺犹慵琢，文繁却要芟。雨馀幽沼净，霞散远峰巉。洗笔烟成段，培花土作杴。访僧还觅伴，医鹤自须监。荒庙犹怀季，清滩几梦严。背风开蠹简，冲浪试新帆。闷忆年支酒，闲裁古样衫。钓家随野舫，仙蕴逐雕函。度岁赊羸马，先春买小𧍧。共疏泉入竹，同坐月过杉。染翰穷高致，怀贤发至諴。不堪潘子鬓，愁促易髟髟。","李福标《皮陆年谱》，中山大学出版社2011年版。第218页","《松陵集》卷二","编年诗参见第254页",,"王秀林"
"唐","陆龟蒙","懿宗咸通十一年庚寅","870",,,"41","","江南东道","苏州","长洲",,"江苏","苏州市",,"120.589613","31.304566",,"在苏州，皮陆唱和","皮日休","《补沈恭子诗并序》","Poem","补沈恭子诗
灵质贯轩昊，遐年越商周。自然失远裔，安得怨寡俦。我亦小国胤，易名惭见优。虽非放旷怀，雅奉逍遥游。携手桂枝下，属词山之幽。风雨一以过，林麓飒然秋。落日倚石壁，天寒登古丘。荒泉已无夕，败叶翳不流。乱翠缺月隐，衰红清露愁。览物性未逸，反为情所囚。异才偶绝境，佳藻穷冥搜。虚倾寂寞音，敢作杂佩酬。","李福标《皮陆年谱》，中山大学出版社2011年版。第218页","《松陵集》卷二","编年诗参见第254页",,"王秀林"
"唐","陆龟蒙","懿宗咸通十一年庚寅","870",,,"41","","江南东道","苏州","长洲",,"江苏","苏州市",,"120.589613","31.304566",,"在苏州，皮陆唱和","皮日休","《奉酬》","Poem","","李福标《皮陆年谱》，中山大学出版社2011年版。第218页","《松陵集》卷五","编年诗参见第254页",,"王秀林"
"唐","陆龟蒙","懿宗咸通十一年庚寅","870",,,"41","","江南东道","苏州","长洲",,"江苏","苏州市",,"120.589613","31.304566",,"在苏州，皮陆唱和","皮日休","《又酬次韵》","Poem","又酬次韵
从来多远思，尤向静中生。所以令心苦，还应是骨清。酒香偏入梦，花落又关情。积此风流事，争无后世名。","李福标《皮陆年谱》，中山大学出版社2011年版。第218页","《松陵集》卷五","编年诗参见第255页",,"王秀林"
"唐","陆龟蒙","懿宗咸通十一年庚寅","870",,,"41","","江南东道","苏州","长洲",,"江苏","苏州市",,"120.589613","31.304566",,"在苏州，皮陆唱和","皮日休","《秋日遣怀十六韵寄道侣》","Poem","秋日遣怀十六韵寄道侣
尽日临风坐，雄词妙略兼。共知时世薄，宁恨岁华淹。且把灵方试，休凭吉梦占。夜然烧汞火，朝炼洗金盐。有路求真隐，无媒举孝廉。自然成啸傲，不是学沈潜。水恨同心隔，霜愁两鬓沾。鹤屏怜掩扇，乌帽爱垂檐。雅调宜观乐，清才称典签。冠𢼮玄发少，书健紫毫尖。故疾因秋召，尘容畏日黔。壮图须行行，儒服谩襜襜。片石聊当枕，横烟欲代帘。蠹根延穴蚁，疏叶漏庭蟾。药鼎高低铸，云庵早晚苫。胡麻如重寄，从诮我无厌。","李福标《皮陆年谱》，中山大学出版社2011年版。第218页","《松陵集》卷五","编年诗参见第255页",,"王秀林"
"唐","陆龟蒙","懿宗咸通十一年庚寅","870",,,"41","","江南东道","苏州","长洲",,"江苏","苏州市",,"120.589613","31.304566",,"在苏州，皮陆唱和","皮日休","《和五贶诗》","Poem","","李福标《皮陆年谱》，中山大学出版社2011年版。第218页","《松陵集》卷五","编年诗参见第255页",,"王秀林"
"唐","陆龟蒙","懿宗咸通十一年庚寅","870",,,"41","","江南东道","苏州","长洲",,"江苏","苏州市",,"120.589613","31.304566",,"在苏州，皮陆唱和","皮日休","《奉和次韵》1","Poem","","李福标《皮陆年谱》，中山大学出版社2011年版。第218页","《松陵集》卷五","编年诗参见第255页（皮《江南书情二十韵寄秘阁韦校书贻之商洛宋先辈垂文二同年》—陆《奉和次韵》）",,"王秀林"
"唐","陆龟蒙","懿宗咸通十一年庚寅","870",,,"41","","江南东道","苏州","长洲",,"江苏","苏州市",,"120.589613","31.304566",,"在苏州，皮陆唱和","皮日休","《奉和次韵》2","Poem","","李福标《皮陆年谱》，中山大学出版社2011年版。第218页","《松陵集》卷五","编年诗参见第255页（皮《忆洞庭观步十韵》—陆《奉和次韵》）",,"王秀林"
"唐","陆龟蒙","懿宗咸通十一年庚寅","870",,,"41","","江南东道","苏州","长洲",,"江苏","苏州市",,"120.589613","31.304566",,"在苏州，皮陆唱和","皮日休","《奉和次韵》3","Poem","","李福标《皮陆年谱》，中山大学出版社2011年版。第218页","《松陵集》卷五","编年诗参见第255页（皮《初冬章上人院》—陆《奉和次韵》）",,"王秀林"
"唐","陆龟蒙","懿宗咸通十一年庚寅","870",,,"41","","江南东道","苏州","长洲",,"江苏","苏州市",,"120.589613","31.304566",,"在苏州，皮陆唱和","皮日休","《奉和次韵》4","Poem","","李福标《皮陆年谱》，中山大学出版社2011年版。第218页","《松陵集》卷六","编年诗参见第256页（皮《江南道中怀茅山广文南阳博士三首》—陆《奉和次韵》）",,"王秀林"
"唐","陆龟蒙","懿宗咸通十一年庚寅","870",,,"41","","江南东道","苏州","长洲",,"江苏","苏州市",,"120.589613","31.304566",,"在苏州，皮陆唱和","皮日休","《奉和次韵》5","Poem","","李福标《皮陆年谱》，中山大学出版社2011年版。第218页","《松陵集》卷六","编年诗参见第256页（皮《吴中言情寄鲁望》—陆《奉和次韵》）",,"王秀林"
"唐","陆龟蒙","懿宗咸通十一年庚寅","870",,,"41","","江南东道","苏州","长洲",,"江苏","苏州市",,"120.589613","31.304566",,"在苏州，皮陆唱和","皮日休","《奉和次韵》6","Poem","","李福标《皮陆年谱》，中山大学出版社2011年版。第218页","《松陵集》卷六","编年诗参见第256页（皮《行次野梅》—陆《奉和次韵》）",,"王秀林"
"唐","陆龟蒙","懿宗咸通十一年庚寅","870",,,"41","","江南东道","苏州","长洲",,"江苏","苏州市",,"120.589613","31.304566",,"在苏州，皮陆唱和","皮日休","《奉和次韵》7","Poem","","李福标《皮陆年谱》，中山大学出版社2011年版。第218页","《松陵集》卷六","编年诗参见第256页（皮《扬州看辛夷花》—陆《奉和次韵》）",,"王秀林"
"唐","陆龟蒙","懿宗咸通十一年庚寅","870",,,"41","","江南东道","苏州","长洲",,"江苏","苏州市",,"120.589613","31.304566",,"在苏州，皮陆唱和","皮日休","《奉和次韵》8","Poem","","李福标《皮陆年谱》，中山大学出版社2011年版。第218页","《松陵集》卷六","编年诗参见第256页（皮《开元寺客省早景即事》—陆《奉和次韵》）",,"王秀林"
"唐","陆龟蒙","懿宗咸通十一年庚寅","870",,,"41","","江南东道","苏州","长洲",,"江苏","苏州市",,"120.589613","31.304566",,"在苏州，皮陆唱和","皮日休","《奉和次韵》9","Poem","","李福标《皮陆年谱》，中山大学出版社2011年版。第218页","《松陵集》卷六","编年诗参见第256页（皮《病中庭际海石榴花盛发，感而有寄》—陆《奉和次韵》）",,"王秀林"
"唐","陆龟蒙","懿宗咸通十一年庚寅","870",,,"41","","江南东道","苏州","长洲",,"江苏","苏州市",,"120.589613","31.304566",,"在苏州，皮陆唱和","皮日休","《奉和次韵》10","Poem","","李福标《皮陆年谱》，中山大学出版社2011年版。第218页","《松陵集》卷六","编年诗参见第257页（皮《病中书情寄上崔谏议，时眼疾未平》—陆《奉和次韵》）",,"王秀林"
"唐","陆龟蒙","懿宗咸通十一年庚寅","870",,,"41","","江南东道","苏州","长洲",,"江苏","苏州市",,"120.589613","31.304566",,"在苏州，皮陆唱和","皮日休","《奉和次韵》11","Poem","","李福标《皮陆年谱》，中山大学出版社2011年版。第218页","《松陵集》卷六","编年诗参见第257页（皮《鲁望春日多寻野景，皮日休抱病疾杜门，因有是寄》—陆《奉和次韵》）",,"王秀林"
"唐","陆龟蒙","懿宗咸通十一年庚寅","870",,,"41","","江南东道","苏州","长洲",,"江苏","苏州市",,"120.589613","31.304566",,"在苏州，皮陆唱和","皮日休","《奉和次韵》12","Poem","","李福标《皮陆年谱》，中山大学出版社2011年版。第218页","《松陵集》卷六","编年诗参见第258页（皮《卧春感疾寄鲁望》—陆《奉和次韵》）",,"王秀林"
"唐","陆龟蒙","懿宗咸通十一年庚寅","870",,,"41","","江南东道","苏州","长洲",,"江苏","苏州市",,"120.589613","31.304566",,"在苏州，皮陆唱和","皮日休","《奉和次韵》13","Poem","","李福标《皮陆年谱》，中山大学出版社2011年版。第218页","《松陵集》卷六","编年诗参见第258页（皮《病后春思》—陆《奉和次韵》",,"王秀林"
"唐","陆龟蒙","懿宗咸通十一年庚寅","870",,,"41","","江南东道","苏州","长洲",,"江苏","苏州市",,"120.589613","31.304566",,"在苏州，皮陆唱和","皮日休","《奉和次韵》14","Poem","","李福标《皮陆年谱》，中山大学出版社2011年版。第218页","《松陵集》卷六","编年诗参见第259页（皮《宿木兰院》—陆《奉和次韵》）",,"王秀林"
"唐","陆龟蒙","懿宗咸通十一年庚寅","870",,,"41","","江南东道","苏州","长洲",,"江苏","苏州市",,"120.589613","31.304566",,"在苏州，皮陆唱和","皮日休","《奉和次韵》15","Poem","","李福标《皮陆年谱》，中山大学出版社2011年版。第218页","《松陵集》卷六","编年诗参见第259页（皮《重题蔷薇》—陆《奉和次韵》》）",,"王秀林"
"唐","陆龟蒙","懿宗咸通十一年庚寅","870",,,"41","","江南东道","苏州","长洲",,"江苏","苏州市",,"120.589613","31.304566",,"在苏州，皮陆唱和","皮日休","《奉和次韵》16","Poem","","李福标《皮陆年谱》，中山大学出版社2011年版。第218页","《松陵集》卷七","编年诗参见第259页（皮《新夏东郊闲泛，有怀袭美》—陆《奉和次韵》）",,"王秀林"
"唐","陆龟蒙","懿宗咸通十一年庚寅","870",,,"41","","江南东道","苏州","长洲",,"江苏","苏州市",,"120.589613","31.304566",,"在苏州，皮陆唱和","皮日休","《奉和次韵》17","Poem","","李福标《皮陆年谱》，中山大学出版社2011年版。第218页","《松陵集》卷七","编年诗参见第259页（皮《夏初访鲁望，偶题小斋》—陆《奉和次韵》）",,"王秀林"
"唐","陆龟蒙","懿宗咸通十一年庚寅","870",,,"41","","江南东道","苏州","长洲",,"江苏","苏州市",,"120.589613","31.304566",,"在苏州，皮陆唱和","皮日休","《奉和次韵》18","Poem","","李福标《皮陆年谱》，中山大学出版社2011年版。第218页","《松陵集》卷七","编年诗参见第259页（皮《所居首夏水木尤清》，适然有作—陆《奉和次韵》）",,"王秀林"
"唐","陆龟蒙","懿宗咸通十一年庚寅","870",,,"41","","江南东道","苏州","长洲",,"江苏","苏州市",,"120.589613","31.304566",,"在苏州，皮陆唱和","皮日休","《奉和次韵》19","Poem","","李福标《皮陆年谱》，中山大学出版社2011年版。第218页","《松陵集》卷七","编年诗参见第259页（皮《夏景无事，因怀章、来二上人》—陆《奉和次韵》）",,"王秀林"
"唐","陆龟蒙","懿宗咸通十一年庚寅","870",,,"41","","江南东道","苏州","长洲",,"江苏","苏州市",,"120.589613","31.304566",,"在苏州，皮陆唱和","皮日休","《奉和次韵》20","Poem","","李福标《皮陆年谱》，中山大学出版社2011年版。第218页","《松陵集》卷七","编年诗参见第260页（皮《夏景冲澹偶然作二首》—陆《奉和次韵》）",,"王秀林"
"唐","陆龟蒙","懿宗咸通十一年庚寅","870",,,"41","","江南东道","苏州","长洲",,"江苏","苏州市",,"120.589613","31.304566",,"在苏州，皮陆唱和","皮日休","《奉和次韵》21","Poem","","李福标《皮陆年谱》，中山大学出版社2011年版。第218页","《松陵集》卷七","编年诗参见第260页（皮《醉中偶作寄鲁望》—陆《奉和次韵》）",,"王秀林"
"唐","陆龟蒙","懿宗咸通十一年庚寅","870",,,"41","","江南东道","苏州","长洲",,"江苏","苏州市",,"120.589613","31.304566",,"在苏州，皮陆唱和","皮日休","《奉和次韵》22","Poem","","李福标《皮陆年谱》，中山大学出版社2011年版。第218页","《松陵集》卷八","编年诗参见第261页（皮《新秋即事三首》—陆《奉和次韵》）",,"王秀林"
"唐","陆龟蒙","懿宗咸通十一年庚寅","870",,,"41","","江南东道","苏州","长洲",,"江苏","苏州市",,"120.589613","31.304566",,"在苏州，皮陆唱和","皮日休","《奉和次韵》23","Poem","","李福标《皮陆年谱》，中山大学出版社2011年版。第218页","《松陵集》卷八","编年诗参见第262页（皮《钓侣二章》—陆《奉和次韵》）",,"王秀林"
"唐","陆龟蒙","懿宗咸通十一年庚寅","870",,,"41","","江南东道","苏州","长洲",,"江苏","苏州市",,"120.589613","31.304566",,"在苏州，皮陆唱和","皮日休","《奉和次韵》24","Poem","","李福标《皮陆年谱》，中山大学出版社2011年版。第218页","《松陵集》卷八","编年诗参见第262页（皮《题支山南峰僧》—陆《奉和次韵》）",,"王秀林"
"唐","陆龟蒙","懿宗咸通十一年庚寅","870",,,"41","","江南东道","苏州","长洲",,"江苏","苏州市",,"120.589613","31.304566",,"在苏州，皮陆唱和","皮日休","《奉和次韵》25","Poem","","李福标《皮陆年谱》，中山大学出版社2011年版。第218页","《松陵集》卷八","编年诗参见第262页（皮《初冬偶作》—陆《奉和次韵》）",,"王秀林"
"唐","陆龟蒙","懿宗咸通十一年庚寅","870",,,"41","","江南东道","苏州","长洲",,"江苏","苏州市",,"120.589613","31.304566",,"在苏州，皮陆唱和","皮日休","《奉和次韵》26","Poem","","李福标《皮陆年谱》，中山大学出版社2011年版。第218页","《松陵集》卷九","编年诗参见第262页（张贲《旅泊吴门呈一二同志》—陆《奉和次韵》）",,"王秀林"
"唐","陆龟蒙","懿宗咸通十一年庚寅","870",,,"41","","江南东道","苏州","长洲",,"江苏","苏州市",,"120.589613","31.304566",,"在苏州，皮陆唱和","皮日休","《奉和次韵》27","Poem","","李福标《皮陆年谱》，中山大学出版社2011年版。第218页","《松陵集》卷九","编年诗参见第263页（张贲《奉和次韵》—陆《奉和次韵》）",,"王秀林"
"唐","陆龟蒙","懿宗咸通十一年庚寅","870",,,"41","","江南东道","苏州","长洲",,"江苏","苏州市",,"120.589613","31.304566",,"在苏州，皮陆唱和","皮日休","《奉和》1","Poem","","李福标《皮陆年谱》，中山大学出版社2011年版。第218页","《松陵集》卷六","编年诗参见第256页（皮《暇日独处寄鲁望》—陆《奉和》）",,"王秀林"
"唐","陆龟蒙","懿宗咸通十一年庚寅","870",,,"41","","江南东道","苏州","长洲",,"江苏","苏州市",,"120.589613","31.304566",,"在苏州，皮陆唱和","皮日休","《奉和》2","Poem","","李福标《皮陆年谱》，中山大学出版社2011年版。第218页","《松陵集》卷六","编年诗参见第257页（皮《病孔雀》—陆《奉和》）",,"王秀林"
"唐","陆龟蒙","懿宗咸通十一年庚寅","870",,,"41","","江南东道","苏州","长洲",,"江苏","苏州市",,"120.589613","31.304566",,"在苏州，皮陆唱和","皮日休","《奉和》3","Poem","","李福标《皮陆年谱》，中山大学出版社2011年版。第218页","《松陵集》卷六","编年诗参见第259页（皮《闻开元寺开笋，因寄章上人》—陆《奉和》）",,"王秀林"
"唐","陆龟蒙","懿宗咸通十一年庚寅","870",,,"41","","江南东道","苏州","长洲",,"江苏","苏州市",,"120.589613","31.304566",,"在苏州，皮陆唱和","皮日休","《奉和》4","Poem","","李福标《皮陆年谱》，中山大学出版社2011年版。第218页","《松陵集》卷六","编年诗参见第259页（皮《女坟湖》—陆《奉和》）",,"王秀林"
"唐","陆龟蒙","懿宗咸通十一年庚寅","870",,,"41","","江南东道","苏州","长洲",,"江苏","苏州市",,"120.589613","31.304566",,"在苏州，皮陆唱和","皮日休","《奉和》5","Poem","","李福标《皮陆年谱》，中山大学出版社2011年版。第218页","《松陵集》卷六","编年诗参见第259页（皮《泰伯庙》）—陆《奉和》",,"王秀林"
"唐","陆龟蒙","懿宗咸通十一年庚寅","870",,,"41","","江南东道","苏州","长洲",,"江苏","苏州市",,"120.589613","31.304566",,"在苏州，皮陆唱和","皮日休","《奉和》6","Poem","","李福标《皮陆年谱》，中山大学出版社2011年版。第218页","《松陵集》卷七","编年诗参见第259页（皮《开元寺佛钵诗并序》—陆《奉和》）",,"王秀林"
"唐","陆龟蒙","懿宗咸通十一年庚寅","870",,,"41","","江南东道","苏州","长洲",,"江苏","苏州市",,"120.589613","31.304566",,"在苏州，皮陆唱和","皮日休","《奉和》7","Poem","","李福标《皮陆年谱》，中山大学出版社2011年版。第218页","《松陵集》卷七","编年诗参见第259页（皮《登初阳楼，寄怀北平郎中》—陆《奉和》）",,"王秀林"
"唐","陆龟蒙","懿宗咸通十一年庚寅","870",,,"41","","江南东道","苏州","长洲",,"江苏","苏州市",,"120.589613","31.304566",,"在苏州，皮陆唱和","皮日休","《奉和》8","Poem","","李福标《皮陆年谱》，中山大学出版社2011年版。第218页","《松陵集》卷七","编年诗参见第260页（皮《送李明府之任海南》—陆《奉和》）",,"王秀林"
"唐","陆龟蒙","懿宗咸通十一年庚寅","870",,,"41","","江南东道","苏州","长洲",,"江苏","苏州市",,"120.589613","31.304566",,"在苏州，皮陆唱和","皮日休","《奉和》9","Poem","","李福标《皮陆年谱》，中山大学出版社2011年版。第218页","《松陵集》卷七","编年诗参见第260页（皮《宿报恩寺水阁》—陆《奉和》）",,"王秀林"
"唐","陆龟蒙","懿宗咸通十一年庚寅","870",,,"41","","江南东道","苏州","长洲",,"江苏","苏州市",,"120.589613","31.304566",,"在苏州，皮陆唱和","皮日休","《奉和》10","Poem","","李福标《皮陆年谱》，中山大学出版社2011年版。第218页","《松陵集》卷七","编年诗参见第260页（皮《伤史拱山人》—陆《奉和》）",,"王秀林"
"唐","陆龟蒙","懿宗咸通十一年庚寅","870",,,"41","","江南东道","苏州","长洲",,"江苏","苏州市",,"120.589613","31.304566",,"在苏州，皮陆唱和","皮日休","《奉和》11","Poem","","李福标《皮陆年谱》，中山大学出版社2011年版。第218页","《松陵集》卷七","编年诗参见第260页（皮《胥门闲泛》—陆《奉和》）",,"王秀林"
"唐","陆龟蒙","懿宗咸通十一年庚寅","870",,,"41","","江南东道","苏州","长洲",,"江苏","苏州市",,"120.589613","31.304566",,"在苏州，皮陆唱和","皮日休","《奉和》12","Poem","","李福标《皮陆年谱》，中山大学出版社2011年版。第218页","《松陵集》卷七","编年诗参见第260页（皮《重题后池》—陆《奉和》）",,"王秀林"
"唐","陆龟蒙","懿宗咸通十一年庚寅","870",,,"41","","江南东道","苏州","长洲",,"江苏","苏州市",,"120.589613","31.304566",,"在苏州，皮陆唱和","皮日休","《奉和》13","Poem","","李福标《皮陆年谱》，中山大学出版社2011年版。第218页","《松陵集》卷八","编年诗参见第261页（皮《寄淮南阳润卿》—陆《奉和》）",,"王秀林"
"唐","陆龟蒙","懿宗咸通十一年庚寅","870",,,"41","","江南东道","苏州","长洲",,"江苏","苏州市",,"120.589613","31.304566",,"在苏州，皮陆唱和","皮日休","《奉和》14","Poem","","李福标《皮陆年谱》，中山大学出版社2011年版。第218页","《松陵集》卷八","编年诗参见第261页（皮《友人以人参见惠，因以诗谢之》—陆《奉和》）",,"王秀林"
"唐","陆龟蒙","懿宗咸通十一年庚寅","870",,,"41","","江南东道","苏州","长洲",,"江苏","苏州市",,"120.589613","31.304566",,"在苏州，皮陆唱和","皮日休","《奉和》15","Poem","","李福标《皮陆年谱》，中山大学出版社2011年版。第218页","《松陵集》卷八","编年诗参见第261页（皮《访寂上人不遇》—陆《奉和》）",,"王秀林"
"唐","陆龟蒙","懿宗咸通十一年庚寅","870",,,"41","","江南东道","苏州","长洲",,"江苏","苏州市",,"120.589613","31.304566",,"在苏州，皮陆唱和","皮日休","《奉和》16","Poem","","李福标《皮陆年谱》，中山大学出版社2011年版。第218页","《松陵集》卷八","编年诗参见第261页（皮《寄毗邻魏处士璞》—陆《奉和》）",,"王秀林"
"唐","陆龟蒙","懿宗咸通十一年庚寅","870",,,"41","","江南东道","苏州","长洲",,"江苏","苏州市",,"120.589613","31.304566",,"在苏州，皮陆唱和","皮日休","《奉和》17","Poem","","李福标《皮陆年谱》，中山大学出版社2011年版。第218页","《松陵集》卷八","编年诗参见第261页（皮《寄题镜严周禅师所居诗并序》—陆《奉和》）",,"王秀林"
"唐","陆龟蒙","懿宗咸通十一年庚寅","870",,,"41","","江南东道","苏州","长洲",,"江苏","苏州市",,"120.589613","31.304566",,"在苏州，皮陆唱和","皮日休","《奉和》18","Poem","","李福标《皮陆年谱》，中山大学出版社2011年版。第218页","《松陵集》卷八","编年诗参见第261页（皮《庚寅岁十一月，新罗弘惠上人与本国同书请皮日休为灵鹫山周禅师碑。将还，以诗送之》—陆《奉和》）",,"王秀林"
"唐","陆龟蒙","懿宗咸通十一年庚寅","870",,,"41","","江南东道","苏州","长洲",,"江苏","苏州市",,"120.589613","31.304566",,"在苏州，皮陆唱和","皮日休","《奉和》19","Poem","","李福标《皮陆年谱》，中山大学出版社2011年版。第218页","《松陵集》卷八","编年诗参见第262页（皮《臈后送内大德从勖游天台》—陆《奉和》）",,"王秀林"
"唐","陆龟蒙","懿宗咸通十一年庚寅","870",,,"41","","江南东道","苏州","长洲",,"江苏","苏州市",,"120.589613","31.304566",,"在苏州，皮陆唱和","皮日休","《奉和》20","Poem","","李福标《皮陆年谱》，中山大学出版社2011年版。第218页","《松陵集》卷八","编年诗参见第262页（皮《寄题玉霄峰叶涵象尊师所居》—陆《奉和》）",,"王秀林"
"唐","陆龟蒙","懿宗咸通十一年庚寅","870",,,"41","","江南东道","苏州","长洲",,"江苏","苏州市",,"120.589613","31.304566",,"在苏州，皮陆唱和","皮日休","《奉和》21","Poem","","李福标《皮陆年谱》，中山大学出版社2011年版。第218页","《松陵集》卷八","编年诗参见第262页（皮《天竺寺八月十五夜桂子》—陆《奉和》）",,"王秀林"
"唐","陆龟蒙","懿宗咸通十一年庚寅","870",,,"41","","江南东道","苏州","长洲",,"江苏","苏州市",,"120.589613","31.304566",,"在苏州，皮陆唱和","皮日休","《奉和》22","Poem","","李福标《皮陆年谱》，中山大学出版社2011年版。第218页","《松陵集》卷八","编年诗参见第262页（皮《钓侣二章》—陆《奉和》）",,"王秀林"
"唐","陆龟蒙","懿宗咸通十一年庚寅","870",,,"41","","江南东道","苏州","长洲",,"江苏","苏州市",,"120.589613","31.304566",,"在苏州，皮陆唱和","皮日休","《奉和》23","Poem","","李福标《皮陆年谱》，中山大学出版社2011年版。第218页","《松陵集》卷九","编年诗参见第262页（皮《皋桥》—陆《奉和》）",,"王秀林"
"唐","陆龟蒙","懿宗咸通十一年庚寅","870",,,"41","","江南东道","苏州","长洲",,"江苏","苏州市",,"120.589613","31.304566",,"在苏州，皮陆唱和","皮日休","《奉和》24","Poem","","李福标《皮陆年谱》，中山大学出版社2011年版。第218页","《松陵集》卷九","编年诗参见第262页（皮《重玄寺双矮桧》—陆《奉和》）",,"王秀林"
"唐","陆龟蒙","懿宗咸通十一年庚寅","870",,,"41","","江南东道","苏州","长洲",,"江苏","苏州市",,"120.589613","31.304566",,"在苏州，皮陆唱和","皮日休","《奉和》25","Poem","","李福标《皮陆年谱》，中山大学出版社2011年版。第218页","《松陵集》卷九","编年诗参见第263页（皮《伤开元观顾道士》—张贲《奉和》—陆《奉和》—郑璧《奉和》）",,"王秀林"
"唐","陆龟蒙","懿宗咸通十一年庚寅","870",,,"41","","江南东道","苏州","长洲",,"江苏","苏州市",,"120.589613","31.304566",,"在苏州，皮陆唱和","皮日休","《奉和》26","Poem","","李福标《皮陆年谱》，中山大学出版社2011年版。第218页","《松陵集》卷九","编年诗参见第263页（李穀《奉和袭美先生悼鹤二首》—张贲《奉和》—陆《奉和》）",,"王秀林"
"唐","陆龟蒙","懿宗咸通十一年庚寅","870",,,"41","","江南东道","苏州","长洲",,"江苏","苏州市",,"120.589613","31.304566",,"在苏州，皮陆唱和","皮日休","《奉和》27","Poem","","李福标《皮陆年谱》，中山大学出版社2011年版。第218页","《松陵集》卷九","编年诗参见第264页（皮《寒夜文宴，润卿有期不至》—陆《奉和》—郑璧《奉和》）",,"王秀林"
"唐","陆龟蒙","懿宗咸通十一年庚寅","870",,,"41","","江南东道","苏州","长洲",,"江苏","苏州市",,"120.589613","31.304566",,"在苏州，皮陆唱和","皮日休","《奉和》28","Poem","","李福标《皮陆年谱》，中山大学出版社2011年版。第218页","《松陵集》卷九","编年诗参见第264页（皮《酒病偶作》—陆《奉和》—张贲《奉和次韵》",,"王秀林"
"唐","陆龟蒙","懿宗咸通十一年庚寅","870",,,"41","","江南东道","苏州","长洲",,"江苏","苏州市",,"120.589613","31.304566",,"在苏州，皮陆唱和","皮日休","《奉和》29","Poem","","李福标《皮陆年谱》，中山大学出版社2011年版。第218页","《松陵集》卷九","编年诗参见第264页（皮《友人许惠酒，以诗征之》—陆《奉和》）",,"王秀林"
"唐","陆龟蒙","懿宗咸通十一年庚寅","870",,,"41","","江南东道","苏州","长洲",,"江苏","苏州市",,"120.589613","31.304566",,"在苏州，皮陆唱和","皮日休","《奉和》30","Poem","","李福标《皮陆年谱》，中山大学出版社2011年版。第218页","《松陵集》卷一O","编年诗参见第265页（皮《怀锡山药名离合二首》—陆《奉和》）",,"王秀林"
"唐","陆龟蒙","懿宗咸通十一年庚寅","870",,,"41","","江南东道","苏州","长洲",,"江苏","苏州市",,"120.589613","31.304566",,"在苏州，皮陆唱和","皮日休","《奉和》31","Poem","","李福标《皮陆年谱》，中山大学出版社2011年版。第218页","《松陵集》卷一O","编年诗参见第265页（皮《胥口即事六言二首》—陆《奉和》）",,"王秀林"
"唐","陆龟蒙","懿宗咸通十一年庚寅","870",,,"41","","江南东道","苏州","长洲",,"江苏","苏州市",,"120.589613","31.304566",,"在苏州，皮陆唱和","皮日休","《奉和》32","Poem","","李福标《皮陆年谱》，中山大学出版社2011年版。第218页","《松陵集》卷一O","编年诗参见第265页（皮《怀锡山药名离合二首》—陆《奉和》）",,"王秀林"
"唐","陆龟蒙","懿宗咸通十一年庚寅","870",,,"41","","江南东道","苏州","长洲",,"江苏","苏州市",,"120.589613","31.304566",,"皮日休祷太湖时，所为《太湖诗》二十首皆以寄陆龟蒙，陆龟蒙有和","皮日休","《奉和太湖诗二十首》","Poem","奉和袭美太湖诗二十首 其一 初入太湖
东南具区雄，天水合为一。高帆大弓满，羿射争箭疾。时当暑雨后，气象仍郁密。乍如开雕笯，耸翅忽飞出。行将十洲近，坐觉八极溢。耳目骇鸿濛，精神寒佶栗。坑来斗呀豁，涌处惊嵯崒。崄异拔龙湫，喧如破蛟室。斯须风妥帖，若受命平秩。微茫诚端倪，远峤疑格笔。巉巉见铜阙，左右皆辅弼。盘空俨相趋，去势犹横逸。尝闻咸池气，下注作清质。至今涵赤霄，尚且浴白日。又云构浮玉，宛与昆阆匹。肃为灵官家，此事难致诘。才迎沙屿好，指顾俄已失。山川互蔽亏，鱼鸟空聱耴。何当授真检，得召天吴术。一一问朝宗，方应可谭悉。
奉和袭美太湖诗二十首 其二 晓次神景宫
晓帆逗埼岸，高步入神景。洒洒襟袖清，如临蕊珠屏。虽然群动息，此地常寂静。翠镊有寒锵，碧花无定影。凭轩羽人傲，夹户天兽猛。稽首朝元君，褰衣就虚省。呀空雪牙利，嗽水石齿冷。香母未垂婴，芝田不论顷。遥通河汉口，近抚松桂顶。饭荐七白蔬，杯酾九光杏。人间附尘躅，固陋真钳颈。肯信抃鳌倾，犹疑夏虫永。玄津荡琼垄，紫汞啼金鼎。尽出冰霜书，期君一披省。
奉和袭美太湖诗二十首 其三 入林屋洞
知名十小天，林屋当第九。题之为左神，理之以天后。魁堆辟邪辈，左右专备守。自非方瞳人，不敢窥洞口。唯君好奇士，复啸忘情友。致伞在风林，低冠入云窦。中深剧苔井，傍坎才药臼。石角忽支颐，藤根时束肘。初为大幽怖，渐见微明诱。屹若造灵封，森如达仙薮。尝闻白芝秀，状与琅花偶。又坐紫泉光，甘如酌天酒。何人能挹嚼，饵以代浆糗。却笑探五符，徒劳步双斗。真君不可见，焚盥空迟久。眷恋玉碣文，行行但回首。
奉和袭美太湖诗二十首 其四 雨中游包山精舍
包山信神仙，主者上真职。及栖钟梵侣，又是清凉域。乃知烟霞地，绝俗无不得。岩开一径分，柏拥深殿黑。僧闲若图画，像古非雕刻。海客施明珠，湘蕤料净食。有鱼皆玉尾，有乌尽金臆。手携鞞铎祛，若在中印国。千峰残雨过，万籁清且极。此时空寂心，可以遗智识。知君战未胜，尚倚功名力。却下听经徒，孤帆有行色。
奉和袭美太湖诗二十首 其五 毛公坛
古有韩终道，授之刘先生。身如碧凤皇，羽翼披轻轻。先生盛驱役，臣伏甲与丁。势可倒五岳，不唯鞭群灵。飘飖驾翔螭，白日朝太清。空遗古坛在，稠叠烟萝屏。远怀步罡夕，列宿森然明。四角镇露兽，三层差羽婴。回眸盼七气，运足驰疏星。象外真既感，区中道俄成。迩来向千祀，云峤空峥嵘。石上橘花落，石根瑶草青。时时白鹿下，此外无人行。我访岑寂境，自言斋戒精。如今君安死，魂魄犹膻腥。有芨皆绿字，有芝皆紫茎。相将望瀛岛，浩荡凌沧溟。
奉和袭美太湖诗二十首 其六 三宿神景宫
灵踪未遍寻，不觉溪色瞑。回头问栖所，稍下杉萝径。岩居更幽绝，涧户相隐映。过此即神宫，虚堂惬云性。四轩尽疏达，一榻何清零。髣髴闻玉笙，鼓铿动凉磬。风凝古松粒，露压脩荷柄。万籁既无声，澄明但心听。希微辨真语，若授虚皇命。尺宅按来平，华池漱馀净。频窥宿羽丽，三吸晨霞盛。岂独冷衣襟，便堪遗造请。徒深物外趣，未脱尘中病。举首谢灵峰，徜徉事归榜。
奉和袭美太湖诗二十首 其七 以毛公泉献大谏清河公
先生鍊飞精，羽化成翩翻。荒坛与古甃，隐轸清泠存。四面蹙山骨，中心含月魂。除非紫水脉，即是金沙源。香实洒桂蕊，甘惟渍云根。向来探幽人，酌罢祛蒙昏。况公圭璋质，近处谏诤垣。又闻虚静姿，早挂冰雪痕。君对瑶华味，重献兰薰言。当应涤烦暑，朗咏翚飞轩。我愿得一掬，攀天叫重阍。霏霏散为雨，用以移焦原。
奉和袭美太湖诗二十首 其八 缥缈峰
左右皆跳岑，孤峰挺然起。因思缥缈称，乃在虚无里。清晨跻磴道，便是孱颜始。据石即更歌，遇泉还徙倚。花奇忽如荐，树曲浑成几。乐静烟霭知，忘机猿狖喜。频攀峻过斗，末造平如砥。举首阂青冥，回眸聊下视。高帆大于鸟，广墠才类蚁。就此微茫中，争先未尝已。葛洪话刚气，去地四千里。苟能乘之游，止若道路耳。吾将自峰顶，便可朝帝扆。尽欲活群生，不唯私一己。超骑明月蜍，复弄华星蕊。却下蓬莱巅，重窥清浅水。身为大块客，自号天随子。他日向华阳，敲云问名氏。
奉和袭美太湖诗二十首 其九 桃花坞
行行问绝境，贵与名相亲。空经桃花坞，不见秦时人。愿此为东风，吹起枝上春。愿此作流水，潜浮蕊中尘。愿此为好鸟，得栖花际邻。愿此作幽蝶，得随花下宾。朝为照花日，暮作涵花津。试为探花士，作此偷桃臣。桃源不我弃，庶可全天真。
奉和袭美太湖诗二十首 其十 明月湾
昔闻明月观，祗伤荒野基。今逢明月湾，不值三五时。择此二明月，洞庭看最奇。连山忽中断，远树分毫釐。周回二十里，一片澄风漪。见说秋半夜，净无云物欺。兼之星斗藏，独有神仙期。初闻锵镣跳，积渐调参差。空中卓羽卫，波上停龙螭。踪舞玉烟节，高歌碧霜词。清光悄不动，万象寒咿咿。此会非俗致，无由得旁窥。但当乘扁舟，酒瓮仍相随。或彻三弄笛，或成数联诗。自然莹心骨，何用神仙为。
奉和袭美太湖诗二十首 其十一 练渎
越恃君子众，大将压全吴。吴将派天泽，以练舟师徒。一镜止千里，支流忽然迂。苍奁刺洪波，坐似冯夷躯。战舰百万辈，浮宫三十馀。平川盛丁宁，绝岛分储胥。凤押半鹤膝，锦杠杂肥胡。香烟与杀气，浩浩随风驱。弹射尽高鸟，杯觥醉潜鱼。山灵恐见鞭，水府愁为墟。兵利德日削，反为雠国屠。至今钩镞残，尚与泥沙俱。照此月倍苦，来兹烟亦孤。丁魂尚有泪，合洒青枫枯。
奉和袭美太湖诗二十首 其十二 投龙潭
名山潭洞中，自古多秘邃。君将接神物，聊用申祀事。镕金象牙角，尺木无不备。亦既奉真官，因之徇前志。持来展明诰，敬以投嘉瑞。鳞光焕水容，目色烧山翠。吾皇病秦汉，岂独探幽异。所贵风雨时，民皆受其赐。良田为巨浸，污泽成赤地。掌职一不行，精灵又何寄。唯贪血食饱，但据骊珠睡。何必费黄金，年年授星使。
奉和袭美太湖诗二十首 其十三 孤园寺
浮屠从西来，事者极梁武。岩幽与水曲，结构无遗土。穷山林干尽，竭海珠玑聚。况即侍从臣，敢爱烟波坞。幡条玉龙扣，殿角金虬舞。释子厌楼台，生人露风雨。今来四百载，像设藏云浦。轻鸽乱驯鸥，鸣钟和朝橹。庭蕉裂旗旆，野蔓差缨组。石上解空人，窗前听经虎。林虚叶如织，水净沙堪数。遍问得中天，归脩释迦谱。
奉和袭美太湖诗二十首 其十四 上真观
尝闻升三清，真有上中下。官居乘佩服，一一自相亚。霄裙或霞粲，侍女忽玉姹。坐进金碧腴，去驰飙歘驾。今来上真观，恍若心灵讶。祗恐暂神游，又疑新羽化。风馀撼朱草，云破生瑶榭。望极觉波平，行虚信烟藉。闲开飞龟帙，静倚宿凤架。俗状既能遗，尘冠聊以卸。人间方大火，此境无朱夏。松盖荫日车，泉绅垂天罅。穷幽不知倦，复息芝园舍。锵佩引凉姿，焚香礼遥夜。无情走声利，有志依闲暇。何处好迎僧，希将石楼借。
奉和袭美太湖诗二十首 其十五 销夏湾
霞岛焰难泊，云峰奇未收。萧条千里湾，独自清如秋。古岸过新雨，高萝荫横流。遥风吹蒹葭，折处鸣飕飕。昔予守圭窦，过于回禄囚。日为蘧筁徒，分作祗裯雠。愿狎寒水怪，不封朱毂侯。岂知烟浪涯，坐可思重裘。健若数尺鲤，泛然双白鸥。不识号火井，孰问名焦丘。我真鱼鸟家，尽室营扁舟。遗名复避世，消夏还消忧。
奉和袭美太湖诗二十首 其十六 包山祠
静境林麓好，古祠烟霭浓。自非通灵才，敢陟群仙峰。百里波浪沓，中堂箫鼓重。真君具琼舆，髣髴来相从。清露濯巢鸟，阴云生昼龙。风飘橘柚香，日动幡盖容。将命礼且洁，所祈年不凶。终当以疏闻，特用诸侯封。
奉和袭美太湖诗二十首 其十七 圣姑庙
渺渺洞庭水，盈盈芳屿神。因知古佳丽，不独湘夫人。流苏荡遥吹，斜领生轻尘。蜀彩駮霞碎，吴绡盘雾匀。可怜飞燕姿，合是乘鸾宾。坐想烟雨夕，兼知花草春。空登油壁车，窈窕谁相亲。好赠玉条脱，堪携紫纶巾。殷勤拨香池，重荐汀洲蘋。明朝动兰楫，不翅星河津。
奉和袭美太湖诗二十首 其十八 太湖石
他山岂无石，厥状皆可荐。端然遇良工，坐使天质变。或裁基栋宇，礧砢成广殿。或剖出温瑜，精光具华瑱。或将破仇敌，百炮资苦战。或用镜功名，万古如会面。今之洞庭者，一以非此选。槎牙真不才，反作天下彦。所奇者嵌崆，所尚者葱茜。旁穿参洞穴，内窍均环钏。刻削九琳窗，玲珑五明扇。新雕碧霞段，旋破秋天片。无力置池塘，临风只流眄。
奉和袭美太湖诗二十首 其十九 崦里
山横路若绝，转楫逢平川。川中水木幽，高下兼良田。沟塍堕微溜，桑柘含疏烟。处处倚蚕箔，家家下鱼筌。騃犊卧新𦬻，野禽争折莲。试招搔首翁，共语残阳边。今来九州内，未得皆恬然。贼阵始吉语，狂波又凶年。吾翁欲何道，守此常安眠。笑我掉头去，芦中闻刺船。余知隐地术，可以齐真仙。终当从之游，庶复全于天。
奉和袭美太湖诗二十首 其二十 石板
一片倒山屏，何时隳洞门。屹然空阔中，万古波涛痕。我意上帝命，持来压泉源。恐为庚辰官，囚怪力所掀。又疑广袤次，零落潜惊奔。不然遭霹雳，强半沈无垠。如何造化首，便截秋云根。往事不足问，奇踪安可论。吾今病烦暑，据簟常昏昏。欲从石公乞，莹理平如璊。前后植桂桧，东西置琴尊。尽携天壤徒，浩唱羲皇言。","李福标《皮陆年谱》，中山大学出版社2011年版。219-226","《松陵集》卷三",,,"王秀林"
"唐","陆龟蒙","懿宗咸通十一年庚寅","870",,,"41","","江南东道","润州",,"北固山","江苏","镇江市",,"119.431494","32.195688",,"早秋游润州，登北固山","",,"","","李福标《皮陆年谱》，中山大学出版社2011年版。第226页",,,,"王秀林"
"唐","陆龟蒙","懿宗咸通十一年庚寅","870",,,"41","","江南东道","苏州","长洲",,"江苏","苏州市",,"120.589613","31.304566",,"是年，皮陆唱和规模不断扩大。唱和友中除羊昭业、张贲等之外，尚有李縠、颜萱、司马都、郑璧、穰嵩起、崔璞等。与陆龟蒙交游者有李中秀、何道士、杨台文、杨鼎文等，有诗","李縠，颜萱，司马都，郑璧，穰嵩起，李忠秀，何道士，杨台文，杨鼎文","《奉酬秋晚见题二首》","Poem","奉酬袭美秋晚见题二首 其一
为爱晚窗明，门前亦懒行。图书看得熟，邻里见还生。鸟啄琴材响，僧传药味精。缘君多古思，携手上空城。
奉酬袭美秋晚见题二首 其二
何事乐渔樵，巾车或倚桡。和诗盈古箧，赊酒半寒瓢。失雨园蔬赤，无风蚛叶彫。清言一相遗，吾道未全消。","李福标《皮陆年谱》，中山大学出版社2011年版。227-233","《松陵集》卷五","编年诗参见第255页",,"王秀林"
"唐","陆龟蒙","懿宗咸通十一年庚寅","870",,,"41","","江南东道","苏州","长洲",,"江苏","苏州市",,"120.589613","31.304566",,"是年，皮陆唱和规模不断扩大。唱和友中除羊昭业、张贲等之外，尚有李縠、颜萱、司马都、郑璧、穰嵩起、崔璞等。与陆龟蒙交游者有李中秀、何道士、杨台文、杨鼎文等，有诗","李縠，颜萱，司马都，郑璧，穰嵩起，李忠秀，何道士，杨台文，杨鼎文","《袭美见题郊居十首因次韵》","Poem","袭美见题郊居十首因次韵酬之以伸荣谢 其一
近来唯乐静，移傍故城居。闲打修琴料，时封谢药书。夜停江上鸟，晴晒箧中鱼。出亦图何事，无劳置栈车。
袭美见题郊居十首因次韵酬之以伸荣谢 其二
倩人医病树，看仆补衡茅。散发还同阮，无心敢慕巢。简便书露竹，尊待破霜匏。日好林间坐，烟萝近欲交。
袭美见题郊居十首因次韵酬之以伸荣谢 其三
倭僧留海纸，山匠制云床。懒外应无敌，贫中直是王。池平鸥思喜，花尽蝶情忙。欲问新秋计，菱丝一亩强。
袭美见题郊居十首因次韵酬之以伸荣谢 其四
故山空自掷，当路竟谁知。祗有经时策，全无养拙资。病深怜灸客，炊晚信樵儿。谩欲陈风俗，周官未采诗。
袭美见题郊居十首因次韵酬之以伸荣谢 其五
福地能容堑，玄关讵有扉。静思琼版字，闲洗铁筇衣。鸟破凉烟下，人冲暮雨归。故园秋草梦，犹记绿微微。
袭美见题郊居十首因次韵酬之以伸荣谢 其六
水影沈鱼器，邻声动纬车。燕轻捎坠叶，蜂懒卧燋花。说史评诸例，论兵到百家。明时如不用，归去种桑麻。
袭美见题郊居十首因次韵酬之以伸荣谢 其七
禹穴奇编缺，雷平异境残。静吟封箓检，归兴削帆竿。白石堪为饭，青萝好作冠。几时当斗柄，同上步罡坛。
袭美见题郊居十首因次韵酬之以伸荣谢 其八
强起披衣坐，徐行处暑天。上阶来斗雀，移树去惊蝉。莫问盐车骏，谁看酱瓿玄。黄金如可化，相近买云泉。
袭美见题郊居十首因次韵酬之以伸荣谢 其九
野入青芜巷，陂侵白竹门。风高开栗刺，沙浅露芹根。迸鼠缘藤桁，饥乌立石盆。东吴虽不改，谁是武王孙。
袭美见题郊居十首因次韵酬之以伸荣谢 其十
疏慵真有素，时势尽无能。风月虽为敌，林泉幸未憎。酒材经夏阙，诗债待秋徵。祗有君同癖，闲来对曲肱。","李福标《皮陆年谱》，中山大学出版社2011年版。227-233","《松陵集》卷五","编年诗参见第255页",,"王秀林"
"唐","陆龟蒙","懿宗咸通十一年庚寅","870",,,"41","","江南东道","苏州","长洲",,"江苏","苏州市",,"120.589613","31.304566",,"是年，皮陆唱和规模不断扩大。唱和友中除羊昭业、张贲等之外，尚有李縠、颜萱、司马都、郑璧、穰嵩起、崔璞等。与陆龟蒙交游者有李中秀、何道士、杨台文、杨鼎文等，有诗","李縠，颜萱，司马都，郑璧，穰嵩起，李忠秀，何道士，杨台文，杨鼎文","《奉和古杉三十韵》","Poem","奉和袭美古杉三十韵
众木尽相遗，孤芳独任奇。锸天形硉兀，当殿势𢼮危。恐是夸娥怒，教临巀嶭衰。节穿开耳目，根瘿坐熊罴。世只论荣落，人谁问等衰。有巅从日上，无叶与秋欺。虎搏应难动，雕蹲不敢迟。战锋新缺齾，烧岸黑𪑿黧。斗死龙骸杂，争奔鹿角差。肢销洪水脑，棱耸梵天眉。磔索珊瑚涌，森严獬豸窥。向空分荦指，冲浪出鲸鬐。杨仆船橦在，蚩尤阵纛隳。下连金粟固，高用铁菱披。挺若苻坚棰，浮于祖纳椎。峥嵘惊露鹤，䟐趚阂云螭。傍宇将支压，撑霄欲抵巇。背交虫臂挶，相向鹘拳追。格笔差犹立，阶干卓未麾。鬼神应暗画，风雨恐潜移。已觉寒松伏，偏宜后土疲。好邀清啸傲，堪映古茅茨。材大应容蝎，年深必孕夔。后雕依佛氏，初植必僧弥。拥肿烦庄辩，槎牙费庾词。咏多灵符困，搜苦化权卑。类既区中寡，朋当物外推。蟠桃标日域，珠草侍仙墀。真宰诚求梦，春工幸可医。若能嘘嶰竹，犹足动华滋。","李福标《皮陆年谱》，中山大学出版社2011年版。227-233","《松陵集》卷五","编年诗参见第255页",,"王秀林"
"唐","陆龟蒙","懿宗咸通十一年庚寅","870",,,"41","","江南东道","苏州","长洲",,"江苏","苏州市",,"120.589613","31.304566",,"是年，皮陆唱和规模不断扩大。唱和友中除羊昭业、张贲等之外，尚有李縠、颜萱、司马都、郑璧、穰嵩起、崔璞等。与陆龟蒙交游者有李中秀、何道士、杨台文、杨鼎文等，有诗","李縠，颜萱，司马都，郑璧，穰嵩起，李忠秀，何道士，杨台文，杨鼎文","《读皇帝阴符经寄鹿门子》","Poem","读阴符经寄鹿门子
清晨整冠坐，朗咏三百言。备识天地意，献词犯乾坤。何事不隐德，降灵生轩辕。口衔造化斧，凿破机关门。五贼忽迸逸，万物争崩奔。虚施神仙要，莫救华池源。但学战胜术，相高甲兵屯。龙蛇竞起陆，斗血浮中原。成汤与周武，反覆更为尊。下及秦汉得，黩弄兵亦烦。奸强自林据，仁弱无枝蹲。狂喉恣吞噬，逆翼争飞翻。家家伺天发，不肯匡淫昏。生民坠涂炭，比屋为冤魂。祗为读此书，大朴难久存。微臣与轩辕，亦是万世孙。未能穷意义，岂敢求瑕痕。曾亦爱两句，可与贤达论。生者死之根，死者生之根。方寸了十字，万化皆胚腪。身外更何事，眼前徒自喧。黄河但东注，不见归昆崙。昼短苦夜永，劝君倾一尊。","李福标《皮陆年谱》，中山大学出版社2011年版。227-233","《松陵集》卷五","编年诗参见第255页",,"王秀林"
"唐","陆龟蒙","懿宗咸通十一年庚寅","870",,,"41","","江南东道","苏州","长洲",,"江苏","苏州市",,"120.589613","31.304566",,"是年，皮陆唱和规模不断扩大。唱和友中除羊昭业、张贲等之外，尚有李縠、颜萱、司马都、郑璧、穰嵩起、崔璞等。与陆龟蒙交游者有李中秀、何道士、杨台文、杨鼎文等，有诗","李縠，颜萱，司马都，郑璧，穰嵩起，李忠秀，何道士，杨台文，杨鼎文","《闻袭美有亲迎之期因以寄贺》","Poem","闻袭美有亲迎之期因以寄贺
梁鸿夫妇欲双飞，细雨轻寒拂雉衣。初下雪窗因眷恋，次乘烟幰奈光辉。参差扇影分华月，断续箫声落翠微。见说春风偏有贺，露花千朵照庭闱。","李福标《皮陆年谱》，中山大学出版社2011年版。227-233","《松陵集》卷六","编年诗参见第256页",,"王秀林"
"唐","陆龟蒙","懿宗咸通十一年庚寅","870",,,"41","","江南东道","苏州","长洲",,"江苏","苏州市",,"120.589613","31.304566",,"是年，皮陆唱和规模不断扩大。唱和友中除羊昭业、张贲等之外，尚有李縠、颜萱、司马都、郑璧、穰嵩起、崔璞等。与陆龟蒙交游者有李中秀、何道士、杨台文、杨鼎文等，有诗","李縠，颜萱，司马都，郑璧，穰嵩起，李忠秀，何道士，杨台文，杨鼎文","《再招》","Poem","再招
遥知道侣谈玄次，又是文交丽事时。虽是寒轻云重日，也留花簟待徐摛。","李福标《皮陆年谱》，中山大学出版社2011年版。227-233","《松陵集》卷九","编年诗参见第264页",,"王秀林"
"唐","陆龟蒙","懿宗咸通十一年庚寅","870",,,"41","","江南东道","苏州","长洲",,"江苏","苏州市",,"120.589613","31.304566",,"是年，皮陆唱和规模不断扩大。唱和友中除羊昭业、张贲等之外，尚有李縠、颜萱、司马都、郑璧、穰嵩起、崔璞等。与陆龟蒙交游者有李中秀、何道士、杨台文、杨鼎文等，有诗","李縠，颜萱，司马都，郑璧，穰嵩起，李忠秀，何道士，杨台文，杨鼎文","《酬袭美见寄海蟹》","Poem","酬袭美见寄海蟹
药杯应阻蟹螯香，却乞江边采捕郎。自是扬雄知郭索，且非何胤敢餦餭。骨清犹似含春霭，沫白还疑带海霜。强作南朝风雅客，夜来偷醉早梅傍。","李福标《皮陆年谱》，中山大学出版社2011年版。227-233","《松陵集》卷六","编年诗参见第256页",,"王秀林"
"唐","陆龟蒙","懿宗咸通十一年庚寅","870",,,"41","","江南东道","苏州","长洲",,"江苏","苏州市",,"120.589613","31.304566",,"是年，皮陆唱和规模不断扩大。唱和友中除羊昭业、张贲等之外，尚有李縠、颜萱、司马都、郑璧、穰嵩起、崔璞等。与陆龟蒙交游者有李中秀、何道士、杨台文、杨鼎文等，有诗","李縠，颜萱，司马都，郑璧，穰嵩起，李忠秀，何道士，杨台文，杨鼎文","《奉酬病中见寄》","Poem","奉酬袭美病中见寄
逢花逢月便相招，忽卧云航隔野桥。春恨与谁同酩酊，玄言何处问逍遥？题诗石上空回笔，拾蕙汀边独倚桡。早晚却还岩下电，共寻芳径结烟条。","李福标《皮陆年谱》，中山大学出版社2011年版。227-233","《松陵集》卷六","编年诗参见第256页",,"王秀林"
"唐","陆龟蒙","懿宗咸通十一年庚寅","870",,,"41","","江南东道","苏州","长洲",,"江苏","苏州市",,"120.589613","31.304566",,"是年，皮陆唱和规模不断扩大。唱和友中除羊昭业、张贲等之外，尚有李縠、颜萱、司马都、郑璧、穰嵩起、崔璞等。与陆龟蒙交游者有李中秀、何道士、杨台文、杨鼎文等，有诗","李縠，颜萱，司马都，郑璧，穰嵩起，李忠秀，何道士，杨台文，杨鼎文","《袭美以春橘见惠，兼之雅篇。因次韵酬谢》","Poem","袭美以春橘见惠兼之雅篇因次韵酬谢
到春犹作九秋鲜，应是亲封白帝烟。良玉有浆须让味，明珠无颣亦羞圆。堪居汉苑霜梨上，合在仙家火枣前。珍重更过三十子，不堪分付野人边。","李福标《皮陆年谱》，中山大学出版社2011年版。227-233","《松陵集》卷六","编年诗参见第257页",,"王秀林"
"唐","陆龟蒙","懿宗咸通十一年庚寅","870",,,"41","","江南东道","苏州","长洲",,"江苏","苏州市",,"120.589613","31.304566",,"是年，皮陆唱和规模不断扩大。唱和友中除羊昭业、张贲等之外，尚有李縠、颜萱、司马都、郑璧、穰嵩起、崔璞等。与陆龟蒙交游者有李中秀、何道士、杨台文、杨鼎文等，有诗","李縠，颜萱，司马都，郑璧，穰嵩起，李忠秀，何道士，杨台文，杨鼎文","《上元日道室焚修寄袭美》","Poem","上元日道室焚修寄袭美
三清今日聚灵官，玉刺齐抽谒广寒。执盖冒花香寂历，侍晨交佩响阑珊。将排凤节分阶易，欲校龙书下笔难。唯有世尘中小兆，夜来心拜七星坛。","李福标《皮陆年谱》，中山大学出版社2011年版。227-233","《松陵集》卷六","编年诗参见第257页",,"王秀林"
"唐","陆龟蒙","懿宗咸通十一年庚寅","870",,,"41","","江南东道","苏州","长洲",,"江苏","苏州市",,"120.589613","31.304566",,"是年，皮陆唱和规模不断扩大。唱和友中除羊昭业、张贲等之外，尚有李縠、颜萱、司马都、郑璧、穰嵩起、崔璞等。与陆龟蒙交游者有李中秀、何道士、杨台文、杨鼎文等，有诗","李縠，颜萱，司马都，郑璧，穰嵩起，李忠秀，何道士，杨台文，杨鼎文","《袭美病中见寄，次韵酬之》","Poem","袭美病中闻余游颜家园见寄次韵酬之
日华风蕙正交光，羯末相携籍草塘。佳酒旋倾醽醁嫩，短船闲弄木兰香。烟丝鸟拂来萦带，蕊榼人收去约簧。今日好为联句会，不成刚为欠檀郎。","李福标《皮陆年谱》，中山大学出版社2011年版。227-233","《松陵集》卷六","编年诗参见第257页",,"王秀林"
"唐","陆龟蒙","懿宗咸通十一年庚寅","870",,,"41","","江南东道","苏州","长洲",,"江苏","苏州市",,"120.589613","31.304566",,"是年，皮陆唱和规模不断扩大。唱和友中除羊昭业、张贲等之外，尚有李縠、颜萱、司马都、郑璧、穰嵩起、崔璞等。与陆龟蒙交游者有李中秀、何道士、杨台文、杨鼎文等，有诗","李縠，颜萱，司马都，郑璧，穰嵩起，李忠秀，何道士，杨台文，杨鼎文","《春雨即事寄袭美》","Poem","春雨即事寄袭美
小谢轻埃日日飞，城边江上阻春晖。虽愁野岸花房冻，还得山家药笋肥。双屐著频看齿折，败裘披苦见毛稀。比邻钓叟无尘事，洒笠鸣蓑夜半归。","李福标《皮陆年谱》，中山大学出版社2011年版。227-233","《松陵集》卷六","编年诗参见第258页",,"王秀林"
"唐","陆龟蒙","懿宗咸通十一年庚寅","870",,,"41","","江南东道","苏州","长洲",,"江苏","苏州市",,"120.589613","31.304566",,"是年，皮陆唱和规模不断扩大。唱和友中除羊昭业、张贲等之外，尚有李縠、颜萱、司马都、郑璧、穰嵩起、崔璞等。与陆龟蒙交游者有李中秀、何道士、杨台文、杨鼎文等，有诗","李縠，颜萱，司马都，郑璧，穰嵩起，李忠秀，何道士，杨台文，杨鼎文","《偶掇野蔬寄袭美有作》","Poem","偶掇野蔬寄袭美有作
野园烟里自幽寻，嫩甲香蕤引渐深。行歇每依鸦舅影，挑频时见鼠姑心。凌风蔼彩初携笼，带露虚疏或贮襟。欲助春盘还爱否，不妨萧洒似家林。","李福标《皮陆年谱》，中山大学出版社2011年版。227-233","《松陵集》卷六","编年诗参见第258页",,"王秀林"
"唐","陆龟蒙","懿宗咸通十一年庚寅","870",,,"41","","江南东道","苏州","长洲",,"江苏","苏州市",,"120.589613","31.304566",,"是年，皮陆唱和规模不断扩大。唱和友中除羊昭业、张贲等之外，尚有李縠、颜萱、司马都、郑璧、穰嵩起、崔璞等。与陆龟蒙交游者有李中秀、何道士、杨台文、杨鼎文等，有诗","李縠，颜萱，司马都，郑璧，穰嵩起，李忠秀，何道士，杨台文，杨鼎文","《袭美以渔笺见寄，因谢成篇》","Poem","袭美以鱼笺见寄因谢成篇
捣成霜粒细鳞鳞，知作愁吟喜见分。向日乍惊新茧色，临风时辨白萍文。好将花下承金粉，堪送天边咏碧云。见倚小窗亲襞染，尽图春色寄夫君。","李福标《皮陆年谱》，中山大学出版社2011年版。227-233","《松陵集》卷六","编年诗参见第258页",,"王秀林"
"唐","陆龟蒙","懿宗咸通十一年庚寅","870",,,"41","","江南东道","苏州","长洲",,"江苏","苏州市",,"120.589613","31.304566",,"是年，皮陆唱和规模不断扩大。唱和友中除羊昭业、张贲等之外，尚有李縠、颜萱、司马都、郑璧、穰嵩起、崔璞等。与陆龟蒙交游者有李中秀、何道士、杨台文、杨鼎文等，有诗","李縠，颜萱，司马都，郑璧，穰嵩起，李忠秀，何道士，杨台文，杨鼎文","《袭美以公斋小宴见招，因代书寄之》","Poem","袭美以公斋小宴见招因代书寄之
早云才破漏春阳，野客晨兴喜又忙。自与酌量煎药水，别教安置晒书床。依方酿酒愁迟去，借样裁巾怕索将。唯待数般幽事了，不妨还入少年场。","李福标《皮陆年谱》，中山大学出版社2011年版。227-233","《松陵集》卷六","编年诗参见第258页",,"王秀林"
"唐","陆龟蒙","懿宗咸通十一年庚寅","870",,,"41","","江南东道","苏州","长洲",,"江苏","苏州市",,"120.589613","31.304566",,"是年，皮陆唱和规模不断扩大。唱和友中除羊昭业、张贲等之外，尚有李縠、颜萱、司马都、郑璧、穰嵩起、崔璞等。与陆龟蒙交游者有李中秀、何道士、杨台文、杨鼎文等，有诗","李縠，颜萱，司马都，郑璧，穰嵩起，李忠秀，何道士，杨台文，杨鼎文","《袭美以纱巾见惠，继以雅音。因次韵酬谢》","Poem","袭美以纱巾见惠继以雅音因次韵酬谢
薄如蝉翅背斜阳，不称春前赠𦊔郎。初觉顶寒生远吹，预忧头白透新霜。堪窥水槛澄波影，好拂花墙亚蕊香。知有芙蓉留自戴，欲峨烟雾访黄房。","李福标《皮陆年谱》，中山大学出版社2011年版。227-233","《松陵集》卷六","编年诗参见第258页",,"王秀林"
"唐","陆龟蒙","懿宗咸通十一年庚寅","870",,,"41","","江南东道","苏州","长洲",,"江苏","苏州市",,"120.589613","31.304566",,"是年，皮陆唱和规模不断扩大。唱和友中除羊昭业、张贲等之外，尚有李縠、颜萱、司马都、郑璧、穰嵩起、崔璞等。与陆龟蒙交游者有李中秀、何道士、杨台文、杨鼎文等，有诗","李縠，颜萱，司马都，郑璧，穰嵩起，李忠秀，何道士，杨台文，杨鼎文","《袭美以紫石砚见赠，以诗迎之》","Poem","袭美以紫石砚见赠以诗迎之
霞骨坚来玉自愁，琢成飞燕古钗头。澄沙脆弱闻应伏，青铁沈埋见亦羞。最称风亭批碧简，好将云窦渍寒流。君能把赠闲吟客，遍写江南物象酬。","李福标《皮陆年谱》，中山大学出版社2011年版。227-233","《松陵集》卷六","编年诗参见第258页",,"王秀林"
"唐","陆龟蒙","懿宗咸通十一年庚寅","870",,,"41","","江南东道","苏州","长洲",,"江苏","苏州市",,"120.589613","31.304566",,"是年，皮陆唱和规模不断扩大。唱和友中除羊昭业、张贲等之外，尚有李縠、颜萱、司马都、郑璧、穰嵩起、崔璞等。与陆龟蒙交游者有李中秀、何道士、杨台文、杨鼎文等，有诗","李縠，颜萱，司马都，郑璧，穰嵩起，李忠秀，何道士，杨台文，杨鼎文","《同袭美游北上院，院即故司动陆郎中旧宅》","Poem","","李福标《皮陆年谱》，中山大学出版社2011年版。227-233","《松陵集》卷六","编年诗参见第258页",,"王秀林"
"唐","陆龟蒙","懿宗咸通十一年庚寅","870",,,"41","","江南东道","苏州","长洲",,"江苏","苏州市",,"120.589613","31.304566",,"是年，皮陆唱和规模不断扩大。唱和友中除羊昭业、张贲等之外，尚有李縠、颜萱、司马都、郑璧、穰嵩起、崔璞等。与陆龟蒙交游者有李中秀、何道士、杨台文、杨鼎文等，有诗","李縠，颜萱，司马都，郑璧，穰嵩起，李忠秀，何道士，杨台文，杨鼎文","《蔷薇》","Poem","蔷薇
倚墙当户自横陈，致得贫家似不贫。外布芳菲虽笑日，中含芒刺欲伤人。清香往往生遥吹，狂蔓看看及四邻。遇有客来堪玩处，一端晴绮照烟新。","李福标《皮陆年谱》，中山大学出版社2011年版。227-233","《松陵集》卷六","编年诗参见第258页",,"王秀林"
"唐","陆龟蒙","懿宗咸通十一年庚寅","870",,,"41","","江南东道","苏州","长洲",,"江苏","苏州市",,"120.589613","31.304566",,"是年，皮陆唱和规模不断扩大。唱和友中除羊昭业、张贲等之外，尚有李縠、颜萱、司马都、郑璧、穰嵩起、崔璞等。与陆龟蒙交游者有李中秀、何道士、杨台文、杨鼎文等，有诗","李縠，颜萱，司马都，郑璧，穰嵩起，李忠秀，何道士，杨台文，杨鼎文","《又酬次韵》","Poem","又酬次韵
从来多远思，尤向静中生。所以令心苦，还应是骨清。酒香偏入梦，花落又关情。积此风流事，争无后世名。","李福标《皮陆年谱》，中山大学出版社2011年版。227-233","《松陵集》卷五","编年诗参见第255页",,"王秀林"
"唐","陆龟蒙","懿宗咸通十一年庚寅","870",,,"41","","江南东道","苏州","长洲",,"江苏","苏州市",,"120.589613","31.304566",,"是年，皮陆唱和规模不断扩大。唱和友中除羊昭业、张贲等之外，尚有李縠、颜萱、司马都、郑璧、穰嵩起、崔璞等。与陆龟蒙交游者有李中秀、何道士、杨台文、杨鼎文等，有诗","李縠，颜萱，司马都，郑璧，穰嵩起，李忠秀，何道士，杨台文，杨鼎文","《新夏东郊闲泛，有怀袭美》","Poem","新夏东郊闲泛有怀袭美
迟于春日好于秋，野客相携上钓舟。经略彴时冠暂亚，佩笭箵后带频搊。蒹葭鹭起波摇笠，村落蚕眠树挂钩。料得祗君能爱此，不争烟水似封侯。","李福标《皮陆年谱》，中山大学出版社2011年版。227-233","《松陵集》卷七","编年诗参见第259页",,"王秀林"
"唐","陆龟蒙","懿宗咸通十一年庚寅","870",,,"41","","江南东道","苏州","长洲",,"江苏","苏州市",,"120.589613","31.304566",,"是年，皮陆唱和规模不断扩大。唱和友中除羊昭业、张贲等之外，尚有李縠、颜萱、司马都、郑璧、穰嵩起、崔璞等。与陆龟蒙交游者有李中秀、何道士、杨台文、杨鼎文等，有诗","李縠，颜萱，司马都，郑璧，穰嵩起，李忠秀，何道士，杨台文，杨鼎文","《奉和达上人药圃二首》","Poem","奉和袭美题达上人药圃二首 其一
药味多从远客赍，旋添花圃旋成畦。三桠旧种根应异，九节初移叶尚低。山荚便和幽涧石，水芝须带本池泥。从今直到清秋日，又有香苗几番齐。
奉和袭美题达上人药圃二首 其二
净名无语示清羸，药草搜来喻更微。一雨一风皆遂性，花开花落尽忘机。教疏兔镂金弦乱，自拥龙刍紫汞肥。莫怪独亲幽圃坐，病容销尽欲依归。","李福标《皮陆年谱》，中山大学出版社2011年版。227-233","《松陵集》卷七","编年诗参见第259页",,"王秀林"
"唐","陆龟蒙","懿宗咸通十一年庚寅","870",,,"41","","江南东道","苏州","长洲",,"江苏","苏州市",,"120.589613","31.304566",,"是年，皮陆唱和规模不断扩大。唱和友中除羊昭业、张贲等之外，尚有李縠、颜萱、司马都、郑璧、穰嵩起、崔璞等。与陆龟蒙交游者有李中秀、何道士、杨台文、杨鼎文等，有诗","李縠，颜萱，司马都，郑璧，穰嵩起，李忠秀，何道士，杨台文，杨鼎文","《奉和三首》","Poem","奉和袭美怀华阳润卿博士三首 其一
几降真官授隐书，洛公曾到梦中无。眉间入静三辰影，肘后通灵五岳图。北洞树形如曲盖，东凹山色入薰炉。金墟福地能容否，愿作冈前蒋负刍。
奉和袭美怀华阳润卿博士三首 其二
火景应难到洞宫，萧闲堂冷任天风。谈玄麈尾抛云底，服散龙胎在酒中。有路还将赤城接，无泉不共紫河通。奇编早晚教传授，免以神仙问葛洪。
奉和袭美怀华阳润卿博士三首 其三
终日焚香礼洞云，更思琪树转劳神。曾寻下泊常经月，不到中峰又累春。仙道最高黄玉箓，暑天偏称白纶巾。清斋若见茅司命，乞取朱儿十二斤。","李福标《皮陆年谱》，中山大学出版社2011年版。227-233","《松陵集》卷七","编年诗参见第259页",,"王秀林"
"唐","陆龟蒙","懿宗咸通十一年庚寅","870",,,"41","","江南东道","苏州","长洲",,"江苏","苏州市",,"120.589613","31.304566",,"是年，皮陆唱和规模不断扩大。唱和友中除羊昭业、张贲等之外，尚有李縠、颜萱、司马都、郑璧、穰嵩起、崔璞等。与陆龟蒙交游者有李中秀、何道士、杨台文、杨鼎文等，有诗","李縠，颜萱，司马都，郑璧，穰嵩起，李忠秀，何道士，杨台文，杨鼎文","《以竹夹膝寄赠袭美》","Poem","以竹夹膝寄赠袭美
截得筼筜冷似龙，翠光横在暑天中。堪临薤簟闲凭月，好向松窗卧跂风。持赠敢齐青玉案，醉吟偏称碧荷筒。添君雅具教多著，为著西斋谱一通。","李福标《皮陆年谱》，中山大学出版社2011年版。227-233","《松陵集》卷七","编年诗参见第259页",,"王秀林"
"唐","陆龟蒙","懿宗咸通十一年庚寅","870",,,"41","","江南东道","苏州","长洲",,"江苏","苏州市",,"120.589613","31.304566",,"是年，皮陆唱和规模不断扩大。唱和友中除羊昭业、张贲等之外，尚有李縠、颜萱、司马都、郑璧、穰嵩起、崔璞等。与陆龟蒙交游者有李中秀、何道士、杨台文、杨鼎文等，有诗","李縠，颜萱，司马都，郑璧，穰嵩起，李忠秀，何道士，杨台文，杨鼎文","《顷自桐江得一钓车，以袭美乐烟波之思，因出以为玩。偶辱三篇，复抒酬答》","Poem","顷自桐江得一钓车以袭美乐烟波之思因出以为玩俄辱三篇复抒酬荅 其一
旋屈金钩劈翠筠，手中盘作钓鱼轮。忘情不效孤醒客，有意闲窥百丈鳞。雨似轻埃时一起，云如高盖强相亲。任他华毂低头笑，此地终无覆败人。
顷自桐江得一钓车以袭美乐烟波之思因出以为玩俄辱三篇复抒酬荅 其二
曾招渔侣下清浔，独茧初随一锤深。细辗烟华无辙迹，静含风力有车音。相呼野饭依芳草，迭和山歌逗远林。得失任渠但取乐，不曾生个是非心。
顷自桐江得一钓车以袭美乐烟波之思因出以为玩俄辱三篇复抒酬荅 其三
病来县著脆缗丝，独喜高情为我持。数幅尚凝烟雨态，三篇能赋蕙兰词。云深石静闲眠稳，月上江平放溜迟。第一莫教谙此境，倚天功业待君为。","李福标《皮陆年谱》，中山大学出版社2011年版。227-233","《松陵集》卷七","编年诗参见第260页",,"王秀林"
"唐","陆龟蒙","懿宗咸通十一年庚寅","870",,,"41","","江南东道","苏州","长洲",,"江苏","苏州市",,"120.589613","31.304566",,"是年，皮陆唱和规模不断扩大。唱和友中除羊昭业、张贲等之外，尚有李縠、颜萱、司马都、郑璧、穰嵩起、崔璞等。与陆龟蒙交游者有李中秀、何道士、杨台文、杨鼎文等，有诗","李縠，颜萱，司马都，郑璧，穰嵩起，李忠秀，何道士，杨台文，杨鼎文","《奉和三咏》","Poem","","李福标《皮陆年谱》，中山大学出版社2011年版。227-233","《松陵集》卷七","编年诗参见第260页",,"王秀林"
"唐","陆龟蒙","懿宗咸通十一年庚寅","870",,,"41","","江南东道","苏州","长洲",,"江苏","苏州市",,"120.589613","31.304566",,"是年，皮陆唱和规模不断扩大。唱和友中除羊昭业、张贲等之外，尚有李縠、颜萱、司马都、郑璧、穰嵩起、崔璞等。与陆龟蒙交游者有李中秀、何道士、杨台文、杨鼎文等，有诗","李縠，颜萱，司马都，郑璧，穰嵩起，李忠秀，何道士，杨台文，杨鼎文","《奉和五绝》","Poem","","李福标《皮陆年谱》，中山大学出版社2011年版。227-233","《松陵集》卷七","编年诗参见第260页",,"王秀林"
"唐","陆龟蒙","懿宗咸通十一年庚寅","870",,,"41","","江南东道","苏州","长洲",,"江苏","苏州市",,"120.589613","31.304566",,"是年，皮陆唱和规模不断扩大。唱和友中除羊昭业、张贲等之外，尚有李縠、颜萱、司马都、郑璧、穰嵩起、崔璞等。与陆龟蒙交游者有李中秀、何道士、杨台文、杨鼎文等，有诗","李縠，颜萱，司马都，郑璧，穰嵩起，李忠秀，何道士，杨台文，杨鼎文","《奉和是觉绝次韵》","Poem","","李福标《皮陆年谱》，中山大学出版社2011年版。227-233","《松陵集》卷七","编年诗参见第260页",,"王秀林"
"唐","陆龟蒙","懿宗咸通十一年庚寅","870",,,"41","","江南东道","苏州","长洲",,"江苏","苏州市",,"120.589613","31.304566",,"是年，皮陆唱和规模不断扩大。唱和友中除羊昭业、张贲等之外，尚有李縠、颜萱、司马都、郑璧、穰嵩起、崔璞等。与陆龟蒙交游者有李中秀、何道士、杨台文、杨鼎文等，有诗","李縠，颜萱，司马都，郑璧，穰嵩起，李忠秀，何道士，杨台文，杨鼎文","《白鸥诗并序》","Poem","白鸥诗
惯向溪头漾浅沙，薄烟微雨是生涯。时时失伴沈山影，往往争飞杂浪花。晚树清凉还𪈺鳿，旧巢零落寄蒹葭。池塘信美应难恋，针在鱼唇剑在虾。","李福标《皮陆年谱》，中山大学出版社2011年版。227-233","《松陵集》卷八","编年诗参见第260页",,"王秀林"
"唐","陆龟蒙","懿宗咸通十一年庚寅","870",,,"41","","江南东道","苏州","长洲",,"江苏","苏州市",,"120.589613","31.304566",,"是年，皮陆唱和规模不断扩大。唱和友中除羊昭业、张贲等之外，尚有李縠、颜萱、司马都、郑璧、穰嵩起、崔璞等。与陆龟蒙交游者有李中秀、何道士、杨台文、杨鼎文等，有诗","李縠，颜萱，司马都，郑璧，穰嵩起，李忠秀，何道士，杨台文，杨鼎文","《南阳广文博士还雷平后寄》","Poem","南阳广文博士还雷平后寄
微微春色染林塘，亲拨烟霞坐涧房。阴洞雪胶知未入，浊醪风破的偷尝。芝台晓用金铛煮，星度闲将玉铪量。几遍侍晨官欲降，曙坛先起独焚香。","李福标《皮陆年谱》，中山大学出版社2011年版。227-233","《松陵集》卷八","编年诗参见第260页",,"王秀林"
"唐","陆龟蒙","懿宗咸通十一年庚寅","870",,,"41","","江南东道","苏州","长洲",,"江苏","苏州市",,"120.589613","31.304566",,"是年，皮陆唱和规模不断扩大。唱和友中除羊昭业、张贲等之外，尚有李縠、颜萱、司马都、郑璧、穰嵩起、崔璞等。与陆龟蒙交游者有李中秀、何道士、杨台文、杨鼎文等，有诗","李縠，颜萱，司马都，郑璧，穰嵩起，李忠秀，何道士，杨台文，杨鼎文","《怀杨文台、杨鼎文二秀才》","Poem","怀杨台文杨鼎文二秀才
秋早相逢待得春，崇兰清露小山云。寒花独自愁中见，曙角多同醒后闻。钓具每随轻舸去，诗题闲上小楼分。重思醉墨纵横甚，书破羊欣白练裙。","李福标《皮陆年谱》，中山大学出版社2011年版。227-233","《松陵集》卷八","编年诗参见第261页",,"王秀林"
"唐","陆龟蒙","懿宗咸通十一年庚寅","870",,,"41","","江南东道","苏州","长洲",,"江苏","苏州市",,"120.589613","31.304566",,"是年，皮陆唱和规模不断扩大。唱和友中除羊昭业、张贲等之外，尚有李縠、颜萱、司马都、郑璧、穰嵩起、崔璞等。与陆龟蒙交游者有李中秀、何道士、杨台文、杨鼎文等，有诗","李縠，颜萱，司马都，郑璧，穰嵩起，李忠秀，何道士，杨台文，杨鼎文","《早秋吴体寄袭美》","Poem","早秋吴体寄袭美
荒庭古树只独倚，败蝉残蛩苦相仍。虽然诗胆大如斗，争奈愁肠牵似绳。短烛初添蕙幌影，微风渐折蕉衣棱。安得弯弓似明月，快箭拂下西飞鹏。","李福标《皮陆年谱》，中山大学出版社2011年版。227-233","《松陵集》卷八","编年诗参见第261页",,"王秀林"
"唐","陆龟蒙","懿宗咸通十一年庚寅","870",,,"41","","江南东道","苏州","长洲",,"江苏","苏州市",,"120.589613","31.304566",,"是年，皮陆唱和规模不断扩大。唱和友中除羊昭业、张贲等之外，尚有李縠、颜萱、司马都、郑璧、穰嵩起、崔璞等。与陆龟蒙交游者有李中秀、何道士、杨台文、杨鼎文等，有诗","李縠，颜萱，司马都，郑璧，穰嵩起，李忠秀，何道士，杨台文，杨鼎文","《病中秋怀寄袭美》","Poem","病中秋怀寄袭美
病容愁思苦相兼，清镜无形未我嫌。贪广异蔬行径窄，故求偏药出钱添。同人散后休赊酒，双燕辞来始下帘。更有是非齐未得，重凭詹尹拂龟占。","李福标《皮陆年谱》，中山大学出版社2011年版。227-233","《松陵集》卷八","编年诗参见第261页",,"王秀林"
"唐","陆龟蒙","懿宗咸通十一年庚寅","870",,,"41","","江南东道","苏州","长洲",,"江苏","苏州市",,"120.589613","31.304566",,"是年，皮陆唱和规模不断扩大。唱和友中除羊昭业、张贲等之外，尚有李縠、颜萱、司马都、郑璧、穰嵩起、崔璞等。与陆龟蒙交游者有李中秀、何道士、杨台文、杨鼎文等，有诗","李縠，颜萱，司马都，郑璧，穰嵩起，李忠秀，何道士，杨台文，杨鼎文","《夏日即闲居，作四声诗寄袭美》","Poem","夏日闲居作四声诗寄袭美 平声
荒池菰蒲深，闲阶莓苔平。江边松篁多，人家帘栊清。为书凌遗编，调弦夸新声。求欢虽殊途，探幽聊怡情。","李福标《皮陆年谱》，中山大学出版社2011年版。227-233","《松陵集》卷一O","编年诗参见第265页",,"王秀林"
"唐","陆龟蒙","懿宗咸通十一年庚寅","870",,,"41","","江南东道","苏州","长洲",,"江苏","苏州市",,"120.589613","31.304566",,"是年，皮陆唱和规模不断扩大。唱和友中除羊昭业、张贲等之外，尚有李縠、颜萱、司马都、郑璧、穰嵩起、崔璞等。与陆龟蒙交游者有李中秀、何道士、杨台文、杨鼎文等，有诗","李縠，颜萱，司马都，郑璧，穰嵩起，李忠秀，何道士，杨台文，杨鼎文","《同前得成字》","Poem","","李福标《皮陆年谱》，中山大学出版社2011年版。227-233","《松陵集》卷八","编年诗参见第261页",,"王秀林"
"唐","陆龟蒙","懿宗咸通十一年庚寅","870",,,"41","","江南东道","苏州","长洲",,"江苏","苏州市",,"120.589613","31.304566",,"是年，皮陆唱和规模不断扩大。唱和友中除羊昭业、张贲等之外，尚有李縠、颜萱、司马都、郑璧、穰嵩起、崔璞等。与陆龟蒙交游者有李中秀、何道士、杨台文、杨鼎文等，有诗","李縠，颜萱，司马都，郑璧，穰嵩起，李忠秀，何道士，杨台文，杨鼎文","《代广文先生酬次韵》","Poem","","李福标《皮陆年谱》，中山大学出版社2011年版。227-233","《松陵集》卷八","编年诗参见第261页",,"王秀林"
"唐","陆龟蒙","懿宗咸通十一年庚寅","870",,,"41","","江南东道","苏州","长洲",,"江苏","苏州市",,"120.589613","31.304566",,"是年，皮陆唱和规模不断扩大。唱和友中除羊昭业、张贲等之外，尚有李縠、颜萱、司马都、郑璧、穰嵩起、崔璞等。与陆龟蒙交游者有李中秀、何道士、杨台文、杨鼎文等，有诗","李縠，颜萱，司马都，郑璧，穰嵩起，李忠秀，何道士，杨台文，杨鼎文","《同前得惊字》","Poem","","李福标《皮陆年谱》，中山大学出版社2011年版。227-233","《松陵集》卷八","编年诗参见第261页",,"王秀林"
"唐","陆龟蒙","懿宗咸通十一年庚寅","870",,,"41","","江南东道","苏州","长洲",,"江苏","苏州市",,"120.589613","31.304566",,"是年，皮陆唱和规模不断扩大。唱和友中除羊昭业、张贲等之外，尚有李縠、颜萱、司马都、郑璧、穰嵩起、崔璞等。与陆龟蒙交游者有李中秀、何道士、杨台文、杨鼎文等，有诗","李縠，颜萱，司马都，郑璧，穰嵩起，李忠秀，何道士，杨台文，杨鼎文","《同前》","Poem","","李福标《皮陆年谱》，中山大学出版社2011年版。227-233","《松陵集》卷八","编年诗参见第261页",,"王秀林"
"唐","陆龟蒙","懿宗咸通十一年庚寅","870",,,"41","","江南东道","苏州","长洲",,"江苏","苏州市",,"120.589613","31.304566",,"是年，皮陆唱和规模不断扩大。唱和友中除羊昭业、张贲等之外，尚有李縠、颜萱、司马都、郑璧、穰嵩起、崔璞等。与陆龟蒙交游者有李中秀、何道士、杨台文、杨鼎文等，有诗","李縠，颜萱，司马都，郑璧，穰嵩起，李忠秀，何道士，杨台文，杨鼎文","《奉和每篇各用一韵》","Poem","","李福标《皮陆年谱》，中山大学出版社2011年版。227-233","《松陵集》卷八","编年诗参见第262页",,"王秀林"
"唐","陆龟蒙","懿宗咸通十一年庚寅","870",,,"41","","江南东道","苏州","长洲",,"江苏","苏州市",,"120.589613","31.304566",,"是年，皮陆唱和规模不断扩大。唱和友中除羊昭业、张贲等之外，尚有李縠、颜萱、司马都、郑璧、穰嵩起、崔璞等。与陆龟蒙交游者有李中秀、何道士、杨台文、杨鼎文等，有诗","李縠，颜萱，司马都，郑璧，穰嵩起，李忠秀，何道士，杨台文，杨鼎文","《走笔次韵奉酬》","Poem","袭美醉中寄一壶并一绝走笔次韵奉酬
酒痕衣上杂莓苔，犹忆红螺一两杯。正被绕篱荒菊笑，日斜还有白衣来。","李福标《皮陆年谱》，中山大学出版社2011年版。227-233","《松陵集》卷八","编年诗参见第262页",,"王秀林"
"唐","陆龟蒙","懿宗咸通十一年庚寅","870",,,"41","","江南东道","苏州","长洲",,"江苏","苏州市",,"120.589613","31.304566",,"是年，皮陆唱和规模不断扩大。唱和友中除羊昭业、张贲等之外，尚有李縠、颜萱、司马都、郑璧、穰嵩起、崔璞等。与陆龟蒙交游者有李中秀、何道士、杨台文、杨鼎文等，有诗","李縠，颜萱，司马都，郑璧，穰嵩起，李忠秀，何道士，杨台文，杨鼎文","《醉中戏赠袭美》","Poem","醉中戏赠袭美
南北风流旧不同，伧吴今日若相通。病来犹伴金杯满，欲得人呼小褚公。","李福标《皮陆年谱》，中山大学出版社2011年版。227-233","《松陵集》卷九","编年诗参见第262页",,"王秀林"
"唐","陆龟蒙","懿宗咸通十一年庚寅","870",,,"41","","江南东道","苏州","长洲",,"江苏","苏州市",,"120.589613","31.304566",,"是年，皮陆唱和规模不断扩大。唱和友中除羊昭业、张贲等之外，尚有李縠、颜萱、司马都、郑璧、穰嵩起、崔璞等。与陆龟蒙交游者有李中秀、何道士、杨台文、杨鼎文等，有诗","李縠，颜萱，司马都，郑璧，穰嵩起，李忠秀，何道士，杨台文，杨鼎文","《更次韵奉酬》","Poem","","李福标《皮陆年谱》，中山大学出版社2011年版。227-233","《松陵集》卷九","编年诗参见第262页",,"王秀林"
"唐","陆龟蒙","懿宗咸通十一年庚寅","870",,,"41","","江南东道","苏州","长洲",,"江苏","苏州市",,"120.589613","31.304566",,"是年，皮陆唱和规模不断扩大。唱和友中除羊昭业、张贲等之外，尚有李縠、颜萱、司马都、郑璧、穰嵩起、崔璞等。与陆龟蒙交游者有李中秀、何道士、杨台文、杨鼎文等，有诗","李縠，颜萱，司马都，郑璧，穰嵩起，李忠秀，何道士，杨台文，杨鼎文","《奉和袭美广文先生》","Poem","和袭美寄广文先生
忽辞明主事真君，直取姜巴路入云。龙篆拜时轻诰命，霓襟披后小玄纁。峰前北帝三元会，石上东卿九锡文。应笑世间名利火，等闲灵府剩先焚。","李福标《皮陆年谱》，中山大学出版社2011年版。227-233","《松陵集》卷九","编年诗参见第262页",,"王秀林"
"唐","陆龟蒙","懿宗咸通十一年庚寅","870",,,"41","","江南东道","苏州","长洲",,"江苏","苏州市",,"120.589613","31.304566",,"是年，皮陆唱和规模不断扩大。唱和友中除羊昭业、张贲等之外，尚有李縠、颜萱、司马都、郑璧、穰嵩起、崔璞等。与陆龟蒙交游者有李中秀、何道士、杨台文、杨鼎文等，有诗","李縠，颜萱，司马都，郑璧，穰嵩起，李忠秀，何道士，杨台文，杨鼎文","《和张处士诗并序》","Poem","","李福标《皮陆年谱》，中山大学出版社2011年版。227-233","《松陵集》卷九","编年诗参见第263页",,"王秀林"
"唐","陆龟蒙","懿宗咸通十一年庚寅","870",,,"41","","江南东道","苏州","长洲",,"江苏","苏州市",,"120.589613","31.304566",,"是年，皮陆唱和规模不断扩大。唱和友中除羊昭业、张贲等之外，尚有李縠、颜萱、司马都、郑璧、穰嵩起、崔璞等。与陆龟蒙交游者有李中秀、何道士、杨台文、杨鼎文等，有诗","李縠，颜萱，司马都，郑璧，穰嵩起，李忠秀，何道士，杨台文，杨鼎文","《叠韵双声二首》","Poem","","李福标《皮陆年谱》，中山大学出版社2011年版。227-233","《松陵集》卷一O","编年诗参见第265页",,"王秀林"
"唐","陆龟蒙","懿宗咸通十一年庚寅","870",,,"41","","江南东道","苏州","长洲",,"江苏","苏州市",,"120.589613","31.304566",,"是年，皮陆唱和规模不断扩大。唱和友中除羊昭业、张贲等之外，尚有李縠、颜萱、司马都、郑璧、穰嵩起、崔璞等。与陆龟蒙交游者有李中秀、何道士、杨台文、杨鼎文等，有诗","李縠，颜萱，司马都，郑璧，穰嵩起，李忠秀，何道士，杨台文，杨鼎文","《叠韵吴宫词二首》","Poem","叠韵吴宫词二首 其一
肤愉吴都姝，眷恋便殿宴。逡巡新春人，转面见战箭。
叠韵吴宫词二首 其二
红栊通东风，翠珥醉易坠。平明兵盈城，弃置遂至地。","李福标《皮陆年谱》，中山大学出版社2011年版。227-233","《松陵集》卷一O","编年诗参见第265页",,"王秀林"
"唐","陆龟蒙","懿宗咸通十一年庚寅","870",,,"41","","江南东道","苏州","长洲",,"江苏","苏州市",,"120.589613","31.304566",,"是年，皮陆唱和规模不断扩大。唱和友中除羊昭业、张贲等之外，尚有李縠、颜萱、司马都、郑璧、穰嵩起、崔璞等。与陆龟蒙交游者有李中秀、何道士、杨台文、杨鼎文等，有诗","李縠，颜萱，司马都，郑璧，穰嵩起，李忠秀，何道士，杨台文，杨鼎文","《闲居杂题五首，以题十五字离合》","Poem","","李福标《皮陆年谱》，中山大学出版社2011年版。227-233","《松陵集》卷一O","编年诗参见第265页",,"王秀林"
"唐","陆龟蒙","懿宗咸通十一年庚寅","870",,,"41","","江南东道","苏州","长洲",,"江苏","苏州市",,"120.589613","31.304566",,"是年，皮陆唱和规模不断扩大。唱和友中除羊昭业、张贲等之外，尚有李縠、颜萱、司马都、郑璧、穰嵩起、崔璞等。与陆龟蒙交游者有李中秀、何道士、杨台文、杨鼎文等，有诗","李縠，颜萱，司马都，郑璧，穰嵩起，李忠秀，何道士，杨台文，杨鼎文","《药名离合夏日即事三首》","Poem","药名离合夏日即事三首 其一
乘屐著来幽砌滑，石罂煎得远泉甘。草堂祗待新秋景，天色微凉酒半酣。
药名离合夏日即事三首 其二
避暑最须从朴野，葛巾筠席更相当。归来又好乘凉钓，藤蔓阴阴著雨香。
药名离合夏日即事三首 其三
窗外晓帘还自卷，柏烟兰露思晴空。青箱有意终须续，断简遗编一半通。","李福标《皮陆年谱》，中山大学出版社2011年版。227-233","《松陵集》卷一O","编年诗参见第265页",,"王秀林"
"唐","陆龟蒙","懿宗咸通十一年庚寅","870",,,"41","","江南东道","苏州","长洲",,"江苏","苏州市",,"120.589613","31.304566",,"是年，皮陆唱和规模不断扩大。唱和友中除羊昭业、张贲等之外，尚有李縠、颜萱、司马都、郑璧、穰嵩起、崔璞等。与陆龟蒙交游者有李中秀、何道士、杨台文、杨鼎文等，有诗","李縠，颜萱，司马都，郑璧，穰嵩起，李忠秀，何道士，杨台文，杨鼎文","《寒日古人名一绝》","Poem","寒日古人名
初寒朗咏裴回立，欲谢玄关早晚开。昨日登楼望江色，鱼梁鸿雁几多来。","李福标《皮陆年谱》，中山大学出版社2011年版。227-233","《松陵集》卷一O","编年诗参见第265页",,"王秀林"
"唐","陆龟蒙","懿宗咸通十一年庚寅","870",,,"41","","江南东道","苏州","长洲",,"江苏","苏州市",,"120.589613","31.304566",,"是年，皮陆唱和规模不断扩大。唱和友中除羊昭业、张贲等之外，尚有李縠、颜萱、司马都、郑璧、穰嵩起、崔璞等。与陆龟蒙交游者有李中秀、何道士、杨台文、杨鼎文等，有诗","李縠，颜萱，司马都，郑璧，穰嵩起，李忠秀，何道士，杨台文，杨鼎文","《风人诗三首》","Poem","","李福标《皮陆年谱》，中山大学出版社2011年版。227-233","《松陵集》卷一O","编年诗参见第265页",,"王秀林"
"唐","陆龟蒙","懿宗咸通十一年庚寅","870",,,"41","","江南东道","苏州","长洲",,"江苏","苏州市",,"120.589613","31.304566",,"是年，皮陆唱和规模不断扩大。唱和友中除羊昭业、张贲等之外，尚有李縠、颜萱、司马都、郑璧、穰嵩起、崔璞等。与陆龟蒙交游者有李中秀、何道士、杨台文、杨鼎文等，有诗","李縠，颜萱，司马都，郑璧，穰嵩起，李忠秀，何道士，杨台文，杨鼎文","《开元寺楼看雨联句》","Poem","开元寺楼看雨联句
海上风雨来，掀轰杂飞电。登楼一凭槛，满眼蛟龙战。须臾造化惨，倏忽堪舆变。万户响戈鋋，千家披组练。群飞抛轮石，杂下攻城箭。点急似摧胸，行斜如中面。细洒魂空冷，横飘目能眩。垂檐珂佩喧，㩧瓦珠玑溅。无言九陔远，瞬息驰应遍。密处正垂縆，微时又悬线。写作玉界破，吹为羽林旋。翻伤列缺劳，却怕丰隆倦。遥瞻山露色，渐觉云成片。远树欲鸣蝉，深檐尚藏燕。残雷隐辚尽，反照依微见。天光洁似磨，湖彩熟于练。疏帆逗前渚，晚磬分凉殿。接思强挥毫，窥词几焚研。佶栗乌皮几，轻明白羽扇。毕景好疏吟，馀凉可清宴。君携下高磴，僧引还深院。駮藓净铺筵，低松湿垂鬋。斋明乍虚豁，林霁逾葱茜。早晚重登临，欲去多离恋。","李福标《皮陆年谱》，中山大学出版社2011年版。227-233","《松陵集》卷一O","编年诗参见第265页",,"王秀林"
"唐","陆龟蒙","懿宗咸通十一年庚寅","870",,,"41","","江南东道","苏州","长洲",,"江苏","苏州市",,"120.589613","31.304566",,"是年，皮陆唱和规模不断扩大。唱和友中除羊昭业、张贲等之外，尚有李縠、颜萱、司马都、郑璧、穰嵩起、崔璞等。与陆龟蒙交游者有李中秀、何道士、杨台文、杨鼎文等，有诗","李縠，颜萱，司马都，郑璧，穰嵩起，李忠秀，何道士，杨台文，杨鼎文","《文宴招润清博士，辞以道侣将至。因书一绝寄之》","Poem","文宴招润卿博士辞以道侣将至一绝寄之
仙客何时下鹤翎，方瞳如水脑华清。不过传达杨君梦，从许人间小兆听。","李福标《皮陆年谱》，中山大学出版社2011年版。227-233","《松陵集》卷九","编年诗参见第264页",,"王秀林"
"唐","陆龟蒙","懿宗咸通十一年庚寅","870",,,"41","","江南东道","苏州","长洲",,"江苏","苏州市",,"120.589613","31.304566",,"是年，皮陆唱和规模不断扩大。唱和友中除羊昭业、张贲等之外，尚有李縠、颜萱、司马都、郑璧、穰嵩起、崔璞等。与陆龟蒙交游者有李中秀、何道士、杨台文、杨鼎文等，有诗","李縠，颜萱，司马都，郑璧，穰嵩起，李忠秀，何道士，杨台文，杨鼎文","《齐梁别怨》","Poem","齐梁怨别
寥寥缺月看将落，檐外霜华染罗幕。不知兰棹到何山，应倚相思树边泊。","李福标《皮陆年谱》，中山大学出版社2011年版。227-233","《松陵集》卷一O","编年诗参见第264页",,"王秀林"
"唐","陆龟蒙","懿宗咸通十一年庚寅","870",,,"41","","江南东道","苏州","长洲",,"江苏","苏州市",,"120.589613","31.304566",,"是年，皮陆唱和规模不断扩大。唱和友中除羊昭业、张贲等之外，尚有李縠、颜萱、司马都、郑璧、穰嵩起、崔璞等。与陆龟蒙交游者有李中秀、何道士、杨台文、杨鼎文等，有诗","李縠，颜萱，司马都，郑璧，穰嵩起，李忠秀，何道士，杨台文，杨鼎文","《报恩寺南池联句寒夜问答十首（皮日休问鲁望、陆龟蒙问袭美、皮日休问润卿、贲问袭美、陆龟蒙问润卿）》","Poem","","李福标《皮陆年谱》，中山大学出版社2011年版。227-233","《松陵集》卷一O","编年诗参见第266页",,"王秀林"
"唐","陆龟蒙","懿宗咸通十一年庚寅","870",,,"41","","江南东道","苏州","长洲",,"江苏","苏州市",,"120.589613","31.304566",,"是年，皮陆唱和规模不断扩大。唱和友中除羊昭业、张贲等之外，尚有李縠、颜萱、司马都、郑璧、穰嵩起、崔璞等。与陆龟蒙交游者有李中秀、何道士、杨台文、杨鼎文等，有诗","李縠，颜萱，司马都，郑璧，穰嵩起，李忠秀，何道士，杨台文，杨鼎文","《袭美留振文小宴，陆龟蒙抱病不赴，次韵酬谢》","Poem","","李福标《皮陆年谱》，中山大学出版社2011年版。227-233","《松陵集》卷九","编年诗参见第263页",,"王秀林"
"唐","陆龟蒙","懿宗咸通十一年庚寅","870",,,"41","","江南东道","苏州","长洲",,"江苏","苏州市",,"120.589613","31.304566",,"是年，皮陆唱和规模不断扩大。唱和友中除羊昭业、张贲等之外，尚有李縠、颜萱、司马都、郑璧、穰嵩起、崔璞等。与陆龟蒙交游者有李中秀、何道士、杨台文、杨鼎文等，有诗","李縠，颜萱，司马都，郑璧，穰嵩起，李忠秀，何道士，杨台文，杨鼎文","《晓起即事，因成回文寄袭美》","Poem","晓起即事因成回文寄袭美
平波落月吟闲景，暗幌浮烟思起人。清露晓垂花谢半，远风微动蕙抽新。城荒上处樵童小，石藓分来宿鹭驯。晴寺野寻同去好，古碑苔字细书匀。","李福标《皮陆年谱》，中山大学出版社2011年版。227-233","《松陵集》卷一O","编年诗参见第264页",,"王秀林"
"唐","陆龟蒙","懿宗咸通十一年庚寅","870",,,"41","","江南东道","苏州","长洲",,"江苏","苏州市",,"120.589613","31.304566",,"是年，皮陆唱和规模不断扩大。唱和友中除羊昭业、张贲等之外，尚有李縠、颜萱、司马都、郑璧、穰嵩起、崔璞等。与陆龟蒙交游者有李中秀、何道士、杨台文、杨鼎文等，有诗","李縠，颜萱，司马都，郑璧，穰嵩起，李忠秀，何道士，杨台文，杨鼎文","《奉酬苦雨四声重寄三十二句》","Poem","","李福标《皮陆年谱》，中山大学出版社2011年版。227-233","《松陵集》卷一O","编年诗参见第265页",,"王秀林"
"唐","陆龟蒙","懿宗咸通十一年庚寅","870","8",,"41","","江南东道","苏州","长洲",,"江苏","苏州市",,"120.589613","31.304566",,"八月，陆龟蒙又病，殆以此未参加今年苏州乡贡试，皮日休以绿罽赠陆龟蒙","皮日休","《袭美将以绿罽为赠，因成四韵》","Poem","袭美将以绿罽为赠因成四韵
三径风霜利若刀，襜褕吹断罥蓬蒿。病中祗自悲龙具，世上何人识羽袍。狐貉近怀珠履贵，薜萝遥羡白巾高。陈王轻煖如相遗，免致衰荷效广骚。","李福标《皮陆年谱》，中山大学出版社2011年版。第235页","《松陵集》卷八",,,"王秀林"
"唐","陆龟蒙","懿宗咸通十一年庚寅","870",,,"41","","江南东道","苏州","长洲",,"江苏","苏州市",,"120.589613","31.304566",,"皮日修所蓄华亭鹤卒，作诗以悼之，陆龟蒙、张贲、李縠、魏璞等诗友和诗同悼","魏璞",,"","","李福标《皮陆年谱》，中山大学出版社2011年版。第237页",,,,"王秀林"
"唐","陆龟蒙","懿宗咸通十一年庚寅","870",,,"41","","江南东道","苏州","长洲",,"江苏","苏州市",,"120.589613","31.304566",,"十月初九日，军事院霜菊盛开，皮日休有诗赠崔璞，崔璞和之，陆龟蒙共和","崔璞","《奉和谏议酬先辈霜菊》","Poem","奉和谏议酬先辈霜菊
紫茎芳艳照西风，秖怕霜华掠断丛。争奈病夫难强饮，应须速自召车公。","李福标《皮陆年谱》，中山大学出版社2011年版。第241页","《松陵集》卷九",,,"王秀林"
"唐","陆龟蒙","懿宗咸通十一年庚寅","870",,,"41","","江南东道","苏州","长洲",,"江苏","苏州市",,"120.589613","31.304566",,"冬，唱和友羊振文归觐桂阳，有文会送之，诗若干篇","羊振文","《送羊振文先辈往桂阳归觐》","Poem","送羊振文先辈往桂阳归觐
风雅先生去一麾，过庭才子趣归期。让王门外开帆叶，义帝城中望戟支。郢路渐寒飘雪远，湘波初暖涨云迟。灵均精魄如能问，又得千年贾傅词。","李福标《皮陆年谱》，中山大学出版社2011年版。第242页","《松陵集》卷九",,,"王秀林"
"唐","陆龟蒙","懿宗咸通十一年庚寅","870",,,"41","","江南东道","苏州","长洲",,"江苏","苏州市",,"120.589613","31.304566",,"自春徂冬，皮陆常游苏州各寺观，与僧道相往还，并有文会，皮陆与开元寺章、怀二上人相友，在寺中有联句之作","章，怀二上人","《独在开元寺避暑，颇怀鲁望，因飞笔联句寂上人院联句》","Poem","","李福标《皮陆年谱》，中山大学出版社2011年版。第242页","《松陵集》卷一O","编年诗参见第265页",,"王秀林"
"唐","陆龟蒙","懿宗咸通十一年庚寅","870",,,"41","","江南东道","苏州","长洲",,"江苏","苏州市",,"120.589613","31.304566",,"自春徂冬，皮陆常游苏州各寺观，与僧道相往还，并有文会。二人共游楞伽精舍，有诗","皮日休","《奉和初夏游楞伽精舍次韵》","Poem","奉和袭美初夏游楞伽精舍次韵
吴都涵汀洲，碧液浸郡郭。微雨荡春醉，上下一清廓。奇踪欲探讨，灵物先瘵瘼。飘然兰叶舟，旋倚烟霞泊。吟谭乱篙橹，梦寐杂巘崿。纤情不可逃，洪笔难暂阁。岂知楞伽会，乃在山水箔。金仙著书日，世界名极乐。薝卜冠诸香，琉璃代华垩。禽言经不辍，象口川宁涸。万善峻为城，巉巉捍群恶。清晨欲登造，安得无自愕。险穴骇坤牢，高萝挂天笮。池容澹相向，蛟怪如可摸。苔蔽石髓根，蒲差水心锷。岚侵荅摩髻，日照狻猊络。仰首乍眩旋，回眸更辉㸌。檐端凝飞羽，磴外浮碧落。到回解风襟，临幽濯云屩。尘机性非便，静境心所著。自取海鸥知，何烦尸祝酢。峰围震泽岸，翠浪舞绡幕。潋滟岂尧遭，㟞嵃非禹凿。潜听钟梵处，别有松桂壑。霭重灯不光，泉寒网犹薄。僮能蹑孤刹，鸟惯亲摐铎。服道身可遗，乞闲心已诺。人间亦何事，万态相毒蠚。战垒竞高深，儒衣谩褒博。宣尼名位达，未必春秋作。管氏包霸图，须人解其缚。伊余采樵者，蓬藋方索寞。近得风雅情，聊将圣贤度。多君富遒采，识度两清恪。讵宠生灭词，肯教夷夏错。未为尧舜用，且向烟霞托。我亦摆尘埃，他年附鸿鹤。","李福标《皮陆年谱》，中山大学出版社2011年版。第243页","《松陵集》卷一O","编年诗参见第266页",,"王秀林"
"唐","陆龟蒙","懿宗咸通十一年庚寅","870",,,"41","","江南东道","苏州","长洲",,"江苏","苏州市",,"120.589613","31.304566",,"自春徂冬，皮陆常游苏州各寺观，与僧道相往还，并有文会。与苏州北禅院寂上人、苏州重玄寺达上人等交游","北禅院寂上人，重玄寺达上人","《北禅院避暑联句》","Poem","","李福标《皮陆年谱》，中山大学出版社2011年版。243-244","《松陵集》卷一O","编年诗参见第265页",,"王秀林"
"唐","陆龟蒙","懿宗咸通十一年庚寅","870",,,"41","","江南东道","苏州","长洲",,"江苏","苏州市",,"120.589613","31.304566",,"自春徂冬，皮陆常游苏州各寺观，与僧道相往还，并有文会。与苏州北禅院寂上人、苏州重玄寺达上人等交游","北禅院寂上人，重玄寺达上人","《寒夜同袭美访北禅院寂上人》","Poem","寒夜同袭美访北禅院寂上人
月楼风殿静沈沈，披拂霜华访道林。鸟在寒枝栖影动，人依古堞坐禅深。明时尚阻青云步，半夜犹追白石吟。自是海边鸥伴侣，不劳金偈更降心。","李福标《皮陆年谱》，中山大学出版社2011年版。243-244","《松陵集》卷六","编年诗参见第256页",,"王秀林"
"唐","陆龟蒙","懿宗咸通十一年庚寅","870",,,"41","","江南东道","苏州","长洲",,"江苏","苏州市",,"120.589613","31.304566",,"自春徂冬，皮陆常游苏州各寺观，与僧道相往还，并有文会，与支山南峰僧某交","支山南峰僧某",,"","","李福标《皮陆年谱》，中山大学出版社2011年版。第245页",,,,"王秀林"
"唐","陆龟蒙","懿宗咸通十一年庚寅","870",,,"41","","江南东道","苏州","长洲",,"江苏","苏州市",,"120.589613","31.304566",,"自春徂冬，皮陆常游苏州各寺观，与僧道相往还，并有文会，与开元观顾道士交","顾道士","《顾道士亡，弟子乞于袭美。既而奉以束帛，因赋戏赠》","Poem","顾道士亡弟子奉束帛乞铭于袭美因赋戏赠
童初真府召为郎，君与抽毫刻便房。亦谓神仙同许郭，不妨才力似班扬。比于黄绢词尤妙，酬以霜缣价未当。唯我有文无卖处，笔锋销尽墨池荒。","李福标《皮陆年谱》，中山大学出版社2011年版。第245页","《松陵集》卷八","编年诗参见第261页",,"王秀林"
"唐","陆龟蒙","懿宗咸通十一年庚寅","870",,,"41","","江南东道","苏州","长洲",,"江苏","苏州市",,"120.589613","31.304566",,"隐士谢遗尘经玉泉生介绍，来访陆龟蒙","谢遗尘",,"","","李福标《皮陆年谱》，中山大学出版社2011年版。第246页",,,,"王秀林"
"唐","陆龟蒙","懿宗咸通十一年庚寅","870",,,"41","","江南东道","苏州","长洲",,"江苏","苏州市",,"120.589613","31.304566",,"陆龟蒙有《四明山诗》九题，皮日休和之；皮日休又有诗寄周景复，陆龟蒙和之","皮日休，周景复","《石窗》","Poem","四明山诗 石窗
石窗何处见，万仞倚晴虚。积霭迷青璅，残霞动绮疏。山应列圆峤，宫便接方诸。祗有三奔客，时来教隐书。","李福标《皮陆年谱》，中山大学出版社2011年版。第247页","《松陵集》卷五",,,"王秀林"
"唐","陆龟蒙","懿宗咸通十一年庚寅","870",,,"41","","江南东道","苏州","长洲",,"江苏","苏州市",,"120.589613","31.304566",,"陆龟蒙有《四明山诗》九题，皮日休和之；皮日休又有诗寄周景复，陆龟蒙和之","皮日休，周景复","《过云》","Poem","四明山诗 过云
相访一程云，云深路仅分。啸台随日辨，樵斧带风闻。晓著衣全湿，寒冲酒不醺。几回归思静，髣髴见苏君。","李福标《皮陆年谱》，中山大学出版社2011年版。第247页","《松陵集》卷五",,,"王秀林"
"唐","陆龟蒙","懿宗咸通十一年庚寅","870",,,"41","","江南东道","苏州","长洲",,"江苏","苏州市",,"120.589613","31.304566",,"陆龟蒙有《四明山诗》九题，皮日休和之；皮日休又有诗寄周景复，陆龟蒙和之","皮日休，周景复","《云南》","Poem","四明山诗 云南
云南更有溪，丹砾尽无泥。药有巴賨卖，枝多越鸟啼。夜清先月午，秋近少岚迷。若得山颜住，芝𥰭手自携。","李福标《皮陆年谱》，中山大学出版社2011年版。第247页","《松陵集》卷五",,,"王秀林"
"唐","陆龟蒙","懿宗咸通十一年庚寅","870",,,"41","","江南东道","苏州","长洲",,"江苏","苏州市",,"120.589613","31.304566",,"陆龟蒙有《四明山诗》九题，皮日休和之；皮日休又有诗寄周景复，陆龟蒙和之","皮日休，周景复","《云北》","Poem","四明山诗 云北
云北是阳川，人家洞壑连。坛当星斗下，楼拶翠微边。一半遥峰雨，三条古井烟。金庭如有路，应到左神天。","李福标《皮陆年谱》，中山大学出版社2011年版。第247页","《松陵集》卷五",,,"王秀林"
"唐","陆龟蒙","懿宗咸通十一年庚寅","870",,,"41","","江南东道","苏州","长洲",,"江苏","苏州市",,"120.589613","31.304566",,"陆龟蒙有《四明山诗》九题，皮日休和之；皮日休又有诗寄周景复，陆龟蒙和之","皮日休，周景复","《鹿亭》","Poem","四明山诗 鹿亭
鹿亭岩下置，时领白麛过。草细眠应久，泉香饮自多。认声来月坞，寻迹到烟萝。早晚吞金液，骑将上绛河。","李福标《皮陆年谱》，中山大学出版社2011年版。第247页","《松陵集》卷五",,,"王秀林"
"唐","陆龟蒙","懿宗咸通十一年庚寅","870",,,"41","","江南东道","苏州","长洲",,"江苏","苏州市",,"120.589613","31.304566",,"陆龟蒙有《四明山诗》九题，皮日休和之；皮日休又有诗寄周景复，陆龟蒙和之","皮日休，周景复","《樊谢》","Poem","","李福标《皮陆年谱》，中山大学出版社2011年版。第247页","《松陵集》卷五",,,"王秀林"
"唐","陆龟蒙","懿宗咸通十一年庚寅","870",,,"41","","江南东道","苏州","长洲",,"江苏","苏州市",,"120.589613","31.304566",,"陆龟蒙有《四明山诗》九题，皮日休和之；皮日休又有诗寄周景复，陆龟蒙和之","皮日休，周景复","《潺湲洞》","Poem","四明山诗 潺湲洞
石浅洞门深，潺潺万古音。似吹双羽管，如奏落霞琴。倒穴漂龙沫，穿松溅鹤襟。何人乘月弄，应作上清吟。","李福标《皮陆年谱》，中山大学出版社2011年版。第247页","《松陵集》卷五",,,"王秀林"
"唐","陆龟蒙","懿宗咸通十一年庚寅","870",,,"41","","江南东道","苏州","长洲",,"江苏","苏州市",,"120.589613","31.304566",,"陆龟蒙有《四明山诗》九题，皮日休和之；皮日休又有诗寄周景复，陆龟蒙和之","皮日休，周景复","《青棂子》","Poem","四明山诗 青棂子
山实号青棂，环冈次第生。外形坚绿壳，中味敌璚英。堕石樵儿拾，敲林宿鸟惊。亦应仙吏守，时取荐层城。","李福标《皮陆年谱》，中山大学出版社2011年版。第247页","《松陵集》卷五",,,"王秀林"
"唐","陆龟蒙","懿宗咸通十一年庚寅","870",,,"41","","江南东道","苏州","长洲",,"江苏","苏州市",,"120.589613","31.304566",,"陆龟蒙有《四明山诗》九题，皮日休和之；皮日休又有诗寄周景复，陆龟蒙和之","皮日休，周景复","《鞠候题》","Poem","","李福标《皮陆年谱》，中山大学出版社2011年版。第247页","《松陵集》卷五",,,"王秀林"
"唐","陆龟蒙","懿宗咸通十一年庚寅","870",,,"41","","江南东道","苏州","长洲",,"江苏","苏州市",,"120.589613","31.304566",,"陆龟蒙有《四明山诗》九题，皮日休和之；皮日休又有诗寄周景复，陆龟蒙和之","皮日休，周景复","《题镜严周禅师所居》","Poem","","李福标《皮陆年谱》，中山大学出版社2011年版。第247页","《松陵集》卷八",,,"王秀林"
"唐","陆龟蒙","懿宗咸通十一年庚寅","870",,,"41","","江南东道","苏州","长洲",,"江苏","苏州市",,"120.589613","31.304566",,"秋间日本国圆载上人归国，皮日休、陆龟蒙、颜萱等作诗送别","皮日休，颜萱，圆载上人","《闻圆载上人挟儒家书泊释典以行，更作一绝以送》","Poem","","李福标《皮陆年谱》，中山大学出版社2011年版。第248页","《松陵集》卷九",,,"王秀林"
"唐","陆龟蒙","懿宗咸通十一年庚寅","870","11",,"41","","江南东道","苏州","长洲",,"江苏","苏州市",,"120.589613","31.304566",,"皮日休应新罗弘惠上人之请为撰灵鹫山周禅师碑，并作诗送别，陆龟蒙有和；殆得新罗弘惠上人赠人参，有诗谢之；十一月底，皮日休有诗《送润卿博士还华阳》，陆龟蒙和之","弘惠上人，润卿博士","《同前》","Poem","","李福标《皮陆年谱》，中山大学出版社2011年版。248-249","《松陵集》卷八","编年诗参见第261页",,"王秀林"
"唐","陆龟蒙","懿宗咸通十一年庚寅","870","12","9","41","","江南东道","苏州","长洲",,"江苏","苏州市",,"120.589613","31.304566",,"皮日休有《腊后送内大德从勖游天台》诗，陆龟蒙和之","皮日休","《奉和》","Poem","","李福标《皮陆年谱》，中山大学出版社2011年版。第250页","《松陵集》卷八",,,"王秀林"
"唐","陆龟蒙","懿宗咸通十一年庚寅","870",,,"41","","江南东道","苏州","长洲",,"江苏","苏州市",,"120.589613","31.304566",,"皮陆唱和，本年，陆龟蒙有《渔具诗》十五咏，皮日休有《添渔具诗》五首，陆龟蒙和之。陆龟蒙有《樵人十咏》，皮日休和之。皮日休有《酒中十咏》，陆龟蒙和之；陆龟蒙有《添酒中六咏》，皮日休和之。皮日修有《茶中杂咏》十首，陆龟蒙和之","皮日休","《渔具诗并序》","Poem","渔具诗 其十四 舴艋
篷棹两三事，天然相与闲。朝随稚子去，暮唱菱歌还。倚石迟后侣，徐桡供远山。君看万斛载，沈溺须臾间。
渔具诗 其一 网
大罟纲目繁，空江波浪黑。沈沈到波底，恰共波同色。牵时万鬐入，已有千钧力。尚悔不横流，恐他人更得。
渔具诗 其二 罩
左手揭圆罛，轻桡弄舟子。不知潜鳞处，但去笼烟水。时穿紫屏破，忽值朱衣起。贵得不贵名，敢论鲂与鲤。
渔具诗 其三 𦊔
有意烹小鲜，乘流驻孤棹。虽然烦取舍，未肯求津要。多为虾蚬误，已分鵁鶄笑。寄语龙伯人，荒唐不同调。
渔具诗 其四 钓筒
短短截筠光，悠悠卧江色。蓬差橹相应，雨慢烟交织。须臾中芳饵，迅疾如飞翼。彼竭我还浮，君看不争得。
渔具诗 其五 钓车
溪上持只轮，溪边指茅屋。闲乘风水便，敢议朱丹毂。高多倚衡惧，下有折轴速。曷若载逍遥，归来卧云族。
渔具诗 其六 鱼梁
能编似云薄，横绝清川口。缺处欲随波，波中先置笱。投身入笼槛，自古难飞走。尽日水滨吟，殷勤谢渔叟。
渔具诗 其七 叉鱼
春溪正含绿，良夜才参半。持矛若羽轻，列烛如星烂。伤鳞跳密藻，碎首沈遥岸。尽族染东流，傍人作佳玩。
渔具诗 其八 射鱼
弯弓注碧浔，掉尾行凉沚。青枫下晚照，正在澄明里。抨弦断荷扇，溅血殷菱蕊。若使禽荒闻，移之暴烟水。
渔具诗 其九 鸣桹
水浅藻荇涩，钓罩无所及。铿如木铎音，势若金钲急。驱之就深处，用以资俯拾。搜罗尔甚微，遁去将何入。
渔具诗 其十 沪
万植御洪波，森然倒林薄。千颅咽云上，过半随潮落。其间风信背，更值雷声恶。天道亦裒多，吾将移海若。
渔具诗 其十一 𥶠
斩木置水中，枝条互相蔽。寒鱼遂家此，自以为生计。春冰忽融冶，尽取无遗裔。所托成祸机，临川一凝睇。
渔具诗 其十二 种鱼
凿池收赪鳞，疏疏置云屿。还同汗漫游，遂以江湖处。如非一神守，潜被蛟龙主。蛟龙若无道，跛鳖亦可御。
渔具诗 其十三 药鱼
香饵缀金钩，日中悬者几。盈川是毒流，细大同时死。不唯空饲犬，便可将贻蚁。苟负竭泽心，其他尽如此。
渔具诗 其十五 笭箵
谁谓笭箵小，我谓笭箵大。盛鱼自足餐，寘璧能为害。时将刷蘋浪，又取悬藤带。不及腰上金，何劳问蓍蔡。","李福标《皮陆年谱》，中山大学出版社2011年版。第250页","《松陵集》卷四",,,"王秀林"
"唐","陆龟蒙","懿宗咸通十一年庚寅","870",,,"41","","江南东道","苏州","长洲",,"江苏","苏州市",,"120.589613","31.304566",,"皮陆唱和，本年，陆龟蒙有《渔具诗》十五咏，皮日休有《添渔具诗》五首，陆龟蒙和之。陆龟蒙有《樵人十咏》，皮日休和之。皮日休有《酒中十咏》，陆龟蒙和之；陆龟蒙有《添酒中六咏》，皮日休和之。皮日修有《茶中杂咏》十首，陆龟蒙和之","皮日休","《奉和添渔具五篇》","Poem","奉和袭美添渔具五篇 其一 渔庵
结茅次烟水，用以资啸傲。岂谓钓家流，忽同禅室号。闲凭山叟占，晚有溪禽嫪。华屋莫相非，各随吾所好。
奉和袭美添渔具五篇 其二 钓矶
拣得白云根，秋潮未曾没。坡陁坐鳌背，散漫垂龙发。持竿从掩雾，置酒复待月。即此放神情，何劳适吴越。
奉和袭美添渔具五篇 其三 蓑衣
山前度微雨，不废小涧渔。上有青袯襫，下有新腒疏。滴沥珠影泫，离披岚彩虚。君看荷制者，不得安吾庐。
奉和袭美添渔具五篇 其四 箬笠
朝携下枫浦，晚戴出烟艇。冒雪或平檐，听泉时仄顶。飙移霭然色，波乱危如影。不识九衢尘，终年居下泂。
奉和袭美添渔具五篇 其五 背蓬
敏手劈江筠，随身织烟壳。沙禽固不知，钓伴犹初觉。闲从翠微拂，静唱沧浪濯。见说万山潭，渔童尽能学。","李福标《皮陆年谱》，中山大学出版社2011年版。第250页","《松陵集》卷四",,,"王秀林"
"唐","陆龟蒙","懿宗咸通十一年庚寅","870",,,"41","","江南东道","苏州","长洲",,"江苏","苏州市",,"120.589613","31.304566",,"皮陆唱和，本年，陆龟蒙有《渔具诗》十五咏，皮日休有《添渔具诗》五首，陆龟蒙和之。陆龟蒙有《樵人十咏》，皮日休和之。皮日休有《酒中十咏》，陆龟蒙和之；陆龟蒙有《添酒中六咏》，皮日休和之。皮日修有《茶中杂咏》十首，陆龟蒙和之","皮日休","《樵人十咏并序》","Poem","樵人十咏 其一 樵溪
山高溪且深，苍苍但群木。抽条欲千尺，众亦疑朴𣙙。一朝蒙剪伐，万古辞林麓。若遇燎玄穹，微烟出云族。
樵人十咏 其二 樵家
草木黄落时，比邻见相喜。门当清涧尽，屋在寒云里。山棚日才下，野灶烟初起。所谓顺天民，唐尧亦如此。
樵人十咏 其三 樵叟
自小即胼胝，至今凋鬓发。所图山褐厚，所爱山炉热。不知冠盖好，但信烟霞活。富贵如疾颠，吾从老岩穴。
樵人十咏 其四 樵子
生自苍崖边，能谙白云养。才穿远林去，已在孤峰上。薪和野花束，步带山词唱。日暮不归来，柴扉有人望。
樵人十咏 其五 樵径
石脉青霭间，行行自幽绝。方愁山缭绕，更值云遮截。争推好林浪，共约归时节。不似名利途，相期覆车辙。
樵人十咏 其六 樵斧
淬砺秋水清，携持远山曙。丁丁在前涧，杳杳无寻处。巢倾鸟犹在，树尽猿方去。授钺者何人，吾今易其虑。
樵人十咏 其七 樵担
轻无斗储价，重则筋力绝。欲下半岩时，忧襟两如结。风高势还却，雪厚疑中折。负荷诚独难，移之赠来哲。
樵人十咏 其八 樵风
朝随早潮去，暮带残阳返。向背得清飙，相追无近远。采山一何迟，服道常苦蹇。仙术信能为，年华未将晚。
樵人十咏 其九 樵火
积雪报松坞，蠹根然草堂。深炉与远烧，此夜仍交光。或似坐奇兽，或如焚异香。堪嗟宦游子，冻死道路傍。
樵人十咏 其十 樵歌
纵调为野吟，徐徐下云磴。因知负樵乐，不减援琴兴。出林方自转，隔水犹相应。但取天壤情，何求郢人称。","李福标《皮陆年谱》，中山大学出版社2011年版。第250页","《松陵集》卷四",,,"王秀林"
"唐","陆龟蒙","懿宗咸通十一年庚寅","870",,,"41","","江南东道","苏州","长洲",,"江苏","苏州市",,"120.589613","31.304566",,"皮陆唱和，本年，陆龟蒙有《渔具诗》十五咏，皮日休有《添渔具诗》五首，陆龟蒙和之。陆龟蒙有《樵人十咏》，皮日休和之。皮日休有《酒中十咏》，陆龟蒙和之；陆龟蒙有《添酒中六咏》，皮日休和之。皮日修有《茶中杂咏》十首，陆龟蒙和之","皮日休","《奉和酒中十咏》","Poem","奉和袭美酒中十咏 其三 酒篘
山斋酝方熟，野童编近成。持来欢伯内，坐使贤人清。不待盎中满，旋供花下倾。汪汪日可挹，未羡黄金籯。
奉和袭美酒中十咏 其六 酒楼
百尺江上起，东风吹酒香。行人落帆上，远树涵残阳。凝睇复凝睇，一觞还一觞。须知凭栏客，不醉难为肠。
奉和袭美酒中十咏 其一 酒星
万古醇酎气，结而成晶荧。降为嵇阮徒，动与尊罍并。不独祭天庙，亦应邀客星。何当八月槎，载我游青冥。
奉和袭美酒中十咏 其二 酒泉
初悬碧崖口，渐注青溪腹。味既敌中山，饮宁拘一斛。春疑浸花骨，暮若酣云族。此地得封侯，终身持美禄。
奉和袭美酒中十咏 其四 酒床
六尺样何奇，溪边濯来洁。糟深贮方半，石重流还咽。闲移秋病可，偶听寒梦缺。往往枕眠时，自疑陶靖节。
奉和袭美酒中十咏 其五 酒垆
锦里多佳人，当垆自沽酒。高低过反坫，大小随圆瓿。数钱红烛下，涤器春江口。若得奉君欢，十千求一斗。
奉和袭美酒中十咏 其七 酒旗
摇摇倚青岸，远荡游人思。风欹翠竹杠，雨澹香醪字。才来隔烟见，已觉临江迟。大旆非不荣，其如有王事。
奉和袭美酒中十咏 其八 酒尊
黄金即为侈，白石又太拙。斲得奇树根，中如老蛟穴。时招山下叟，共酌林间月。尽醉两忘言，谁能作天舌。
奉和袭美酒中十咏 其九 酒城
何代驱生灵，筑之为酿地。殊无甲兵守，但有糟浆气。雉堞屹如狂，女墙低似醉。必若据而争，先登仪狄氏。
奉和袭美酒中十咏 其十 酒乡
谁知此中路，暗出虚无际。广莫是邻封，华胥为附丽。三杯闻古乐，伯雅逢遗裔。自尔等荣枯，何劳问玄弟。","李福标《皮陆年谱》，中山大学出版社2011年版。第250页","《松陵集》卷四",,,"王秀林"
"唐","陆龟蒙","懿宗咸通十一年庚寅","870",,,"41","","江南东道","苏州","长洲",,"江苏","苏州市",,"120.589613","31.304566",,"皮陆唱和，本年，陆龟蒙有《渔具诗》十五咏，皮日休有《添渔具诗》五首，陆龟蒙和之。陆龟蒙有《樵人十咏》，皮日休和之。皮日休有《酒中十咏》，陆龟蒙和之；陆龟蒙有《添酒中六咏》，皮日休和之。皮日修有《茶中杂咏》十首，陆龟蒙和之","皮日休","《添酒中六咏并序》","Poem","添酒中六咏 其二 酒龙
铜雀羽仪丽，金龙光彩奇。潜倾邺宫酒，忽作商庭漦。若怒鳞甲赤，如酣头角垂。君臣坐相灭，安用骄奢为。
添酒中六咏 其五 酒鎗
景山实名士，所玩垂清尘。尝作酒家语，自言中圣人。奇器质含古，挫糟未应醇。唯怀魏公子，即此飞觞频。
添酒中六咏 其六 酒杯
叔夜傲天壤，不将琴酒疏。制为酒中物，恐是琴之馀。一弄广陵散，又裁绝交书。颓然掷林下，身世俱何如。
添酒中六咏 其一 酒池
万斛输曲沼，千钟未为多。残霞入醍齐，远岸澄白酂。后土亦沈醉，奸臣空浩歌。迩来荒淫君，尚得乘馀波。
添酒中六咏 其三 酒瓮
候煖曲糵调，覆深苫盖净。溢处每淋漓，沈来还濎滢。常闻清凉酎，可养希夷性。盗饮以为名，得非君子病。
添酒中六咏 其四 酒船
昔人性何诞，欲载无穷酒。波上任浮身，风来即开口。荒唐意难遂，沈湎名不朽。千古如比肩，问君能继不。","李福标《皮陆年谱》，中山大学出版社2011年版。第250页","《松陵集》卷四",,,"王秀林"
"唐","陆龟蒙","懿宗咸通十一年庚寅","870",,,"41","","江南东道","苏州","长洲",,"江苏","苏州市",,"120.589613","31.304566",,"皮陆唱和，本年，陆龟蒙有《渔具诗》十五咏，皮日休有《添渔具诗》五首，陆龟蒙和之。陆龟蒙有《樵人十咏》，皮日休和之。皮日休有《酒中十咏》，陆龟蒙和之；陆龟蒙有《添酒中六咏》，皮日休和之。皮日修有《茶中杂咏》十首，陆龟蒙和之","皮日休","《奉和茶具十咏》","Poem","奉和袭美茶具十咏 其二 茶人
天赋识灵草，自然钟野姿。闲来北山下，似与东风期。雨后探芳去，云间幽路危。唯应报春鸟，得共斯人知。
奉和袭美茶具十咏 其一 茶坞
茗地曲隈回，野行多缭绕。向阳就中密，背涧差还少。遥盘云髻慢，乱簇香篝小。何处好幽期，满岩春露晓。
奉和袭美茶具十咏 其三 茶笋
所孕和气深，时抽玉苕短。轻烟渐结华，嫩蕊初成管。寻来青霭曙，欲去红云煖。秀色自难逢，倾筐不曾满。
奉和袭美茶具十咏 其四 茶籯
金刀劈翠筠，织似波文斜。制作自野老，携持伴山娃。昨日斗烟粒，今朝贮绿华。争歌调笑曲，日暮方还家。
奉和袭美茶具十咏 其五 茶舍
旋取山上材，架为山下屋。门因水势斜，壁任岩隈曲。朝随鸟俱散，暮与云同宿。不惮采掇劳，祗忧官未足。
奉和袭美茶具十咏 其六 茶灶
无突抱轻岚，有烟映初旭。盈锅玉泉沸，满甑云芽熟。奇香袭春桂，嫩色凌秋菊。炀者若吾徒，年年看不足。
奉和袭美茶具十咏 其七 茶焙
左右捣凝膏，朝昏布烟缕。方圆随样拍，次第依层取。山谣纵高下，火候还文武。见说焙前人，时时炙花脯。
奉和袭美茶具十咏 其八 茶鼎
新泉气味良，古铁形状丑。那堪风雪夜，更值烟霞友。曾过赪石下，又住清溪口。且共荐皋卢，何劳倾斗酒。
奉和袭美茶具十咏 其九 茶瓯
昔人谢塸堤，徒为妍词饰。岂如圭璧姿，又有烟岚色。光参筠席上，韵雅金罍侧。直使于阗君，从来未尝识。
奉和袭美茶具十咏 其十 煮茶
闲来松间坐，看煮松上雪。时于浪花里，并下蓝英末。倾馀精爽健，忽似氛埃灭。不合别观书，但宜窥玉札。","李福标《皮陆年谱》，中山大学出版社2011年版。第250页","《松陵集》卷四",,,"王秀林"
"唐","陆龟蒙","懿宗咸通十一年庚寅","870",,,"41","","江南东道","苏州","长洲",,"江苏","苏州市",,"120.589613","31.304566",,"冬夜，陆龟蒙与皮日休、张贲等人宴集分韵赋诗，有联句之咏","皮日休，张贲","《寒夜联句》","Poem","寒夜联句
静境揖神凝，寒华射林缺。清知思绪断，爽觉心源彻。高唱戛金奏，朗咏铿玉节。我思方泬寥，君词复凄切。况闻风篁上，摆落残冻雪。寂尔万籁清，皎然诸霭灭。西窗客无梦，南浦波应结。河光正如剑，月魄方似玦。短烬不禁挑，冷毫看欲折。何夕重相期，浊醪还为设。","李福标《皮陆年谱》，中山大学出版社2011年版。第252页","《松陵集》卷一O",,,"王秀林"
"唐","陆龟蒙","懿宗咸通十一年庚寅","870",,,"41","","江南东道","苏州","长洲",,"江苏","苏州市",,"120.589613","31.304566",,"冬夜，陆龟蒙与皮日休、张贲等人宴集分韵赋诗，有联句之咏","皮日休，张贲","《药名联句》","Poem","","李福标《皮陆年谱》，中山大学出版社2011年版。第252页","《松陵集》卷一O",,,"王秀林"
"唐","陆龟蒙","懿宗咸通十一年庚寅","870",,,"41","","江南东道","苏州","长洲",,"江苏","苏州市",,"120.589613","31.304566",,"冬夜，陆龟蒙与皮日休、张贲等人宴集分韵赋诗，有联句之咏","皮日休，张贲","《寒夜文宴联句》","Poem","寒夜文宴得惊字
各将寒调触诗情，旋见微澌入砚生。霜月满庭人暂起，汀洲半夜雁初惊。三秋每为仙题想，一日多因累句倾。千里建康衰草外，含毫谁是忆昭明。","李福标《皮陆年谱》，中山大学出版社2011年版。第252页","《松陵集》卷一O",,,"王秀林"
"唐","陆龟蒙","懿宗咸通十一年庚寅","870",,,"41","","江南东道","苏州","长洲",,"江苏","苏州市",,"120.589613","31.304566",,"僧尚颜殆于本年访陆龟蒙，并赠诗","尚颜",,"","","李福标《皮陆年谱》，中山大学出版社2011年版。第253页",,,,"王秀林"
"唐","陆龟蒙","懿宗咸通十二年辛卯","871","1",,"42","","江南东道","苏州","长洲",,"江苏","苏州市",,"120.589613","31.304566",,"正月，陆龟蒙有《早春雪中作吴体寄袭美》，皮日休有《奉和》","皮日休","《早春雪中作吴体寄袭美》","Poem","早春雪中作吴体寄袭美
迎春避腊不肯下，欺花冻草还飘然。光填马窟盖塞外，势压鹤巢偏殿巅。山炉瘿节万状火，墨突乾衰孤穗烟。君披鹤氅独自立，何人解道真神仙。","李福标《皮陆年谱》，中山大学出版社2011年版。第266页","《松陵集》卷六",,,"王秀林"
"唐","陆龟蒙","懿宗咸通十二年辛卯","871","3",,"42","","江南东道","苏州","长洲",,"江苏","苏州市",,"120.589613","31.304566",,"崔璞罢郡，有文会，皮日休、陆龟蒙等作诗相送","崔璞，皮日休","《谨和谏议罢郡叙怀六韵》","Poem","谨和谏议罢郡叙怀六韵
已报东吴政，初捐左契归。天应酬苦节，人不犯寒威。江上思重借，朝端望载饥。紫泥封夜诏，金殿赐春衣。对酒情何远，裁诗思极微。待升镕造日，江海问渔扉。","李福标《皮陆年谱》，中山大学出版社2011年版。第266页","《松陵集》卷九",,,"王秀林"
"唐","陆龟蒙","懿宗咸通十二年辛卯","871",,,"42","","江南东道","苏州","长洲",,"江苏","苏州市",,"120.589613","31.304566",,"皮陆唱和，皮日休有诗《寄题罗浮轩辕先生所居》，陆龟蒙和之。","皮日休","《奉和》1","Poem","","李福标《皮陆年谱》，中山大学出版社2011年版。第271页","《松陵集》卷七",,,"王秀林"
"唐","陆龟蒙","懿宗咸通十二年辛卯","871",,,"42","","江南东道","苏州","长洲",,"江苏","苏州市",,"120.589613","31.304566",,"皮陆唱和，皮日休有诗《江南书情二十韵寄秘阁韦校书贻之、商洛宋先辈垂文二同年》，陆龟蒙和之。","皮日休","《奉和次韵》1","Poem","","李福标《皮陆年谱》，中山大学出版社2011年版。第282页","《松陵集》卷五",,,"王秀林"
"唐","陆龟蒙","懿宗咸通十二年辛卯","871",,,"42","","江南东道","苏州","长洲",,"江苏","苏州市",,"120.589613","31.304566",,"皮陆唱和，皮日休有诗《馆娃宫怀古》，陆龟蒙和之。","皮日休","《奉和次韵》2","Poem","","李福标《皮陆年谱》，中山大学出版社2011年版。第282页","《松陵集》卷六",,,"王秀林"
"唐","陆龟蒙","懿宗咸通十二年辛卯","871",,,"42","","江南东道","苏州","长洲",,"江苏","苏州市",,"120.589613","31.304566",,"皮陆唱和，皮日休有诗《春夕陪崔谏议樱桃园序》，陆龟蒙和之。","皮日休","《奉和》2","Poem","","李福标《皮陆年谱》，中山大学出版社2011年版。第282页","《松陵集》卷六",,,"王秀林"
"唐","陆龟蒙","懿宗咸通十二年辛卯","871",,,"42","","江南东道","苏州","长洲",,"江苏","苏州市",,"120.589613","31.304566",,"皮陆唱和，皮日休有诗《春夕酒醒》，陆龟蒙和之","皮日休","《奉和》3","Poem","","李福标《皮陆年谱》，中山大学出版社2011年版。第282页","《松陵集》卷六",,,"王秀林"
"唐","陆龟蒙","懿宗咸通十二年辛卯","871",,,"42","","江南东道","苏州","长洲",,"江苏","苏州市",,"120.589613","31.304566",,"皮陆唱和，皮日休有诗《松江早春》，陆龟蒙和之","皮日休","《奉和》4","Poem","","李福标《皮陆年谱》，中山大学出版社2011年版。第282页","《松陵集》卷六",,,"王秀林"
"唐","陆龟蒙","懿宗咸通十二年辛卯","871",,,"42","","江南东道","苏州","长洲",,"江苏","苏州市",,"120.589613","31.304566",,"皮陆唱和，皮日休有诗《吴中言怀寄南海二同年》，陆龟蒙和之。","皮日休","《奉和》5","Poem","","李福标《皮陆年谱》，中山大学出版社2011年版。第282页","《松陵集》卷七",,,"王秀林"
"唐","陆龟蒙","懿宗咸通十二年辛卯","871",,,"42","","江南东道","苏州","长洲",,"江苏","苏州市",,"120.589613","31.304566",,"皮陆唱和，皮日休有诗《吴中书事，寄汉南裴尚书》，陆龟蒙和之","皮日休","《奉和》6","Poem","","李福标《皮陆年谱》，中山大学出版社2011年版。第283页","《松陵集》卷七",,,"王秀林"
"唐","陆龟蒙","懿宗咸通十二年辛卯","871",,,"42","","江南东道","苏州","长洲",,"江苏","苏州市",,"120.589613","31.304566",,"皮陆唱和，皮日休有诗《寄琼州杨舍人》，陆龟蒙和之","皮日休","《奉和》7","Poem","","李福标《皮陆年谱》，中山大学出版社2011年版。第283页","《松陵集》卷七",,,"王秀林"
"唐","陆龟蒙","懿宗咸通十二年辛卯","871",,,"42","","江南东道","苏州","长洲",,"江苏","苏州市",,"120.589613","31.304566",,"皮陆唱和，皮日休有诗《屐步访鲁望不遇》，陆龟蒙和之。","皮日休","《奉和袭美见访不遇》","Poem","奉和袭美见访不遇
为愁烟岸老尘嚣，扶病呼儿斸翠苕。秖道府中持简牍，不知林下访渔樵。花盘小垡晴初压，叶拥疏篱冻未烧。倚杖遍吟春照午，一池冰段几多消。","李福标《皮陆年谱》，中山大学出版社2011年版。第282页","《松陵集》卷六",,,"王秀林"
"唐","陆龟蒙","懿宗咸通十二年辛卯","871",,,"42","","江南东道","苏州","长洲",,"江苏","苏州市",,"120.589613","31.304566",,"皮陆唱和，陆龟蒙有诗，皮日休和之","皮日休","《阖闾城北有卖花翁，讨春之士往往造焉。因招袭美》","Poem","阖闾城北有卖花翁讨春之士往往造焉因招袭美
故城边有卖花翁，水曲舟轻去尽通。十亩芳菲为旧业，一家烟雨是元功。闲添药品年年别，笑指生涯树树红。若要见春归处所，不过携手问东风。","李福标《皮陆年谱》，中山大学出版社2011年版。第282页","《松陵集》卷六",,,"王秀林"
"唐","陆龟蒙","懿宗咸通十二年辛卯","871",,,"42","","江南东道","苏州","长洲",,"江苏","苏州市",,"120.589613","31.304566",,"皮陆唱和，陆龟蒙有诗，皮日休和之","皮日休","《袭美以巨鱼之半见分，因以酬谢》","Poem","袭美以巨鱼之半见分因以酬谢
谁与春江上信鱼，可怜霜刃截来初。鳞隳似撤骚人屋，腹断疑伤远客书。避网几跳山影破，逆风曾蹙浪花虚。今朝最是家童喜，免泥荒畦掇野蔬。","李福标《皮陆年谱》，中山大学出版社2011年版。第282页","《松陵集》卷六",,,"王秀林"
"唐","陆龟蒙","懿宗咸通十二年辛卯","871",,,"42","","江南东道","苏州","长洲",,"江苏","苏州市",,"120.589613","31.304566",,"本年夏秋，皮日休临别吴中之际，陆龟蒙将两年左右唱和诗集集合成编，为《松陵集》十卷，以为纪念。皮日休为作《松陵集序》，阐述其诗歌见解，叙其与陆龟蒙之唱和大致经历，序中有论当代诗人李商隐、温庭筠者，颇有说。集中多次韵长篇，又有离合、叠韵、回文、双声及县名、药名等类诗作，陆龟蒙将其归入杂体诗卷，皮日休撰《杂体诗序》，记述诸类诗之缘起","皮日休",,"","","李福标《皮陆年谱》，中山大学出版社2011年版。272—276",,,,"王秀林"
"唐","陆龟蒙","懿宗咸通十二年辛卯","871",,,"42","","江南东道","苏州","长洲",,"江苏","苏州市",,"120.589613","31.304566",,"本年，陆龟蒙卧病苏州，有旧文三十编","",,"","","李福标《皮陆年谱》，中山大学出版社2011年版。第281页",,,,"王秀林"
"唐","陆龟蒙","懿宗咸通十三年壬辰","872",,,"43","","江南东道","湖州",,,"浙江","湖州市",,"120.094566","30.899015","佐幕","在湖州，从张搏游，有诗","张搏","《荆溪早景题杜秀才水亭》","Poem","","李福标《皮陆年谱》，中山大学出版社2011年版。第286页","《全唐诗》卷六二九",,,"王秀林"
"唐","陆龟蒙","懿宗咸通十四年癸巳","873",,,"44","","江南东道","湖州",,,"浙江","湖州市",,"120.094566","30.899015","佐幕","在湖州，入张搏幕","张搏",,"","","李福标《皮陆年谱》，中山大学出版社2011年版。第288页",,,,"王秀林"
"唐","陆龟蒙","僖宗乾符元年、懿宗咸通十五年甲午","874",,,"45","","江南东道","湖州",,,"浙江","湖州市",,"120.094566","30.899015","佐幕","在湖州，入张搏幕","张搏",,"","","李福标《皮陆年谱》，中山大学出版社2011年版。第291页",,,,"王秀林"
"唐","陆龟蒙","僖宗乾符二年乙末","875","2",,"46","","淮南道","庐州",,,"安徽","合肥市",,"117.235447","31.82687","佐幕","二月以后，随张搏在庐州","张搏","","","","李福标《皮陆年谱》，中山大学出版社2011年版。第292页",,,,"王秀林"
"唐","陆龟蒙","僖宗乾符三年丙申","876","7",,"47","","江南东道","苏州",,,"江苏","苏州市",,"120.589613","31.304566","佐幕","陆龟蒙随张搏由庐州转苏州，本年秋，罗隐有诗寄陆龟蒙","张搏，罗隐","《椭李花赋》","Article","㮋李花赋
试问花翁。得㮋李之春丛。移来砌下。出自山中。长沾涧雨。回洒岩风。曾不得次玉堂而展低艳。承画阁而逞微红。虚在芳菲之数。徒干造化之功。弱植欹危。繁梢襞积。一枝上能万其肤萼。一萼中自参其丹白。且桃以天而蕣以华。芍药为赠兮芙蓉可嘉。谁为剪缃绮。碎明霞。凤葆䓤茏于水殿。霓旌掩苒于云车。静倚庭楹。徐飘蕊气。落幽闺怨别之梦。写空谷遗荣之思。初侍东陵圣母。冶态嫣妍。近辞北烛仙人。愁容委坠。嗟其结莓苔之地。抱林麓之姿。蝶善舞而相掠。莺能言而见欺。香怜坠少。蒂恋飘迟。当杯者不顾。守道者应知。请看嵇康高士传。莫信长安轻薄儿。","李福标《皮陆年谱》，中山大学出版社2011年版。第298页","《甫里先生集》卷一四",,,"王秀林"
"唐","陆龟蒙","僖宗乾符四年丁酉","877",,,"48","","江南东道","湖州",,,"浙江","湖州市",,"120.094566","30.899015",,"冬，陆龟蒙往湖州拜谒刺史郑仁规，有酬唱之什","郑仁规","","","","李福标《皮陆年谱》，中山大学出版社2011年版。第302页",,,,"王秀林"
"唐","陆龟蒙","僖宗乾符四年丁酉","877",,,"48","","江南东道","湖州",,,"浙江","湖州市",,"120.094566","30.899015",,"隐居顾渚步紫花濑，日以茶事为事，又置茶园于吴兴郡古渚山下，与方干交或在此时","方干","《效方干》（五十首）（已佚）","Poem","","李福标《皮陆年谱》，中山大学出版社2011年版。第302页",,,,"王秀林"
"唐","陆龟蒙","僖宗乾符四年丁酉","877",,,"48","","江南东道","湖州",,,"浙江","湖州市",,"120.094566","30.899015",,"隐居顾渚步紫花濑，日以茶事为事，又置茶园于吴兴郡古渚山下，与方干交或在此时","方干","《茶品第书》（已佚）","Article","","李福标《皮陆年谱》，中山大学出版社2011年版。第302页",,,,"王秀林"
"唐","陆龟蒙","僖宗乾符五年戊戌","878",,,"49","","江南东道","苏州",,,"江苏","苏州市",,"120.589613","31.304566",,"春归苏州，修震泽别业","",,"","","李福标《皮陆年谱》，中山大学出版社2011年版。第313页",,,,"王秀林"
"唐","陆龟蒙","僖宗乾符五年戊戌","878","7",,"49","","江南东道","苏州",,,"江苏","苏州市",,"120.589613","31.304566",,"七月，陆龟蒙作《微凉赋》","","《微凉赋》","Article","微凉赋
椒梧既谢。屈原增伤。菱先雁败。柳徇蝉荒。日落深宫。十四等皆为丽绝。云愁大泽。九百里尽欲飞扬。暑退未退。宵长未长。傍宝阶以寻冷。当绮疏而荐香。飘飘拂拂。悄悄怅怅。省团扇以摇清。昵瑶琴而泛雅。石稳将卧。筇轻欲把。沈尹见王筠佳咏。不觉书之。谢傅感桓伊哀筝。无端涕下。单栖悟早。共赏情多。应从远壑。定降明河。病树一枝。度日空怀越奏。轻帆十幅。乘秋好唱湘歌。殷浩休谈。杨宏自舞。粉初渍而题媚。尘适消而画古。正在安榴馆里。寂寞饶潘。暂登酸枣台时。凄凉付庾。潜生翠被。暗箸金楼。铢铢减癖。斛斛量愁。草元者逐贫无暇。梯附者结客而游。暮雨陵边。有魏主常闻之乐。夕阳池上。有蔡姬曾荡之舟。恨锁疏烟。襟披远水。露桂方澹。风篁或倚。鄂侯之馀冷犹在。江令之宿酲初起。道气全衰。离情遍驶。许玉斧神超碧落。仰接应难。成花君怨别青宫。追伤未已。","李福标《皮陆年谱》，中山大学出版社2011年版。第313页","《甫里集》卷一四",,,"王秀林"
"唐","陆龟蒙","僖宗乾符五年戊戌","878",,,"49","","江南东道","苏州",,,"江苏","苏州市",,"120.589613","31.304566",,"秋末，在松江南岸其私田观刈麦，陆龟蒙有诗刺士民投黄巢者，甚或有斥皮日休从巢之意，有客访陆龟蒙，作诗以记之","皮日休","《纪事》","Poem","","李福标《皮陆年谱》，中山大学出版社2011年版。313-314","《甫里集》卷三",,,"王秀林"
"唐","陆龟蒙","僖宗乾符五年戊戌","878",,,"49","","江南东道","苏州",,,"江苏","苏州市",,"120.589613","31.304566",,"秋末，在松江南岸其私田观刈麦，陆龟蒙有诗刺士民投黄巢者，甚或有斥皮日休从巢之意，有客访陆龟蒙，作诗以记之","皮日休","《杂讽九首》","Poem","杂讽九首 其一
红蚕缘枯桑，青茧大如瓮。人争捩其臂，羿矢亦不中。微微待贤禄，一一希入梦。纵操上古言，口噤难即贡。蛟龙在怒水，拔取牙角弄。丹穴如可游，家家畜孤凤。凶门尚儿戏，战血波澒溶。社鬼苟有灵，谁能遏秋恸。
杂讽九首 其二
童麋来触犀，德力不相及。伊无惬心事，祗有碎首泣。况将鹏虱校，数又百与十。攻如饿鸱叫，势若脱兔急。斯为朽关键，怒荦抉以入。年来横干戈，未见拔城邑。得非佐饔者，齿齿待啜汁。羁维豪杰辈，四骇方少絷。此皆乘时利，纵舍在呼吸。吾欲斧其吭，无雷动幽蛰。
杂讽九首 其三
𪃿鹅惨于冰，陆立怀所适。斯人道仍閟，不得不呜呃。当时布衣士，亦作天子客。至今东方生，满口自誇白。终为万乘交，谈笑无所隔。致君非有书，乃是尧舜画。祗今侯门峻，日扫贫贱迹。朝趋九韶音，暮列五鼎食。如闻恭俭语，謇謇事夕惕。可拍伊牧肩，功名被金石。
杂讽九首 其四
赤舌可烧城，谗邪易为伍。诗人疾之甚，取俾投豺虎。长风吹窾木，始有音韵吐。无木亦无风，笙簧由喜怒。女娲鍊五石，天缺犹可补。当其利口衔，罅漏不复数。元精遗万类，双目如牖户。非是既相参，重瞳亦为瞽。
杂讽九首 其五
东南有狂兕，猎者西北矢。利尘白冥冥，独此清夜止。无人语其事，偶坐窥天纪。安得东壁明，洪洪用坟史。搜扬好古士，一以罄云水。流堪洒菁英，风足去稗秕。如能出奇计，坐可平贼垒。徐陈羲皇道，高驾太平轨。攫疏成特雄，濯垢为具美。贡贤当上赏，景福视所履。永播南熏音，垂之万年耳。
杂讽九首 其六
有檗何青青，空城雪霜里。千林尽枯槁，苦节独不死。他遭匠石顾，总入牺黄美。遂得保天年，私心未为耻。高从宿枭怪，下亦容蝼蚁。大厦若抡材，亭亭托君子。
杂讽九首 其七
左右佩剑者，彼此亦相笑。趋时与闭门，喧寂不同调。潜机取声利，自许臻乎妙。志士以神窥，惭然真可吊。天之发遐籁，大小随万窍。魁其垆冶姿，形质惟所召。鼗笙磬竽瑟，是必登清庙。伊圣不可欺，谁能守蓬藋。
杂讽九首 其八
横笛喝秋风，清商入疏越。君居不夜城，肯怨孤戍月。吴兵甚犀利，太白光突兀。日已费千金，廑闻侵一拨。岂无恶年少，纵酒游侠窟。募为敢死军，去以枭叛卒。岂无中林士，贯穿学问骨。兵法五十家，浩荡如溟渤。高悬鹿皮睡，清涧时依樾。分已诺烟霞，全遗事干谒。既非格猛兽，未可轻华发。北面师其谋，几能止征伐。何妨秦堇勇，又有曹刿说。尧舜尚询刍，公乎听无忽。
杂讽九首 其九
朝为壮士歌，暮为壮士歌。壮士心独苦，傍人谓之何。古铁久不快，倚天无处磨。将来易水上，犹足生寒波。捷可抟飞狖，健能超橐驼。群儿被坚利，索手安冯河。惊飙扫长林，直木谢■科。严霜冻大泽，僵龙不如蛇。昔者天血碧，吾徒安叹嗟。","李福标《皮陆年谱》，中山大学出版社2011年版。313-314","《甫里集》卷三",,,"王秀林"
"唐","陆龟蒙","僖宗乾符五年戊戌","878",,,"49","","江南东道","苏州",,,"江苏","苏州市",,"120.589613","31.304566",,"秋末，在松江南岸其私田观刈麦，陆龟蒙有诗刺士民投黄巢者，甚或有斥皮日休从巢之意，有客访陆龟蒙，作诗以记之","皮日休","《美人》","Poem","美人
美人抱瑶瑟，哀怨弹别鹤。雌雄南北飞，一旦异栖托。谅非金石性，安得宛如昨。生为并蒂花，亦有先后落。秋林对斜日，光景自相薄。犹欲悟君心，朝朝佩兰若。","李福标《皮陆年谱》，中山大学出版社2011年版。313-314","《甫里集》卷三",,,"王秀林"
"唐","陆龟蒙","僖宗乾符五年戊戌","878",,,"49","","江南东道","苏州",,,"江苏","苏州市",,"120.589613","31.304566",,"秋末，在松江南岸其私田观刈麦，陆龟蒙有诗刺士民投黄巢者，甚或有斥皮日休从巢之意，有客访陆龟蒙，作诗以记之","皮日休","《孤雁》","Poem","孤雁
我生天地间，独作南宾雁。哀鸣慕前侣，不免饮啄晏。虽蒙小雅咏，未脱鱼网患。况是婚礼须，忧为弋者篡。晴鸢争上下，意气苦凌慢。吾常吓鸳雏，尔辈安足讪。回头语晴鸢，汝食腐鼠惯。无异驽骀群，恋短豆皂栈。岂知潇湘岸，葭菼蘋萍间。有石形状奇，寒流古来湾。闲看麋鹿志，了不忧刍豢。世所重巾冠，何妨野夫丱。骚人誇蕙芷，易象取陆苋。漆园逍遥篇，中亦载斥鴳。汝惟材性下，嗜好不可谏。身虽慕高翔，粪壤是盻盼。或闻通鬼魅，怪祟立可辩。硩蔟书尚存，宁容恣妖幻。","李福标《皮陆年谱》，中山大学出版社2011年版。313-314","《甫里集》卷三",,,"王秀林"
"唐","陆龟蒙","僖宗乾符五年戊戌","878",,,"49","","江南东道","苏州",,,"江苏","苏州市",,"120.589613","31.304566",,"秋末，在松江南岸其私田观刈麦，陆龟蒙有诗刺士民投黄巢者，甚或有斥皮日休从巢之意，有客访陆龟蒙，作诗以记之","皮日休","《鵁鶄》","Poem","鵁鶄
词赋曾誇鸀鳿流，果为名误别沧洲。虽蒙静置疏笼晚，不似闲栖折苇秋。自昔稻粱高鸟畏，至今圭组野人雠。防徽避缴无穷事，好与裁书谢白鸥。","李福标《皮陆年谱》，中山大学出版社2011年版。313-314","《甫里集》卷八",,,"王秀林"
"唐","陆龟蒙","僖宗乾符六年己亥","879",,,"50","","江南东道","苏州",,,"江苏","苏州市",,"120.589613","31.304566",,"春，陆龟蒙卧病于苏州太湖湖滨、松江畔之震泽别业，又躬耕于松江南岸之甫里私田中，人或讥之，号为甫里先生，又自为捕鱼松江中，又种药，又勤于校读、写作","","《自遣诗》三十首","Poem","自遣诗三十首 其一
五年重别旧山村，树有交柯犊有孙。更感卞峰颜色好，晓云才散便当门。
自遣诗三十首 其二
雪下孤村淅淅鸣，病魂无睡洒来清。心摇秖待东窗晓，长愧寒鸡第一声。
自遣诗三十首 其三
多情多感自难忘，秖有风流共古长。座上不遗金带枕，陈王词赋为谁伤。
自遣诗三十首 其四
甫里先生未白头，酒旗犹可战高楼。长鲸好鲙无因得，乞取艅艎作钓舟。
自遣诗三十首 其五
花濑濛濛紫气昏，水边山曲更深村。终须拣取幽栖处，老桧成双便作门。
自遣诗三十首 其六
阴洞曾为采药行，冷云凝绝烛微明。玉芝敲折琤然堕，合有真人上姓名。
自遣诗三十首 其七
长叹人间发易华，暗将心事许烟霞。病来前约分明在，药鼎书囊便是家。
自遣诗三十首 其八
酝得秋泉似玉容，比于云液更应浓。思量北海徐刘辈，枉向人间号酒龙。
自遣诗三十首 其九
羊侃多应自古豪，解盘金槊置纤腰。纵然此事教双得，不博溪田二顷苗。
自遣诗三十首 其十
偶然携稚看微波，临水春寒一倍多。便使笔精如逸少，懒能书字换群鹅。
自遣诗三十首 其十一
昔闻庄叟迢迢梦，又道韩生苒苒飞。知有姓名聊寄问，更无言语抱斜晖。
自遣诗三十首 其十二
雪侵春事太无端，舞急微还近腊寒。应是也疑真宰怪，休时犹未遍林峦。
自遣诗三十首 其十三
数尺游丝堕碧空，年年长是惹东风。争知天上无人住，亦有春愁鹤发翁。
自遣诗三十首 其十四
谁使寒鸦意绪娇，云情山晚动情憀。乱和残照纷纷舞，应索阳乌次第饶。
自遣诗三十首 其十五
古往天高事渺茫，争知灵媛不凄凉。月娥如有相思泪，秖待方诸寄两行。
自遣诗三十首 其十六
本来云外寄闲身，遂与溪云作主人。一夜逆风愁四散，晓来零落傍衣巾。
自遣诗三十首 其十七
渊明不待公田熟，乘兴先秋解印归。我为馀粮春未去，到头谁是复谁非。
自遣诗三十首 其十八
云拥根株抱石危，斲来文似瘦蛟螭。幽人带病慵朝起，秖向春山尽日欹。
自遣诗三十首 其十九
月澹花闲夜已深，宋家微咏若遗音。重思万古无人赏，露湿清香独满襟。
自遣诗三十首 其二十
南岸春田手自农，往来横截半江风。有时不耐轻桡兴，暂欲蓬山访洛公。
自遣诗三十首 其二十一
贤达垂竿小隐中，我来真作捕鱼翁。前溪一夜春流急，已学严滩下钓筒。
自遣诗三十首 其二十二
水国君王又姓萧，风情由是冠南朝。灵和殿下巴江柳，十二旒前舞翠条。
自遣诗三十首 其二十三
强梳蓬鬓整斜冠，片烛光微夜思阑。天意最饶惆怅事，单栖分付与春寒。
自遣诗三十首 其二十四
无多药圃近南荣，合有新苗次第生。稚子不知名品上，恐随春草斗输赢。
自遣诗三十首 其二十五
一派溪随箬下流，春来无处不汀洲。漪澜未碧蒲犹短，不见鸳鸯正自由。
自遣诗三十首 其二十六
山下花明水上曛，一桡青翰破霞文。越人但爱风流客，绣被何须属鄂君。
自遣诗三十首 其二十七
妍华须是占时生，准拟差肩不近情。佳丽几时腰不细，荆王辛苦致宫名。
自遣诗三十首 其二十八
奼女精神似月孤，敢将容易入洪炉。人间纵道铅华少，蝶翅新篁未肯无。
自遣诗三十首 其二十九
贞白求丹变姓名，主恩潜助亦无成。侯家竟换梁天子，王整徒劳作外兵。
自遣诗三十首 其三十
春雨能膏草木肥，就中林野碧含滋。唯馀病客相逢背，一夜寒声减四肢。","李福标《皮陆年谱》，中山大学出版社2011年版。315-319",,,,"王秀林"
"唐","陆龟蒙","僖宗乾符六年己亥","879",,,"50","","江南东道","苏州",,,"江苏","苏州市",,"120.589613","31.304566",,"春，陆龟蒙卧病于苏州太湖湖滨、松江畔之震泽别业，又躬耕于松江南岸之甫里私田中，人或讥之，号为甫里先生，又自为捕鱼松江中，又种药，又勤于校读、写作","","《耒耜经》","Article","耒耜经
经曰。耒耜农书之言也。民之习通谓之犁。冶金而为之者。曰犁镵。曰犁璧。斲木而为之者。曰犁底。曰压镵。曰策额。曰犁箭。曰犁辕。曰犁梢。曰犁评。曰犁建。曰犁槃。木与金凡十有一事。耕之土曰垡。垡犹块也。起其垡者镵也。覆其垡者璧也。草之生。必布于垡。不覆之。则无以绝其本根。故镵卧而居下。璧偃而居上。镵表上利。璧形下圆。负镵者曰底。底初实于镵中。工谓之鳖肉。底之次曰压镵。背有二孔。系于压镵之两旁。镵之次曰策额。言其可以捍其璧也。皆貤然相戴。自策额达于犁底。纵而贯之曰箭。前如桯而樛者曰辕。后如柄而乔者曰梢。辕有越加箭。可弛张焉。辕之上又有如槽形。亦如箭焉。刻为级。前高而后卑。所以进退曰评。进之则箭下入土也浅。以其上下类激射。故曰箭。以其浅深类可否。故曰评。评之上。曲而衡之者曰建。建犍也。所以柅其辕与评。无是。则二物跃而出。箭不能止。横于辕之前末曰槃。言可转也。左右系。以樫乎轭也。辕之后末曰梢。中在手所执以耕者也。辕取车之胸。梢取舟之尾。止乎此乎。镵长一尺四寸。广六寸。璧广长皆尺。微椭。底长四尺。广四寸。评底过压镵二尺。策减压镵四寸。广狭与底同。箭高三尺。评尺有三寸。槃增评尺七焉。建惟称绝。辕修九尺。梢得其半。辕至梢中间掩四尺。犁之终始丈有二。耕而后有爬。渠疏之义也。散垡去芟者焉。爬而后有礰礋焉。有碌碡焉。自爬至礰礋皆有齿。碌碡觚棱而已。咸以木为之。坚而重者良。江东之田器尽于是。耒耜经终焉。","李福标《皮陆年谱》，中山大学出版社2011年版。315-319","《笠泽丛书》丁",,,"王秀林"
"唐","陆龟蒙","僖宗乾符六年己亥","879",,,"50","","江南东道","苏州",,,"江苏","苏州市",,"120.589613","31.304566",,"春，陆龟蒙卧病于苏州太湖湖滨、松江畔之震泽别业，又躬耕于松江南岸之甫里私田中，人或讥之，号为甫里先生，又自为捕鱼松江中，又种药，又勤于校读、写作","","《五歌》","Poem","五歌 其一 放牛
江草秋穷似秋半，十角吴牛放江岸。邻肩抵尾乍依隈，横去斜奔忽分散。荒陂断堑无端入，背上时时孤鸟立。日暮相将带雨归，田家烟火微茫湿。
五歌 其二 水鸟
水鸟山禽虽异名，天工各与双翅翎。雏巢吞啄即一例，游处高卑殊不停。则有觜铍爪戟劲立直视者，击搏挽裂图膻腥。如此等色恣豪横，耸身往往凌青冥。为人罗绊取材力，韦鞲䌽绶悬金铃。三驱不以鸟捕鸟，矢下先得闻诸经。超然可继义勇后，恰似有志行天刑。鸥闲鹤散两自遂，意思不受人丁宁。今朝棹倚寒江汀，舂锄翡翠参鵁鶄。孤翘侧睨瞥灭没，未是即肯驯檐楹。妇女衣襟便佞舌，始得金笼日提挈。精神卓荦背人飞，冷抱蒹葭宿烟月。我与时情大乖剌，祗是江禽有毛发。慇勤谢汝莫相猜，归来长短同群活。
五歌 其三 刈穫
自春徂秋天弗雨，廉廉早稻才遮亩。芒粒稀疏熟更轻，地与禾头不相拄。我来愁筑心如堵，更听农夫夜深语。凶年是物即为灾，百阵野凫千穴鼠。平明抱杖入田中，十穗萧条九穗空。敢言一岁囷仓实，不了如今朝暮舂。天职谁司下民籍，苟有区区宜㭊㭊。本作耕耘意若何，虫豸兼教食人食。古者为邦须蓄积，鲁饥尚责如齐籴。今之为政异当时，一任流离恣徵索。平生幸遇华阳客，向日餐霞转肥白。欲卖耕牛弃水田，移家且傍三茅宅。
五歌 其四 雨夜
屋小茅乾雨声大，自疑身著蓑衣卧。兼似孤舟小泊时，风吹折苇来相佐。我有愁襟无可那，才成好梦刚惊破。背壁残灯不及萤，重挑却向灯前坐。
五歌 其五 食鱼
江南春旱鱼无泽，岁晏未曾腥鼎鬲。今朝有客卖鲈鲂，手提见我长于尺。呼儿舂取红莲米，轻重相当加十倍。且作吴羹助早餐，饱卧晴檐曝寒背。横戈负羽正纷纷，祗用骁雄不用文。争如晓夕讴吟样，好伴沧洲白鸟群。","李福标《皮陆年谱》，中山大学出版社2011年版。315-319","《笠泽丛书》乙",,,"王秀林"
"唐","陆龟蒙","僖宗乾符六年己亥","879",,,"50","","江南东道","苏州",,,"江苏","苏州市",,"120.589613","31.304566",,"春，陆龟蒙卧病于苏州太湖湖滨、松江畔之震泽别业，又躬耕于松江南岸之甫里私田中，人或讥之，号为甫里先生，又自为捕鱼松江中，又种药，又勤于校读、写作","","《送潮迎潮词》","Poem","","李福标《皮陆年谱》，中山大学出版社2011年版。315-319","《笠泽丛书》丙",,,"王秀林"
"唐","陆龟蒙","僖宗乾符六年己亥","879",,,"50","","江南东道","苏州",,,"江苏","苏州市",,"120.589613","31.304566",,"春，陆龟蒙卧病于苏州太湖湖滨、松江畔之震泽别业，又躬耕于松江南岸之甫里私田中，人或讥之，号为甫里先生，又自为捕鱼松江中，又种药，又勤于校读、写作","","《鹤媒歌》","Poem","鹤媒歌
偶系渔舟汀树枝，因看射鸟令人悲。盘空野鹤忽然下，背翳见媒心不疑。媒闲静立如无事，清唳时时入遥吹。裴回未忍过南塘，且应同声就同类。梳翎宛若相逢喜，祗怕才来又惊起。窥鳞啄藻乍低昂，立定当胸流一矢。媒欢舞跃势离披，似谄功能邀弩儿。云飞水宿各自物，妒侣害群犹尔为。而况世间有名利，外头笑语中猜忌。君不见荒陂野鹤陷良媒，同类同声真可畏。","李福标《皮陆年谱》，中山大学出版社2011年版。315-319","《笠泽丛书》丁",,,"王秀林"
"唐","陆龟蒙","僖宗乾符六年己亥","879",,,"50","","江南东道","苏州",,,"江苏","苏州市",,"120.589613","31.304566",,"春，陆龟蒙卧病于苏州太湖湖滨、松江畔之震泽别业，又躬耕于松江南岸之甫里私田中，人或讥之，号为甫里先生，又自为捕鱼松江中，又种药，又勤于校读、写作","","《自和》","Poem","自和次前韵
命既时相背，才非世所容。著书粮易绝，多病药难供。梦为怀山数，愁因戒酒浓。鸟媒呈不一，鱼寨下仍重。晚桁蓑兼褐，晴檐织带舂。著签分水味，标石认田封。此地家三户，何人禄万钟。草堂聊当贵，金穴任轻农。把钓竿初冷，题诗笔未慵。莫忧寒事晚，江上少严冬。","李福标《皮陆年谱》，中山大学出版社2011年版。315-319","《笠泽丛书》丁",,,"王秀林"
"唐","陆龟蒙","僖宗乾符六年己亥","879",,,"50","","江南东道","苏州",,,"江苏","苏州市",,"120.589613","31.304566",,"春，陆龟蒙卧病于苏州太湖湖滨、松江畔之震泽别业，又躬耕于松江南岸之甫里私田中，人或讥之，号为甫里先生，又自为捕鱼松江中，又种药，又勤于校读、写作","","《丁隐君歌并序》","Poem","丁隐君歌
华阳道士南游归，手中半卷青萝衣。自言逋客持赠我，乃是钱塘丁翰之。连江大抵多奇岫，独话君家最奇秀。盘烧天竺春笋肥，琴倚洞庭秋石瘦。草堂暗引龙泓溜，老树根株若蹲兽。霜浓果熟未容收，往往儿童杂猿狖。去岁猖狂有黄寇，官军解散无人斗。满城奔迸翰之闲，只把枯松塞圭窦。前度相逢正卖文，一钱不直虚云云。今来利作采樵客，可以抛身麋鹿群。丁隐君，丁隐君，叩头且莫变名氏，即日更寻丁隐君。","李福标《皮陆年谱》，中山大学出版社2011年版。315-319","《笠泽丛书》丁",,,"王秀林"
"唐","陆龟蒙","僖宗乾符六年己亥","879",,,"50","","江南东道","苏州",,,"江苏","苏州市",,"120.589613","31.304566",,"春，陆龟蒙卧病于苏州太湖湖滨、松江畔之震泽别业，又躬耕于松江南岸之甫里私田中，人或讥之，号为甫里先生，又自为捕鱼松江中，又种药，又勤于校读、写作","","《南泾渔父》","Poem","南泾渔父
予方任疏慵，地僻即所好。江流背村落，偶往心已嫪。田家相去远，岑寂且纵傲。出户手先筇，见人头未帽。南泾有渔父，往往携稚造。问其所以渔，对我真蹈道。我初簎鱼鳖，童丱至于耄。窟穴与生成，自然通壶奥。孜孜戒吾属，天物不可暴。大小参去留，候其孳养报。终朝获鱼利，鱼亦未常耗。同覆天地中，违仁辜覆焘。余观为政者，此意谅难到。民皆死搜求，莫肯兴悯悼。今年川泽旱，前岁山源潦。牒诉已盈庭，闻之类禽噪。譬如死鸡鹜，岂不容乳抱。孟子讥宋人，非其揠苗躁。吾嘉渔父旨，雅叶贤哲操。倘遇采诗官，斯文诚敢告。","李福标《皮陆年谱》，中山大学出版社2011年版。315-319","《笠泽丛书》丁",,,"王秀林"
"唐","陆龟蒙","僖宗乾符六年己亥","879",,,"50","","江南东道","苏州",,,"江苏","苏州市",,"120.589613","31.304566",,"春，陆龟蒙卧病于苏州太湖湖滨、松江畔之震泽别业，又躬耕于松江南岸之甫里私田中，人或讥之，号为甫里先生，又自为捕鱼松江中，又种药，又勤于校读、写作","","《王先辈草堂》","Poem","王先辈草堂
松径隈云到静堂，杏花临涧水流香。身从乱后全家隐，日校人间一倍长。金箓渐加新品秩，玉皇偏赐羽衣裳。何如圣代弹冠出，方朔曾为汉侍郎。","李福标《皮陆年谱》，中山大学出版社2011年版。315-319","《甫里集》卷一一",,,"王秀林"
"唐","陆龟蒙","僖宗乾符六年己亥","879",,,"50","","江南东道","苏州",,,"江苏","苏州市",,"120.589613","31.304566",,"春，陆龟蒙卧病于苏州太湖湖滨、松江畔之震泽别业，又躬耕于松江南岸之甫里私田中，人或讥之，号为甫里先生，又自为捕鱼松江中，又种药，又勤于校读、写作","","《怪石晓景图》","Poem","松石晓景图
霜骨云根惨澹愁，宿烟封著未全收。将归与说文通后，写得松江岸上秋。","李福标《皮陆年谱》，中山大学出版社2011年版。315-319","《甫里集》卷一二",,,"王秀林"
"唐","陆龟蒙","僖宗乾符六年己亥","879",,,"50","","江南东道","苏州",,,"江苏","苏州市",,"120.589613","31.304566",,"春，陆龟蒙卧病于苏州太湖湖滨、松江畔之震泽别业，又躬耕于松江南岸之甫里私田中，人或讥之，号为甫里先生，又自为捕鱼松江中，又种药，又勤于校读、写作","","《太湖叟》","Poem","太湖叟
细桨轻船卖石归，酒痕狼籍遍苔衣。攻车战舰繁如织，不肯回头问是非。","李福标《皮陆年谱》，中山大学出版社2011年版。315-319","《甫里集》卷一二",,,"王秀林"
"唐","陆龟蒙","僖宗乾符六年己亥","879",,,"50","","江南东道","苏州",,,"江苏","苏州市",,"120.589613","31.304566",,"春，陆龟蒙卧病于苏州太湖湖滨、松江畔之震泽别业，又躬耕于松江南岸之甫里私田中，人或讥之，号为甫里先生，又自为捕鱼松江中，又种药，又勤于校读、写作","","《小鸡山人歌并序》","Poem","小鸡山樵人歌
长其船兮利其斧，输予薪兮勿予侮。田予登兮谷予庾，突晨烟兮蓬缕缕。窗有明兮编有古，饱而安兮惟编是伍，时不用兮吾无汝抚。","李福标《皮陆年谱》，中山大学出版社2011年版。315-319","《甫里集》卷一二",,,"王秀林"
"唐","陆龟蒙","僖宗乾符六年己亥","879",,,"50","","江南东道","苏州",,,"江苏","苏州市",,"120.589613","31.304566",,"春，陆龟蒙卧病于苏州太湖湖滨、松江畔之震泽别业，又躬耕于松江南岸之甫里私田中，人或讥之，号为甫里先生，又自为捕鱼松江中，又种药，又勤于校读、写作","","《冶家子言》","Article","冶家子言
武王既伐殷。悬纣首。有泣于白旗之下者。有司责之。其人曰。吾冶家孙也。数十年间。载易其镕范矣。今又将易之。不知其所业。故泣。吾祖始铸田器。岁东作必大售。殷赋重。秉耒耜者一垡不敢起。吾父易之为工器。属宫室台榭侈。其售益倍。民凋力穷。土木中辍。吾易之为兵器。会诸侯伐殷。师旅战阵兴。其售又倍前也。今周用钺斩独夫。四海将奉文理。吾之业必坏。吾亡无日矣。武王闻之惧。于是包干戈。劝农事。冶家子复祖之旧。","李福标《皮陆年谱》，中山大学出版社2011年版。315-319","《笠泽丛书》丁",,,"王秀林"
"唐","陆龟蒙","僖宗乾符六年己亥","879",,,"50","","江南东道","苏州",,,"江苏","苏州市",,"120.589613","31.304566",,"春，陆龟蒙卧病于苏州太湖湖滨、松江畔之震泽别业，又躬耕于松江南岸之甫里私田中，人或讥之，号为甫里先生，又自为捕鱼松江中，又种药，又勤于校读、写作","","《问吴宫词》","Article","问吴宫辞
彼吴之宫兮江之那涯，复道盘兮当高且斜。波摇疏兮雾濛箔，菡萏国兮鸳鸯家。鸾之箫兮蛟之瑟，骈筠参差兮界丝密。宴曲房兮上初日，月落星稀兮歌酣未毕。越山丛丛兮越溪疾，美人雄剑兮相先后出。火姑苏兮沼长洲，此宫之丽人兮留乎不留。霜氛重兮孤榜晓，远树扶苏兮愁烟悄眇。欲摭愁烟兮问故基，又恐愁烟兮推白鸟。","李福标《皮陆年谱》，中山大学出版社2011年版。315-319","《笠泽丛书》丁",,,"王秀林"
"唐","陆龟蒙","僖宗乾符六年己亥","879",,,"50","","江南东道","苏州",,,"江苏","苏州市",,"120.589613","31.304566",,"春，陆龟蒙卧病于苏州太湖湖滨、松江畔之震泽别业，又躬耕于松江南岸之甫里私田中，人或讥之，号为甫里先生，又自为捕鱼松江中，又种药，又勤于校读、写作","","《招野龙对》","Article","招野龙对
昔豢龙氏求龙之嗜欲。幸而中焉。得二龙而饮食之。龙之于人固异类。以其若巳之性也。故席其宫沼。百川四溟之不足游。甘其饮食。洪流大鲸之不足味。施施然。扰扰然。其爱弗去。一旦值野龙。奋然而招之曰。尔奚为者。茫洋乎天地之间。寒而蛰。阳而升。能无劳乎。诚能从吾居而晏安乎。野龙矫首而笑之曰。若何龊龊乎如是耶。赋吾之形。冠角而被鳞。赋吾之德。泉潜而天飞。赋吾之灵。嘘云而乘风。赋吾之职。抑骄而泽枯。观乎无极之外。息乎大荒之墟。穷端倪而尽变化。其乐不至耶。今尔苟容于蹄涔之间。惟泥沙之是拘。惟蛭螾之与徒。牵乎嗜好以希饮食之馀。是同吾之形。异吾之乐者也。狎于人。啖其利者扼其喉。胾其肉。可以立待。吾方哀而援之以手。又何诱吾纳之陷阱耶。尔不免矣。野龙行未几。果为夏后氏之醢。","李福标《皮陆年谱》，中山大学出版社2011年版。315-319","《笠泽丛书》丙",,,"王秀林"
"唐","陆龟蒙","僖宗乾符六年己亥","879","5",,"50","","江南东道","苏州",,,"江苏","苏州市",,"120.589613","31.304566",,"五月，陆龟蒙闻其黄巢兵围广州，作诗以抒怀","","《闲书》","Poem","闲书
病学高僧置一床，披衣才暇即焚香。闲阶雨过苔花润，小簟风来薤叶凉。南国羽书催部曲，东山毛褐傲羲皇。升平闻道无时节，试问中林亦不妨。","李福标《皮陆年谱》，中山大学出版社2011年版。第320页","《笠泽丛书》甲",,,"王秀林"
"唐","陆龟蒙","僖宗乾符六年己亥","879","7",,"50","","江南东道","苏州",,,"江苏","苏州市",,"120.589613","31.304566",,"七月，有文记吴兴旱情、鼠灾、官灾，以讥执政","","《记稻鼠》","Article","记稻鼠
乾符巳亥岁。震泽之东曰吴兴。自三月不雨。至于七月。当时污坳沮洳者埃壒尘勃。棹楫支派者入。屝屦无所污。农民转远流渐稻本。昼夜如乳赤子。欠欠然救渴不暇。仅得葩坼穗结。十无一二焉。无何。群鼠夜出。啮而僵之。信宿食殆尽。虽庐守版击。驱而骇之。不能胜。若官督尸责。不食者有刑。当是而赋索愈急。棘械束榜箠木肌体者无壮老。吾闻之于礼曰。迎猫为食田鼠也。是礼缺而不行久矣。田鼠知之后欤。物有时而暴欤。政有贪而废欤。国语曰。吴稻蟹不遗种。岂吴之土。鼠与蟹更伺其事而效其力。歼其民欤。且魏风以硕鼠刺重敛。硕鼠斥其君也。有鼠之名。无鼠之实。诗人犹曰逝将去汝。适彼乐土。况乎上捃其财。下啖其食。率一民而当二鼠。不流浪转徙聚而为盗何哉。春秋虫蝝生大有年皆书。是圣人于丰凶不隐之验也。余学春秋。又亲蒙其灾。于是乎记。","李福标《皮陆年谱》，中山大学出版社2011年版。第321页","《笠泽丛书》丁",,,"王秀林"
"唐","陆龟蒙","僖宗乾符六年己亥","879","8",,"50","","江南东道","苏州",,,"江苏","苏州市",,"120.589613","31.304566",,"与葛参寥交，八月，久旱后暴雨，陆龟蒙念及兵慌马乱、生灵涂炭之局势，感而赋诗","葛参寥","《战秋词》","Poem","","李福标《皮陆年谱》，中山大学出版社2011年版。第323页","《笠泽丛书》乙",,,"王秀林"
"唐","陆龟蒙","僖宗乾符六年己亥","879","9",,"50","","江南东道","苏州",,,"江苏","苏州市",,"120.589613","31.304566",,"九月，有《小鸡山樵人歌》，复有《送小鸡山樵人序》，又赋《五歌》纪其日常生活，兼指斥时事","","《送小鸡山樵人序》","Article","送小鸡山樵人序
小鸡山在震泽西。出吴胥门。背朝日行四十里。得野步市曰光福。光福西五里。得土山。山土多石寡。无大林木。率生小栎朴𣙙。皆薪材。直吴之爨。此为助焉。连延广袤不一。其主为书。画界疆以相授。自冢至麓。凡二百弓。东北倍高而加半焉。余所置多少如此。余家大小之口二十。月费米十斛。饭成理鱼蓛辈。十斛薪然后巳。四时宾祭沐浴浣濯疾病汤药糜粥在外。岁入五千束足矣。其掌而供事者曰顾及。小鸡之樵氓也。乾符六年春弗雨。夏支流将绝。八月暴雨。而巨艑可实而行之矣。九月朔。方置薪二百五十于门。召而责之曰。吾一夏来。撤败屋拔庭草以炊。雨之明日。望雨来矣。何数廉而至晚。得非赭吾山而为汝之利耶。老而欺。如名恶何。及笑曰。吾年馀八十矣。元和中。尝从吏部游京师。人言国家用兵。帑金窖粟不足用。当时江南之赋已重矣。迨今盈六十年。赋数倍于前。不足之声闻于天下。得非专地者之欺甚乎。吾有丈夫子五人。诸孙亦有丁壮者。自盗兴以来。百役皆在。亡无所容。又水旱更害吾稼。未即死。不忍见儿孙寒馁之色。虽尽售小鸡之木。不足以濡吾家。况一二买名为偷乎。今子一炀灶不给而责吾之深。吾将欲移其责于天下之守。则吾死不恨矣。余叹之曰。汝之言信也。然不当发于余。汝姑归。与之酒。继之以歌云。长其船兮利其斧。输予薪兮勿予侮。田予登兮谷予庾。突晨烟兮蓬缕缕。窗有明兮编有古。饱而安兮惟编是伍。时不用兮吾无汝抚。","李福标《皮陆年谱》，中山大学出版社2011年版。323-324","《甫里集》卷一二",,,"王秀林"
"唐","陆龟蒙","僖宗乾符六年己亥","879","10",,"50","","江南东道","苏州",,,"江苏","苏州市",,"120.589613","31.304566",,"十月，陆龟蒙有文记时事","","《禽暴》","Article","禽暴
冬十月。予视穫于甫里。旱苗离离。年无以支。幽伤盈怀。夜不能寐。往往声类暴雨而疾至者。一夕凡数四。明日讯其氓。曰。凫鹥也。其曹蔽天而下盖田。所当之禾。必竭穗而后去。曰。得无弋罗者捕而耗之耶。对曰。江之南不能弋罗。常药而得之。𥼊𥼤涂杖。丛植于陂。一中千万。胶而不飞。是药也。出于长沙豫章之涯。行贾货错。岁售于射鸟儿。盗兴巳来。蒙冲塞江。其谁敢商。是药既绝。群凫恣翔。幸不充乎口腹。反侵人之稻梁。予曰。噫。失驭之民。化而为盗。关梁急征。商不得行。使江湖小禽。亦肆其暴。以害民食。古圣人驱害物之民出乎四裔。矧害民之物乎。俾生灵之众。死乎盗。死乎饥。吾不知安用驭者为。","李福标《皮陆年谱》，中山大学出版社2011年版。第325页","《笠泽丛书》丙",,,"王秀林"
"唐","陆龟蒙","僖宗乾符六年己亥","879","10",,"50","","江南东道","苏州",,,"江苏","苏州市",,"120.589613","31.304566",,"十月，作《祝牛宫辞》","","《祝牛宫辞》","Article","祝牛宫辞
四牸三牯，中一去乳。天霜降寒，纳此室处。老农拘拘，度地不亩。东西几何，七举其武。南北几何，丈二加五。偶楹当闲，载尺入土。太岁在亥，馀不足数。上缔蓬茅，下远官府。耕耨以时，饮食得所。或寝或卧，免风免雨。宜尔子孙，实我仓庾。","李福标《皮陆年谱》，中山大学出版社2011年版。第326页","《笠泽丛书》丙",,,"王秀林"
"唐","陆龟蒙","僖宗乾符六年己亥","879",,,"50","","江南东道","苏州",,,"江苏","苏州市",,"120.589613","31.304566",,"陆龟蒙先有文以记紫溪翁之来访。","紫溪翁","《紫溪翁之歌》","Article","紫溪翁歌
一丘之木，其栖深也屋，吾容不辱。一溪之石，其居平也席，吾劳以息。一窦之泉，其音清也弦，吾方在悬。得乎人，得乎天，吾不知所以然而然。","李福标《皮陆年谱》，中山大学出版社2011年版。第326页","《笠泽丛书》丙",,,"王秀林"
"唐","陆龟蒙","僖宗乾符六年己亥","879",,,"50","","江南东道","苏州",,,"江苏","苏州市",,"120.589613","31.304566",,"陆龟蒙有序赠太白山道士","候彤","《送候道士还太白山序》","Article","送侯道士还太白山序
侯生尝举进士。名彤。作七言诗甚有态度。不见十年。自云再贡于有司。艺不中度。辄得黜。龃龉不与世合。去入老子法中作道士。更名云多。居太白山。在雍西南梁州之地。苦寒。霜雪恒积。虽夏五六月。赫日在上。群峰若焚。我独皓然。玉竦岩壁。涧壑之木。不数百年不能为材。及其坚良。又不与他等。民乘是气。皆寿而不衰。况养生者耶。吾今南游天台既。将复而老焉。余曰。夫物命乎天者。人不能有。存乎人者。天不能夺。推其气则谓之一。考其命则有悬绝不类者焉。居恒寒之地而不夭者。吾不信也。居恒燠之地而不寿者。吾不信也。信其命乎天者。人不能有而已矣。传曰。仁者寿。则恒寒之地。不仁者夭而死矣。恒燠之地。仁者寿而生矣。苟恒寒之地寿其不仁者。恒燠之地天其仁者。是寒燠为不祥之气。又何以佐天地之生植乎哉。如此则居寒而寿。居燠而天。吾益不信也。信其存乎人者天不能夺而已矣。或曰。仁者寿。不仁者亦寿。不仁者天。仁者亦夭。吾又不知命乎天存乎人。果可信乎未也。无乃自寿自夭自仁自不仁耶。天不能与之。又安能夺耶。信矣。子姑务乎仁。无以山寒自欺。则吾亦信子之寿矣。","李福标《皮陆年谱》，中山大学出版社2011年版。第326页","《笠泽丛书》丁",,,"王秀林"
"唐","陆龟蒙","僖宗乾符六年己亥","879",,,"50","","江南东道","苏州",,,"江苏","苏州市",,"120.589613","31.304566",,"陆龟蒙作《怪松图赞》文","某道人","《怪松图赞》","Article","怪松图赞
松生荫隘，岩狱穴械。病乎不怪，卒以为怪。拥肿支离，神羞鬼疑。道人咨嗟，笔传其奇。或怪乎形，或奇于辞。自为怪魁，是以赞之。","李福标《皮陆年谱》，中山大学出版社2011年版。第327页","《笠泽丛书》丁",,,"王秀林"
"唐","陆龟蒙","僖宗乾符六年己亥","879",,,"50","","江南东道","苏州",,,"江苏","苏州市",,"120.589613","31.304566",,"待御史李中秀示锦裾一幅，陆龟蒙作文记之。","李中秀","《记锦裙》","Article","","李福标《皮陆年谱》，中山大学出版社2011年版。第327页","《笠泽丛书》丁",,,"王秀林"
"唐","陆龟蒙","僖宗乾符六年己亥","879",,,"50","","江南东道","苏州",,,"江苏","苏州市",,"120.589613","31.304566",,"陆龟蒙与殷文圭有交，送豆庐处士谒丞相豆庐瑑，有赠序","殷文圭，豆庐处士，豆庐瑑","《送豆卢处士谒宗丞相序》","Article","送豆卢处士谒丞相序
龟蒙读扬雄所为书。知太元准易。法言准论语。晚得文中子王先生中说。又知其书与法言相类。道之始塞而终通。子云轨范不足当也。何者。子云仕于西汉末。属莽贤用事。时皆进符命取宠。雄独默默以穷愁著书。病不得免。人希至其门。止一侯巴从之受太元法言而已。文中子生于隋代。知圣人之道不行。归河汾间。修先王之业。九年而功就。谓之王氏六经。门徒弟子有若钜鹿魏公清河房公京兆杜公代郡李公。咸北面称师。受王佐之道。隋亡。文中子没。门人归于唐。尽发文中子所授之道。左右其理。太宗每叹曰。魏徵教我功业如此。恨不使封德彝见之。逮今十八圣。举其君必曰太宗。举其相必曰房魏。上下之心耻不及贞观。则生人受赐足矣。岂非文中子之道始塞而终通乎。丈人文中子外诸孙也。诵文中子之书不绝于口。率弟兄耕稼以自给。一旦访龟蒙曰。吴中兵荒来。人不足犬豕之食。安能遂⿺藏耶。吾从子相天下矣。吾西而见之。龟蒙曰。丈人外族之门人实作良辅。今复家有丞相。必以房魏之道致君中兴。是内外有德于四海也。此行徒东归乎。昔丞相未升甲科时。年才出弱冠。龟蒙幸得参游中。以兄事之。许与胶固。形于咏歌。及丞相为朝钜儒。居侍从之列。龟蒙江湖边叟。病不能起。一耒而耕。一船而渔。有文三十编。有书数千幖。未尝干东诸侯。故没没然无一人道著名字。今丞相方筑太平之基。架群材立清庙。丈人承间宴语幽仄。试丞相意。复念以小杜城北秋霖声高中夜对榻有苦吟生耶。因丈人之行。叙房魏得王佐之道。丞相追贞观之风。小子复言曩日之分。杂而书之。用以为送。","李福标《皮陆年谱》，中山大学出版社2011年版。第328页","《笠泽丛书》丁",,,"王秀林"
"唐","陆龟蒙","僖宗乾符六年己亥","879",,,"50","","江南东道","苏州",,,"江苏","苏州市",,"120.589613","31.304566",,"陆龟蒙又有《怀宛陵旧游》诗","","《怀宛陵旧游》","Poem","怀宛陵旧游
陵阳佳地昔年游，谢朓青山李白楼。唯有日斜溪上思，酒旗风影落春流。","李福标《皮陆年谱》，中山大学出版社2011年版。第329页","《甫里集》卷一二",,,"王秀林"
"唐","陆龟蒙","僖宗乾符六年己亥","879","闰10",,"50","","江南东道","苏州",,,"江苏","苏州市",,"120.589613","31.304566",,"润十月，有诗作","","《江墅言怀》","Poem","江墅言怀
病身兼稚子，田舍劣相容。迹共公卿绝，贫须稼穑供。月方行到闰，霜始近言浓。树少栖禽杂，村孤守犬重。汀洲藏晚弋，篱落露寒舂。野弁欹还整，家书拆又封。杉篁宜夕照，窗户倚疏钟。南北唯闻战，纵横未胜农。大春虽苦学，叔夜本多慵。直使貂裘弊，犹堪过一冬。","李福标《皮陆年谱》，中山大学出版社2011年版。第329页","《笠泽丛书》丁",,,"王秀林"
"唐","陆龟蒙","僖宗乾符六年己亥","879","12",,"50","","江南东道","苏州",,,"江苏","苏州市",,"120.589613","31.304566",,"十二月，有文作","","《田舍赋》","Article","田舍赋
江上有田。田中有庐。屋以菰蒋。扉以籧篨。笆篱楗微。方窦棂疏。檐卑欹而立伛偻。户偪侧而行趑趄。蜗旋顶隆。龟拆旁涂。夕吹入面。朝阳曝肤。左有牛楼。右有鸡居。将行膯遮。未起啼驱。宜从野逸。反若囚拘。天随子愀然而吁。复自谏曰。禄以代耕。如无禄欤。无禄无耕。为工商欤。有沮溺之贤。以仕易农乎。有轮扁之道。以仕易工乎。有弦高之义。以仕易商乎。今则不然。能无说焉。盖仕不愧禄而揣政。咸率人以奉己。使农工之洎民。弃其守而趋仕。农之仕堕于力而希岁。工之仕巧于文而幸贵。商之仕射其肥而啖利。所以国靡凶荒之储。家乏完坚之器。人阙有无之备。莫不由是。加以上多而下寡。不胜剥丧之苦。转从盗聚而充炽。呜呼。吾丁此时。何以逭之。将提新书。抱野史。上干天子之有司。如怒蛙之跳梁于风。而自谓登乎龙籍。不其远而。有牛角角。有田棋棋。不值恶岁。未尝孔饥。今则阳亢而骄。苗渴而萎。千穗百粒。穫夫涕洟。饘于是。粥于是。信夫鼎铭之我欺。彼为圣人。俭者茅茨。劳者胼胝。顾予懦夫。勤陋何疑。有鳏在下者。举舜之德。毋惟汝谐者。授禹之辞。不举不授。虽圣胡为。乃继而为诗。道不可不若。天不可不乐。谨尔沟塍。利我钱镈。聊以卒岁。更俟东作。","李福标《皮陆年谱》，中山大学出版社2011年版。第329页","《笠泽丛书》丙",,,"王秀林"
"唐","陆龟蒙","僖宗乾符六年己亥","879","12",,"50","","江南东道","苏州",,,"江苏","苏州市",,"120.589613","31.304566",,"十二月，有诗作","","《村夜二首》","Poem","村夜二篇 其一
江上冬日短，裴回草堂暝。鸿当绝塞来，客向孤村病。绵绵起归念，咽咽兴微咏。菊径月方高，橘斋霜已并。盘飧蔬粟粗，史籍签牌盛。目冷松桂寒，耳喧儿女竞。开瓶浮蚁绿，试笔秋毫劲。昼户亦重关，寒屏递相映。诗从骚雅得，字向铅椠正。遇敌舞蛇矛，逢谈捉犀柄。无名升甲乙，有志扶荀孟。守道希昔贤，为文通古圣。幽忧废长剑，憔悴惭清镜。祗会鱼鸟情，讵知时俗性。浮虚多徇势，老懒图历聘。既不务人知，空馀乐天命。吾家在田野，家事苦辽夐。耕稼一以微，囷仓自然罄。愁襟风叶乱，独坐灯花迸。明发成浩歌，谁能少倾听。
村夜二篇 其二
世既贱文章，归来事耕稼。伊人著农道，我亦赋田舍。所悲劳者苦，敢用词为诧。祗效刍牧言，谁防轻薄骂。嘻今居宠禄，各自矜雄霸。堂上考华钟，门前伫高驾。纤洪动丝竹，水陆供鲙炙。小雨静楼台，微风动兰麝。吹嘘川可倒，眄睐花争奼。万户膏血穷，一筵歌舞价。安知勤播植，卒岁无闲暇。种以春鳸初，获从秋隼下。专专望穜稑，搰搰条桑柘。日晏腹未充，霜繁体犹裸。平生守仁义，所疾唯狙诈。上诵周孔书，沈溟至酣籍。岂无致君术，尧舜不上下。岂无活国方，颇牧齐教化。蛟龙任乾死，云雨终不借。羿臂束如囚，徒劳誇善射。才能诮箕斗，辩可移嵩华。若与氓辈量，饥寒殆相亚。长吟倚清瑟，孤愤生遥夜。自古有遗贤，吾容偏称谢。","李福标《皮陆年谱》，中山大学出版社2011年版。第329页","《笠泽丛书》丁",,,"王秀林"
"唐","陆龟蒙","僖宗乾符六年己亥","879",,,"50","","江南东道","苏州",,,"江苏","苏州市",,"120.589613","31.304566",,"陆龟蒙本年其他作品","","《后蚕赋》","Article","蚕赋
古民之衣。或羽或皮。无得无丧。其游熙熙。艺麻缉纑。官初喜窥。十夺四五。民心乃离。逮蚕之生。茧厚丝美。机杼经纬。龙鸾葩卉。官涎益馋。尽取后已。呜呼。既豢而烹。蚕实病此。伐桑灭蚕。民不冻死。","李福标《皮陆年谱》，中山大学出版社2011年版。第331页","《笠泽丛书》甲",,,"王秀林"
"唐","陆龟蒙","僖宗乾符六年己亥","879",,,"50","","江南东道","苏州",,,"江苏","苏州市",,"120.589613","31.304566",,"陆龟蒙本年其他作品","","《苔赋》","Article","苔赋
天地闭。风雨积。门径秋。莓苔植。离方抱圆。累紫叠碧。始分封于危亭之下。终略地于荒畦之侧。侵竹坞而纵步。占兰畴而盈尺。丽色何似。嘉名孰为。高有瓦松。卑有泽葵。散岩窦者石发。补空田者垣衣。在屋曰昔邪。在药曰陟釐。质被绿钱之美。香闻艾纳之奇。或薄或●。或藓或菭。谅含姿而是类。斯感物以随时。则有卫霍天姻。金张世族。侯以恩泽拜。馆以形胜筑。壁僭涂椒。阶缘墄玉。床丹徼之象尽。帐苍梧之翠秃。谓爵禄不必仁守。英髦可以力服。行叶四凶。身图五福。一日盈满。中年颠覆。斯苔也。染婕好之彗。殆晚偏青。封廷尉之门。经秋更绿。彼失宠以亡家者。鲜不恸哭。则必林塘倚薄。衡泌萧条。茅茨上古。机格南朝。昼偃则书淫画圣。晡归则妇饷儿樵。沟通坏堑。路隔危桥。雨霁而鱼惊沫聚。霜乾则鹤刷翎飘。浪求名而蠖屈。虚卜命而龟焦。窗欹瘿枕。树挂风瓢。山无价买。隐有词招。斯苔也。周内史宿酒壶边。烟翍思起。屈大夫捣衣砧上。黛点情饶。彼遗形而放志者。能无独谣。谣曰。苔之生兮自若。人有哀兮有乐。哀者贵兮乐者贱。贵者危兮贱者宴。噫哀乐兮何时止。贵贱循环兮而后已。","李福标《皮陆年谱》，中山大学出版社2011年版。第331页","《笠泽丛书》甲",,,"王秀林"
"唐","陆龟蒙","僖宗乾符六年己亥","879",,,"50","","江南东道","苏州",,,"江苏","苏州市",,"120.589613","31.304566",,"陆龟蒙本年其他作品","","《刈获》","Article","","李福标《皮陆年谱》，中山大学出版社2011年版。第331页","《笠泽丛书》丙",,,"王秀林"
"唐","陆龟蒙","僖宗乾符六年己亥","879",,,"50","","江南东道","苏州",,,"江苏","苏州市",,"120.589613","31.304566",,"陆龟蒙本年其他作品","","《登高文》","Article","登高文
金行告穷。日御初九。桐阴雨压乎泥沙。菊气风扬乎户牖。寒无以衣。病不得酒。茫洋于心。噎嗢在口。稚子拱而进曰。古往滔滔。人生实劳。或暇或逸。以嬉以遨。兹辰甚良。足啸吾曹。趋山选台。席饵樽醪。既可逭乎灾眚。亦聊释乎郁陶。齐谐之流载此。世所谓夫登高者也。尝有意乎。子曰吁。稚子之知。止于是耳。曾不探乎奥旨。吾数亩之间。门常昼关。学无端倪。宛若循环。时孤笑以独愤。乐正直而非险艰。为书摭之。与善治顽。有行同而迹类者。尚愤疾乎声颜。一骥在坂。百驽在闲。传嘶振秣。侮病挤孱。仲尼登东山而小鲁。况肆远目而务周旋者哉。阳专奥邃。假窃名器。有土有人。前呵后骑。佞舌咿哑。所向上下。镗威介私。放荡侈哆。如此者又欲见耶。崇闳大居。塈粉涂朱。脊会螭屹。扉环兽铺。轮鲜蹄骄。羽翼成徒。绣碧其内。丝篁彼姝。主张何人。庸儿贾夫。如此者又欲见耶。缨弁外饰。悔咎中积。简弃信行。附比凶德。仁泽乾枯。义路填塞。权之所憎。始厚终斥。权之所怜。昨骂今惜。反掌背面。天辽海隔。如此者又欲见耶。国金铸兵。赤子聚盗。煞人无惭。罪人何躁。造化不象。名称同暴。以隳墙垣。不填堂奥。生灵几何。过半减耗。残存伶俜。输挽犒劳。羸豪偏陂。役使颠倒。乡驱吏笞。不舍童耄。如此者又欲见耶。古所谓登高能赋者。赋物之姿。惨戚在下。吾宁忍欺。尔以灾眚可逭。郁陶可披。我中时病。言开怒随。我感物悴。遐瞻迩噫。是使灾眚弥炽。郁陶愈悲。唯尔教我。百无一宜。我谷未实。我蔬未肥。弗视农圃。吾将曷归。无重我悔。吾方愦愦。稚子不乐。惴缩而退。","李福标《皮陆年谱》，中山大学出版社2011年版。第331页","《笠泽丛书》丁",,,"王秀林"
"唐","陆龟蒙","僖宗乾符六年己亥","879",,,"50","","江南东道","苏州",,,"江苏","苏州市",,"120.589613","31.304566",,"陆龟蒙本年其他作品","","《祭梁鸿幕文》","Article","祭梁鸿墓文
先生为五噫之歌。汉天子闻而病之。南走乎大江之波。客皋氏之宇下。志沉潜而靡他。白吴粲以举臼。夫人之勤亦多。不怀志于将没。适乎道而无颇。比要离之烈魄。冢虽夷而不磨。嗟余后先生之千祀。聊奉奠而来过。俯灌地而仰语。顾先生之谓何。心性诞。客他人之宇下不得。故筑垣而自翰。身病妻弱。白吴氏之粲不得。故力耕而自穫。所以法先生之义者。庶五噫之可作。","李福标《皮陆年谱》，中山大学出版社2011年版。第331页","《笠泽丛书》丁",,,"王秀林"
"唐","陆龟蒙","僖宗乾符六年己亥","879",,,"50","","江南东道","苏州",,,"江苏","苏州市",,"120.589613","31.304566",,"陆龟蒙本年其他作品","","《祀灶解》","Article","祀灶解
灶坏。炀者请新之。既成。又请择吉日以祀。告之曰。灶在祀典。闻之旧矣。祭法曰。王为群姓立七祀。其一曰灶。达于庶人。庶人立一祀。或立户。或立灶。饮食之事。先自火化以来。生民赖之。祀之可也。说者曰。其神居人间。伺察小过。作谴告者。又曰。灶鬼以时录人功过。上白于天。当祀之以祈福祥。此仅出汉武帝时方士之言耳。行之惑也。苟行君子之道。养老而慈幼。寒同而饱均。丧有哀。祭有敬。不忘礼而约巳。不忘乐以和心。室闇不欺。屋漏不愧。虽岁不一祀。灶其诬我乎。苟为小人之道。尽反君子之行。父子兄弟夫妇。人执一爨。以自糊口。专利以饰诈。崇奸而树非。虽一岁百祀。灶其私我乎。天至高。灶至下。帝至尊严。鬼至幽仄。果能欺而告之。是不忠也。听而受之。是不明也。下不忠。上不明。又果何以为天帝乎。","李福标《皮陆年谱》，中山大学出版社2011年版。第331页","《笠泽丛书》丁",,,"王秀林"
"唐","陆龟蒙","僖宗乾符六年己亥","879",,,"50","","江南东道","苏州",,,"江苏","苏州市",,"120.589613","31.304566",,"陆龟蒙本年其他作品","","《大儒评》","Article","大儒评
世以孟轲氏荀卿子为大儒。观其书不悖孔子之道。非儒而何。然李斯尝学于荀卿。入秦干始皇帝。并天下。用为左丞相。一旦诱诸生。聚而坑之。复下禁曰。天下敢有藏百家语。诣守尉烧之。偶语诗书者弃市。昔孔子之于弟子也。自仲由冉求以下。皆言其可使之才。及其仁。则曰不知也。斯闻孔子之道于荀卿。位至丞相。是行其道得其志者也。反焚灭诗书。坑杀儒士。为不仁也甚矣。不知不仁。孰谓况贤。知而传之以道。是昧观德也。虽斯具五刑。而况得称大儒乎。吾以为不如孟轲。","李福标《皮陆年谱》，中山大学出版社2011年版。第331页","《笠泽丛书》丁",,,"王秀林"
"唐","陆龟蒙","僖宗乾符六年己亥","879",,,"50","","江南东道","苏州",,,"江苏","苏州市",,"120.589613","31.304566",,"陆龟蒙本年其他作品","","《书李贺小传后》","Article","书李贺小传后
玉溪生传李贺。字长吉。常时旦日出游。从小奚奴。骑駏驴。背一古破锦囊。遇有所得。即书投囊中。暮归足成其文。余为儿时。在溧阳。闻白头书佐言。孟东野贞元中以前秀才家贫受溧阳尉。溧阳昔为平陵县。南五里有投金濑。濑南八里许。道东有故平陵城。周千馀步。基趾坡陁。裁高三四尺。而草木势甚盛。率多大栎。合数十抱。丛筱蒙翳。如坞如洞。地洼下积水沮洳。深处可活鱼鳖辈。大抵幽邃岑寂。气候古澹可喜。除里民樵罩外无入者。东野得之忘归。或比日。或间日。乘驴领小吏。经蓦投金渚一往。至则荫大栎。隐嵓筱。坐于积水之傍。苦吟到日西而还。尔后衮衮去。曹务多弛废。令季操卞急。不佳东野之为。立白上府。请以假尉代东野。分其俸以给之。东野竟以穷去。吾闻淫畋渔者谓之暴天物。天物既不可暴。又可抉擿刻削露其情状乎。使自萌卵至于槁死。不能隐伏。天能不致罚耶。长吉夭。东野穷。玉溪生官不挂朝籍而死。正坐是哉。正坐是哉。","李福标《皮陆年谱》，中山大学出版社2011年版。第331页","《笠泽丛书》丁",,,"王秀林"
"唐","陆龟蒙","僖宗乾符六年己亥","879",,,"50","","江南东道","苏州",,,"江苏","苏州市",,"120.589613","31.304566",,"陆龟蒙本年其他作品","","《蟹志》","Article","蟹志
蟹。水族之微者。其为虫也有籍。见于礼经。载于国语扬雄太元经辞晋春秋劝学等篇。考于易象为介类。与龟鳖刚其外者。皆乾之属也。周公所谓旁行者欤。参于药录食疏。蔓延乎小说。其智则未闻也。惟左氏纪其为灾。子云讥其躁。以为郭索后蚓而已。蟹始窟于沮洳中。秋冬交必大出。江东人云。稻之登也。率执一穗以朝其魁。然后从其所之。蚤夜觱沸。指江而奔。渔者纬萧承其流而障之。曰蟹断。断其江之道焉尔。然后扳援越轶。遁而去者十六七。既入于江。则形质寝大于旧。自江复趋于海。如江之状。渔者又断而求之。其越轶遁去者又加多焉。既入于海。形质益大。海人亦异其称谓矣。呜乎。穗而朝其魁。不近于义耶。舍沮洳而之江海。自微而务著。不近于智耶。今之学者。始得百家小说。而不知孟轲荀杨氏之道。或知之。又不汲汲于圣人之言。求大中之要。何也。百家小说。沮洳也。孟轲荀杨氏。圣人之渎也。六籍者。圣人之海也。苟不能舍沮洳而求渎。由渎而至于海。是人之智反出水虫下。能不悲夫。吾是以志夫蟹。","李福标《皮陆年谱》，中山大学出版社2011年版。第331页","《笠泽丛书》丁",,,"王秀林"
"唐","陆龟蒙","僖宗乾符六年己亥","879",,,"50","","江南东道","苏州",,,"江苏","苏州市",,"120.589613","31.304566",,"陆龟蒙本年其他作品","","《说凤尾诺》","Article","说凤尾诺
或问予曰。凤尾诺为何等物。图耶书耶。对曰。予之所闻。自晋讫于梁陈以来。藩邸之书。凡封子弟为王。则开府辟僚属。取当时士有学行才藻者中是选。其所下书。东宫则曰令。上书则曰笺。诸王下书则曰教。上书则曰启。应和文章则曰应令应教。下其制一等故也。其事行则曰诺。犹汉天子肯臣下之奏曰可也。凤尾则所诺笺之文也。綷縩然。䙰褷然。织与绘莫的知。既肯其行。必有褒异之辞。若今之批答。案晋元帝为琅琊王时。帝美其才。令通习外事。常使批凤尾诺。南齐江夏王锋。高帝第十二子。甚怜之。年五岁。使学凤尾诺。下笔便工。帝大悦。以玉麒麟赐之。馀未见其出。凤尾笺当番薄缕轻。其制作想精妙靡丽。而非牢固者也。殆将五百年。必不能保而存之。好事者或云识。妄矣。且传云。仲尼在鲁与陈。有问缶羊楛矢者。皆知之。及修春秋。则远者略。近者详。故曰立于定哀。而指隐桓之日远矣。盖圣人作大典。不可不慎。则前所传亦妄矣。子学圣人之文者。求其诚而巳矣。又安可诈测数百年前事。自以为贤哉。君子慎所传无易。","李福标《皮陆年谱》，中山大学出版社2011年版。第331页","《笠泽丛书》丁",,,"王秀林"
"唐","陆龟蒙","僖宗乾符六年己亥","879",,,"50","","江南东道","苏州",,,"江苏","苏州市",,"120.589613","31.304566",,"陆龟蒙本年其他作品","","《蠹花》","Article","","李福标《皮陆年谱》，中山大学出版社2011年版。第331页","《笠泽丛书》丁",,,"王秀林"
"唐","陆龟蒙","僖宗乾符六年己亥","879",,,"50","","江南东道","苏州",,,"江苏","苏州市",,"120.589613","31.304566",,"陆龟蒙本年其他作品","","《杂说》","Article","杂说
先儒曰。瞽瞍憎舜。使涂廪浚井。酖于觞酒。欲从而杀之。舜谋于二女。二女教之以鸟工龙工药浴注豕。而后免矣。夫势之重。壮夫不能不畏。位之尊。圣人不得不敬。况舜婿于天子。顽嚣嫚戾者独不畏之。又从而杀之耶。且尧之妻二女帅九子观舜之德。舜反受教于女子。其术怪且如此。是不教人以孝道。教人以术免也。固尧使勖之。非观德也。何足以天下付。邰侯姜女之生子也。始弃之。命之曰弃。宋芮司徒之生女也。始弃之。亦命之曰弃。邰弃为稷官。蒸民赖之。宋弃美而生佐。几移于宋国。名之同也奚伤。舜重瞳子。项羽亦重瞳子。形之类也奚病。择其道如何耳。季札以乐卜。赵孟以诗卜。襄仲归父以言卜。子游子夏以威仪卜。沈尹戍以政卜。孔成子以礼卜。其应也如响。无他图。在精诚而已。不精诚者不能自卜。况吉凶他人乎。传曰。武王罢朝而袜系绝。顾左右。无可使结者。卫褚师呼声子结袜而登席。汉廷尉为王生结袜。袜之有带。其来尚矣。今独亡之。呜乎。古之制亡者十九。奚袜带之足云。柳下惠之妻诔其夫。门人不能窜一字。吕不韦作春秋。秦人不敢损一字。德与刑如何哉。","李福标《皮陆年谱》，中山大学出版社2011年版。第331页","《笠泽丛书》丁",,,"王秀林"
"唐","陆龟蒙","僖宗乾符六年己亥","879",,,"50","","江南东道","苏州",,,"江苏","苏州市",,"120.589613","31.304566",,"陆龟蒙本年其他作品","","《象耘鸟耕辩》","Article","象耕鸟耘辨
世谓舜之在下也。田于历山。象为之耕。鸟为之耘。圣德感召也如是。余曰。斯异术也。何圣德欤。孔子叙书。于舜曰浚哲文明。圣德止于是而足矣。何感召之云云乎。然象耕鸟耘之说。吾得于农家。请试辨之。吾观耕者行端而徐。起垡欲深。兽之形魁者无出于象。行必端。履必深。法其端深。故曰象耕。耘者去莠。举手务疾而畏晚。鸟之啄食。务疾而畏夺。法其疾畏。故曰鸟耘。试禹之绩。大成而后荐之于天。其为端且深。非得于象耕乎。去四凶恐害于政。其为疾且畏。非得于鸟耘乎。不然。则雷泽之渔。河滨之陶。无一感召何也。岂圣德有时而不德耶。孟子曰。尧舜与人同耳。而好事者张以就其怪。怪非圣人之意也。吾病其书之异端。驱之使合于道。人其从我乎。虽不从。吾亦不能变其说。","李福标《皮陆年谱》，中山大学出版社2011年版。第331页","《笠泽丛书》丁",,,"王秀林"
"唐","陆龟蒙","僖宗乾符六年己亥","879",,,"50","","江南东道","苏州",,,"江苏","苏州市",,"120.589613","31.304566",,"陆龟蒙本年其他作品","","《寒泉子对秦惠王》","Article","寒泉子对秦惠王
寒泉子见秦惠王曰。客有自赵来。以约从连横事说大王者为谁。惠王曰。东周人苏秦也。寒泉子曰。书十上王弗听。有之乎。曰然。其道如何。王耶霸耶。曰黜其霸以隮王乎。曰不然。则何上书之烦而用之疏乎。惠王曰。醯鸡不能混雷霆。婴儿不能抗乌获者。响与力悬殊故也。苏子诚辨矣。安能以三寸舌谋山东诸侯。使西面朝秦者乎。寡人非不知不破一领甲不折一只矢之为利也。顾犹捕风耳。诸侯不可一。非一朝也。齐桓晋文之霸也。始若胶附。终若冰拆。岂连鸡俱不能止于栖而巳哉。寡人塞耳。义弗闻也。寒泉子曰。不然。夫齐荆三晋之人。病于兵久矣。方城之金。十九为兵。一为镈铫。董泽之蒲。十九为干。一为箕棬。父子兄弟之血。前后溅野草。齐魂为燕氛。赵骨化魏土。悽痛之声。入金石。出弦匏。闻之者悄戚酸屑。泣不自禁。一旦有人谓曰。朝与秦连横。暮得帖帖安卧。秦亦厌战。虽鼓牙颊未能吞诸侯。秦休而强。吾亦奋而勇矣。设有辨口。安能反覆乎。大王不用秦。诏一武士尺铁断其颈。无令车轮辗关下土。使关东诸侯闻其言。合从散横东向以背秦。大王出则夺气。入则包羞。及其殆也。披土地以奉雠国。独不念秦仲之业艰难乎。春秋祀事。何面目见宗庙。惠王卒弗用。寒泉子耕于鄙。赵即封苏季子为武安君。六国果拒秦。秦闭关十五年。","李福标《皮陆年谱》，中山大学出版社2011年版。第331页","《笠泽丛书》丁",,,"王秀林"
"唐","陆龟蒙","僖宗乾符六年己亥","879",,,"50","","江南东道","苏州",,,"江苏","苏州市",,"120.589613","31.304566",,"陆龟蒙本年其他作品","","《秋蚕赋》","Article","","李福标《皮陆年谱》，中山大学出版社2011年版。第332页","《笠泽丛书》补遗",,,"王秀林"
"唐","陆龟蒙","僖宗乾符六年己亥","879",,,"50","","江南东道","苏州",,,"江苏","苏州市",,"120.589613","31.304566",,"陆龟蒙本年其他作品","","《石笔架子赋》","Article","石笔架子赋
杯可延年。帘能照夜。直为绝代之物。以速连城之价。尔材虽足重。质实无妍。徒亲翰墨。谩费雕镌。到处而人争阁笔。相逢而竟欲投篇。若遇左太冲。犹置门庭之下。如逢陆内史。先焚章句之前。宝跗非邻。金匣不敌。真堪谏诤之士。雅称元灵之客。谢守边城雨细。题处堪称。陶公岭畔云多。吟中合惜。或若君王有命。玺素争新。则以火齐水晶之饰。龙膏象齿之珍。窥临旧牍。襞染生春。卫夫人闷弄彩毫。思量不到。班婕妤笑提丹笔。眄睐无因。若自蕺山。如当榧几。则叨居谈柄之列。辱在文房之里。诚非刻画。几受谴于纤儿。终假磨砻。幸见容于夫子。可以资雪唱。可以助风骚。莫比巾箱之贵。堪齐铁砚之高。吟洞庭之波。秋声敢散。赋瑶池之月。皓色可逃。若有白马潜心。雕龙在口。钩罗不下于三箧。裁剪无惭于八斗。零陵石化。肯后于双飞。元晏书成。愿齐于不朽。","李福标《皮陆年谱》，中山大学出版社2011年版。第332页","《全唐文》卷八OO",,,"王秀林"
"唐","陆龟蒙","僖宗乾符六年己亥","879",,,"50","","江南东道","苏州",,,"江苏","苏州市",,"120.589613","31.304566",,"陆龟蒙本年其他作品","","《獬苈赋》","Article","","李福标《皮陆年谱》，中山大学出版社2011年版。第332页","《全唐文》卷八OO",,,"王秀林"
"唐","陆龟蒙","僖宗乾符六年己亥","879",,,"50","","江南东道","苏州",,,"江苏","苏州市",,"120.589613","31.304566",,"陆龟蒙本年其他作品","","《四灵赋》","Article","四灵赋
于惟圣人。志气如神。百物自化。四灵荐臻。是以鸟兽浸其惠泽。昆虫怀其深仁。福应尤盛。休祥日新。不然。何以灵龟挺出。飞龙来宾。羽族降而集凤鸟。毛群格而畜麒麟。莫不率彼飞走。荷此陶钧。或群或友。是扰是驯。夫其时然后动。动而斯中。叶休明之德。迈川岳之贡。负图腾大河之龙。衔诏引丹穴之凤。介虫称长。将开奥以应期。肉角为仁。示有武而不用。原夫契时也其感不一。效灵也其数惟四。为皇极之休徵。作太平之盛事。然后鱼鲔不淰。知化而号玉禽兽不狘。怀德而麇至。非夫天子睿哲。黎元厎宁。惠化广被。品物流形。则何能光有九土。克扰四灵。美元功而不宰。仰洪德而惟馨。在郊薮则栖托以自适。闻箫韶则率舞而来庭。且如羲之道昌。龙图有章。姒之功成。龟书呈祥。或驯麒麟。或降凤凰。彼皆一者之或出。未若四者之来王。又若龙斗郑洧。麟伤鲁野。凤有咏何德之衰。龟有灵而梦是假。兴宣父之叹。运未遇焉。叶夏后之祥。道之行也。出处则以待时乎。隐现而允符王者。圣德可大。灵物可嘉。游宫沼兮骙骙无惧。鸣苑囿兮锵锵不哗。辽东献豕。又何足数。越裳贡雉。失其所誇。惟明王之理天下也。垂衣恭己。修礼达义。仪形阴阳。昭苏品汇。天不爱道。则乾符应命。地不爱宝。则坤珍表瑞。然后万物可得而宾。四灵可得而致。","李福标《皮陆年谱》，中山大学出版社2011年版。第332页","《全唐文》卷八OO",,,"王秀林"
"唐","陆龟蒙","僖宗乾符六年己亥","879",,,"50","","江南东道","苏州",,,"江苏","苏州市",,"120.589613","31.304566",,"陆龟蒙本年其他作品","","《奔蜂赋田舍赋》","Article","","李福标《皮陆年谱》，中山大学出版社2011年版。第332页","《全唐文》卷八O一",,,"王秀林"
"唐","陆龟蒙","僖宗广明元年庚子","880",,,"51","","江南东道","苏州",,,"江苏","苏州市",,"120.589613","31.304566",,"春，陆龟蒙居甫里，有文","","《春寒赋》","Article","春寒赋
宋玉云梦侍从。赋成酒阑。君王惨憺。顾曰春寒。玉少进曰。大王之国三分。水居其一。大王之官庭。女子充溢。洪波浮其空。幽忧积其中。不得不雨。不得不风。风横雨斜。天地溟濛。寒之中人。有异于严冬。其来也低迷。其状也惆怅。理虽辨而词怍。色虽庄而意荡。明灭薰垆。留连绣帐。相逢置酒。则少避驼颜。独自登楼。则偏凌远望。临窗户。绕池塘。丝轻畏偪。花怯愁当。游蜂为之绝迹。好鸟为之深藏。齐纨失色。越絮腾光。掩抑兮幽襟更远。连牵兮别绪弥长。芳神失职。阴御争强。朝耕犊战。暮箔蚕僵。民病如此。君何勿伤。襄王于是下席称谢。撤燕戏。省嫔嫱。以黄金为玉寿。然后返驾于高唐。","李福标《皮陆年谱》，中山大学出版社2011年版。第339页","《笠泽丛书》乙",,,"王秀林"
"唐","陆龟蒙","僖宗广明元年庚子","880",,,"51","","江南东道","苏州",,,"江苏","苏州市",,"120.589613","31.304566",,"约本年秋，齐己欲往访陆龟蒙，但为兵戈所阻，作诗寄之","齐己","《寄南岳客乞灵芜香》","Poem","寄南岳客乞灵芜香
闻说融峰下，灵香似反魂。春来正堪采，试为斸云根。","李福标《皮陆年谱》，中山大学出版社2011年版。第339页","《甫里集》卷七",,,"王秀林"
"唐","陆龟蒙","僖宗广明元年庚子","880",,,"51","","江南东道","苏州",,,"江苏","苏州市",,"120.589613","31.304566",,"陆龟蒙有诗寄吴融","吴融","《寄吴融》","Poem","寄吴融
一夜秋声入井桐，数枝危绿怕西风。霏霏晚砌烟华上，淅淅疏帘雨气通。君整输蹄名未了，我依琴鹤病相攻。到头江畔从渔事，织作中流万尺篊。","李福标《皮陆年谱》，中山大学出版社2011年版。第340页","《笠泽丛书》乙",,,"王秀林"
"唐","陆龟蒙","僖宗广明元年庚子","880",,,"51","","江南东道","苏州",,,"江苏","苏州市",,"120.589613","31.304566",,"陆龟蒙有文言及研习《春秋》之事","","《求志赋》","Article","求志赋
语称人之所好。必举嗜欲以为志。余之生也。百无一厚者。惟古学庶几乎可媚。呜呼师道之不存。安能尽识乎疑义。乐夫夫子之春秋。病三家之若雠。得啖赵疏凿之与损益。然后知微旨之可求。乃服膺而诵之。见圣人之远猷。长风廓其群翳。赤日临乎大幽。又似车坚马良。善御者涉乎康庄。高帆巨舟。工泛者顺其安流。如鱼之就贯。如茧之获抽。伊尹和齐于五鼎。箕子区分乎九畴。酌大中于万古。伟圣心之独断。宜乎沮齐侯于夹谷。斩正卯于两观。沟公墓以掩废逐。隳私城而防僭乱。用千载之遗法。发一辞而可判。况先生之指归。屹波涛而畔岸。虽戆昧而不开。亦思之而过半。范武子曰。君子之于春秋也。没身而已矣。吾谓斯言之不诞。","李福标《皮陆年谱》，中山大学出版社2011年版。第340页","《笠泽丛书》丁",,,"王秀林"
"唐","陆龟蒙","僖宗广明元年庚子","880",,,"51","","江南东道","润州",,,"江苏","镇江市",,"119.431494","32.195688",,"陆龟蒙隐居震泽别业数年中，某春至润州，参观文宣王庙韩滉《春秋通例》时刻","","《春秋通例辨》（已佚）","Article","","李福标《皮陆年谱》，中山大学出版社2011年版。第341页",,,,"王秀林"
"唐","陆龟蒙","僖宗广明元年庚子","880",,,"51","","江南东道","润州",,,"江苏","镇江市",,"119.431494","32.195688",,"陆龟蒙至润州城南，访庆封宅古井，有文记其事","","《庆封宅古井》","Article","庆封宅古井行
古甓团团藓花碧，鼎渫寒泉深百尺。江南戴白尽能言，此地曾为庆封宅。庆封嗜酒荒齐政，齐人剪族封奔迸。虽过鲁国羞鲁儒，欲弄吴民窃吴柄。吴分岩邑号朱方，子家负固心彊梁。泽车豪马驰似水，锦凤玉龙森若墙。一朝云梦围兵至，胸陷锋铓脑涂地。因知富德不富财，颜氏箪瓢有深意。宣父尝违盗泉水，懦夫立事贪夫止。今歌此井示吴人，断绠沉瓶自兹始。","李福标《皮陆年谱》，中山大学出版社2011年版。第341页","《甫里集》卷一七",,,"王秀林"
"唐","陆龟蒙","僖宗广明元年庚子","880","5",,"51","","江南东道","苏州",,,"江苏","苏州市",,"120.589613","31.304566",,"本年五月或作《杞菊赋》，序中言及在震泽别业数年以读经为事","","《杞菊赋》","Article","","李福标《皮陆年谱》，中山大学出版社2011年版。第342页","《笠泽丛书》甲",,,"王秀林"
"唐","陆龟蒙","僖宗广明元年庚子","880","5",,"51","","江南东道","苏州",,,"江苏","苏州市",,"120.589613","31.304566",,"本年五月或作《蟹志》一文","","《蟹志》","Article","蟹志
蟹。水族之微者。其为虫也有籍。见于礼经。载于国语扬雄太元经辞晋春秋劝学等篇。考于易象为介类。与龟鳖刚其外者。皆乾之属也。周公所谓旁行者欤。参于药录食疏。蔓延乎小说。其智则未闻也。惟左氏纪其为灾。子云讥其躁。以为郭索后蚓而已。蟹始窟于沮洳中。秋冬交必大出。江东人云。稻之登也。率执一穗以朝其魁。然后从其所之。蚤夜觱沸。指江而奔。渔者纬萧承其流而障之。曰蟹断。断其江之道焉尔。然后扳援越轶。遁而去者十六七。既入于江。则形质寝大于旧。自江复趋于海。如江之状。渔者又断而求之。其越轶遁去者又加多焉。既入于海。形质益大。海人亦异其称谓矣。呜乎。穗而朝其魁。不近于义耶。舍沮洳而之江海。自微而务著。不近于智耶。今之学者。始得百家小说。而不知孟轲荀杨氏之道。或知之。又不汲汲于圣人之言。求大中之要。何也。百家小说。沮洳也。孟轲荀杨氏。圣人之渎也。六籍者。圣人之海也。苟不能舍沮洳而求渎。由渎而至于海。是人之智反出水虫下。能不悲夫。吾是以志夫蟹。","李福标《皮陆年谱》，中山大学出版社2011年版。第343页","《笠泽丛书》丁",,,"王秀林"
"唐","陆龟蒙","僖宗广明元年庚子","880","5",,"51","","江南东道","苏州",,,"江苏","苏州市",,"120.589613","31.304566",,"本年五月或作《复友生论文书》一文","","《复友生论文书》","Article","复友生论文书
辱示近年作者论文书二篇。使仆是非得失于其间。仆性虽极顽冥。亦知惴息汗下。见𧥮诃之甚难。招怨患之甚易也。况仆少不攻文章。止读古圣人书。诵其言思其道而未得者也。每涵咀义味。独坐日昃。案上有一杯藜羹。如五鼎七牢馈于左右。加之以撞金石万羽籥也。未尝干有司对问希品第。未尝历王公丐贷饰车马。故无用文处。江湖间不过美泉石则记之。耸节概则传之。触离会则序之。值巾垒则铭之。简散诞放。无所讳避。又安知文之是欤非欤。生过听。德我太甚。苟嘿嘿不应。非朋友切切偲偲之义也。故扶病把笔。一二论之。曰我自小读六经。孟轲杨雄之书。颇有熟者。求文之旨趣规矩。无出于此。及子史。则曰子近经。经语古而微。史近书。书语直而浅。所言子近经近何经。史近书近何书。书则记言之史也。史近春秋。春秋则记事之史也。六籍中独诗书易象与鲁春秋经圣人之手耳。礼乐二记。虽载圣人之法。近出二戴。未能通一纯实。故时有龃龉不安者。盖汉代诸儒争撰而献之。求购金耳。记言记事。参错前后。曰经曰史。未可定其体也。按经解则悉谓之经。区而别之。则诗易为经。书与春秋实史耳。学者不当浑而言之。且经解之篇句名出于戴圣耳。王辅嗣因之以易为经。杜元凯因之以春秋为经。孔子曰。学诗乎。学礼乎。易之为书也。原始要终。知我以春秋。罪我以春秋。未尝称经。称经非圣人之旨也。盖出于周公谥法。经纬天地曰文故也。有经书必有纬书。圣人既作经。亦当作纬。譬犹织也。经而不纬。可成幅乎。纬者且非圣人之书。则经亦后人强名之耳。非圣人之旨明矣。苟以六籍谓之经。习而称之可也。指司马迁班固之书谓之史。何不思之甚乎。六籍之内。有经有史。何必下及子长孟坚。然后谓之史乎。孔子曰。吾犹及史之阙文也。又曰。质胜文则野。文胜质则史。又曰。董狐古之良史也。此则笔之曲直。体之是非。圣人悉论而辨之矣。岂须班马而后言史哉。以诗易为经。以书春秋为史足矣。无待于外也。谓经语古而皆微。则易曰履霜坚冰至。初筮告。再三渎。渎则不告。苦节不可贞之类。果纯古而微乎。谓史语直而浅。则春秋书考仲子之宫。初献六羽。及齐师战于乾时。我师败绩。辛巳有事于太庙。仲子遂卒于陲。壬午犹绎万入去籥之类。果纯直而浅乎。经不纯微。史不纯浅。又可见也。言文之不可立论。则曰春秋不当言无使滋蔓。又曰春秋举军旅会盟。岂非叙事耶。引左氏传语。徵左氏叙事。悉谓之春秋可乎。春秋大典也。举凡例而褒贬之。非周公之法所及者。酌在夫子之心。故游夏不能措一词。若区区于叙事。则鲁国之史官耳。孰谓之春秋哉。前所谓自小读六经颇有熟者。求文之旨趣规矩不出于此。妄矣。又一篇曰。某文也。某辞也。文既与辞异。是文优而辞劣耳。易之翼曰系辞。系辞曰。齐小大者存乎卦。辨吉凶者存乎辞。故卦有小大。辞有险易。又曰。观其彖辞。则思过半矣。易之辞非文耶。书载帝庸作歌。皋陶乃赓载歌。又歌五子之歌。皆辞也。书之辞非文耶。属辞比事。春秋教也。春秋之辞非文耶。礼有朝聘之辞。娶夫人之辞。乐有登歌荐之辞。礼乐之辞非文耶。法言曰。往者杨墨塞路。孟子辞而辟之。廓如也。孟轲之辞非文耶。太元曰。元之辞也。沉以穷乎下。浮以际乎上。杨雄之辞非文耶。是知文者辞之总。辞者文之用。天之将丧斯文也。天之未丧斯文也。不当称辞。吉人之辞寡。躁人之辞多。不当称文。文辞一也。但所适者有宜耳。何异涂云云哉。又曰声病之辞非文也。夫声成文谓之音。五音克谐。然后中律度。故舜典曰。诗言志。歌永言。声依永。律和声。声之不和病也。去其病则和。和则动天地。感鬼神。反不得谓之文乎。犹绘事组绣中有精粗耳。太凡辞人之说。不敢避墉垣援肤爪而自矜于堂奥心府也。要在引学者当知是事以明之而已矣。师道不行。后生多泥于所习。有陷而溺者。力能援之可也。如或不同。请观过而后罚。","李福标《皮陆年谱》，中山大学出版社2011年版。第343页","《笠泽丛书》乙",,,"王秀林"
"唐","陆龟蒙","僖宗广明元年庚子","880","5",,"51","","江南东道","苏州",,,"江苏","苏州市",,"120.589613","31.304566",,"本年五月或作《蠹化》一文","","《蠹化》","Article","蠹化
橘之蠹。大如小指。首负特角。身蹙蹙然。类蝤蛴而青。翳叶仰啮。如饥蚕之速。不相上下。人或枨触之。辄奋角而怒。气色桀骜。一旦视之。凝然弗食弗动。明日复往。则蜕为蝴蝶矣。力力拘拘。其翎未舒。襜黑鞲苍。分朱间黄。腹填而椭。緌纤且长。如醉方寤。羸枝不扬。又明日往。则倚薄风露。攀缘草树。耸空翅轻。瞥然而去。或隐蕙隙。或留篁端。翩旋轩虚。飏曳纷拂。甚可爱也。须臾。犯蝥网而胶之。引丝环缠。牢若桎梏。人虽甚怜。不可解而纵矣。噫。秀其外。类有文也。嘿其中。类有德也。不朋而游。类洁也。无嗜而食。类廉也。向使前不知为橘之蠹。后不见触蝥之网。人谓之钧天帝居而来。今复还矣。天下大橘也。名位大羽化也。封略大蕙篁也。苟灭德忘公。崇浮饰傲。荣其外而枯其内。害其本而窒其源。得不为大蝥网而胶之乎。观吾之蠹化者。可以惕惕。","李福标《皮陆年谱》，中山大学出版社2011年版。第345页","《笠泽丛书》乙",,,"王秀林"
"唐","陆龟蒙","僖宗广明元年庚子","880","5",,"51","","江南东道","苏州",,,"江苏","苏州市",,"120.589613","31.304566",,"本年五月或作《说凤尾诺》一文","","《说凤尾诺》","Article","说凤尾诺
或问予曰。凤尾诺为何等物。图耶书耶。对曰。予之所闻。自晋讫于梁陈以来。藩邸之书。凡封子弟为王。则开府辟僚属。取当时士有学行才藻者中是选。其所下书。东宫则曰令。上书则曰笺。诸王下书则曰教。上书则曰启。应和文章则曰应令应教。下其制一等故也。其事行则曰诺。犹汉天子肯臣下之奏曰可也。凤尾则所诺笺之文也。綷縩然。䙰褷然。织与绘莫的知。既肯其行。必有褒异之辞。若今之批答。案晋元帝为琅琊王时。帝美其才。令通习外事。常使批凤尾诺。南齐江夏王锋。高帝第十二子。甚怜之。年五岁。使学凤尾诺。下笔便工。帝大悦。以玉麒麟赐之。馀未见其出。凤尾笺当番薄缕轻。其制作想精妙靡丽。而非牢固者也。殆将五百年。必不能保而存之。好事者或云识。妄矣。且传云。仲尼在鲁与陈。有问缶羊楛矢者。皆知之。及修春秋。则远者略。近者详。故曰立于定哀。而指隐桓之日远矣。盖圣人作大典。不可不慎。则前所传亦妄矣。子学圣人之文者。求其诚而巳矣。又安可诈测数百年前事。自以为贤哉。君子慎所传无易。","李福标《皮陆年谱》，中山大学出版社2011年版。第345页","《笠泽丛书》乙",,,"王秀林"
"唐","陆龟蒙","僖宗广明元年庚子","880","5",,"51","","江南东道","苏州",,,"江苏","苏州市",,"120.589613","31.304566",,"秋末或作《京口与友生话别》一文","","《京口与友生话别》","Article","京口与友生话别
共是悲秋客，相逢恨不堪。雁频辞苏北，人尚在江南。名利机初发，樵渔事先谙。松门穿戴寺，荷径绕秦潭。绳检真难束，疏慵却易耽。枕当高树稳，茶试远泉甘。架上经唯一，尊前雅祗三。风云劳梦想，天地入醺酣。历自尧阶数，书因禹穴探。御龙虽世禄，下马亦清谭。国计徒盈策，家储不满甔。断帘从燕出，𢼮弁请人簪。木坠凉来叶，山横霁后岚。竹窗深䆗窱，苔洞绿龛弇。积行依颜子，和光则老聃。杖诚为虎节，披信作鲛函。养鹭看窥沼，寻僧助结庵。功名思马援，歌唱咽羊昙。乞食羞孤凤，无衣羡八蚕。系帆留宿客，吟句任羸骖。宠鹤空无卫，占乌未见𨝸。香还须是桂，青会出于蓝。蜀酒时倾瓿，吴虾遍发坩。玉封千挺藕，霜闭一筒柑。惜佩终邀祸，辞环好激贪。宗溟虽圳浍，成厦必楩楠。碧玉雕琴荐，黄金饰剑镡。烟缘莎砌引，水为药畦担。博物君能继，多才我尚惭。别离犹得在，秋鬓未鬖鬖。","李福标《皮陆年谱》，中山大学出版社2011年版。第345页","《甫里集》卷四",,,"王秀林"
"唐","陆龟蒙","僖宗广明元年庚子","880",,,"51","","江南东道","苏州",,,"江苏","苏州市",,"120.589613","31.304566",,"官府殆以陆龟蒙不合作，讥以“散人”之目，陆龟蒙受之，自号“江湖散人”，有《江湖散人歌》、《江湖散人传》以志之","","《江湖散人歌》","Article","江湖散人歌
江湖散人天骨奇，短发搔来蓬半垂。手提孤篁曳寒茧，口诵太古沧浪词。词云太古万万古，民性甚野无风期。夜栖止与禽兽杂，独自构架纵横枝。因而称曰有巢氏，民共敬贵如君师。当时只效乌鹊辈，岂是有意陈尊卑。无端后圣穿凿破，一派前导千流随。多方恼乱元气死，日使文字生奸欺。圣人事业转销耗，尚有渔者存熙熙。风波不独困一士，凡百器具皆能施。罛疏沪腐鲈鳜脱，止失检驭无谗疵。人间所谓好男子，我见妇女留须眉。奴颜婢膝真乞丐，反以正直为狂痴。所以头欲散，不散弁峨巍。所以腰欲散，不散佩陆离。行散任之适，坐散从倾欹。语散空谷应，笑散春云披。衣散单复便，食散酸咸宜。书散浑真草，酒散甘醇醨。屋散势斜直，树散行参差。客散忘簪屦，禽散虚笼池。物外一以散，中心散何疑。不共诸侯分邑里，不与天子专隍陴。静则守桑柘，乱则逃妻儿。金镳贝带未尝识，白刃杀我穷生为。或闻蕃将负恩泽，号令铁马如风驰。大君年小丞相少，当轴自请都旌旗。神锋悉出羽林仗，缋画日月蟠龙螭。太宗基业甚牢固，小丑背叛当歼夷。禁军近自肃宗置，抑遏辅国争雄雌。必然大段剪凶逆，须召劲勇持军麾。四方贼垒犹占地，死者暴骨生寒饥。归来辄拟荷锄笠，诟吏已责租钱迟。兴师十万一日费，不啻千金何以支。祗今利口且箕敛，何暇俛首哀茕嫠。均荒补败岂无术，布在方册撑颓巇。冰霜襦裤易反掌，白面诸郎殊不知。江湖散人悲古道，悠悠幸寄羲皇傲。官家未议活苍生，拜赐江湖散人号。","李福标《皮陆年谱》，中山大学出版社2011年版。第347页","《笠泽丛书》甲",,,"王秀林"
"唐","陆龟蒙","僖宗广明元年庚子","880",,,"51","","江南东道","苏州",,,"江苏","苏州市",,"120.589613","31.304566",,"官府殆以陆龟蒙不合作，讥以“散人”之目，陆龟蒙受之，自号“江湖散人”，有《江湖散人歌》、《江湖散人传》以志之","","《江湖散人传》","Article","江湖散人歌
江湖散人天骨奇，短发搔来蓬半垂。手提孤篁曳寒茧，口诵太古沧浪词。词云太古万万古，民性甚野无风期。夜栖止与禽兽杂，独自构架纵横枝。因而称曰有巢氏，民共敬贵如君师。当时只效乌鹊辈，岂是有意陈尊卑。无端后圣穿凿破，一派前导千流随。多方恼乱元气死，日使文字生奸欺。圣人事业转销耗，尚有渔者存熙熙。风波不独困一士，凡百器具皆能施。罛疏沪腐鲈鳜脱，止失检驭无谗疵。人间所谓好男子，我见妇女留须眉。奴颜婢膝真乞丐，反以正直为狂痴。所以头欲散，不散弁峨巍。所以腰欲散，不散佩陆离。行散任之适，坐散从倾欹。语散空谷应，笑散春云披。衣散单复便，食散酸咸宜。书散浑真草，酒散甘醇醨。屋散势斜直，树散行参差。客散忘簪屦，禽散虚笼池。物外一以散，中心散何疑。不共诸侯分邑里，不与天子专隍陴。静则守桑柘，乱则逃妻儿。金镳贝带未尝识，白刃杀我穷生为。或闻蕃将负恩泽，号令铁马如风驰。大君年小丞相少，当轴自请都旌旗。神锋悉出羽林仗，缋画日月蟠龙螭。太宗基业甚牢固，小丑背叛当歼夷。禁军近自肃宗置，抑遏辅国争雄雌。必然大段剪凶逆，须召劲勇持军麾。四方贼垒犹占地，死者暴骨生寒饥。归来辄拟荷锄笠，诟吏已责租钱迟。兴师十万一日费，不啻千金何以支。祗今利口且箕敛，何暇俛首哀茕嫠。均荒补败岂无术，布在方册撑颓巇。冰霜襦裤易反掌，白面诸郎殊不知。江湖散人悲古道，悠悠幸寄羲皇傲。官家未议活苍生，拜赐江湖散人号。","李福标《皮陆年谱》，中山大学出版社2011年版。第347页","《笠泽丛书》甲",,,"王秀林"
"唐","陆龟蒙","僖宗广明元年庚子","880",,,"51","","江南东道","苏州",,,"江苏","苏州市",,"120.589613","31.304566",,"官府殆以陆龟蒙不合作，讥以“散人”之目，陆龟蒙受之，自号“江湖散人”，有《江湖散人歌》、《江湖散人传》以志之","","《甫里先生传》","Article","甫里先生传
甫里先生者。不知何许人也。人见其耕于甫里。故云。先生性野逸无羁检。好读古圣人书。探六籍。识大义。就中乐春秋。抉擿微旨。见有文中子王仲淹所为书。云三传作而春秋散。深以为然。贞元中。韩晋公尝著春秋通例。刻之于石。竟以是学为巳任。而颠倒漫漶。翳塞无一通者。殆将百年。人不敢指斥疵颣。先生恐疑误后学。乃著书摭而辨之。先生平居以文章自怡。虽幽忧疾痛中。落然无旬日生计。未尝暂辍。点窜涂抹者。纸札相压。投于箱箧中。历年不能净。写一本。或为好事者取去。后于他人家见。亦不复谓巳作矣。少攻歌诗。欲与造物者争柄。遇事辄变化。不一其体裁。始则淩轹波涛。穿穴险固。囚锁怪异。破碎阵敌。卒造平淡而后巳。好洁。几格窗户砚席。剪然无尘埃。得一书详熟。然后寘于方册。值本即校。不以再三为限。朱黄二毫。未尝一日去于手。所藏虽少。咸精实正定。可传借人。书有编简断坏者缉之。文字缪误者刊之。乐闻人为学。讲评通论不倦。有无赖者。毁折糅汗。或藏去不返。先生蹙然自咎。先生贫而不言利。问之。对曰。利者商也。人既士矣。柰何乱四人之业乎。且仲尼孟轲氏之所不许。先生之居。有池数亩。有屋三十楹。有田畸十万步。有牛不减四十蹄。有耕夫百馀指。而田污下。暑雨一昼夜。则与江通。无别巳田他田也。先生由是苦饥。囷仓无升斗蓄积。乃躬负畚锸。率耕夫以为具。由是岁波虽狂。不能跳吾防溺吾稼也。或讥刺之。先生曰。尧舜黴瘠。大禹胝胼。彼非圣人耶。吾一布衣耳。不勤劬。何以为妻子之天乎。且与其蚤虱名器雀鼠仓庾者何如哉。先生嗜茶荈。置小园于顾渚山下。岁入茶租十许簿为瓯㰕之费。自为品第书一篇。继茶经茶诀之后。南阳张又新尝为水说。凡七等。其二曰惠山寺石泉。其三曰虎邱寺石井。其六曰吴松江。是三水距先生远不百里。高僧逸人时致之。以助其好。先生始以喜酒得疾。血败气索者二年。而后能起。有客至。亦洁樽置觯。但不复引满向口耳。性不喜与俗人交。虽诣门不得见也。不置车马。不务庆吊。内外姻党。伏腊丧祭。未尝及时往。或寒暑得中。体佳无事时。则乘小舟。设蓬席。赍一刺书茶灶笔床钓具棹船郎而巳。所诣小不会意。径还不留。虽水禽决起山鹿骇走之不若也。人谓之江湖散人。先生乃著江湖散人传而歌咏之。由是浑毁誉不能入利口者。亦不复致意。先生性狷急。遇事发作。辄不含忍。寻复悔之。屡改不能巳。先生无大过。亦无出入人事。不传姓名。世无有得之者。岂涪翁渔父江上丈人之流者乎。","李福标《皮陆年谱》，中山大学出版社2011年版。第347页","《笠泽丛书》甲",,,"王秀林"
"唐","陆龟蒙","僖宗广明元年庚子","880","9","9","51","","江南东道","苏州",,,"江苏","苏州市",,"120.589613","31.304566",,"九月九日，有文以愤世","","《登高文》","Article","登高文
金行告穷。日御初九。桐阴雨压乎泥沙。菊气风扬乎户牖。寒无以衣。病不得酒。茫洋于心。噎嗢在口。稚子拱而进曰。古往滔滔。人生实劳。或暇或逸。以嬉以遨。兹辰甚良。足啸吾曹。趋山选台。席饵樽醪。既可逭乎灾眚。亦聊释乎郁陶。齐谐之流载此。世所谓夫登高者也。尝有意乎。子曰吁。稚子之知。止于是耳。曾不探乎奥旨。吾数亩之间。门常昼关。学无端倪。宛若循环。时孤笑以独愤。乐正直而非险艰。为书摭之。与善治顽。有行同而迹类者。尚愤疾乎声颜。一骥在坂。百驽在闲。传嘶振秣。侮病挤孱。仲尼登东山而小鲁。况肆远目而务周旋者哉。阳专奥邃。假窃名器。有土有人。前呵后骑。佞舌咿哑。所向上下。镗威介私。放荡侈哆。如此者又欲见耶。崇闳大居。塈粉涂朱。脊会螭屹。扉环兽铺。轮鲜蹄骄。羽翼成徒。绣碧其内。丝篁彼姝。主张何人。庸儿贾夫。如此者又欲见耶。缨弁外饰。悔咎中积。简弃信行。附比凶德。仁泽乾枯。义路填塞。权之所憎。始厚终斥。权之所怜。昨骂今惜。反掌背面。天辽海隔。如此者又欲见耶。国金铸兵。赤子聚盗。煞人无惭。罪人何躁。造化不象。名称同暴。以隳墙垣。不填堂奥。生灵几何。过半减耗。残存伶俜。输挽犒劳。羸豪偏陂。役使颠倒。乡驱吏笞。不舍童耄。如此者又欲见耶。古所谓登高能赋者。赋物之姿。惨戚在下。吾宁忍欺。尔以灾眚可逭。郁陶可披。我中时病。言开怒随。我感物悴。遐瞻迩噫。是使灾眚弥炽。郁陶愈悲。唯尔教我。百无一宜。我谷未实。我蔬未肥。弗视农圃。吾将曷归。无重我悔。吾方愦愦。稚子不乐。惴缩而退。","李福标《皮陆年谱》，中山大学出版社2011年版。第348页","《笠泽丛书》乙",,,"王秀林"
"唐","陆龟蒙","僖宗广明元年庚子","880",,,"51","","江南东道","苏州",,,"江苏","苏州市",,"120.589613","31.304566",,"陆龟蒙本年其他作品","","《杂说五首》","Article","闲居杂题五首 其一 鸣蜩早
闲来倚杖柴门口，鸟下深枝啄晚虫。周步一池销半日，十年听此鬓如蓬。
闲居杂题五首 其二 野态真
君如有意耽田里，予亦无机向艺能。心迹所便唯是直，人间闻道最先憎。
闲居杂题五首 其三 松间斟
子山园静怜幽木，公干词清咏荜门。月上风微萧洒甚，斗醪何惜置盈尊。
闲居杂题五首 其四 饮岩泉
已甘茅洞三君食，欠买桐江一朵山。严子濑高秋浪白，水禽飞尽钓舟还。
闲居杂题五首 其五 当轩鹤
自笑与人乖好尚，田家山客共柴车。干时未似栖庐雀，鸟道闲携相尔书。","李福标《皮陆年谱》，中山大学出版社2011年版。第351页","《笠泽丛书》甲",,,"王秀林"
"唐","陆龟蒙","僖宗广明元年庚子","880",,,"51","","江南东道","苏州",,,"江苏","苏州市",,"120.589613","31.304566",,"陆龟蒙本年其他作品","","《大儒评》","Article","大儒评
世以孟轲氏荀卿子为大儒。观其书不悖孔子之道。非儒而何。然李斯尝学于荀卿。入秦干始皇帝。并天下。用为左丞相。一旦诱诸生。聚而坑之。复下禁曰。天下敢有藏百家语。诣守尉烧之。偶语诗书者弃市。昔孔子之于弟子也。自仲由冉求以下。皆言其可使之才。及其仁。则曰不知也。斯闻孔子之道于荀卿。位至丞相。是行其道得其志者也。反焚灭诗书。坑杀儒士。为不仁也甚矣。不知不仁。孰谓况贤。知而传之以道。是昧观德也。虽斯具五刑。而况得称大儒乎。吾以为不如孟轲。","李福标《皮陆年谱》，中山大学出版社2011年版。第351页","《笠泽丛书》甲",,,"王秀林"
"唐","陆龟蒙","僖宗广明元年庚子","880",,,"51","","江南东道","苏州",,,"江苏","苏州市",,"120.589613","31.304566",,"陆龟蒙本年其他作品","","《祭梁鸿墓文》","Article","祭梁鸿墓文
先生为五噫之歌。汉天子闻而病之。南走乎大江之波。客皋氏之宇下。志沉潜而靡他。白吴粲以举臼。夫人之勤亦多。不怀志于将没。适乎道而无颇。比要离之烈魄。冢虽夷而不磨。嗟余后先生之千祀。聊奉奠而来过。俯灌地而仰语。顾先生之谓何。心性诞。客他人之宇下不得。故筑垣而自翰。身病妻弱。白吴氏之粲不得。故力耕而自穫。所以法先生之义者。庶五噫之可作。","李福标《皮陆年谱》，中山大学出版社2011年版。第350页","《笠泽丛书》乙",,,"王秀林"
"唐","陆龟蒙","僖宗广明元年庚子","880",,,"51","","江南东道","苏州",,,"江苏","苏州市",,"120.589613","31.304566",,"陆龟蒙本年其他作品","","《丹阳道中寄友生》","Article","丹阳道中寄友生
烟树绿微微，春流浸竹扉。短蓑携稚去，孤艇载鱼归。海俗芦编室，村娃练束衣。旧栽奴橘老，新刈女桑肥。锦鲤冲风掷，丝禽掠浪飞。短亭幽径入，陈庙数峰围。地废金牛暗，陵荒石兽稀。思君同一望，帆上怨馀晖。","李福标《皮陆年谱》，中山大学出版社2011年版。第351页","《甫里集》卷三",,,"王秀林"
"唐","陆龟蒙","僖宗广明元年庚子","880",,,"51","","江南东道","苏州",,,"江苏","苏州市",,"120.589613","31.304566",,"陆龟蒙本年其他作品","","《陌上桑》","Article","相和歌辞 陌上桑
皓齿还如贝色含，长眉亦似烟华贴。邻娃尽著绣裆襦，独自提筐采蚕叶。","李福标《皮陆年谱》，中山大学出版社2011年版。第351页","《全唐诗》卷六二八",,,"王秀林"
"唐","陆龟蒙","僖宗广明元年庚子","880",,,"51","","江南东道","苏州",,,"江苏","苏州市",,"120.589613","31.304566",,"陆龟蒙本年其他作品","","《观铭》","Article","两观铭
两观雉门，虽僭天子。圣人在朝，奸佞诛死。奸首掷地，奸血如水。政不得乱，国是以理。下及千祀，浇风四起。内荏外贤，举世称美。赫奕皇都，象魏天倚。岂无奸邪，佩玉蕊蕊。圣人弗生，两观如砥。以石镵辞，著乎阙里。","李福标《皮陆年谱》，中山大学出版社2011年版。第352页","《笠泽丛书》丙",,,"王秀林"
"唐","陆龟蒙","僖宗广明元年庚子","880",,,"51","","江南东道","苏州",,,"江苏","苏州市",,"120.589613","31.304566",,"陆龟蒙本年其他作品","","《汉三高士赞》","Article","","李福标《皮陆年谱》，中山大学出版社2011年版。第352页","《笠泽丛书》丙",,,"王秀林"
"唐","陆龟蒙","僖宗广明元年庚子","880",,,"51","","江南东道","苏州",,,"江苏","苏州市",,"120.589613","31.304566",,"陆龟蒙本年其他作品","","《告白蛇文》","Article","告白蛇文
田庐西北偏。有古邱焉。高可四望。余将升之。以眺远舒郁。农民遮言曰。不可。是邱有蛇。巨如井缶而白。忤之能为崇。不利人多矣。宜无往。余取酒沃其邱告之曰。物之生而白者。犬鸡牛马而巳。其馀则老而后白。狼狐兔鹿鸟雀燕雉龟蛇之类是巳。人老而毛发皓白。耗眊昏倒。不能记子孙名字。形朽神溃。以至于此。物老而鳞毫羽甲尽白。白而后有灵。非一圣贤存乎上。德光被于下。则不为之出。出必人奉之以献。不敢隐匿。惟蛇不在瑞典。虽然。神而且灵尚矣。故汉之兴。神姥谓之白帝子。得非天命。志怪者必曰自然。多穴老坟。窾大木。要野氓盘肩𦉒酒之享。作小儿女子寒暑瞢眩。淫巫倚之。弹丝瞑目。歌舞其妖。怛骇其惑。考鼓用币。僭冒其上。岁时奔走。畏在人后。疾病不治。饥寒不辞。悉尔辈为之也。古者铸鼎象物。使民知神奸。若之奸。吾知之矣。况旅吾之地。由我进退。蛰以时出。无越昆虫之职。无杂鬼神之事。吾宫居。若野处。各有分齐。固不相害。然斩翳通巅。为暇日凭藉之所。则不当与人争也。如不用吾言。吾当吁天霆。断裂首尾焉。吾诚不移。无易尔为。","李福标《皮陆年谱》，中山大学出版社2011年版。第352页","《笠泽丛书》丙",,,"王秀林"
"唐","陆龟蒙","僖宗广明元年庚子","880",,,"51","","江南东道","苏州",,,"江苏","苏州市",,"120.589613","31.304566",,"陆龟蒙本年其他作品","","《求志赋》","Article","求志赋
语称人之所好。必举嗜欲以为志。余之生也。百无一厚者。惟古学庶几乎可媚。呜呼师道之不存。安能尽识乎疑义。乐夫夫子之春秋。病三家之若雠。得啖赵疏凿之与损益。然后知微旨之可求。乃服膺而诵之。见圣人之远猷。长风廓其群翳。赤日临乎大幽。又似车坚马良。善御者涉乎康庄。高帆巨舟。工泛者顺其安流。如鱼之就贯。如茧之获抽。伊尹和齐于五鼎。箕子区分乎九畴。酌大中于万古。伟圣心之独断。宜乎沮齐侯于夹谷。斩正卯于两观。沟公墓以掩废逐。隳私城而防僭乱。用千载之遗法。发一辞而可判。况先生之指归。屹波涛而畔岸。虽戆昧而不开。亦思之而过半。范武子曰。君子之于春秋也。没身而已矣。吾谓斯言之不诞。","李福标《皮陆年谱》，中山大学出版社2011年版。第352页","《笠泽丛书》丁",,,"王秀林"
"唐","陆龟蒙","僖宗广明元年庚子","880",,,"51","","江南东道","苏州",,,"江苏","苏州市",,"120.589613","31.304566",,"陆龟蒙本年其他作品","","《祀龟解》","Article","","李福标《皮陆年谱》，中山大学出版社2011年版。第352页","《笠泽丛书》补遗",,,"王秀林"
"唐","陆龟蒙","僖宗广明元年庚子","880",,,"51","","江南东道","苏州",,,"江苏","苏州市",,"120.589613","31.304566",,"陆龟蒙本年其他作品","","《管城候传》","Article","管城侯传
毛元锐字文锋。宣城人。于东墅而生昴宿。一名旄头。遂姓毛氏。世居兔园。少昊时。因少暴农之稼。为鹴鸠氏所擒。诛之以为乾豆。其族有窜于江南者。居于宣城溧阳山中。宗族豪甚。元锐之世。二代祖聿。因秦始皇时遣大将军蒙恬南征吴楚。疑其有三窟之计。恃狡而不从。使前锋围而尽执其族。择其首领酋健者縻缚之。献于麾下。大将军问聿之能。曰善编录简册。自有文字巳来。注记略无遗漏。大将军奇之。因命为掾。掌管记。及凯旋。闻于上。为筑城而居其族。遂以文翰著名。其子士载。汉时佐太史公修史。有劲直之称。天子因览前代史。嘉其述美恶不隐。文简而事备。拜左右史。以积劳累功封管城侯。子孙世修厥职。能业其官。累代袭爵不绝。皆与名贤硕德如张伯英卫伯玉索幼安钟元常韦仲将王逸少王子猷并为执友。历宋齐以来。朝廷益以为重。锐之曾大父如椽。与王珣为神契之交。大父如华。与江文通纪少瑜有䌽毫镂管之惠。皆文章之会友也。锐为人㯋悟俊利。其方也如凿。其圆也如规。其得用也称志。则默默而作。随心应手。有如风雨之声者。有如鸾鹤回翔之势。龙蛇奔走之状者。能为文多记。不倦濡染。光祖德也。起家校书郎直馆。迁中书令。袭爵管城侯。圣朝庶政修易元光同被诏常侍御案。遂与石虚中楮知白为相须之友。帝以六合晏安。志在坟典。因诏元锐专典修撰。元锐久蒙委用。心力以殚。至于疲极。书札粗疏。惧不称旨。遂恳上疏告老。上览之嘉叹曰。所谓达士。知止足矣。优诏可之曰。壮则驱驰。老则休息。载书方册。有德可观。卿仰止前哲。宜加厚礼。可工部尚书致仕就国。光优贤之道也。仍以其子嗣职焉。史臣曰。管城毛氏之先。盖昴宿之精。取笔头之名以为氏。以与姬姓毛伯郑之后毛氏不同族也。其子孙则盛于毛伯之后。其器用则遍及日月所烛之地也。自天子至于庶士。无不重之者。朝廷及天下公府曹署。随其大小。皆处右职。功德显著。宗族蕃昌云。","李福标《皮陆年谱》，中山大学出版社2011年版。第352页","《全唐文》卷八O一",,,"王秀林"
"唐","陆龟蒙","僖宗广明元年庚子","880",,,"51","","江南东道","苏州",,,"江苏","苏州市",,"120.589613","31.304566",,"陆龟蒙本年其他作品","","《子规》","Article","","李福标《皮陆年谱》，中山大学出版社2011年版。第352页","《甫里集》附录一",,,"王秀林"
"唐","陆龟蒙","僖宗广明元年庚子","880",,,"51","","江南东道","苏州",,,"江苏","苏州市",,"120.589613","31.304566",,"陆龟蒙本年其他作品","","《篷伞》","Article","","李福标《皮陆年谱》，中山大学出版社2011年版。第352页","《甫里集》附录一",,,"王秀林"
"唐","陆龟蒙","僖宗中和元年、广明二年辛丑","881",,,"52","","江南东道","苏州",,,"江苏","苏州市",,"120.589613","31.304566",,"陆龟蒙病居甫里，其卒年或亦在本年，传云朝廷以左拾遗征之，诏下之日而卒。罗隐、韦庄、陆希声、吴融、皮日休、颜荛等作诗文以祭之","罗隐，韦庄，陆希声，吴融，皮日休，颜荛","《答友》","Poem","荅友人
荆卿雄骨化为尘，燕市应无共饮人。能说鹔鹴来换酒，五湖赊与一年春。","李福标《皮陆年谱》，中山大学出版社2011年版。第354页","《甫里集》卷一二","编年诗见第360页",,"王秀林"
"唐","陆龟蒙","僖宗中和元年、广明二年辛丑","881",,,"52","","江南东道","苏州",,,"江苏","苏州市",,"120.589613","31.304566",,"陆龟蒙病居甫里，其卒年或亦在本年，传云朝廷以左拾遗征之，诏下之日而卒。罗隐、韦庄、陆希声、吴融、皮日休、颜荛等作诗文以祭之","罗隐，韦庄，陆希声，吴融，皮日休，颜荛","《自怜赋》","Article","自怜赋
噫天地兮。何德以生子。付邃古之道兮。惠而行诸。圣人耕。吾亦耕。圣人渔。吾亦渔。圣人穷或过乎是。圣人达曾不依子。既不获筑说莘伊。委身而理天下。又不及箕巢颍许。散发而类鹑居。率幽忧之情抱。将退伏于林庐。谓之积兮。繁其疏搜罗以虚。谓之枵兮。辅其储涵潢乃潴。旁无垠兮上无初。退不足兮进有馀。先寒束缩。后燠敷舒。首蓬隆以半散。肢棘瘠而枯疏。中躁兮熸炮之蟹。外挠兮冠带之狙。凌兢兮上坂之马。帖捻兮横沙之鱼。行则左人而右杖。卧则夕拥而晨袪。冒忌者即席奋击。责功者越月纡徐。痿宁忘起。愤亦怀摅。天难致问。道竟何如。孟子之言得矣。尽信不如无书。虽武成取其二三策而已。又焉知是欤非欤。皋陶瘖。师旷瞽。子则视瞻而言语。却克跛。行父秃。子则趋蹡而栉沐。幸固陋而或全。岂乖离乎素躅。敢谏鼓不陈。进善旌不理。布衣之说无由自通乎天子。丞相府不开。平津阁不立。布衣之说无由自通乎宰执。苟吾君吾相不闻天下之名言。则苍生何由弛械而去絷。传云垂之空言。不若存之于事业。易曰未繘井羸其瓶凶。叹水德之莫及。哀吾材之不试。徒抱影以中泣。一蝎在木兮柯疡叶痿。寒暑三病兮吾宁御衰。服猛鸷兮捕龙螭。吾无力支。大舜禹兮张孔姬。吾其庶几。托斯文之赴愬。冀君子之攸宜。苟家聋户塞之弗寤。老死空山兮已而。","李福标《皮陆年谱》，中山大学出版社2011年版。第354页","《笠泽丛书》甲","编年诗见第360页",,"王秀林"
"唐","陆龟蒙","僖宗中和元年、广明二年辛丑","881",,,"52","","江南东道","苏州",,,"江苏","苏州市",,"120.589613","31.304566",,"陆龟蒙病居甫里，其卒年或亦在本年，传云朝廷以左拾遗征之，诏下之日而卒。罗隐、韦庄、陆希声、吴融、皮日休、颜荛等作诗文以祭之","罗隐，韦庄，陆希声，吴融，皮日休，颜荛","《哀茹笔工文》","Article","哀茹笔工文
天与之肱。力何绵绵。耕不能耒。渔不能船。载筠束毫。既胜且便。昼夜今古。惟毫是镌。爰有茹夫。工之良者。责其精粗。在价高下。缺齧义互。尚不能舍。旬濡数锋。月秃一把。编如蚕拿。汝实助也。我书奇奇。浑元未衰。惟汝是赖。如何巳而。有兔千万。拔毛止皮。散涩钝铓。缗觚狱辞。圆而不流。铦而不欹。在握方染。亦茹之为。斲轮运斤。传之者谁。毫健身殒。吾宁不悲。","李福标《皮陆年谱》，中山大学出版社2011年版。第354页","《笠泽丛书》乙","编年诗见第360页",,"王秀林"
"唐","陆龟蒙","僖宗中和元年、广明二年辛丑","881",,,"52","","江南东道","苏州",,,"江苏","苏州市",,"120.589613","31.304566",,"陆龟蒙病居甫里，其卒年或亦在本年，传云朝廷以左拾遗征之，诏下之日而卒。罗隐、韦庄、陆希声、吴融、皮日休、颜荛等作诗文以祭之","罗隐，韦庄，陆希声，吴融，皮日休，颜荛","《书铭》","Article","书铭
太古之时，何尝有欺。逮乎结绳，民始相疑。画卦造书，圣人之为。图载文字，厥功弗知。惟简惟牍，断竹㭊木。累必充廷，负必折轴。韦编一绝，错乱名目。寖务轻省，捣枲剥谷。胶缀番番，恣其所便。虫篆更隶，形模易宣。上下今古，卷舒蝉联。薰曝蠹郁，疵乎不坚。又取珉石，琢磨雕镌。由简牍下，其存四迁。玺印章号，殷勤识焉。其巧益甚，其讹益繁。盟契质要，朝成夕反。诰誓制令，尾违首言。笺檄奏报，离方就圆。录注传记，丑雠美怜。铭诔碑表，虚功妄贤。歌咏赋颂，多思謟权。在简牍者，埋没烂坏。无遗一编，副以枲谷。其留最延，错谬颠倒。尨蒙弗删，在珉石者。固宠纳赂，唯辞是妍。镵凿既毕，名声泯然。尧舜之道，以人为传。有死必继，流乎亿年。宜斥诈伪，焚烧弃捐。复以太古，结绳之前。","李福标《皮陆年谱》，中山大学出版社2011年版。第354页","《笠泽丛书》丙","编年诗见第360页",,"王秀林"
"唐","陆龟蒙","僖宗中和元年、广明二年辛丑","881",,,"52","","江南东道","苏州",,,"江苏","苏州市",,"120.589613","31.304566",,"陆龟蒙病居甫里，其卒年或亦在本年，传云朝廷以左拾遗征之，诏下之日而卒。罗隐、韦庄、陆希声、吴融、皮日休、颜荛等作诗文以祭之","罗隐，韦庄，陆希声，吴融，皮日休，颜荛","《业书序》","Article","","李福标《皮陆年谱》，中山大学出版社2011年版。第354页","《笠泽丛书》卷首","编年诗见第360页",,"王秀林"