朝代,作家,皇帝年号及干支,年份,月,日,年岁,活动分期,活动地道、路,州,县,地点名胜,省,市,县,经度,纬度,任职官名,活动内容或创作缘起,交游者姓名,系年作品,系年作品文体,作品内容,材料来源,页码,备注1,备注2,录入者
"唐","皮日休","文宗大和八年甲寅","834",,,"1","","山南东道","复州","竟陵",,"湖北","湖北省直辖县级行政区划","天门市","113.172549","30.669711",,"约生于本年。皮日休生年难确考。本表所标年岁为虚拟数，非实数","",,"","","李福标《皮陆年谱》第64页",,,,"王秀林"
"唐","皮日休","文宗大和九年乙卯","835",,,"2","","山南东道","复州","竟陵",,"湖北","湖北省直辖县级行政区划","天门市","113.172549","30.669711",,"居乡","",,"","","李福标《皮陆年谱》第69页",,,,"王秀林"
"唐","皮日休","文宗开成元年丙辰","836",,,"3","","山南东道","复州","竟陵",,"湖北","湖北省直辖县级行政区划","天门市","113.172549","30.669711",,"居乡","",,"","","李福标《皮陆年谱》第70页",,,,"王秀林"
"唐","皮日休","文宗开成二年丁巳","837",,,"4","","山南东道","复州","竟陵",,"湖北","湖北省直辖县级行政区划","天门市","113.172549","30.669711",,"居乡","",,"","","李福标《皮陆年谱》第70页",,,,"王秀林"
"唐","皮日休","文宗开成三年戊午","838",,,"5","","山南东道","复州","竟陵",,"湖北","湖北省直辖县级行政区划","天门市","113.172549","30.669711",,"居乡","",,"","","李福标《皮陆年谱》第71页",,,,"王秀林"
"唐","皮日休","文宗开成四年己未","839",,,"6","","山南东道","复州","竟陵",,"湖北","湖北省直辖县级行政区划","天门市","113.172549","30.669711",,"居乡","",,"","","李福标《皮陆年谱》第72页",,,,"王秀林"
"唐","皮日休","文宗开成五年庚申","840",,,"7","","山南东道","复州","竟陵",,"湖北","湖北省直辖县级行政区划","天门市","113.172549","30.669711",,"居乡","",,"","","李福标《皮陆年谱》第73页",,,,"王秀林"
"唐","皮日休","武宗会昌元年辛酉","841",,,"8","","山南东道","复州","竟陵",,"湖北","湖北省直辖县级行政区划","天门市","113.172549","30.669711",,"居乡","",,"","","李福标《皮陆年谱》第73页","皮日休殆于是年就学发蒙，有陈俎豆之戏",,,"王秀林"
"唐","皮日休","武宗会昌二年壬戌","842",,,"9","","山南东道","复州","竟陵",,"湖北","湖北省直辖县级行政区划","天门市","113.172549","30.669711",,"居乡","",,"","","李福标《皮陆年谱》第75页",,,,"王秀林"
"唐","皮日休","武宗会昌三年癸亥","843",,,"10","","山南东道","复州","竟陵",,"湖北","湖北省直辖县级行政区划","天门市","113.172549","30.669711",,"居乡","",,"","","李福标《皮陆年谱》第75页",,,,"王秀林"
"唐","皮日休","武宗会昌四年甲子","844",,,"11","","山南东道","复州","竟陵",,"湖北","湖北省直辖县级行政区划","天门市","113.172549","30.669711",,"居乡","",,"","","李福标《皮陆年谱》第76页",,,,"王秀林"
"唐","皮日休","武宗会昌五年乙丑","845",,,"12","","山南东道","复州","竟陵",,"湖北","湖北省直辖县级行政区划","天门市","113.172549","30.669711",,"居乡","",,"","","李福标《皮陆年谱》第76页",,,,"王秀林"
"唐","皮日休","武宗会昌六年丙寅","846",,,"13","","山南东道","复州","竟陵",,"湖北","湖北省直辖县级行政区划","天门市","113.172549","30.669711",,"居乡","",,"","","李福标《皮陆年谱》第76页",,,,"王秀林"
"唐","皮日休","宣宗大中元年丁卯","847",,,"14","","山南东道","复州","竟陵",,"湖北","湖北省直辖县级行政区划","天门市","113.172549","30.669711",,"居乡","",,"","","李福标《皮陆年谱》第77页",,,,"王秀林"
"唐","皮日休","宣宗大中二年戊辰","848",,,"15","","山南东道","复州","竟陵",,"湖北","湖北省直辖县级行政区划","天门市","113.172549","30.669711",,"居乡","",,"","","李福标《皮陆年谱》第77页",,,,"王秀林"
"唐","皮日休","宣宗大宗三年己巳","849",,,"16","","山南东道","复州","竟陵",,"湖北","湖北省直辖县级行政区划","天门市","113.172549","30.669711",,"居乡","",,"","","李福标《皮陆年谱》第78页",,,,"王秀林"
"唐","皮日休","宣宗大中四年庚午","850",,,"17","","山南东道","复州","竟陵",,"湖北","湖北省直辖县级行政区划","天门市","113.172549","30.669711",,"居乡","",,"","","李福标《皮陆年谱》第78页",,,,"王秀林"
"唐","皮日休","宣宗大中五年辛未","851",,,"18","","山南东道","复州","竟陵",,"湖北","湖北省直辖县级行政区划","天门市","113.172549","30.669711",,"居乡","",,"","","李福标《皮陆年谱》第78页",,,,"王秀林"
"唐","皮日休","宣宗大中六年壬申","852",,,"19","","山南东道","复州","竟陵",,"湖北","湖北省直辖县级行政区划","天门市","113.172549","30.669711",,"居乡","",,"","","李福标《皮陆年谱》第78页",,,,"王秀林"
"唐","皮日休","宣宗大中七年癸酉","853",,,"20","","山南东道","襄州",,"鹿门山","湖北","襄阳市",,"112.129089","32.014789","","襄阳隐读","",,"","","李福标《皮陆年谱》第79页",,,,"王秀林"
"唐","皮日休","宣宗大中八年甲戌","854",,,"21","","山南东道","襄州",,"鹿门山","湖北","襄阳市",,"112.129089","32.014789","","襄阳隐读","","","","","李福标《皮陆年谱》第83页",,,,"王秀林"
"唐","皮日休","宣宗大中九年乙亥","855",,,"22","","山南东道","襄州",,"鹿门山","湖北","襄阳市",,"112.129089","32.014789","","襄阳隐读","",,"","","李福标《皮陆年谱》第85页",,,,"王秀林"
"唐","皮日休","宣宗大中十年丙子","856",,,"23","","山南东道","襄州",,"鹿门山","湖北","襄阳市",,"112.129089","32.014789","","襄阳隐读","",,"","","李福标《皮陆年谱》第86页",,,,"王秀林"
"唐","皮日休","宣宗大中十一年丁丑","857",,,"24","","山南东道","襄州",,,"湖北","襄阳市",,"112.129089","32.014789","","皮日休或参加乡贡室，成绩优等，获选","",,"","","李福标《皮陆年谱》第89页",,,,"王秀林"
"唐","皮日休","宣宗大中十一年丁丑","857",,,"24","","都畿道","河南府","洛阳",,"河南","洛阳市",,"112.460033","34.624376",,"冬十月，或赴洛阳集试","",,"","","李福标《皮陆年谱》第89页",,,,"王秀林"
"唐","皮日休","宣宗大中十二年戊寅","858",,,"25","","山南东道","襄州",,,"湖北","襄阳市",,"112.129089","32.014789","入幕","入徐商襄州幕，皮日休或因“试艺精专”而为徐商所赏，招其入幕","",,"","","李福标《皮陆年谱》第92页",,,,"王秀林"
"唐","皮日休","宣宗大中十三年己卯","859",,,"26","","山南东道","襄州",,,"湖北","襄阳市",,"112.129089","32.014789","入幕","入徐商襄州幕，其与汉上酬唱文人或许有龃龉","汉上酬唱文人","酒箴","Article","酒箴
酒之所乐，乐其全真。宁能我醉，不醉于人。","李福标《皮陆年谱》第95页",,,,"王秀林"
"唐","皮日休","宣宗大中十三年己卯","859",,,"26","","山南东道","襄州",,,"湖北","襄阳市",,"112.129089","32.014789","入幕","入徐商襄州幕，三月中下旬，皮日休有《襄州春游》诗","","襄州春游","Poem","襄州春游
信马腾腾触处行，春风相引与诗情。等闲遇事成歌咏，取次冲筵隐姓名。映柳认人多错误，透花窥鸟最分明。岑牟单绞何曾著，莫道猖狂似祢衡。","李福标《皮陆年谱》第96页",,,,"王秀林"
"唐","皮日休","宣宗大中十三年己卯","859",,,"26","","山南东道","襄州",,,"湖北","襄阳市",,"112.129089","32.014789","入幕","入徐商襄州幕，应邑人刘永之邀，作《刘枣强碑》","刘永","刘枣强碑","Article","刘枣强碑
歌诗之风。荡来久矣。大抵丧于南朝。坏于陈叔宝。然今之业是者。苟不能求古于建安。即江左矣。苟不能求丽于江左。即南朝矣。或过为艳伤丽病者。即南朝之罪人也。吾唐来有是业者。言出天地外。思出鬼神表。读之则神驰八极。测之则心怀四溟。磊磊落落。直非世间语者。有李太白。百岁有是业者。彫金篆玉。牢奇笼怪。百锻为字。千练成句。虽不追躅太白。亦后来之佳作也。有与李贺同时。有刘枣强焉。先生姓刘氏名言。史不详其乡里。所有歌诗千首。其美丽恢赡。自贺外世莫得比。王武俊之节制镇冀也。先生造之。武俊性雄健。颇好词艺。一见先生。遂见异敬。将署之宾位。先生辞免。武俊善骑射。载先生以贰乘。逞其艺如野。武俊先骑惊双鸭起于蒲稗间。武俊控弦不再发。双鸭联毙于地。武俊欢甚。命先生曰。某之伎如是。先生之词如是。可谓文武之会矣。何不出一言以赞邪。先生由是马上草射鸭歌以示武俊。议者以为祢正平鹦鹉赋之类也。武俊益重先生。由是奏请官先生。诏授枣强县令。先生辞疾不就。世重之曰刘枣强。亦如范莱芜之类焉。故相国陇西公夷简之节度汉南也。少与先生游。且思相见。命列将以襄之髹器千事赂武俊。以请先生。武俊许之。先生由是为汉南相府宾冠。陇西公日与之为笔宴。其献酬之歌诗。大播于当时。陇西公从事或曰。以某下走之才。诚不足污辱重地。刘枣强至重。必以公宾刘于幕吏之上。何抑之如是。公曰。愚非惜幕间一足地不容刘也。然视其状有不足称者。诸公视某与刘分岂有间然哉。反为之惜其寿尔。后不得已问先生所欲为。先生曰。司功椽甚閒。或可承阙。相国由是椽之。虽居官曹。宴见与从事仪埒。后从事又曰。刘枣强纵不容在宾署。承乏于掾曹。诎矣。奚不疏整其秩。相国不得已而表奏焉。诏下之日。先生不恙而卒。相国哀之恸曰。果然止椽曹。然吾爱客。葬之有加等。坟去襄阳郭五里。曰柳子关。后先生数十岁。日休始以鄙文称于襄阳。襄阳邑人刘永。高士也。尝述先生之道业。常咏先生之歌诗。且叹曰。襄之人只知有孟浩然墓。不知有先生墓。恐百岁之后。埋灭而不闻。与荆棘凡骨溷。吾子之文。吾当刊焉。日休曰。存既摭实。录之何愧。呜呼。先生之官卑不称其德。宜加私谥。然枣强之号。世已美矣。故不加焉。是为刘枣强碑。铭曰。巳夫先生。禄不厚矣。彼苍不诚。位既过于赵壹兮。才又逾于祢衡。既当时之有道兮。非殁世而无名。呜呼。襄阳之西。坟高三尺而不树者。其先生之故茔。","李福标《皮陆年谱》第97页",,,,"王秀林"
"唐","皮日休","懿宗咸通元年、宣宗大中十四年庚辰","860",,,"27","","山南东道","襄州",,,"湖北","襄阳市",,"112.129089","32.014789",,"襄阳隐读，与史拱山人游","史拱山人","史处士","Poem","史处士
山期须早赴，世累莫迟留。忽遇狂风起，闲心不自由。","李福标《皮陆年谱》第99页",,,,"王秀林"
"唐","皮日休","懿宗咸通元年、宣宗大中十四年庚辰","860",,,"27","","山南东道","襄州",,,"湖北","襄阳市",,"112.129089","32.014789",,"襄阳隐读，与从弟皮崇相聚，皮日休有诗相送","从弟皮崇","送从弟归复州","Poem","送从弟皮崇归复州
羡尔优游正少年，竟陵烟月似吴天。车螯近岸无妨取，舴艋随风不费牵。处处路傍千顷稻，家家门外一渠莲。慇勤莫笑襄阳住，为爱南溪缩项鳊。","李福标《皮陆年谱》第102页",,,,"王秀林"
"唐","皮日休","懿宗咸通元年、宣宗大中十四年庚辰","860",,,"27","","山南东道","襄州",,,"湖北","襄阳市",,"112.129089","32.014789",,"襄阳隐读，邓州刺史某闻皮日休之名，礼聘之，不应，并作《食箴》","邓州刺史","食箴","Article","食箴
膏梁之门。日纵异嗜。年成奇欲。未必不为御者之奔华元也。子家之伐灵公也。晋灵之杀宰夫也。卢蒲癸之杀庆舍也。此犹之禽兽欲争食而死者矣。故食于天子者则死其天下。食于诸侯者则死其国。食于大夫者则死其邑。食于士者则死其家。又焉能以乡里亲戚州鄙为让乎。大夫曰善。自惟食之性不能自节。亦犹酒之性也。复箴以自符。箴曰。宁能我食。不食于人。复食于人。是食其身。","李福标《皮陆年谱》第102页",,,,"王秀林"
"唐","皮日休","懿宗咸通元年、宣宗大中十四年庚辰","860",,,"27","","山南东道","襄州",,,"湖北","襄阳市",,"112.129089","32.014789",,"襄阳隐读，《六箴》或作于此时","","六箴","Article","","李福标《皮陆年谱》第103页",,,,"王秀林"
"唐","皮日休","懿宗咸通元年、宣宗大中十四年庚辰","860",,,"27","","山南东道","襄州",,,"湖北","襄阳市",,"112.129089","32.014789",,"襄阳隐读，《七爱》或作于此时","","七爱","Article","","李福标《皮陆年谱》第103页",,,,"王秀林"
"唐","皮日休","懿宗咸通元年、宣宗大中十四年庚辰","860",,,"27","","山南东道","襄州",,,"湖北","襄阳市",,"112.129089","32.014789",,"襄阳隐读，《鹿门隐书》或作于此时","","鹿门隐书","Article","","李福标《皮陆年谱》第103页",,,,"王秀林"
"唐","皮日休","懿宗咸通二年辛巳","861",,,"28","","山南东道","襄州",,,"湖北","襄阳市",,"112.129089","32.014789","入幕","秋初，江西观察使裴寅任满回京，路出襄阳，皮日休干谒之，并陪襄州延庆寺，献诗","裴寅","陪江西裴公游襄州延庆寺","Poem","陪江西裴公游襄州延庆寺
丹霄路上歇征轮，胜地偷闲一日身。不署前驱惊野鸟，唯将后乘载诗人。岩边候吏云遮却，竹下朝衣露滴新。更向碧山深处问，不妨犹有草茅臣。","李福标《皮陆年谱》第110页",,,,"王秀林"
"唐","皮日休","懿宗咸通二年辛巳","861",,,"28","","山南东道","复州","竟陵",,"湖北","湖北省直辖县级行政区划","天门市","113.172549","30.669711","入幕","离别襄阳，回复州竟陵","",,"","","李福标《皮陆年谱》第113页",,,,"王秀林"
"唐","皮日休","懿宗咸通二年辛巳","861",,,"28","","江南西道","洪州","建昌",,"江西","九江市","永修县","115.815566","29.027274","入幕","经永修县北上时，游云居院，访玄福上人，有诗记之。","玄福上人","过云居院玄福上人旧居","Poem","过云居院玄福上人旧居
重到云居独悄然，隔窗窥影尚疑禅。不逢野老来听法，犹见邻僧为引泉。龛上已生新石耳，壁间空带旧茶烟。南宗弟子时时到，泣把山花奠几筵。","李福标《皮陆年谱》第114页",,,,"王秀林"
"唐","皮日休","懿宗咸通二年辛巳","861","9",,"28","","江南西道","洪州",,,"江西","南昌市",,"115.864528","28.687675","入幕","九月，干谒裴谟、裴坦兄弟，人洪州江西观察使，与裴氏兄弟有诗文酬唱","裴谟，裴坦","贫居秋日","Poem","贫居秋日
亭午头未冠，端坐独愁予。贫家烟爨稀，灶底阴虫语。门小愧车马，廪空惭雀鼠。尽室未寒衣，机声羡邻女。","李福标《皮陆年谱》第114页",,,,"王秀林"
"唐","皮日休","懿宗咸通二年辛巳","861",,,"28","","江南西道","洪州",,,"江西","南昌市",,"115.864528","28.687675","入幕","九月，干谒裴谟、裴坦兄弟，人洪州江西观察使，与裴氏兄弟有诗文酬唱","裴谟，裴坦","奉献致政裴秘监","Poem","奉献致政裴秘监
何胤本徵士，高情动天地。既无阀阅门，常嫌冠冕累。宰邑著嘉政，为郡留高致。移官在书府，方乐鸳池贵。玉季牧江西，泣之不忍离。舍杖随之去，天下钦高义。乌帽白絺裘，篮舆竹如意。黄菊陶潜酒，青山谢公妓。月槛咏诗情，花溪钓鱼戏。钟陵既方舟，魏阙将结驷。甘求白首闲，不为苍生起。优诏加大监，所以符公议。既为逍遥公，又作鸱夷子。安车悬不出，驷马闲无事。微雨汉陂舟，残日终南骑。富贵尽凌云，何人能至此。猜祸皆及身，何复至如是。贤哉此丈夫，百世一人矣。","李福标《皮陆年谱》第114页",,,,"王秀林"
"唐","皮日休","懿宗咸通二年辛巳","861","10",,"28","","江南西道","洪州",,,"江西","南昌市",,"115.864528","28.687675","入幕","冬，入江西观察使幕","","秋叶有怀秋江晓望","Poem","","李福标《皮陆年谱》第115页",,,,"王秀林"
"唐","皮日休","懿宗咸通二年辛巳","861",,,"28","","江南西道","洪州",,,"江西","南昌市",,"115.864528","28.687675","入幕","冬，入江西观察使幕","","旅舍除夜","Poem","旅舍除夜
永夜谁能守，羁心不放眠。挑灯犹故岁，听角已新年。出谷空嗟晚，衔杯尚愧先。晚来辞逆旅，雪涕野槐天。","李福标《皮陆年谱》第115页",,,,"王秀林"
"唐","皮日休","懿宗咸通三年壬午","862",,,"29","","江南西道","洪州",,,"江西","南昌市",,"115.864528","28.687675","入幕","在江西观察使幕","",,"","","李福标《皮陆年谱》第119页",,,,"王秀林"
"唐","皮日休","懿宗咸通三年壬午","862","5",,"29","","江南西道","江州","彭泽",,"江西","九江市","彭泽县","116.55562","29.90215","入幕","在江西观察使幕，五月，游庐山，至江州彭泽。受裴坦之荐，干谒李正范","李正范","咏鬼诗","Poem","","李福标《皮陆年谱》第119页",,,,"王秀林"
"唐","皮日休","懿宗咸通三年壬午","862",,,"29","","江南西道","江州","彭泽",,"江西","九江市","彭泽县","116.55562","29.90215","入幕","在江西观察使幕，尝与友人李中白相处。八月或入冬之后，皮日休获九江之荐","李中白","喜鹊","Poem","喜鹊
弃膻在庭际，双鹊来摇尾。欲啄怕人惊，喜语晴光里。何况佞倖人，微禽解如此。","李福标《皮陆年谱》第120页",,,,"王秀林"
"唐","皮日休","懿宗咸通三年壬午","862",,,"29","","京畿道","长安",,,"陕西","西安市",,"108.946306","34.347436",,"冬，皮日休离江右而至长安","",,"","","李福标《皮陆年谱》第121页",,,,"王秀林"
"唐","皮日休","懿宗咸通三年壬午","862",,,"29","","京畿道","长安",,,"陕西","西安市",,"108.946306","34.347436",,"皮日休入长安后，或干谒前江西观察使、户部侍郎裴寅","裴寅",,"","","李福标《皮陆年谱》第121页",,,,"王秀林"
"唐","皮日休","懿宗咸通三年壬午","862",,,"29","","京畿道","长安",,,"陕西","西安市",,"108.946306","34.347436",,"入长安，即招谗致谤，乃愤然自辨。","","内辨","Article","内辨
日休自布衣受九江之荐。与计偕寓止永崇里。居浃旬。有来候者曰。子几退于有司。几孰于执事。其誉与名。煜煜于京师矣。致是也者孰自。曰。偶与计偕者。曾未识咸阳城阙。所贽者未及卿相之门。所趋者未入势利之地。其誉与名。反不知其自矣。曰。闻子受今小司徒河东公知素矣。公当时之望。溟渤于文场。嵩华于朝右。子之上第。不足凭他门。曰。公之为前达接后进。今之中古人也。愚欲自知其道。干之以其文。以名臣之威。绌贱士之礼。其为知大矣。所谓干之以其道。知之亦以其道。遇其人则宣之于口。不遇其人则贮之于心。非佞传媚说者也。或者不怿而退。居一日。又有来者曰。喋喋之人。谓子赖其知。欲一举于有司。信哉。曰。于戏。圣天子之世。文教如膏雨。儒风如扶摇。草茅之士得以达。市井之子可以进。名场大辟。豁若广路。千百人各负累能。时执事各立用誉。如日休之才。处于场中。若放鲲鲕于东溟。逐獐麛于五岳。以小入大。以微混众。其汨汨没没。昭然可知矣。岂能一举于有司哉。或练穷物态。晓尽时机。一二十举于有司。倘处之下列。行其道也。上可以布大知。下可以存禄利而已矣。曰。若能者谤欤。子宜默处梁上。第防其萌。曰。大圣者不过周孔。然犹管蔡谤然前。叔孙毁于后。何由处世而然。亦犹登高者必望。临深者必窥矣。诗曰。谗言罔极。交乱四国。夫四国且乱。况一士哉。虽然。敢不防其萌。呜呼。防而免者人欤。防而不免者天欤。","李福标《皮陆年谱》第121页",,,,"王秀林"
"唐","皮日休","懿宗咸通三年壬午","862",,,"29","","京畿道","长安",,,"陕西","西安市",,"108.946306","34.347436",,"皮日休谒成均博士某，与归氏子相侮，或在此时","成均博士，归氏子","移成均博士书","Article","移成均博士书
夫居位而愧道者。上则荒其业。下则偷其言。业而可荒。文弊也。言而可偷。训薄也。故圣人惧是。寖移其化。上自天子。下至子男。必立庠以化之。设序以教之。犹歉然不足。士有业高训深。必诎礼以延之。越爵以贵之。俾庠声序音。玲珑以珩佩。锵訇于金石。此圣人之至治也。今国家立成均之业。其礼盛于周。其品广于汉。其诎礼越爵。又甚于前世。而未免乎愧道者何哉。夫圣人之为文也。为经约乎史。赞易近乎象。诗书止乎删。礼乐止乎定。春秋止乎修。然六籍仪刑乎千万世。百王更命迭号。莫不由是大也。其幽幽于鬼神。其妙妙于元造。后之人苟不能行决句释者。犹万物但被元造之化者耶。故万物但化而巳。不知元造之源也。六艺于人。又何异于是。故诗得毛公。书得伏生。易得杨何。礼得二戴。周官得郑康成。摫其微言。釽其大义。幽者明于日月。奥者廓于天地。然则今之讲习之功与决释之功。不啻半矣。其文得不弊乎。其训得不薄乎。呜呼。西域氏之教。其徒日以讲习决释其法为事。视吾之太学。又足为西域氏之羞矣。足下出文阃生学世。业精前古。言高当今。洸洸乎。洋洋乎。为诸生之蓍龟。作后来之绵蕝。得不思居其位者不愧其道。处于职者不堕其业乎。否则市大易负乘之讥。招诗人伐檀之刺矣。奚不日诫其属。月励其徒。年持六籍。日决百氏。俾诸生于盛典也。洞知大晓。犹驾车者必知康庄。操舟者必知河海。既若是矣。执其业者。精者进而堕者退。公者得而私者失。非惟大发于儒风。抑亦不苟于禄位。足下之道被于太学也。其利可知矣。果行是说。则太华之石。峨峨于成均之门者。吾不颂于他人矣。足下听之无忽。日休再拜。","李福标《皮陆年谱》第124页",,,,"王秀林"
"唐","皮日休","懿宗咸通四年癸未","863",,,"30","","京畿道","长安",,,"陕西","西安市",,"108.946306","34.347436",,"科举落第","","","","","李福标《皮陆年谱》第128页",,,,"王秀林"
"唐","皮日休","懿宗咸通四年癸未","863",,,"30","","都畿道","河南府","洛阳",,"河南","洛阳市",,"112.460033","34.624376",,"科举落第，献书有司，请以《孟子》为学科，视同明经","","请孟子为学科书","Article","请孟子为学科书
臣闻圣人之道。不过乎经。经之降者。不过乎史。史之降者。不过乎子。子不异乎道者。孟子也。舍是子者。必戾乎经史。又率于子者。则圣人之盗也。夫孟子之文。粲若经传。天惜其道。不烬于秦。自汉氏得其书。常置博士以专其学。故其文继乎六艺。光乎百氏。真圣人之微旨也。若然者。何其道奕奕于前。而其书没没于后。得非道拘乎正。文极乎奥。有好邪者惮正而不举。嗜浅者鄙奥而无称耶。盖仲尼爱文王嗜昌歜以取味。后之人将爱仲尼者。其嗜在孟子矣。呜呼。古之士以汤武为逆取者。其不读孟子乎。以杨墨为达智者。其不读孟子乎。由是观之。孟子之功利于人。亦不轻矣。今有司除茂才明经外。其次有熟庄周列子书者。亦登于科。其诱善也虽深。而悬科也未正。夫庄列之文。荒唐之文也。读之可以为方外之士。习之可以为鸿荒之民。安有能汲汲以救时补教为志哉。伏请命有司去庄列之书。以孟子为主。有能精通其义者。其科选视明经。苟若是也。不谢汉之博士矣。既遂之。如儒道不行。圣化无补。则可刑其言者。","李福标《皮陆年谱》第129页",,,,"王秀林"
"唐","皮日休","懿宗咸通四年癸未","863","3",,"30","","都畿道","河南府","洛阳",,"河南","洛阳市",,"112.460033","34.624376",,"三月寒食日，作《洛中寒食二首》","","洛中寒食二首","Poem","洛中寒食二首 其一
千门万户掩斜晖，绣幰金衔晚未归。击鞠王孙如锦地，斗鸡公子似花衣。嵩云静对行台起，洛鸟闲穿上苑飞。唯有路傍无意者，献书未纳问淮肥。
洛中寒食二首 其二
远近垂杨映钿车，天津桥影压神霞。弄春公子正回首，趁节行人不到家。洛水万年云母竹，汉陵千载野棠花。欲知豪贵堪愁处，请看邙山晚照斜。","李福标《皮陆年谱》第133页",,,,"王秀林"
"唐","皮日休","懿宗咸通四年癸未","863","3",,"30","","都畿道","河南府","洛阳",,"河南","洛阳市",,"112.460033","34.624376",,"三月寒食日，又作《河桥赋》","","河桥赋","Article","河桥赋
西荒之外。有昆崙山。帝都之下。丰隆在焉。其表无际。其高破天。河汉极北。昭回相连。分其坎德。遂有河源。其出绵绵。其流涓涓。如带是也。滥觞信然。始礐石以作注。终裂地以成川。迨乎放勋之世。重华之年。其水怀山。其波浸天。鳌怒则蹴翻五岳。鲸激则掉破百川。迅澓欻而似曝。涌湍濆而若煎。渍地轴以摧矣。烂天轮而缺然。草木则尾闾之外。日月则沃焦之巅。人民死而为介。裸虫化而为蠙。有桑不绩。有麻不田。此则乘垲望万里之渊。且夫天地之前。有河生焉。则盘石之神。不能导而使归海。朴父之力。不能疏而使为川。岂非元命未降。抑自上元。大圣未出。大功未宣。天之作矣。抑有由焉。于是尧之心。恻然惘然。咨其四岳。举尔所贤。天之元命。不自于鲧。鲧虽作矣。其功不全。果殛于山。其罪昭然。天之元命。降而自禹。禹既作矣。其功如天。于是禹之心。忧然劳然。股既无胈。过不入门。以已为下。以物为先。既乘橇以即檋。又随山而浚川。导自积石。至于龙门。裂岝𡺀以风响。斩崭岩而昼昏。破灵怪窟。断天地根。分其注使不可溃。修其流使不可吞。然后千岩万壑。雷吼电奔。抉逆流而并泻。入渤海以犹浑。天下安流。昏垫无忧。禹功既大。舜禅克修。其功也与天优优。其绩也与河悠悠。兆庶其安。九河如箭。浊不可鉴。崄不可见。涡若惊风。浪如狂电。若此帝妫之世。则其流也如丝如线。在昔典午之世也。其君实良。其臣孔臧。念济者之太劳。乃致功而去航。子产之济也不足比。充国之奏也胡可方。于是督斤斧于梓匠。下材干于豫章。造其舟也。乃絙乃杠。乃舆乃梁。功既夺于利涉。力可侔于巨防。如御鼋鼍者以妖为德。聚鱼鳖者以怪为祥。观其步高于空。履险于深。其形也若剑倚天外。其状也若龙横水心。其高也若大虹之贯天。风吹不动。其壮也若巨鳌之压海。浪泛不沈。曙色霍开。济者相排。如川失水。一物时来。蹄响如雨。车音若雷。有贤有俊。有隶有台有贫有窭。有货有财。噫。前王之道。深有旨哉。在水则河桥晓济。在陆则四关尽开。水之与陆。一贯而来所以大同其轨。广纳其材。岂梁之防乎。抑闻三代之桥也。不斤不斧。不徒不杠。以道为水。以贤为梁。济民者民不病溺。济世者世不颓纲。开之也通仁流义。闭之也关淫限荒。夏之梁也曰汤。殷之梁也曰昌。周之梁也曰旦。汉之梁也曰光。自汉之季。国窃主折。为水者以洚以强。及隋之世。为梁者唐。故能济民于万方。同轨于八荒。是知河桥之义也。可以献于天王。","李福标《皮陆年谱》第133页",,,,"王秀林"
"唐","皮日休","懿宗咸通四年癸未","863","3",,"30","","都畿道","河南府","洛阳",,"河南","洛阳市",,"112.460033","34.624376",,"三月寒食日，又作《首阳山碑》","","首阳山碑","Article","首阳山碑
天必从道。道不由天。其曰人乎哉。大圣应千百年之运。仁发于祥。义发于瑞。上圣帝也。次素王也。莫不应乎天地。亘乎日月。动乎鬼神。或有守道以介死。秉志以穷生。确然金石。不足为贞。澹然冰玉。不足为洁。非其上古圣人。不以动其心。况当世富贵之士哉。斯其自信乎道。则天地不可得而应者也。呜呼。夷齐之志。当以神农虞夏形于言。由是观之。岂有意于文武者哉。然迹其归周不从谏而死。彼当求西伯也。而得武王。不曰得仁乎。既得其仁而不取其谏。则夷齐之死宜矣。太史公以其饿死责乎天道。呜呼。若夷齐之行。可谓道不由天者乎。如不得仁而饿死。天可责也。苟夷齐以殷乱可去。而臣于周。则周召之列矣。奚有首阳之阨乎。若夷齐者自信其道。天不可得而应者也。天尚不可应。况于人乎。况于鬼神乎。","李福标《皮陆年谱》第134页",,,,"王秀林"
"唐","皮日休","懿宗咸通四年癸未","863","3",,"30","","都畿道","河南府","洛阳",,"河南","洛阳市",,"112.460033","34.624376",,"三月寒食日，又作《文中子碑》","","文中子碑","Article","文中子碑
天不能言。阴骘乎民。民不可纵。是生圣人。圣人之道德与命符。是为尧舜。性与命乖。是为孔颜。噫。仲尼之化。不及于一国。而被于天下。不治于一时。而霈于万世。非删诗书定礼乐赞周易修春秋者乎。故孟子叠踵孔圣。而赞其道。夐出千世。而可继孟氏者。复何人哉。文中子王氏。讳通字仲淹。生于陈隋之间。以乱世不仕。退于汾晋。序述六经。敷为中说。以行教于门人。夫仲尼删诗书定礼乐赞周易修春秋。先生则有礼论二十五篇。续诗三百六十篇。元经三十一篇。易赞七十篇。孟子之门人有高第弟子公孙丑万章焉。先生则有薛收李靖魏徵李绩杜如晦房玄龄。孟子之门人郁郁于乱世。先生之门人赫赫于盛时。较其道与孔孟。岂徒然哉。设先生生于孔圣之世。余恐不在游夏之亚也。况七十子欤。惜乎德与命乖。不及䖟吾唐受命而殁。苟唐得而用之。贞观之治。不在于房杜褚魏矣。后先生二百五十馀岁生日休。嗜先生道。业先生文。因读先生后序。尚阙于赞述。想先生封隧所在。因为铭曰。大道不明。天地沦精。俟圣畅教。乃出先生。百氏黜迹。六艺腾英。道符真宰。用失阿衡。先生门人。为唐之桢。差肩明哲。接武名卿。未逾一纪。致我太平。先生之功。莫之与京。","李福标《皮陆年谱》第134页",,,,"王秀林"
"唐","皮日休","懿宗咸通四年癸未","863",,,"30","","河南道","许州",,,"河南","许昌市",,"113.858804","34.041737",,"皮日休至许昌，作《三羞诗》之“南蛮不择吏”；又作《忧赋》","","《三羞诗》之“南蛮不择吏”","Poem","","李福标《皮陆年谱》第136页",,,,"王秀林"
"唐","皮日休","懿宗咸通四年癸未","863",,,"30","","河南道","许州",,,"河南","许昌市",,"113.858804","34.041737",,"皮日休至许昌，作《三羞诗》之“南蛮不择吏”；又作《忧赋》","","忧赋","Article","忧赋
上有太古。粤有民族。颛若混命。愚如视肉。当斯时也。虽三王之道不能化。五帝之泽不能沐。迨乎混沌欻起。觇视騞分。其形也有精有神。其心也有伪有真。既凋其质。又秀其纯。有智有机。有义有仁。有怨有怼。有悲有辛。居人灵府者。总属于神。神之生也。摄爽孕精。胎意婴情。不迹不眹。无臭无声。不居于愚。不侵于婴。先物而动。先人而行。不注而溢。不丝而萦。神之居也。填胸塞臆。冥冥默默。静如寐魔。将语不得。其遇如噎。其饮如食。其轻者瘠。其重者殛。神之行也。其居幽幽。其行悠悠。来不可抑。去不可留。其情如剸。其绪如抽。其刚为愤。其弱为羞。其子为恨。其孙为愁。入人之心也。如毒如螫。如虔如刘。不纶而渔。不兵而蒐。其坚也龙泉不能割。其痛也蓖荔不能瘳。入人之怀也。倘倘佯佯。隐隐遑遑。牢然不胜。悒若有亡。威能制佚。力可摧刚。乖人之性。反天之常。不丧而戚。不役而忙。不触而醉。不驰而狂。是知食鯈鱼者不能巳。树萱草者不可忘。倘怀如嚄唶者。其人立伤。入人之神也。昧人之精。烁人之英。痴然而作。如病宿酲。虽有王澄之色必俛。乐广之神不清。入人之首也。欻从内热。郁而上结。不劳膏沐。自清其发。有久而释者。则其人也。冠丝簪雪。入人之眉也。于悒摧颓。思不自裁。动如葭灰。飞上眉来。颦然无力。自落金杯。有积而未巳者。双眉之翠如一月不开。入人之目也。端坐日晏。凝然忘倦。注睫直视。外象不遍。虽有斧藻之绣。毛嫱骊姬到于前。昏如有事。入人之耳也。希希夷夷。俯而不思。殷然满耳。其身如尸。虽师旷之善听。苟入之也。迅雷烈风。亦不闻之。入人之齿也。噤其齿牙。淡其含咀。悲嗟既巳。哆如饿虎。虽有膹炙餫𩝧堆其前。粝不可茹。入人四枝也。如絷如维。如劳如疲。其力如柳。弱不可支。苟甚者。消骨枯髓。夺色削肌。其人也立不胜衣。噫嘻呜呼。忧之甚也如斯。向其入之也。臣皆有之。然犹未忧。何实为师。既忧其身。须忧其时。苟肉食者谋失。而藿食者殃罹。可不忧欤。可不忧欤。夫于政而疲。于禄而尸。王道不宣。皇纲不维。元恶作矣。大盗乘之。是臣忧也。后之际。阴教规矩。夏德涂山。周赞文母。牝鸡无晨。中馈有主。苟奇邪而不黜。乃神器之可取。宫掖紊乱。奸邪麀聚。文信为相而私后。董偃作庸而尚主。其甚也。汉成母以国循姓。周宣后将权授父。是臣忧也。储后之选。实贤与良。少海增润。重离益光。辅导不至。乃为猖狂。叹戾园之思子。嗟临江之悯王。斯爱是即。恶乃易彰。其甚者。悯怀死而晋乱。房陵易而隋亡。是臣忧也。封宗王嫡。所以贵亲。茅土足以继其后。印绶足以饰其身。至乃割域中之土宇。半天下之黎民。王犹未足。乱以遄臻。其甚者。篡则王伦孙秀。杀则清河万人。是臣忧也。辅之而王。在忠与良。致叔父于折木。取太公于钓璜。宠之极也。其化为权。权之极也。其化为强。其甚者。曹操以兵而上殿。高澄抑帝而劝觞。是臣忧也。内竖之臣。乃宠而绥。竖刁乱齐之日。伊戾祸宋之时。西汉则中令扇迹。东京则鄛卿构基。举手天转。切齿国危。其甚者。陈蕃以贤而陷矣。何进用忠而僇之。是臣忧也。贾谊爱时。仕止于国傅。桓谭非谶。官止于郡丞。是臣忧也。将在于军。君命不复。知魏绛之法行。见条侯之令肃。郭开受谏。李牧就诛。范睢一言。武安被僇。是臣忧也。王臣蹇蹇。言须逆耳。治乱终书。善恶必纪。赵盾终屈于董狐。崔杼竟书于太史。至有陈象极言以族灭。李云上书而身死。是臣忧也。悬官待贿。命相取资。崔烈作司徒之日。曹嵩为太尉之时。未搜岩穴。莫访茅茨。秦缪既诛于五羖。桓魋将退于仲尼。是臣忧也。法令如网。随而补之。肺石之上。落人涕洟。公孙鞅恢令之法。严延年扫墓之期。是臣忧也。命将兴师。夸力四夷。既侵岭徼。又定边陲。以无用之沙漠。竭有限之民资。是以先王谓之荒服。后嗣谓之羁縻。岂可使亲帅武旅。躬挥战阵。故汉高有白登之辱。隋炀有雁门之围。是臣忧也。出警入跸。以示严肃。非有事于名山。即展义于群牧。故昭王游汉水以无归。宣帝幸中山而不复。是臣忧也。功作非宜。夺民农时。我簠不粢。我黍阻饥。倾宫既作。阿房又施。人既怨矣。鬼其泣之。是臣忧也。头会箕敛。关征市赋。民之胥怨。无所赴愬。人厌进修。家为积聚。卜式出于富人。宏羊拔于贾竖。是臣忧也。外戚之贵。上公是列。西汉则王根为玉山。东京则郭况制金穴。国步将移。天泽未歇。不师殷鉴。尚遵覆辙。是臣忧也。大乐既没。淫声是起。宋都已改。行人贪贿。如斯陈国一时雄。玉树后庭花至死。是臣忧也。先之而昌。后之而亡。先之者尧兴唐。舜兴虞。后之者癸丧夏。辛丧商。故王之忧国者而日旰不食。士之忧位者而载贽出疆。鹑居●食者何汲汲。孔席墨突者何遑遑。故臣之忧也。尽此而巳矣。愿陛下忧之。治可致乐康。道可跻羲皇。则天下幸甚。","李福标《皮陆年谱》第136页",,,,"王秀林"
"唐","皮日休","懿宗咸通四年癸未","863","4",,"30","","山南东道","郢州",,,"湖北","荆门市","钟祥市","112.594642","31.173997",,"刺史郑诚建孟亭以纪念孟浩然，皮日休为作《郢州孟亭记》","郑诚","郢州孟亭记","Article","郢州孟亭记
明皇世。章句之风大得建安体。论者推李翰林杜工部为尤。介其间能不愧者。惟吾乡之孟先生也。先生之作。遇景入咏。不拘奇抉异。令龌龊束人口者。涵涵然有干霄之兴。若公输氏当巧而不巧者也。北齐美萧悫芙蓉露下落。杨柳月中疏。先生则有微云澹河汉。疏雨滴梧桐。乐府美王融日霁沙屿明。风动甘泉浊。先生则有气蒸云梦泽。波撼岳阳城。谢朓之诗句精者。有露湿寒塘草。月映清淮流。先生则有荷风送香气。竹露滴清响。此与古人争胜于釐毫间也。他称是者众。不可悉数。呜乎。先生之道。复何言耶。谓乎贫。则天爵于身。谓乎死。则不朽于文。为士之道。亦以至乎。先生襄阳人也。日休襄阳人也。既慕其名。亦睹其貌。盖仲尼思文王则嗜昌歜。七十子思仲尼则师有若。吾于先生见之矣。说者曰。王右丞笔先生貌于郢之亭。每有观型之志。四年。荥阳郑公诚刺是州。余将抵江南。𫇢舟而诣之。果以文见贵。则先生之貌纵视矣。先是亭之名取先生之讳。公曰。焉有贤者名。为趋厮走养朝夕言于刺史前耶。命易之以先生姓。日休时在宴。因曰。春秋书纪季公子友仲孙湫字者。贵之也。故书名曰贬。书字曰贵。况以贤者名署于亭乎。君子是以知公乐善之深也。百祀之弊。一朝而去。则民之弊也去之可知矣。见善不书。非圣人之志。宴豆既彻。立而为文。咸通四年四月三日记。","李福标《皮陆年谱》第137页",,,,"王秀林"
"唐","皮日休","懿宗咸通四年癸未","863","5",,"30","","山南东道","复州","竟陵",,"湖北","湖北省直辖县级行政区划","天门市","113.172549","30.669711",,"在竟陵短暂停留，继又南下洞庭，吊屈悼贾，有文","","悼贾","Article","悼贾
粤炎绪之嫣绵兮。其国度之未彰。天锡生以命理兮。冀其道之益光。伟吴公之知贤兮。道其名于文皇。既敐以召之兮。遂位之于上庠。悯耋儒之惷愚兮。对天问之不臧。既群愚之让俊兮。驰其誉之煌煌。嗟大汉之丕绪兮。虬其贤于污潢。上下溷而不分兮。议制削于骄王。杀僇棼而不制兮。断捽胡其寇攘。羌虏坌以侵华兮。曾不能以抑强。饵其嗜之延延兮。实三代之计良。念五德之更承兮。论尵结而不纲。乃秉臆以兴说兮。数用五而色尚黄。又诸侯以开国兮。输其租于咸阳。曾不得以抚民兮。俾其君兮可忘。请纡𦂕以乘印兮。各驰化于所疆。上既悦而欲大用兮。遭绛灌于东阳。道既摈兮何明。乃出傅于沅湘。侼沅波之滃洫兮。或漾棹以夷犹。望灵均之没所兮。顾其心之怊怊。临汨罗之浩漾兮。想怀沙之幽忧。森樛萝以蓊郁兮。时𤝴狖以相号。雾雨暗乎北渚。䗤毒乎芳洲。景黯沮以不明兮。若夫悼乎离骚。香依依兮杜若。韵凄凄兮篻簩。山隐隐以扫空兮。烟微微而淡秋。嗟吾不知所惑兮。泪懭恨以横流。当抱愤于渺藩兮。曾无足以少休。既菼薍以伤思兮。又鸺鹠以动愁。呜呼哀哉。世既不平领吾道以为非兮。吾复何依。蘋兰憔悴兮稂莠繁滋。麟凤匿迹兮枭獍腾威。哲匠罢斧兮拙者搆之。离娄闭目兮瞽者扬眉。子都蒙袂兮敦洽骋姿。呜呼哀哉。亦先生之尤也。眙其世之不可兮。何不解而去位。又垂万世之名兮。取舍在此。奚自谤于童羖兮。乃憪然而为累。盖伊尹三就五就之心兮。冀其民之可治。奈悯悯以不悟兮。又被之以非议。幸一人之再觉兮。答受之奥义。既孱王以堕驾兮。乃冤恸而已矣。讯曰。君不明矣莫我知。幽都寂兮和涕归。文悬日月兮俟后圣用之。大故忽兮其何足悲。","李福标《皮陆年谱》第139页",,,,"王秀林"
"唐","皮日休","懿宗咸通四年癸未","863","5",,"30","","江南西道","岳州",,"洞庭","湖南","岳阳市",,"113.135679","29.363262",,"在竟陵短暂停留，继又南下洞庭，吊屈悼贾，有文","","九讽系述","Article","","李福标《皮陆年谱》第139页",,,,"王秀林"
"唐","皮日休","懿宗咸通四年癸未","863","5",,"30","","江南西道","岳州",,"洞庭","湖南","岳阳市",,"113.135679","29.363262",,"在竟陵短暂停留，继又南下洞庭，吊屈悼贾，有文","","反招魂","Article","反招魂
承溟涬之命兮。付余才而辅君。君既不得乎志兮。余飘飘而播迁。余将荡大空而就灭兮。君又招余俾复身。余诣帝以请诀兮。帝俾巫阳以筮云。巫阳语余以不可归兮。故作词以招君。乃下招曰。君兮归来。故都慎不可留些。其君雄虺兮。其民封狐些。食民之肝鬲以为其肉兮。摘民之发肤以为其衣些。朝刀锯而暮鼎镬兮。上暧昧而下墨杘些。君兮归来。故都慎不可留些。余昔为比干之魂兮。干僇而余去些。未闻干贪生以自招兮。余竟洁其所处些。君兮归来。故都慎不可留些。余昔为伍胥之魂兮。胥僇而余逝些。未闻胥贪位以惜生兮。执属镂而不滞些。君兮归来。故都慎不可留些。余昔为宏演之魂兮。演自残而余行些。未闻演惜命以不死兮。俾其义而益明些。君兮归来。故都慎不可留些。帝命余以辅君兮。亦以君之忠介自。今以忠而见闻兮。尚盘桓而有待些。将自富贵而入羁旅兮。其志乃悔些。将恋骨肉而惜家族兮。何不自裁些。枭食母而獍食父兮。见禽兽之为生些。苟残者眉寿兮。实枭獍而同名些。君乎慎勿怀故都之恋归来乎。余为君存千古忠烈之荣名些。","李福标《皮陆年谱》第139页",,,,"王秀林"
"唐","皮日休","懿宗咸通四年癸未","863",,,"30","","江南东道","润州",,"白门","江苏","南京市",,"118.802891","32.064735",,"秋，至白门，游栖霞山寺，有诗","","白门表","Article","白门表
三年秋。徐卒无状。叛兵逐其帅。不再日。剽公私财析尽。异时卒有不平者。至是皆门抗之。监戎者以闻。上赫然大怒。命大将职正其罪。卒有首叛者。前后累劫其将曰银刀。至是命皆僇之无。赦。将至。先令徐裨将曰。银刀族无老幼。强者斩之。弱者幽之。及徐之枝邑派聚。捕银刀族且尽。或僇而枭者。或拲而送者。不浃日。其族无馀。或有诈弱惧僇。皆论幽于牢。迨六七百人。且俟大将命业兵之。居无何。上悯徐卒尽死中。或有不干其谋者偕僇。降内贵人于徐。诏曰。银刀族。诏至未死者贳之。六七百人分属数郡。未至属所。途亡为盗。四年夏。盗推其率。鼓而徐入。火里舍。将县令。诛制使。系虏民辎而掠货。徐守闭中城。竟不命偏将御之。盗得志徐去。四年秋。进士皮日休之白门。道逢徐民之耄者。泣曰。翁世富于徐。子孙嗣其业。祈二百年。前日以徐卒乱。翁之资已竭劫于兵矣。独存者居第。而已为残烬。翁以为天子命将尽杀之。且银刀族无三千人耳。遇圣天子在上。四境无征伐。重粮其属。厚衣其身。有餔儿啜孙。至死手不执干戈。体不被铠甲者。上于徐卒厚矣。今乃忘上恩。叛主帅。逐天子命将。残天子兆民。如此逆之甚也。上又活其半。今反盗而寇徐。前日翁之亡。独贿与产耳。今子孙为贼隶。妻女为贼室。馀骸残齿。溘然无取。呜呼。皇天仁于数百人。反不仁于一郡。岂得言者过耶。且兵者。圣王不能免其征。仁帝不能无其伐。是以逆者必杀。顺者必生。所以示天下不私也。往年数万之卒。逐天子命将。自树其便者。国家以不忍尽杀。因听之。皆贼而不贡。兵而不从。死而辄代。名为列藩。实一州之主也。故春秋讥世卿得专公禄者。以春秋小国。尚贬而不空。况今圣天子在上。百执事称职。万方雀息以无虞。四夷骏奔而入贡哉。前日徐卒幸活。而为盗于民。特苦国家无辱。或不尽僇而赦之。则自树其便者。日休曰。翁其力之贤者耶。吾知夫今之食其食者。未必有翁之是心也。幸以文贡。而未得入上言列。固不合陈便宜事。因采翁之说为表。庶天子召直言极谏者。得以遗之。","李福标《皮陆年谱》第140页",,,,"王秀林"
"唐","皮日休","懿宗咸通四年癸未","863",,,"30","","江南东道","润州",,"白门","江苏","南京市",,"118.802891","32.064735",,"秋，至白门，游栖霞山寺，有诗","","游栖霞寺","Poem","游栖霞寺
不见明居士，空山但寂寥。白莲吟次缺，青霭坐来销。泉冷无三伏，松枯有六朝。何时石上月，相对论逍遥。","李福标《皮陆年谱》第140页",,,,"王秀林"
"唐","皮日休","懿宗咸通四年癸未","863",,,"30","","淮南道","寿州",,,"安徽","六安市","寿县","116.793572","32.579375",,"冬，至寿州；岁末，再自寿州之江右","",,"","","李福标《皮陆年谱》第141页",,,,"王秀林"
"唐","皮日休","懿宗咸通四年癸未","863",,,"30","","淮南道","寿州",,"江右","安徽","六安市","寿县","116.793572","32.579375",,"冬，至寿州；岁末，再自寿州之江右","",,"","","李福标《皮陆年谱》第141页",,,,"王秀林"
"唐","皮日休","懿宗咸通五年甲申","864",,,"31","","淮南道","寿州",,"江右","安徽","六安市","寿县","116.793572","32.579375",,"春，皮日休自寿州之江右而道出英六城下，访咎繇庙，作《咎繇碑》","","咎繇碑","Article","咎繇碑
噫。谆谆之命。必归于德盛者。出不徒然。上应运。次命代。苟非相者。数十祀翼出于一时者。其运与命。彼失此得。彼得此失。咸在乎谆谆之命焉。奚在归乎德也。夫帝挚之德。不盛于尧。尧而得焉。十六族之德。不盛于舜。舜而得焉。至于咎繇。德齐于舜禹。道超乎稷启。禹荐于天。不命而殁。则谆谆之命奚归乎。呜呼。天何为哉。不付咎繇之命者。将欲空授天下哉。未必独死咎繇也。设咎繇得天下。其暮必荐益。益得天下。其暮之荐。必有其人。自咎繇之降。空授之主。其暴民黩天者。可忍言也哉。太史公曰。禹封咎繇之后于英六。五年春。日休自淝陵之江左。道出英六城下。因求遗实。厥祀存焉。乃絓马于古木。再拜于庙庭。退而碑之。请枞阳小尹刊于壁。铭曰。惟天降圣。不锡厥命。一篇帝谟。百王之镜。禹有奚遏。荐之不定。启有令德。受之而正。已矣何伤。明德逾盛。","李福标《皮陆年谱》第143页",,,,"王秀林"
"唐","皮日休","懿宗咸通五年甲申","864",,,"31","","江南西道","宣州","石埭",,"安徽","池州市","石台县","117.492585","30.216589",,"移书元征君某","元征君","移书元征君","Article","移元徵君书
徵君足下。行奇操峻。舍明天子贤宰相。退隐于陵阳。踞见青山。傲视白云。得丧不可摇其心。荣辱不能动其志。桎拲冠冕。泥滓禄位。甚善甚善。苟与足下同道者。必汲汲自退。名惟恐闻。行惟恐显。老死为山谷人矣。或名欲遗千载。利欲及当今者。闻足下之道。可以不进其说耶。日休闻古之圣贤。无不欲有意于民也。苟或退者。是时弊不可正。主惛不可晓。进则祸。退则安。斯或隐矣。有是者。世不可知其名。俗不能得其教。尚惧来世圣人责乎无意于民故也。此谓之道隐。其次者。行不端于巳。名不闻于人。欲乎仕则惧祸。欲乎退则思进。必为怪行以动俗。诙言以矫物。上则邀天子再三之命。下则取诸侯殷勤之礼。甚有百世之风。次有当时之誉。此之谓名隐。其次者。行有过僻。志有深傲。饰身不由乎礼乐。行巳不在乎是非。入其室者惟清风。升其牖者惟明月。木石然。糜鹿然。期夫道家之用。以全彼生。此之谓性隐。然而道隐者贤人也。名隐者小人也。性隐者野人也。有夫尧舜救世汤禹拯乱之心者。视道隐之人。由夫樵苏之民耳。况名与性哉。今天下虽无事。河湟有黠虏之患。岭徼有逋蛮之虞。主上焦心灼思。晏询夜谋。宰相战慄于岩廊。百执事奔走于朝右。然尚未复贞观开元之大治。有致君于唐虞。跻民于仁寿者。其人则鲜。其求则勤。元纁之聘。屡降于山林。少微之星。但明于霄汉。此真足下之所高视也。呜呼。斯时也。山林之间。宜倒衣以接礼。重趼以应命。赴明天子千年之运。成大丈夫万世之业。勋铭于钟鼎。德著于竹帛。可不盛哉。夫主上知足下之道久矣。加以郡守荐之。宰相誉之。虽锡命屡颁。而高风转固。接物日简。入山益深。且足下将为道隐乎。则道隐者世不可知其名。俗不能得其尚。足下之名尚矣。丹青于世矣。岂谓道隐哉。将为名隐乎。则名隐者以怪行动俗。以诙言矫物。足下之道。伸之而伊夔。屈之而夷齐。岂谓名隐哉。将为性隐乎。则性隐者饰身不由乎礼乐。行巳不在乎是非。足下顷荐名于有司。客位于侯伯。岂所谓性隐乎。然三隐者。足下皆出其表。复何为而高卧哉。如终卧陵阳而不起。是废乎古人之道者也。仲尼曰。素隐行怪。后世有述焉。吾弗为之也。君子遵道而行。半途而废。吾弗能巳矣。君子依乎中庸。遁世不见知而不悔。夫前二者。圣人之所不为。足下之学杨墨乎。申韩乎。何其悖于道也。如遁世不见知而不悔。则舜不为高蹈也。舜不为真隐也。足下其亦有意乎。如纳仆之言。翻然而起。醒然而用。朝庭必处足下于大谏。次用足下于宰辅。其在大谏也。以直气吹日月之翳。以正道立天地之根。先黜陟于朝廷。次按察于侯国。其在宰辅也。外以道宁四夷。内以法提百揆。俾天地反妖为瑞。使阴阳易愆为穰。然后以元菟乐浪为持节之州。昆崙崦嵫作驻跸之地。又不知房杜姚宋何人也。果行是道。罄南山之竹。不足以书足下之功。穷百谷之波。不足以注足下之善。以足下之风。可以知仆之志。以仆之道。可以发足下之文。故不远千里。授书于御者。用以吐仆臆中之奇贮也。仆之取舍。自有方寸。异时无望于足下。发函之后。但起无疑。不宣。日休再拜。","李福标《皮陆年谱》第144页",,,,"王秀林"
"唐","皮日休","懿宗咸通五年甲申","864",,,"31","","淮南道","舒州","枞阳",,"安徽","安庆市","枞阳县","117.226626","30.705784",,"刊《咎繇碑》于县壁，又作《补大戴礼祭法文》","","咎繇碑","Article","咎繇碑
噫。谆谆之命。必归于德盛者。出不徒然。上应运。次命代。苟非相者。数十祀翼出于一时者。其运与命。彼失此得。彼得此失。咸在乎谆谆之命焉。奚在归乎德也。夫帝挚之德。不盛于尧。尧而得焉。十六族之德。不盛于舜。舜而得焉。至于咎繇。德齐于舜禹。道超乎稷启。禹荐于天。不命而殁。则谆谆之命奚归乎。呜呼。天何为哉。不付咎繇之命者。将欲空授天下哉。未必独死咎繇也。设咎繇得天下。其暮必荐益。益得天下。其暮之荐。必有其人。自咎繇之降。空授之主。其暴民黩天者。可忍言也哉。太史公曰。禹封咎繇之后于英六。五年春。日休自淝陵之江左。道出英六城下。因求遗实。厥祀存焉。乃絓马于古木。再拜于庙庭。退而碑之。请枞阳小尹刊于壁。铭曰。惟天降圣。不锡厥命。一篇帝谟。百王之镜。禹有奚遏。荐之不定。启有令德。受之而正。已矣何伤。明德逾盛。","李福标《皮陆年谱》第144页",,,,"王秀林"
"唐","皮日休","懿宗咸通五年甲申","864",,,"31","","淮南道","舒州","枞阳",,"安徽","安庆市","枞阳县","117.226626","30.705784",,"刊《咎繇碑》于县壁，又作《补大戴礼祭法文》","","补大戴礼祭法文","Article","补大戴礼祭法文
祭法曰。法施于人则祀之。咎繇作帝谟。为士师。其道参乎舜禹。不曰法施于人乎。何祀典之阙哉。祭法曰。能御大灾则祀之。尧舜之世。山林蕃。鸟兽暴。益作虞也。山林疏。鸟兽鲜。人民安。不曰能御大灾乎。何祀典之阙哉。祭法曰。以劳定国则祀之。昔者周公辅武以宁殷乱。佐成而立周业。制礼乐。立明堂。不曰以劳定国乎。何祀典之阙哉。如以咎繇伯益之功小于舜禹。不在祀典。则契为司徒而民成。咎繇也。冥勤其官而水死。伯益也。如以圣人制礼。自有七庙。不合列在祀典。则文王以文治。武王以武功。周公也。如皆以功烈列于民者。则吾之先师仲尼。迈德于百王。垂化于万世。孰不若契为司徒冥勤其官也哉。日休惧圣人之文。将乱而坠。敢参补而附之文曰。咎繇能平其法以位终。益能立其功以让禹政。周公以文化。仲尼以德成。非此族也。不在祀典。","李福标《皮陆年谱》第144页",,,,"王秀林"
"唐","皮日休","懿宗咸通五年甲申","864","3",,"31","","江南西道","江州","彭泽",,"江西","九江市","彭泽县","116.55562","29.90215",,"与故友李中白相游处和，有词","李中白",,"","","李福标《皮陆年谱》第144页",,,,"王秀林"
"唐","皮日休","懿宗咸通五年甲申","864",,,"31","","江南西道","江州","彭泽",,"江西","九江市","彭泽县","116.55562","29.90215",,"拜谒裴坦、李正范，作《狄梁公祠碑》","裴坦，李正范","狄梁公祠碑","Article","狄梁公祠碑
呜呼。天后革大命。垂二十年。天下晏如。不让贞观之世。是遵何道哉。非以敬任公乎。不然者。来俊臣之酷不能诬。诸武之猜不能害。房龄之谏不能逆。□进士皮日休游江左至彭泽。当河东公观察之四年。赞皇公刺史之二年。其词曰。惟唐中否。帝室如燬。□后持权。式人端委。书诫牝鸡。易称羸豕。大树得蘬。崇台欲坠。便藩诸武。作我蜴虺。泉深兮东宫已矣□北极绾我神玺。娲皇肇命。吕君函纪。周德方木。秦运为水。杜□与化宫阙致治。天将启唐。载诞忠良□为道如勃木强。乃写大辩。对彼明飏。一言苟悖。视死如乡。少海既阔。少阳既光。五公始昌。共交玉堂。","李福标《皮陆年谱》第146页",,,,"王秀林"
"唐","皮日休","懿宗咸通五年甲申","864",,,"31","","江南西道","江州","彭泽",,"江西","九江市","彭泽县","116.55562","29.90215",,"重游云居院","","十原","Article","","李福标《皮陆年谱》第147页",,,,"王秀林"
"唐","皮日休","懿宗咸通五年甲申","864",,,"31","","江南西道","江州","彭泽",,"江西","九江市","彭泽县","116.55562","29.90215",,"重游云居院","","惑雷刑","Article","惑雷刑
彭泽县乡曰黄花。有农户曰逢氏。田甚广。巳牛不能备耕。尝僦他牛以兼其力。逢氏之猾恶。为一乡之师焉。得他牛。则昼役夕归。箠耕于烈景。笞耨于晦冥。未尝一息容其殆忽。一日。猝雷发山。逢氏震死。日休曰。逢氏之猾恶。天假雷刑绝其命。信矣。夫生民之基。不过乎稼穑之功。皆不为是畜之力哉。则天之保牛。齐民命也。宜矣。今逢氏苦其力。天则震死。如燕赵无赖少年。椎之以私享。烹之以市货。法不可戢。刑不可威。则天之保牛。皆不降于雷刑哉。则逢氏之死。吾不知是天地也。","李福标《皮陆年谱》第148页",,,,"王秀林"
"唐","皮日休","懿宗咸通六年乙酉","865",,,"32","","淮南道","寿州","霍山",,"安徽","六安市","霍山县","116.339265","31.398463",,"皮日休至淝陵，途经霍山，为获幸令狐绹氏作《霍山赋》","令狐绹氏","霍山赋","Article","霍山赋
太始之气。有清有浊。结浊为山。峻清为岳。其山厥臣。其岳惟君。惟南之镇。曰霍为尊。岳之大。与地角壮。与天勍势。荆豫华嵩。青沂兖岱。如垤而秀。如块而锐。岳之高。千仞万仞。苍苍茫茫。日月相避其光。望之数百里外。为天栋梁。岳之尊。端然御极。耸然正位。静然而听。凝然而视。其体当中。如君之毅。其属者如骈其拇。如枝其指。若卑其仪。若肃其位。岳之气。其秀如春。其清若秋。其翠如云。云不能丽。其色如烟。烟不能鲜。若雨收气爽。丹青满天。岳之灵。其神不眹。其报如响。若雨用淫。岳能霁之。若岁用旱。岳能泽之。岳之德。生之育之。煦之和之。开蘤染卉。萋萋迷迷。藻绘数百里。岳之形。有云骛骛。其勃如怒。有泉烈烈。其来如决。叱丰隆。奔列缺。轰然霹雳。天地俱裂。岳之异状。其势如危。或不可支。若不可维。或仰而呀。有如吮空。或俯而拔。有如攫地。其晓而东。有如冠日。其暮而西。有如孕月。有水而脉。有石而骨。有洞而腹。有堮而节。或锐而励。或断而截。或回而驰。或低而折。其经之怪之。祥之诡之。千种万类。繄不可得而详记。因神狂不能自主。殆而寐。梦一人绛衣朱冕。怪貌魁形。曰余祝融之相也。夫霍山。余君之故治也。尔赋之。诚形矣胜矣。怪矣典矣。然义有不备。帝俾余莅。夫古有五岳。霍居其一。所以五岳相迩者。唐虞之帝。五载一巡狩。一载而遍。上以觐侯。下以存民。侯有治者陟。不治者黜。民有冤者平。穷者济。洎唐虞以降。皆燔柴于霍。我帝用飨其礼。至周旦策而命我。与诸岳星列中国。自汉之后。乃易我号。而归于衡。故祝融迁都。命余守霍。今圣天子越唐迈虞。而废巡罢狩。余之封内。有可陟可黜可平可济者。是圣天子无由知之。尔能以文请于执事之达者。易衡之号。以归于我。请天子复唐虞陟黜之义。故尔之将赋。余闭遏尔怀。而不尔文。帝曰有衡既远。有狩必劳。惟霍之迩。斯号可复。赋者能言。胡不俾传。帝俾命尔。锡尔文。尔无忘也。臣曰。惟请神贶。既觉而书。呜呼异哉。","李福标《皮陆年谱》第150页",,,,"王秀林"
"唐","皮日休","懿宗咸通六年乙酉","865",,,"32","","淮南道","寿州","霍山",,"安徽","六安市","霍山县","116.339265","31.398463",,"皮日休至淝陵，途经霍山，为获幸令狐绹氏作《霍山赋》","","春申君碑","Article","春申君碑
士以知巳委用于人。报其用者术。苟不王。要在强其国尊其君也。上可以霸略。次可以忠烈。无王术而有霸略者。可以胜人国。无霸略而有忠烈者。亦足以胜人国。春申君之道复何如哉。忧荆不胜。以身市奇计。不曰忠乎。荆太子既去。歇孤在秦。其俟刑待祸。若自屠以当馁虎。不曰烈乎。然徙都于寿春。失邓塞之固。去方城之险。舍江汉之利。其为谋已下矣。犹死以吴为宫室。以鲁为封疆。春申之力哉。当斯时也。苟任荀卿之儒术。广圣深道。用之期月。荆可王矣。然卒以猜去士。以谤免贤。于戏。儒术之道。其奥藏天地。其明烛鬼神。春申且不悟。况李园之阴谋。岂易悟哉。岂易悟哉。","李福标《皮陆年谱》第152页",,,,"王秀林"
"唐","皮日休","懿宗咸通六年乙酉","865","8",,"32","","淮南道","寿州",,,"安徽","六安市","寿县","116.793572","32.579375",,"皮日休得寿州刺史杨某之助，并寓寿州州东别墅；并取乡贡资格","杨某","何武传","Article","何武传
何武者。寿之骁卒也。故为步卒将。戍邻霍岳。岳生名荈。有负其贩者。多强暴民。民不便。必愬于将。武之至也。责其强暴者。尽擒而械之。俟簿圆。将申寿守请杀之。强暴之党惧且死。乃诬愬武于寿守。且曰。不顺守命。擅生杀于外。寿之守严悍不可犯。苟闻不便于民。虽剧寮贵吏。皆得辱杀之。至是闻武罪。如乳虎遇触。怒蝮遭伤。其将害也可知。乃命功卒将命。拲武至府。武巳知理可申。不柰守严悍。必当受枉刑。乃乐而俟死矣。至则守怒而责武以其过。武善媚对。又肢体魁然。乃投石状枉之事。守雅爱是类。翻然释之。黜其职一级。武曰。吾今日不归地下。真守之赐也。请得以命报。居未久。寿之指邑曰枞阳。野寇四起。其邑将危。武请于守曰。此真某毕命之秋也。守壮之。复其故职。奉命为贰将。领偏师自间道入枞阳。不意伏盗发于丛翳间。兵尽骇逃。武独斗死。日休曰。武之受谤。不当其刑。况其死乎。如非武心者。纵免死。其心不能无愤也。况感分用命哉。呜呼。古之士事上遇谤。当职遭辱。苟其君免之。必以愤报。破家亡国者。可胜道哉。春秋弑其君三十六。其中未必不由是而致者也。武一卒也。独有是心。呜呼。今之士事上当职。苟遇谤遭辱无是心者。吾又不知武一卒也。","李福标《皮陆年谱》152-158",,,,"王秀林"
"唐","皮日休","懿宗咸通六年乙酉","865",,,"32","","山南东道","商州",,"商颜","陕西","商洛市","商州区","109.947542","33.868884",,"入冬后自寿州经樊、邓、商颜、蓝关入京","","蓝田关铭","Article","蓝田关铭
天辅唐业，地造唐关。千岩作锁，万嶂为拴。难图其形，莫壮其秀。双扉未开，天地如斗。轧然画启，人流如济。似画秦图，铺于马底。崄不可侵，惟王之心。矧夫兹关，独可规临。","李福标《皮陆年谱》第158页",,,,"王秀林"
"唐","皮日休","懿宗咸通六年乙酉","865",,,"32","","京畿道","京兆府",,"蓝关","陕西","西安市","蓝田县","109.329839","34.157639",,"入冬后自寿州经樊、邓、商颜、蓝关入京","",,"","","李福标《皮陆年谱》第158页",,,,"王秀林"
"唐","皮日休","懿宗咸通六年乙酉","865",,,"32","","京畿道","长安",,,"陕西","西安市",,"108.946306","34.347436",,"入冬后自寿州经樊、邓、商颜、蓝关入京","",,"","","李福标《皮陆年谱》第158页",,,,"王秀林"
"唐","皮日休","懿宗咸通七年丙戌","866",,,"33","","京畿道","长安",,,"陕西","西安市",,"108.946306","34.347436",,"科举不第","",,"","","李福标《皮陆年谱》第160页",,,,"王秀林"
"唐","皮日休","懿宗咸通七年丙戌","866",,,"33","","淮南道","寿州",,,"安徽","六安市","寿县","116.793572","32.579375",,"科举不第后归寿州，寓州东别墅，是年淮右蝗旱，颍水流域百姓流离失所，皮日休作《三羞诗》之“天子丙戍年”以吊民之痛","","三羞诗（吾闻古君子）","Poem","三羞诗三首 其一
吾闻古君子，介介励其节。入门疑储宫，抚己思鈇钺。志者若不退，佞者何由达。君臣一殽膳，家国共残杀。此道见于今，永思心若裂。王臣方謇謇，佐我无玷缺。如何以谋计，中道生芽蘖。宪司遵故典，分道播南越。苍惶出班行，家室不容别。玄鬓行为霜，清泪立成血。乘遽剧飞鸟，就传过风发。嗟吾何为者，叨在造士列。献文不上第，归于淮之汭。蹇蹄可再奔，退羽可后歇。利则侣轩裳，塞则友松月。而于方寸内，未有是愁结。未为禄食仕，俯不愧梁粝。未为冠冕人，死不惭忠烈。如何有是心，不能叩丹阙。赫赫负君归，南山采芝蕨。","李福标《皮陆年谱》第164页",,,,"王秀林"
"唐","皮日休","懿宗咸通七年丙戌","866",,,"33","","淮南道","寿州",,,"安徽","六安市","寿县","116.793572","32.579375",,"科举不第后归寿州，寓州东别墅，是年淮右蝗旱，颍水流域百姓流离失所，皮日休作《三羞诗》之“天子丙戍年”以吊民之痛","","三羞诗（天子丙戌岁）","Poem","三羞诗三首 其一
吾闻古君子，介介励其节。入门疑储宫，抚己思鈇钺。志者若不退，佞者何由达。君臣一殽膳，家国共残杀。此道见于今，永思心若裂。王臣方謇謇，佐我无玷缺。如何以谋计，中道生芽蘖。宪司遵故典，分道播南越。苍惶出班行，家室不容别。玄鬓行为霜，清泪立成血。乘遽剧飞鸟，就传过风发。嗟吾何为者，叨在造士列。献文不上第，归于淮之汭。蹇蹄可再奔，退羽可后歇。利则侣轩裳，塞则友松月。而于方寸内，未有是愁结。未为禄食仕，俯不愧梁粝。未为冠冕人，死不惭忠烈。如何有是心，不能叩丹阙。赫赫负君归，南山采芝蕨。
三羞诗三首 其二
南荒不择吏，致我交阯覆。绵联三四年，流为中夏辱。懦者斗即退，武者兵则黩。军庸满天下，战将多金玉。刮则齐民痈，分为猛士禄。雄健许昌师，忠武冠其族。去为万骑风，住作一川肉。昨朝残卒回，千门万户哭。哀声动闾里，怨气成山谷。谁能听昼鼙，不忍看金镞。吾有制胜术，不奈贱碌碌。贮之胸臆间，惭见许师属。自嗟胡为者，得蹑前修躅。家不出军租，身不识部曲。亦衣许师衣，亦食许师粟。方知古人道，荫我已为足。念此向谁羞，悠悠颍川绿。
三羞诗三首 其三
天子丙戌年，淮右民多饥。就中颍之汭，转徙何累累。夫妇相顾亡，弃却抱中儿。兄弟各自散，出门如大痴。一金易芦卜，一缣换凫茈。荒村墓鸟树，空屋野花篱。儿童齧草根，倚桑空羸羸。斑白死路傍，枕土皆离离。方知圣人教，于民良在斯。厉能去人爱，荒能夺人慈。如何司牧者，有术皆在兹。粤吾何为人，数亩清溪湄。一写落第文，一家欢复嬉。朝食有麦饘，晨起有布衣。一身既饱暖，一家无怨咨。家虽有畎亩，手不秉镃基。岁虽有札瘥，庖不废晨炊。何道以致是，我有明公知。食之以侯食，衣之以侯衣。归时恤金帛，使我奉庭闱。抚己愧颍民，奚不进德为。因兹感知己，尽日空涕洟。","李福标《皮陆年谱》第164页",,,,"王秀林"
"唐","皮日休","懿宗咸通七年丙戌","866",,,"33","","淮南道","寿州",,,"安徽","六安市","寿县","116.793572","32.579375",,"仿中唐文人元结编辑《文编》之例，编辑其以往诗文，成省卷《皮子文薮》十卷","","文薮序","Article","文薮序
咸通丙戌中。日休射策不上第。退归州来别墅。编次其文。复将贡于有司。登箧丛萃。繁如薮泽。因名其书曰文薮焉。比见元次山纳文编于有司。侍郎杨公浚见文编叹曰。上第污元子耳。斯文也。不敢希杨公之叹。希当时作者一知耳。赋者古诗之流也。伤前王太佚。作忧赋。虑民道难济。作河桥赋。念下情不达。作霍山赋。悯寒士道壅。作桃花赋。离骚者文之菁英者。伤于宏奥。今也不显离骚。作九讽。文贵穷理。理贵原情。作十原。大乐既亡。至音不嗣。作补周礼九夏歌。两汉庸儒。贱我左氏。作春秋决疑。其馀碑铭赞颂。论议书序。皆上剥远非。下补近失。非空言也。较其道。可在古人之后矣。古风诗编之文末。俾视之粗俊于口也。亦由食鱼遇鲭。持肉偶。皮子世录著之于后。亦太史公自序之意也。凡二百篇。为十卷。览者无诮矣。","李福标《皮陆年谱》第164页",,,,"王秀林"
"唐","皮日休","懿宗咸通七年丙戌","866",,,"33","","淮南道","扬州",,,"江苏","扬州市",,"119.419107","32.39986",,"携《文薮》游淮南扬州干谒令狐绹，并于令狐滈有酬唱","令狐绹，令狐滈","汴河铭","Article","汴河铭
夫垂后以德者。当时逸而后时美。垂后以功者。当时劳而后时利。若然者。守道之主。惟恐德不美后时逸于己民也。夸力之主。惟恐功不及当时劳于己民也。故天下事。不逸不足守。不劳不可去。致其利害。生于贤愚之主。自古然耶。则隋之疏淇汴凿太行。在隋之民不胜其害也。在唐之民不胜其利也。今自九河外。复有淇汴。北通涿郡之渔商。南运江都之转输。其为利也博哉。不劳一夫之荷畚。一卒之凿险。而先功巍巍。得非天假暴隋。成我大利哉。尚恐国家有淇汴太行之役。因献纤诫。是为汴河铭。汴河沵沵。循禹之轨。厥有暴隋。凿通淮泗。昼泣疲民。夜哭溺鬼。似赭流川。如松贯地。龙舟未故。江都已弑。陈迹空存。逝波不止。在隋则害。在唐则利。呜乎圣王。守旧而已。","李福标《皮陆年谱》第167页",,,,"王秀林"
"唐","皮日休","懿宗咸通七年丙戌","866",,,"33","","江南东道","常州",,"毗陵","江苏","常州市",,"119.980142","31.816791",,"下江南毗陵，干谒杨知至，并与其酬唱。","杨知至","七爱诗（白太傅）","Poem","七爱诗 其一 房杜二相国
吾爱房与杜，贫贱共联步。脱身抛乱世，策杖归真主。纵横握中算，左右天下务。肮脏无敌才，磊落不世遇。美矣名公卿，魁然真宰辅。黄阁三十年，清风一万古。巨业照国史，大勋镇王府。遂使后世民，至今受陶铸。粤吾少有志，敢蹑前贤路。苟得同其时，愿为执鞭竖。
七爱诗 其二 李太尉
吾爱李太尉，崛起定中原。骁雄十万兵，四面围国门。一战取王畿，一叱散妖氛。乘舆既反正，凶竖争亡魂。巍巍柱天功，荡荡盖世勋。仁于曹孟德，勇过霍将军。丹券入帑藏，青史传子孙。所谓大丈夫，动合惊乾坤。所谓圣天子，难得忠贞臣。下以契鱼水，上以合风云。百世必一乱，千年方一人。吾虽翰墨子，气概敢不群。愿以太平颂，题向甘泉春。
七爱诗 其三 卢徵君
吾爱卢徵君，高卧嵩山里。百辟未一顾，三徵方暂起。坦腹对宰相，岸帻揖天子。建礼门前吟，金銮殿里醉。天下皆餔糟，徵君独洁己。天下皆乐闻，徵君独洗耳。天下皆怀羞，徵君独多耻。银黄不妨悬，赤绂不妨被。而于心抱中，独作羲皇地。篮舆一云返，泥诏褒不已。再看缑山云，重酌嵩阳水。放旷书里终，逍遥醉中死。吾谓伊与周，不若徵君贵。吾谓巢与许，不若徵君义。高名无阶级，逸迹绝涯涘。万世唐书中，逸名不可比。粤吾慕真隐，强以骨肉累。如教不为名，敢有徵君志。
七爱诗 其四 元鲁山
吾爱元紫芝，清介如伯夷。辇母远之官，宰邑无玷疵。三年鲁山民，丰稔不暂饥。三年鲁山吏，清慎各自持。只饮鲁山泉，只采鲁山薇。一室冰檗苦，四远声光飞。退归旧隐来，斗酒入茅茨。鸡黍匪家畜，琴尊常自怡。尽日一菜食，穷年一布衣。清似匣中镜，直如琴上丝。世无用贤人，青山生白髭。既卧黔娄衾，空立陈寔碑。吾无鲁山道，空有鲁山辞。所恨不相识，援毫空涕垂。
七爱诗 其五 李翰林
吾爱李太白，身是酒星魄。口吐天上文，迹作人间客。磥砢千丈林，澄澈万寻碧。醉中草乐府，十幅笔一息。召见承明庐，天子亲赐食。醉曾吐御床，傲几触天泽。权臣妒逸才，心如斗筲窄。失恩出内署，海岳甘自适。刺谒戴接䍦，赴宴著縠屐。诸侯百步迎，明君九天忆。竟遭腐胁疾，醉魄归八极。大鹏不可笼，大椿不可植。蓬壶不可见，姑射不可识。五岳为辞锋，四溟作胸臆。惜哉千万年，此俊不可得。
七爱诗 其六 白太傅
吾爱白乐天，逸才生自然。谁谓辞翰器，乃是经纶贤。歘从浮艳诗，作得典诰篇。立身百行足，为文六艺全。清望逸内署，直声惊谏垣。所刺必有思，所临必可传。忘形任诗酒，寄傲遍林泉。所望标文柄，所希持化权。何期遇訾毁，中道多左迁。天下皆汲汲，乐天独怡然。天下皆闷闷，乐天独舍旃。高吟辞两掖，清啸罢三川。处世似孤鹤，遗荣同脱蝉。仕若不得志，可为龟镜焉。","李福标《皮陆年谱》第167页",,,,"王秀林"
"唐","皮日休","懿宗咸通七年丙戌","866","9",,"33","","京畿道","长安",,,"陕西","西安市",,"108.946306","34.347436",,"皮日休盖负令狐绹、杨知至之苈往长安","杨知至","桃花赋","Article","桃花赋
伊祁氏之作春也。有艳外之艳。华中之华。众木不得。融为桃花。厥花伊何。其美实多。儓隶众芳。缘饰阳和。开破嫩𦹛。压低柔柯。其色则不淡不深。若素练轻茜。玉颜半。若夫美景妍时。春含晓滋。密如不干。繁若无枝。妦妦婉婉。夭夭怡怡。或俛者若想。或閒者如痴。或向者若步。或倚者如疲。或温黁而可薰。或婑媠而莫持。或幽柔而旁午。或扯冶而倒披。或翘矣如望。或凝然若思。或奕偞而作态。或窈窕而骋姿。日将明兮似喜。天将惨兮若悲。近榆钱兮妆翠靥。映杨柳兮颦愁眉。轻红拖裳。动则袅香。宛若郑袖。初见吴王。夜景皎洁。鬨然秀发。又若常娥。欲奔明月。蝶散蜂寂。当闺脉脉。又若妲巳。未闻裂帛。或开故楚。艳艳春曙。又若息妫。含情不语。或临金塘。或交绮井。又若西子。浣纱见影。玉露厌浥。妖红坠湿。又若骊姬。将谮而泣。或在水滨。或临江浦。又若神女。见郑交甫。或临广筵。或当高会。又若韩娥。将歌敛态。微动轻风。婆娑暖红。又若飞燕。舞于掌中。半沾斜吹。或动或止。又若文姬。将赋而思。丰茸旖旎。互交递倚。又若丽华。侍宴初醉。狂风猛雨。一阵红去。又若褒姒。初随戎虏。满地春色。阶前砌侧。又若戚姬。死于鞠域。花品之中。此花最异。以众为繁。以多见鄙。自是物情。非关春意。若氏族之斥素流。品秩之卑寒士。他目则目。他耳则耳。或以昵而称珍。或以疏而见贵。或有实而华乖。或有花而实悴。其花可以畅君之心目。其实可以充君之口腹。匪乎兹花。他则碌碌。我将修花品以此花为第一。惧俗情之横议。我曰不然。为之则巳。我目吾目。我耳吾耳。妍蚩决于心。取舍断于志。岂于草木之品独然。信为国兮如此。","李福标《皮陆年谱》第169页",,,,"王秀林"
"唐","皮日休","懿宗咸通七年丙戌","866","9",,"33","","京畿道","长安",,,"陕西","西安市",,"108.946306","34.347436",,"皮日休盖负令狐绹、杨知至之苈往长安","杨知至","请韩文公配响太学书","Article","请韩文公配飨太学书
于戏。圣人之道。不过乎求用。用于生前。则一时可知也。用于死后。则百世可知也。故孔子之封赏。自汉至隋。其爵不过乎公侯。至于吾唐。乃策王号。七十子之爵命。自汉至隋。或卿大夫。至于吾唐。乃封公侯。曾参之孝道。动天地。感鬼神。自汉至隋。不过乎诸子。至于吾唐。乃旌入十哲。噫。天地久否。忽泰则平。日月久昏。忽开则明。雷霆久息。忽震则惊。云雾久郁。忽廓则清。仲尼之道。否于周秦而昏于汉魏。息于晋宋而郁于陈隋。遇于吾唐。万世之愤一朝而释。倘死者可作。其志可知也。今有人。身行圣人之道。口吐圣人之言。行如颜闵。文若游夏。死不得配食于夫子之侧。愚又不知尊先圣之道也。夫孟子荀卿。翼传孔道。以至于文中子。文中子之末。降及贞观开元。其传者醨。其继者浅。或引刑名以为文。或援纵横以为理。或作词赋以为雅。文中之道。旷百世而得室授者。惟昌黎文公焉。公之文。蹴杨墨于不毛之地。蹂释老于无人之境。故得孔道巍然而自正。夫今之文人千百世之作。释其卷。观其词。无不裨造化。补时政。繄公之力也。公之文曰。仆自度若世无孔子。仆不当在弟子之列。设使公生孔子之世。公未必不在四科焉。国家以二十二贤者代用其书。垂于国胄。并配享于孔圣庙堂。其为典礼也大矣美矣。苟以代用其书。不能以释圣人之辞。笺圣人之义哉。况有身行其道。口传其文。吾唐以来。一人而巳死反不得在二十二贤之列。则未闻乎典礼为备。伏请命有司定其配享之位。则自兹以后。天下以文化。未必不由夫是也。","李福标《皮陆年谱》第169页",,,,"王秀林"
"唐","皮日休","懿宗咸通八年丁亥","867",,,"34","","京畿道","长安",,,"陕西","西安市",,"108.946306","34.347436","礼部候选","科举及第，旋遭座主郑愚之嘲戏","郑愚之","登第后寒食杏园有宴，因寄录事宋垂文同年","Poem","登第后寒食杏园有宴因寄录事宋垂文同年
雨洗清明万象鲜，满城车马簇红筵。恩荣虽得陪高会，科禁惟忧犯列仙。当醉不知开火日，正贫那似看花年。纵来恐被青娥笑，未纳春风一宴钱。","李福标《皮陆年谱》第174页",,,,"王秀林"
"唐","皮日休","懿宗咸通八年丁亥","867",,,"34","","京畿道","长安",,,"陕西","西安市",,"108.946306","34.347436","礼部候选","科举及第，其同年崔昭符等亦调弄之如猢狲","崔昭符","伤庐献秀才","Poem","伤卢献秀才
悯征新价欲凌空，一首堪欺左太冲。只为白衣声过重，且非青汉路难通。贵侯待写过门下，词客偷名入卷中。手弄桂枝嫌不折，直教身殁负春风。","李福标《皮陆年谱》第174页",,,,"王秀林"
"唐","皮日休","懿宗咸通九年戊子","868","1",,"35","","京畿道","长安",,,"陕西","西安市",,"108.946306","34.347436",,"正月，皮日休试吏部宏词下第，有诗赠徐商","徐商","宏词下第感恩献兵部侍郎","Poem","宏词下第感恩献兵部侍郎
分明仙籍列清虚，自是还丹九转疏。画虎已成翻类狗，登龙才变即为鱼。空惭季布千金诺，但负刘弘一纸书。犹有报恩方寸在，不知通塞竟何如。","李福标《皮陆年谱》第176页",,,,"王秀林"
"唐","皮日休","懿宗咸通九年戊子","868",,,"35","","京畿道","华州","华州","华山","陕西","渭南市","华阴市","110.098671","34.57172",,"旋自京东游，往淮南扬州；道出华山，有诗；出函关，有诗；又乐荆山，赏女几，度轩辕，穷嵩高，入京索，又浮汴渠","李炼师","华山李炼师所居","Poem","华山李鍊师所居
麻姑古貌上仙才，谪向莲峰管玉台。瑞气染衣金液启，香烟映面紫文开。孤云尽日方离洞，双鹤移时只有苔。深夜寂寥存想歇，月天时下草堂来。","李福标《皮陆年谱》第180页",,,,"王秀林"
"唐","皮日休","懿宗咸通九年戊子","868",,,"35","","河东道","虢州",,"荆山；女几；轩辕；嵩高","河南","三门峡市","灵宝市","110.90097","34.523086",,"旋自京东游，往淮南扬州；道出华山，有诗；出函关，有诗；又乐荆山，赏女几，度轩辕，穷嵩高，入京索，又浮汴渠","李炼师","汴河怀古二首","Poem","汴河怀古二首 其一
万艘龙舸绿丝间，载到扬州尽不还。应是天教开汴水，一千馀里地无山。
汴河怀古二首 其二
尽道隋亡为此河，至今千里赖通波。若无水殿龙舟事，共禹论功不较多。","李福标《皮陆年谱》第181页",,,,"王秀林"
"唐","皮日休","懿宗咸通九年戊子","868",,,"35","","京畿道","京兆府",,"汴渠","陕西","西安市",,"108.946306","34.347436",,"旋自京东游，往淮南扬州；道出华山，有诗；出函关，有诗；又乐荆山，赏女几，度轩辕，穷嵩高，入京索，又浮汴渠","李炼师","古函关","Poem","古函关
破落古关城，犹能扼帝京。今朝行客过，不待晓鸡鸣。","李福标《皮陆年谱》第181页",,,,"王秀林"
"唐","皮日休","懿宗咸通九年戊子","868","7、8",,"35","","淮南道","扬州",,,"江苏","扬州市",,"119.419107","32.39986","入幕","入淮南令狐绹幕","令狐绹","吊江都赋","Article","","李福标《皮陆年谱》第181页",,,,"王秀林"
"唐","皮日休","懿宗咸通九年戊子","868",,,"35","","江南东道","润州",,,"江苏","镇江市",,"119.431494","32.195688",,"避兵乱","",,"","","李福标《皮陆年谱》第183页",,,,"王秀林"
"唐","皮日休","懿宗咸通十年己丑","869",,,"36","","江南东道","润州",,,"江苏","镇江市",,"119.431494","32.195688",,"令狐绹及其子滈归朝，皮日休有诗相送","令狐绹，令狐滈","送令狐补阙归朝","Poem","送令狐补阙归朝
文如日月气如虹，举国重生正始风。且愿仲山居左掖，只忧徐邈入南宫。朝衣正在天香里，谏草应焚禁漏中。为说明年今日事，晋廷新拜黑头公。","李福标《皮陆年谱》第186页",,,,"王秀林"
"唐","皮日休","懿宗咸通十年己丑","869",,,"36","","江南东道","润州",,,"江苏","镇江市",,"119.431494","32.195688",,"本年春，皮日休有诗寄淮李副使员外","李副使员外","寄华州李副使员外","Poem","寄滑州李副使员外
兵绕临淮数十重，铁衣才子正从公。军前草奏旄头下，城上封书箭𦼮中。围合只应闻晓雁，血腥何处避春风。故人勋重金章贵，犹在江湖积剑功。","李福标《皮陆年谱》第187页",,,,"王秀林"
"唐","皮日休","懿宗咸通十年己丑","869",,,"36","","江南东道","苏州",,,"江苏","苏州市",,"120.589613","31.304566","判官","皮日休入苏州，为郡从事，主军事院判官；不久，陆龟蒙以郡中进士身份怀行卷谒皮日休。自此，两人相交酬唱甚密","崔璞","鲁望读，见赠五百言，过褒庸才，靡有称事。然襄阳曩事，历历在目，夫所未载者，汉阳王则宗社元动，孟浩然则文长大匠。子次而赞之，因而寄答，亦诗人无言不酬之议也。次韵","Poem","鲁望读襄阳耆旧传见赠五百言过褒庸材靡有称是然襄阳曩事历历在目夫耆旧传所未载者汉阳王则宗社元勋孟浩然则文章大匠予次而赞之因而寄荅亦诗人无言不詶之义也次韵
汉水碧于天，南荆廓然秀。庐罗遵古俗，鄢郢迷昔囿。幽奇无得状，巉绝不能究。兴替忽矣新，山川悄然旧。斑斑生造士，一一应玄宿。巴庸乃崄岨，屈景实豪右。是非既自分，泾渭不相就。粤自灵均来，清才若天漱。伟哉洞上隐，卓尔隆中耨。始将麋鹿狎，遂与麒麟斗。万乘不可谒，千钟固非茂。爰从景升死，境上多兵候。檀溪试戈船，岘岭屯贝胄。寂莫数百年，质唯包砾琇。上玄赏唐德，生贤命之授。是为汉阳王，帝曰俞尔奏。巨德耸神鬼，宏才轹前后。势端唯金茎，质古乃玉豆。行叶荫大椿，词源吐洪溜。六成清庙音，一柱明堂构。在昔房陵迁，圆穹正中漏。繄王揭然出，上下拓宇宙。俯视三事者，騃騃若童幼。低摧护中兴，若凤视其鷇。遇险必伸足，逢诛将引脰。既正北极尊，遂治众星谬。重闻章陵幸，再见岐阳狩。日似新刮膜，天如重熨绉。易政疾似欬，求贤甚于购。化之未期年，民安而国富。翼卫两舜趋，钩陈十尧骤。忽然遗相印，如羿卸其彀。奸倖却乘衅，播迁遂终寿。遗庙屹峰崿，功名纷组绣。开元文物盛，孟子生荆岫。斯文纵奇巧，秦玺新雕镂。甘穷卧牛衣，受辱对狗窦。思变如易爻，才通似玄首。秘于龙宫室，怪于天篆籀。知者竞欲戴，嫉者或将诟。任达且百觚，遂为当时陋。既作才鬼终，恐为仙籍售。予生二贤末，得作升木狖。兼济与独善，俱敢怀其臭。江汉称炳灵，克明嗣清昼。继彼欲为三，如醨如醇酎。既见陆夫子，驽心却伏厩。结彼世外交，遇之于邂逅。两鹤思竞闲，双松格争瘦。唯恐别仙才，涟涟涕襟袖。","李福标《皮陆年谱》第191页","编年诗见第208页",,,"王秀林"
"唐","皮日休","懿宗咸通十年己丑","869",,,"36","","江南东道","苏州",,,"江苏","苏州市",,"120.589613","31.304566","判官","皮日休入苏州，为郡从事，主军事院判官；不久，陆龟蒙以郡中进士身份怀行卷谒皮日休。自此，两人相交酬唱甚密","陆龟蒙","鲁望昨以五百言见贶，过有褒美，内揣庸陋，弥增愧悚。因成一千言，上述吾唐文物之盛，次叙相得之欢，亦迭和之微旨也","Poem","鲁望昨以五百言见贻过有褒美内揣庸陋弥增愧悚因成一千言上述吾唐文物之盛次叙相得之欢亦迭和之微旨也
三辰至精气，生自苍颉前。粤从有文字，精气铢于绵。所以杨墨后，文词纵横颠。元狩富材术，建安俨英贤。厥祀四百馀，作者如排穿。五马渡江日，群鱼食蒲年。大风荡天地，万阵黄须膻。纵有命世才，不如一空弮。后至陈隋世，得之拘且緛。太浮如潋滟，太细如蚳蝝。太乱如靡靡，太轻如芊芊。流之为酗醟，变之为游畋。百足虽云众，不救杀马蚿。君臣作降虏，北走如㺦猭。所以文字妖，致其国朝迁。吾唐革其弊，取士将科县。文星下为人，洪秀密于缏。大开紫宸扉，来者皆详延。日晏朝不罢，龙姿欢𨌈𨌈。于焉周道反，由是秦法悛。射洪陈子昂，其声亦喧阗。惜哉不得时，将奋犹拘挛。玉垒李太白，铜堤孟浩然。李宽包堪舆，孟澹拟漪涟。埋骨采石圹，留神鹿门埏。俾其羁旅死，实觉天地孱。猗与子美思，不尽如转辁。纵为三十车，一字不可捐。既作风雅主，遂司歌咏权。谁知耒阳土，埋却真神仙。当于李杜际，名辈或溯沿。良御非异马，由弓非他弦。其物无同异，其人有媸妍。自开元至今，宗社纷如烟。爽若沆瀣英，高如昆崙巅。百家嚣浮说，诸子率寓篇。筑之为京观，解之为牲牷。各持天地维，率意东西牵。竞抵元化首，争扼真宰咽。或作制诰薮，或为宫体渊。或堪被金石，或可投花钿。或为舆隶唱，或被儿童怜。乌垒虏亦写，鸡林夷争传。披揭覆载枢，捭阖神异键。力抛尾闾立，思轧大块旋。降气或若虹，耀影或如■。万象疮复痏，百灵瘠且𤼙。谓乎数十公，笔若明堂椽。其中有拟者，不绝当如綖。齐驱不让策，并驾或争骈。所以吾唐风，直将三代甄。被此文物盛，由乎声诗宣。采彼风人谣，輶轩轻似鹯。丽者固不舍，鄙者亦为铨。其中有銮戒，一一堪雕镌。乙夜以观之，吾君无释焉。遂命大司乐，度之如星躔。播于乐府中，俾为万代蠲。吹彼圆丘竹，诵兹清庙弦。不惟娱列祖，兼可格上玄。粤予何为者，生自江海壖。騃騃自总角，不甘耕一廛。诸昆指仓库，谓我死道边。何为不力农，稽古真可嘕。遂与袯襫著，兼之籉笠全。风吹蔓草花，飒飒盈荒田。老牛瞪不行，力弱谁能鞭。乃将耒与耜，并换椠与铅。阅彼图籍肆，致之千百编。携将入苏岭，不就无出缘。堆书塞低屋，添砚涸小泉。对灯任髻爇，冯案从肘研。苟无切玉刀，难除指上胼。尔来五寒暑，试艺称精专。昌黎道未著，文教如欲骞。其中有声病，于我如𦧝𦧴。是敢驱颓波，归之于大川。其文如可用，不敢佞与便。明水在稿秸，太羹临豆笾。将来示时人，䝟貐垂馋涎。亦或尚华缛，亦曾为便嬛。亦能制灏灏，亦解攻翩翩。唯思逢阵敌，与彼争后先。避兵入句吴，穷悴祗自跧。平原陆夫子，投刺来翩跹。开卷读数行，为之加敬虔。忽穷一两首，反顾唯曲拳。始来遗巾帼，乃敢排戈鋋。或为拔帜走，或遭劘垒还。不能收乱辙，岂暇重为篿。虽然未三北，亦可输千鐉。向来说文字，尔汝名可联。圣人病殁世，不患穷而蹎。我未九品位，君无一囊钱。相逢得何事，两笼酬戏笺。无颜解媮合，底事居冗员。方知万钟禄，不博五湖船。夷险但明月，死生应白莲。吟馀凭几饮，钓罢偎蓑眠。终抛岘山业，相共此留连。","李福标《皮陆年谱》第192页","编年诗见第208页",,,"王秀林"
"唐","皮日休","懿宗咸通十年己丑","869",,,"36","","江南东道","苏州",,,"江苏","苏州市",,"120.589613","31.304566","判官","皮日休入苏州，为郡从事，主军事院判官；不久，陆龟蒙以郡中进士身份怀行卷谒皮日休。自此，两人相交酬唱甚密","陆龟蒙","公齐四咏","Poem","公斋四咏 其一 小松
婆娑只三尺，移来白云径。亭亭向空意，已解凌辽夐。叶健似虬须，枝脆如鹤胫。清音犹未成，绀彩空不定。阴圆小芝盖，鳞涩修荷柄。先愁被鴳抢，预恐遭蜗病。结根幸得地，且免离离映。磥砢不难遇，在保晚成性。一日造明堂，为君当毕命。
公斋四咏 其二 小桂
一子落天上，生此青璧枝。歘从山之幽，斸断云根移。劲挺隐圭质，盘珊缇油姿。叶彩碧髓融，花状白毫蕤。棱层立翠节，偃蹇樛青螭。影澹雪霁后，香汎风和时。吾祖在月竁，孤贞能见怡。愿老君子地，不敢辞喧卑。
公斋四咏 其三 新竹
笠泽多异竹，移之植后楹。一架三百本，绿沈森冥冥。圆紧珊瑚节，钐利翡翠翎。俨若青帝仗，矗如紫姑屏。槭槭微风度，漠漠轻霭生。如神语钧天，似乐奏洞庭。一玩九藏冷，再闻百骸醒。有根可以执，有𥳇可以馨。愿禀君子操，不敢先凋零。
公斋四咏 其四 鹤屏
三幅吹空縠，孰写仙禽状。䯔耳侧以听，赤精旷如望。引吭看云势，翘足临池样。颇似近蓐席，还如入方丈。尽日空不鸣，穷年但相向。未许子晋乘，难教道林放。貌既合羽仪，骨亦符法相。愿升君子堂，不必思昆阆。","李福标《皮陆年谱》第192页","编年诗见第208页",,,"王秀林"
"唐","皮日休","懿宗咸通十年己丑","869",,,"36","","江南东道","苏州",,,"江苏","苏州市",,"120.589613","31.304566","判官","皮日休入苏州，为郡从事，主军事院判官；不久，陆龟蒙以郡中进士身份怀行卷谒皮日休。自此，两人相交酬唱甚密","陆龟蒙","新秋言怀寄鲁望三十韵","Poem","新秋言怀寄鲁望三十韵
新秋入破宅，疏澹若平郊。户牖深如窟，诗书乱似巢。移床惊蟋蟀，拂匣动蟏蛸。静把泉华掬，闲拈乳管敲。桧身浑个矮，石面得能䫜。小桂如拳叶，新松似手梢。鹤鸣转清角，鹘下扑金𩩉。合药还慵服，为文亦懒抄。烦心入夜醒，疾首带凉抓。杉叶尖如镞，藤丝韧似鞘。偾田含紫芋，低蔓隐青匏。老柏浑如疥，阴苔忽似胶。王馀落败堑，胡孟入空庖。度日忘冠带，经时忆酒肴。有心同木偶，无舌并金铙。兴欲添玄测，狂将换易爻。达人唯落落，俗士自譊譊。底力将排难，何颜用解嘲。欲销毁后骨，空转坐来胞。犹豫应难抱，狐疑不易包。等闲逢毒蠚，容易遇咆哮。时事方千蝎，公途正二崤。名微甘世弃，性拙任时抛。白日须投分，青云合定交。仕应同五柳，归莫舍三茅。涧鹿从来去，烟萝任溷殽。狙公闹后戏，云母病来𦾱。从此居方丈，终非竞斗筲。道穷应鬼遣，性拙必天教。无限疏慵事，凭君解一瓟。","李福标《皮陆年谱》第192页","编年诗见第208页",,,"王秀林"
"唐","皮日休","懿宗咸通十年己丑","869",,,"36","","江南东道","苏州",,,"江苏","苏州市",,"120.589613","31.304566","判官","皮日休入苏州，为郡从事，主军事院判官；不久，陆龟蒙以郡中进士身份怀行卷谒皮日休。自此，两人相交酬唱甚密","陆龟蒙","初冬偶作，寄南阳润卿","Poem","初冬偶作寄南阳润卿
寓居无事入清冬，虽设樽罍酒半空。白菊为霜翻带紫，苍苔因雨却成红。迎潮预遣收鱼笱，防雪先教盖鹤笼。唯待支硎最寒夜，共君披氅访林公。","李福标《皮陆年谱》第192页","编年诗见第209页",,,"王秀林"
"唐","皮日休","懿宗咸通十年己丑","869",,,"36","","江南东道","苏州",,,"江苏","苏州市",,"120.589613","31.304566","判官","皮日休入苏州，为郡从事，主军事院判官；不久，陆龟蒙以郡中进士身份怀行卷谒皮日休。自此，两人相交酬唱甚密","陆龟蒙","冬晓章上人院","Poem","冬晓章上人院
山堂冬晓寂无闻，一句清言忆领军。琥珀珠黏行处雪，棕榈帚扫卧来云。松扉欲启如鸣鹤，石鼎初煎若聚蚊。不是恋师终去晚，陆机茸内足毛群。","李福标《皮陆年谱》第192页","编年诗见第209页",,,"王秀林"
"唐","皮日休","懿宗咸通十年己丑","869",,,"36","","江南东道","苏州",,,"江苏","苏州市",,"120.589613","31.304566","判官","皮日休入苏州，为郡从事，主军事院判官；不久，陆龟蒙以郡中进士身份怀行卷谒皮日休。自此，两人相交酬唱甚密","陆龟蒙","醉中即席赠润卿博士","Poem","醉中即席赠润卿博士
适越游吴一散仙，银瓶玉柄两翛然。茅山顶上携书簏，笠泽心中漾酒船。桐木布温吟倦后，桃花饭熟醉醒前。谢安四十馀方起，犹自高闲得数年。","李福标《皮陆年谱》第192页","编年诗见第209页",,,"王秀林"
"唐","皮日休","懿宗咸通十年己丑","869",,,"36","","江南东道","苏州",,,"江苏","苏州市",,"120.589613","31.304566","判官","皮日休入苏州，为郡从事，主军事院判官；不久，陆龟蒙以郡中进士身份怀行卷谒皮日休。自此，两人相交酬唱甚密","陆龟蒙","褚家林亭","Poem","褚家林亭
广亭遥对旧娃宫，竹岛萝溪委曲通。茂苑楼台低槛外，太湖鱼鸟彻池中。萧疏桂影移茶具，狼籍蘋花上钓筒。争得共君来此住，便披鹤氅对清风。","李福标《皮陆年谱》第192页","编年诗见第210页",,,"王秀林"
"唐","皮日休","懿宗咸通十年己丑","869",,,"36","","江南东道","苏州",,,"江苏","苏州市",,"120.589613","31.304566","判官","皮日休入苏州，为郡从事，主军事院判官；不久，陆龟蒙以郡中进士身份怀行卷谒皮日休。自此，两人相交酬唱甚密","陆龟蒙","润卿、鲁望寒夜见访，各惜其志，遂成一绝","Poem","润卿鲁望寒夜见访各惜其志遂成一绝
世外为交不是亲，醉吟俱岸白纶巾。清风月白更三点，未放华阳鹤上人。","李福标《皮陆年谱》第192页","编年诗见第210页",,,"王秀林"
"唐","皮日休","懿宗咸通十年己丑","869",,,"36","","江南东道","苏州",,,"江苏","苏州市",,"120.589613","31.304566","判官","皮日休入苏州，为郡从事，主军事院判官；不久，陆龟蒙以郡中进士身份怀行卷谒皮日休。自此，两人相交酬唱甚密","陆龟蒙","奉酬次韵","Poem","奉酬崔璐进士见寄次韵
伊余幼且贱，所禀自以殊。弱岁谬知道，有心匡皇符。意超海上鹰，运跼辕下驹。纵性作古文，所谓皆自如。但恐才格劣，敢誇词彩敷。句句考事实，篇篇穷玄虚。谁能变羊质，竞不获骊珠。粤有造化手，曾开天地炉。文章邺下秀，气貌淹中儒。展我此志业，期君持中枢。苍生眼穿望，勿作磻溪谟。","李福标《皮陆年谱》第192页","编年诗见第208页",,,"王秀林"
"唐","皮日休","懿宗咸通十年己丑","869",,,"36","","江南东道","苏州",,,"江苏","苏州市",,"120.589613","31.304566","判官","皮日休入苏州，为郡从事，主军事院判官；不久，陆龟蒙以郡中进士身份怀行卷谒皮日休。自此，两人相交酬唱甚密","陆龟蒙","奉和次韵","Poem","","李福标《皮陆年谱》第192页","编年诗见第209页",,,"王秀林"
"唐","皮日休","懿宗咸通十年己丑","869",,,"36","","江南东道","苏州",,,"江苏","苏州市",,"120.589613","31.304566","判官","皮日休入苏州，为郡从事，主军事院判官；不久，陆龟蒙以郡中进士身份怀行卷谒皮日休。自此，两人相交酬唱甚密","陆龟蒙","奉和","Poem","","李福标《皮陆年谱》第192页","编年诗见第210页",,,"王秀林"
"唐","皮日休","懿宗咸通十年己丑","869",,,"36","","江南东道","苏州",,,"江苏","苏州市",,"120.589613","31.304566","判官","进士崔璐谒皮日休，皮日休以其《文薮》十卷示之，崔璞有诗赞仰，皮有酬答，陆龟蒙亦和之。","崔璐","奉酬崔璐进士见寄次韵","Poem","奉酬崔璐进士见寄次韵
伊余幼且贱，所禀自以殊。弱岁谬知道，有心匡皇符。意超海上鹰，运跼辕下驹。纵性作古文，所谓皆自如。但恐才格劣，敢誇词彩敷。句句考事实，篇篇穷玄虚。谁能变羊质，竞不获骊珠。粤有造化手，曾开天地炉。文章邺下秀，气貌淹中儒。展我此志业，期君持中枢。苍生眼穿望，勿作磻溪谟。","李福标《皮陆年谱》第194页",,,,"王秀林"
"唐","皮日休","懿宗咸通十年己丑","869",,,"36","","江南东道","苏州",,,"江苏","苏州市",,"120.589613","31.304566","判官","又与吴中名士徐修矩、任晦等交游，赏其藏书之富、园林之胜","徐修矩","二游诗","Poem","二游诗 其一 徐诗
东莞为著姓，奕代皆隽哲。强学取科第，名声尽孤揭。自为方州来，清操称凛冽。唯写坟籍多，必云清俸绝。宣毫利若风，剡纸光于月。札吏指欲胼，万通排未阕。楼船若夏屋，欲载如垤㙞。转徙入吴都，纵横碍门闑。缥囊轻似雾，缃帙殷于血。以此为基构，将斯用贻厥。重于通侯印，贵却全师节。我爱参卿道，承家能介洁。潮田五万步，草屋十馀楶。微宦不能去，归来坐如刖。保兹万卷书，守慎如羁绁。念我曾苦心，相逢无间别。引之看秘宝，任得穷披阅。轴闲翠钿剥，签古红牙折。帙解带芸香，卷开和桂屑。枕兼石锋刃，榻共松疮疖。一卧寂无諠，数编看尽彻。或携归廨宇，或把穿林樾。挈过太湖风，抱宿支硎雪。如斯未星纪，悉得分毫末。剪除幽僻薮，涤荡玄微窟。学海正狂波，予头向中■。圣人患不学，垂诫尤为切。苟昧古与今，何殊瘖共𦘍。昔之慕经史，有以佣笔札。何况遇斯文，借之不曾辍。吾衣任縠纑，吾食甘糠覈。其道苟可光，斯文那自伐。何竹青堪杀，何蒲重好截。如能盈兼两，便足酬饥渴。有此竞苟荣，闻之兼可哕。东皋耨烟雨，南岭提薇蕨。何以谢徐君，公车不闻设。
二游诗 其二 任诗
任君恣高放，斯道能寡合。一宅闲林泉，终身远嚣杂。尝闻佐浩穰，散性多儑𠉤。歘尔解其绶，遗之如弃靸。归来乡党内，却与亲朋洽。开溪未让丁，列第方称甲。入门约百步，古木声霎霎。广槛小山欹，斜廊怪石夹。白莲倚阑楯，翠鸟缘帘押。地势似五泻，岩形若三峡。猿眠但腽肭，凫食时啑唼。拨荇下文竿，结藤萦桂楫。门留医树客，壁倚栽花锸。度岁止褐衣，经旬唯白帢。多君方闭户，顾我能倒屧。请题在茅栋，留坐于石榻。魂从清景遛，衣任烟霞裛。阶墀龟任上，枕席鸥方狎。沼似颇黎镜，当中见鱼眨。杯杓悉杉瘤，盘筵尽荷叶。闲斟不置罚，闲弈无争劫。闲日不整冠，闲风无用箑。以斯为思虑，吾道宁疲薾。衮衣竞璀璨，鼓吹争鞺鞳。欲者解挤排，诟者能詀讘。权豪暂翻覆，刑祸相填压。此时一圭窦，不肯饶阊阖。有第可栖息，有书可渔猎。吾欲与任君，终身以斯惬。","李福标《皮陆年谱》第196页",,,,"王秀林"
"唐","皮日休","懿宗咸通十年己丑","869",,,"36","","江南东道","苏州",,,"江苏","苏州市",,"120.589613","31.304566","判官","又与吴中名士徐修矩、任晦等交游，赏其藏书之富、园林之胜","任晦","任诗","Poem","二游诗 其二 任诗
任君恣高放，斯道能寡合。一宅闲林泉，终身远嚣杂。尝闻佐浩穰，散性多儑𠉤。歘尔解其绶，遗之如弃靸。归来乡党内，却与亲朋洽。开溪未让丁，列第方称甲。入门约百步，古木声霎霎。广槛小山欹，斜廊怪石夹。白莲倚阑楯，翠鸟缘帘押。地势似五泻，岩形若三峡。猿眠但腽肭，凫食时啑唼。拨荇下文竿，结藤萦桂楫。门留医树客，壁倚栽花锸。度岁止褐衣，经旬唯白帢。多君方闭户，顾我能倒屧。请题在茅栋，留坐于石榻。魂从清景遛，衣任烟霞裛。阶墀龟任上，枕席鸥方狎。沼似颇黎镜，当中见鱼眨。杯杓悉杉瘤，盘筵尽荷叶。闲斟不置罚，闲弈无争劫。闲日不整冠，闲风无用箑。以斯为思虑，吾道宁疲薾。衮衣竞璀璨，鼓吹争鞺鞳。欲者解挤排，诟者能詀讘。权豪暂翻覆，刑祸相填压。此时一圭窦，不肯饶阊阖。有第可栖息，有书可渔猎。吾欲与任君，终身以斯惬。","李福标《皮陆年谱》第196页",,,,"王秀林"
"唐","皮日休","懿宗咸通十年己丑","869",,,"36","","江南东道","苏州",,,"江苏","苏州市",,"120.589613","31.304566","判官","皮陆二人与张贲等交游唱和","张贲","南阳广文欲于荆襄卜居，因而有赠","Poem","南阳广文欲于荆襄卜居因而有赠
地脉从来是福乡，广文高致更无双。青精饭熟云侵灶，白■裘成雪溅窗。度日竹书千万字，经冬朮煎两三缸。鲈鱼自是君家味，莫背松江忆汉江。","李福标《皮陆年谱》第206页",,,,"王秀林"
"唐","皮日休","懿宗咸通十年己丑","869",,,"36","","江南东道","苏州",,,"江苏","苏州市",,"120.589613","31.304566","判官","秋深送别张贲还雷平","张贲","南阳润卿将归雷平，因而有赠","Poem","南阳润卿将归雷平因而有赠
借问山中许道士，此回归去复何如。竹屏风扇抄遗事，柘步舆竿系隐书。绛树实多分紫鹿，丹沙泉浅种红鱼。东卿旄节看看至，静启茅斋慎扫除。","李福标《皮陆年谱》第206页",,,,"王秀林"
"唐","皮日休","懿宗咸通十年己丑","869",,,"36","","江南东道","苏州",,,"江苏","苏州市",,"120.589613","31.304566","判官","陆龟蒙旧友吴兴进士严子重访皮陆","严子","伤进士严子重诗","Poem","伤进士严子重诗
十哭都门榜上尘，盖棺终是五湖人。生前有敌唯丹桂，没后无家秖白蘋。箬下斩新醒处月，江南依旧咏来春。知君精爽应无尽，必在酆都颂帝晨。","李福标《皮陆年谱》第207页",,,,"王秀林"
"唐","皮日休","懿宗咸通十一年庚寅","870","2",,"37","","江南东道","苏州",,,"江苏","苏州市",,"120.589613","31.304566","判官","皮日休、陆龟蒙等人作诗伤严子重进士；并迎其妻室山阴滕式入苏州","严子重，山阴滕式","伤进士严子重诗并序","Poem","伤进士严子重诗
十哭都门榜上尘，盖棺终是五湖人。生前有敌唯丹桂，没后无家秖白蘋。箬下斩新醒处月，江南依旧咏来春。知君精爽应无尽，必在酆都颂帝晨。","李福标《皮陆年谱》第211页",,,,"王秀林"
"唐","皮日休","懿宗咸通十一年庚寅","870",,,"37","","江南东道","苏州",,,"江苏","苏州市",,"120.589613","31.304566","判官","皮陆唱和","陆龟蒙","早春病中书事寄鲁望","Poem","早春病中书事寄鲁望
眼晕见云母，耳虚闻海涛。惜春狂似蝶，养病躁于猱。案静方书古，堂空药气高。可怜真宰意，偏解困吾曹。","李福标《皮陆年谱》第211页","编年诗见第254页",,,"王秀林"
"唐","皮日休","懿宗咸通十一年庚寅","870",,,"37","","江南东道","苏州",,,"江苏","苏州市",,"120.589613","31.304566","判官","皮陆唱和","陆龟蒙","又寄次前韵","Poem","又寄次前韵
病根冬养得，春到一时生。眼暗怜晨惨，心寒怯夜清。妻仍嫌酒癖，医只禁诗情。应被高人笑，忧身不似名。","李福标《皮陆年谱》第211页","编年诗见第255页",,,"王秀林"
"唐","皮日休","懿宗咸通十一年庚寅","870",,,"37","","江南东道","苏州",,,"江苏","苏州市",,"120.589613","31.304566","判官","皮陆唱和","陆龟蒙","四明山诗并序","Poem","","李福标《皮陆年谱》第211页","编年诗见第255页",,,"王秀林"
"唐","皮日休","懿宗咸通十一年庚寅","870",,,"37","","江南东道","苏州",,,"江苏","苏州市",,"120.589613","31.304566","判官","皮陆唱和","陆龟蒙","病中有人惠海蟹转寄鲁望","Poem","病中有人惠海蟹转寄鲁望
绀甲青筐染菭衣，岛夷初寄北人时。离居定有石帆觉，失伴唯应海月知。族类分明连璅𤥐，形容好个似蟛蜞。病中无用霜螯处，寄与夫君左手持。","李福标《皮陆年谱》第211页","编年诗见第256页",,,"王秀林"
"唐","皮日休","懿宗咸通十一年庚寅","870",,,"37","","江南东道","苏州",,,"江苏","苏州市",,"120.589613","31.304566","判官","皮陆唱和","陆龟蒙","病中美景颇阻追游因寄鲁望","Poem","病中美景颇阻追游因寄鲁望
瘿床闲卧昼迢迢，唯把真如慰寂寥。南国不须收薏苡，百年终竟是芭蕉。药前美禄应难断，枕上芳辰岂易销。看取病来多少日，早梅零落玉华焦。","李福标《皮陆年谱》第211页","编年诗见第256页",,,"王秀林"
"唐","皮日休","懿宗咸通十一年庚寅","870",,,"37","","江南东道","苏州",,,"江苏","苏州市",,"120.589613","31.304566","判官","皮陆唱和","陆龟蒙","病中庭际海石榴花盛发，感而有寄","Poem","病中庭际海石榴花盛发感而有寄
一夜春光绽绛囊，碧油枝上昼煌煌。风匀秖似调红露，日暖唯忧化赤霜。火齐满枝烧夜月，金津含蕊滴朝阳。不知桂树知情否，无限同游阻陆郎。","李福标《皮陆年谱》第211页","编年诗见第256页",,,"王秀林"
"唐","皮日休","懿宗咸通十一年庚寅","870",,,"37","","江南东道","苏州",,,"江苏","苏州市",,"120.589613","31.304566","判官","皮陆唱和","陆龟蒙","早春以橘子寄鲁望","Poem","早春以橘子寄鲁望
个个和枝叶捧鲜，彩凝犹带洞庭烟。不为韩嫣金丸重，直是周王玉果圆。剖似日魂初破后，弄如星髓未销前。知君多病仍中圣，尽送寒苞向枕边。","李福标《皮陆年谱》第211页","编年诗见第257页",,,"王秀林"
"唐","皮日休","懿宗咸通十一年庚寅","870",,,"37","","江南东道","苏州",,,"江苏","苏州市",,"120.589613","31.304566","判官","皮陆唱和","陆龟蒙","病中书情寄上崔谏议，时眼疾未平","Poem","病中书情寄上崔谏议
十日来来旷奉公，闭门无事忌春风。虫丝度日萦琴荐，蛀粉经时落酒筒。马足歇从残漏外，鱼须抛在乱书中。慇勤莫怪求医切，只为山樱欲放红。","李福标《皮陆年谱》第211页","编年诗见第257页",,,"王秀林"
"唐","皮日休","懿宗咸通十一年庚寅","870",,,"37","","江南东道","苏州",,,"江苏","苏州市",,"120.589613","31.304566","判官","皮陆唱和","陆龟蒙","病孔雀","Poem","病孔雀
烟花虽媚思沈冥，犹自抬头护翠翎。强听紫箫如欲舞，困眠红树似依屏。因思桂蠹伤肌骨，为忆松鹅损性灵。尽日春风吹不起，钿毫金缕一星星。","李福标《皮陆年谱》第211页","编年诗见第257页",,,"王秀林"
"唐","皮日休","懿宗咸通十一年庚寅","870",,,"37","","江南东道","苏州",,,"江苏","苏州市",,"120.589613","31.304566","判官","皮陆唱和","陆龟蒙","奉酬惜春见寄","Poem","奉詶鲁望惜春见寄
十五日中春日好，可怜沈痼冷如灰。以前虽被愁将去，向后须教醉领来。梅片尽飘轻粉靥，柳芽初吐烂金醅。病中无限花番次，为约东风且住开。","李福标《皮陆年谱》第211页","编年诗见第257页",,,"王秀林"
"唐","皮日休","懿宗咸通十一年庚寅","870",,,"37","","江南东道","苏州",,,"江苏","苏州市",,"120.589613","31.304566","判官","皮陆唱和","陆龟蒙","闻鲁望游颜家园林，病中有寄","Poem","闻鲁望游颜家林园病中有寄
一夜韶姿著水光，谢家春草满池塘。细挑泉眼寻新脉，轻把花枝嗅宿香。蝶欲试飞犹护粉，莺初学啭尚羞簧。分明不得同君赏，尽日倾心羡索郎。","李福标《皮陆年谱》第211页","编年诗见第257页",,,"王秀林"
"唐","皮日休","懿宗咸通十一年庚寅","870",,,"37","","江南东道","苏州",,,"江苏","苏州市",,"120.589613","31.304566","判官","皮陆唱和","陆龟蒙","鲁望春日多寻野景，皮日休抱疾杜门，因有是寄","Poem","鲁望春日多寻野景日休抱疾杜门因有是寄
野侣相逢不待期，半缘幽事半缘诗。乌纱任岸穿筋竹，白袷从披趁肉芝。数卷蠹书棋处展，几升菰米钓前炊。病中不用君相忆，折取山樱寄一枝。","李福标《皮陆年谱》第211页","编年诗见第257页",,,"王秀林"
"唐","皮日休","懿宗咸通十一年庚寅","870",,,"37","","江南东道","苏州",,,"江苏","苏州市",,"120.589613","31.304566","判官","皮陆唱和","陆龟蒙","奉和次韵（野客正闲移竹远）","Poem","奉和鲁望春雨即事次韵
织恨凝愁映鸟飞，半旬飘洒掩韶晖。山容洗得如烟瘦，地脉流来似乳肥。野客正闲移竹远，幽人多病探花稀。何年细湿华阳道，两乘巾车相并归。","李福标《皮陆年谱》第211页","编年诗见第258页",,,"王秀林"
"唐","皮日休","懿宗咸通十一年庚寅","870",,,"37","","江南东道","苏州",,,"江苏","苏州市",,"120.589613","31.304566","判官","皮陆唱和","陆龟蒙","鲁望以躬掇野荒，兼示雅什，用以酬谢","Poem","鲁望以躬掇野蔬兼示雅什用以詶谢
杖擿春烟暖向阳，烦君为我致盈筐。深挑乍见牛唇液，细掐徐闻鼠耳香。紫甲采从泉脉畔，翠牙搜自石根傍。彫胡饭熟𩝊糊软，不是高人不合尝。","李福标《皮陆年谱》第211页","编年诗见第259页",,,"王秀林"
"唐","皮日休","懿宗咸通十一年庚寅","870",,,"37","","江南东道","苏州",,,"江苏","苏州市",,"120.589613","31.304566","判官","皮陆唱和","陆龟蒙","卧疾感春寄鲁望","Poem","卧病感春寄鲁望
乌皮几上困腾腾，玉柄清羸愧不能。昨夜眠时稀似鹤，今朝餐数减于僧。药销美禄应夭折，医过芳辰定鬼憎。任是雨多游未得，也须收在探花朋。","李福标《皮陆年谱》第211页","编年诗见第259页",,,"王秀林"
"唐","皮日休","懿宗咸通十一年庚寅","870",,,"37","","江南东道","苏州",,,"江苏","苏州市",,"120.589613","31.304566","判官","皮陆唱和","陆龟蒙","奉酬见答鱼笺之什","Poem","奉詶鲁望见荅鱼笺之什
轻如隐起腻如饴，除却鲛工解制稀。欲写恐成河伯诏，试裁疑是水仙衣。毫端白獭脂犹湿，指下冰蚕子欲飞。若用莫将闲处去，好题春思赠江妃。","李福标《皮陆年谱》第211页","编年诗见第259页",,,"王秀林"
"唐","皮日休","懿宗咸通十一年庚寅","870",,,"37","","江南东道","苏州",,,"江苏","苏州市",,"120.589613","31.304566","判官","皮陆唱和","陆龟蒙","病后春思","Poem","病后春思
连钱锦暗麝氛氲，荆思多才咏鄂君。孔雀钿寒窥沼见，石榴红重堕阶闻。牢愁有度应如月，春梦无心秖似云。应笑病来惭满愿，花笺好作断肠文。","李福标《皮陆年谱》第211页","编年诗见第259页",,,"王秀林"
"唐","皮日休","懿宗咸通十一年庚寅","870",,,"37","","江南东道","苏州",,,"江苏","苏州市",,"120.589613","31.304566","判官","皮陆唱和","陆龟蒙","偶成小酌，招鲁望不至，以诗为解。因次韵酬之","Poem","偶成小酌招鲁望不至以诗为解因次韵詶之
醉侣相邀爱早阳，小筵催办不胜忙。冲深柳驻吴娃幰，倚短花排羯鼓床。金凤欲为莺引去，钿蝉疑被蝶勾将。如何共是忘形者，不见渔阳掺一场。","李福标《皮陆年谱》第211页","编年诗见第259页",,,"王秀林"
"唐","皮日休","懿宗咸通十一年庚寅","870",,,"37","","江南东道","苏州",,,"江苏","苏州市",,"120.589613","31.304566","判官","皮陆唱和","陆龟蒙","以纱巾寄鲁望，因而有作","Poem","以纱巾寄鲁望因而有作
周家新样替三梁，裹发偏宜白面郎。掩敛乍疑裁黑雾，轻明浑似戴玄霜。今朝定见看花昃，明日应闻漉酒香。更有一般君未识，虎文巾在绛霄房。","李福标《皮陆年谱》第211页","编年诗见第253页",,,"王秀林"
"唐","皮日休","懿宗咸通十一年庚寅","870",,,"37","","江南东道","苏州",,,"江苏","苏州市",,"120.589613","31.304566","判官","皮陆唱和","陆龟蒙","以紫石砚见鲁望，兼酬见赠","Poem","以紫石砚寄鲁望兼詶见赠
样如金蹙小能轻，微润将融紫玉英。石墨一研为凤尾，寒泉半勺是龙睛。骚人白芷伤心暗，狎客红筵夺眼明。两地有期皆好用，不须空把洗溪声。","李福标《皮陆年谱》第211页","编年诗见第254页",,,"王秀林"
"唐","皮日休","懿宗咸通十一年庚寅","870",,,"37","","江南东道","苏州",,,"江苏","苏州市",,"120.589613","31.304566","判官","皮陆唱和","陆龟蒙","奉和次韵1","Poem","","李福标《皮陆年谱》第211页","编年诗见第255页",,,"王秀林"
"唐","皮日休","懿宗咸通十一年庚寅","870",,,"37","","江南东道","苏州",,,"江苏","苏州市",,"120.589613","31.304566","判官","皮陆唱和","陆龟蒙","奉和次韵2","Poem","","李福标《皮陆年谱》第211页","编年诗见第256页",,,"王秀林"
"唐","皮日休","懿宗咸通十一年庚寅","870",,,"37","","江南东道","苏州",,,"江苏","苏州市",,"120.589613","31.304566","判官","皮陆唱和","陆龟蒙","奉和次韵3","Poem","","李福标《皮陆年谱》第211页","编年诗见第256页",,,"王秀林"
"唐","皮日休","懿宗咸通十一年庚寅","870",,,"37","","江南东道","苏州",,,"江苏","苏州市",,"120.589613","31.304566","判官","皮陆唱和","陆龟蒙","奉和次韵4","Poem","","李福标《皮陆年谱》第211页","编年诗见第257页",,,"王秀林"
"唐","皮日休","懿宗咸通十一年庚寅","870",,,"37","","江南东道","苏州",,,"江苏","苏州市",,"120.589613","31.304566","判官","皮陆唱和","陆龟蒙","奉和次韵5","Poem","","李福标《皮陆年谱》第211页","编年诗见第258页",,,"王秀林"
"唐","皮日休","懿宗咸通十一年庚寅","870",,,"37","","江南东道","苏州",,,"江苏","苏州市",,"120.589613","31.304566","判官","皮陆唱和","陆龟蒙","奉和次韵6","Poem","","李福标《皮陆年谱》第211页","编年诗见第258页",,,"王秀林"
"唐","皮日休","懿宗咸通十一年庚寅","870",,,"37","","江南东道","苏州",,,"江苏","苏州市",,"120.589613","31.304566","判官","皮陆唱和","陆龟蒙","奉和次韵7","Poem","","李福标《皮陆年谱》第211页","编年诗见第259页",,,"王秀林"
"唐","皮日休","懿宗咸通十一年庚寅","870",,,"37","","江南东道","苏州",,,"江苏","苏州市",,"120.589613","31.304566","判官","皮陆唱和","陆龟蒙","奉和次韵8","Poem","","李福标《皮陆年谱》第211页","编年诗见第259页",,,"王秀林"
"唐","皮日休","懿宗咸通十一年庚寅","870",,,"37","","江南东道","苏州",,,"江苏","苏州市",,"120.589613","31.304566","判官","皮陆唱和","陆龟蒙","奉和次韵9","Poem","","李福标《皮陆年谱》第211页","编年诗见第260页",,,"王秀林"
"唐","皮日休","懿宗咸通十一年庚寅","870",,,"37","","江南东道","苏州",,,"江苏","苏州市",,"120.589613","31.304566","判官","皮陆唱和","陆龟蒙","奉和次韵10","Poem","","李福标《皮陆年谱》第211页","编年诗见第261页",,,"王秀林"
"唐","皮日休","懿宗咸通十一年庚寅","870",,,"37","","江南东道","苏州",,,"江苏","苏州市",,"120.589613","31.304566","判官","皮陆唱和","陆龟蒙","奉和次韵11","Poem","","李福标《皮陆年谱》第211页","编年诗见第261页",,,"王秀林"
"唐","皮日休","懿宗咸通十一年庚寅","870",,,"37","","江南东道","苏州",,,"江苏","苏州市",,"120.589613","31.304566","判官","皮陆唱和","陆龟蒙","奉和次韵12","Poem","","李福标《皮陆年谱》第211页","编年诗见第261页",,,"王秀林"
"唐","皮日休","懿宗咸通十一年庚寅","870",,,"37","","江南东道","苏州",,,"江苏","苏州市",,"120.589613","31.304566","判官","皮陆唱和","陆龟蒙","奉和1","Poem","","李福标《皮陆年谱》第211页","编年诗见第258页",,,"王秀林"
"唐","皮日休","懿宗咸通十一年庚寅","870",,,"37","","江南东道","苏州",,,"江苏","苏州市",,"120.589613","31.304566","判官","皮陆唱和","陆龟蒙","奉和2","Poem","","李福标《皮陆年谱》第211页","编年诗见第259页",,,"王秀林"
"唐","皮日休","懿宗咸通十一年庚寅","870",,,"37","","江南东道","苏州",,,"江苏","苏州市",,"120.589613","31.304566","判官","皮陆唱和","陆龟蒙","奉和3","Poem","","李福标《皮陆年谱》第211页","编年诗见第260页",,,"王秀林"
"唐","皮日休","懿宗咸通十一年庚寅","870",,,"37","","江南东道","苏州",,,"江苏","苏州市",,"120.589613","31.304566","判官","皮陆唱和","陆龟蒙","奉和4","Poem","","李福标《皮陆年谱》第211页","编年诗见第265页",,,"王秀林"
"唐","皮日休","懿宗咸通十一年庚寅","870",,,"37","","江南东道","苏州",,,"江苏","苏州市",,"120.589613","31.304566","判官","皮陆唱和","陆龟蒙","奉和5","Poem","","李福标《皮陆年谱》第211页","编年诗见第265页",,,"王秀林"
"唐","皮日休","懿宗咸通十一年庚寅","870",,,"37","","江南东道","苏州",,,"江苏","苏州市",,"120.589613","31.304566","判官","皮陆唱和","陆龟蒙","奉和6","Poem","","李福标《皮陆年谱》第211页","编年诗见第265页",,,"王秀林"
"唐","皮日休","懿宗咸通十一年庚寅","870",,,"37","","江南东道","苏州",,,"江苏","苏州市",,"120.589613","31.304566","判官","皮陆唱和","陆龟蒙","夏首病愈，因招鲁望","Poem","夏首病愈因招鲁望
晓入清和尚袷衣，夏阴初合掩双扉。一声拨谷桑柘晚，数点舂锄烟雨微。贫养山禽能个瘦，病关芳草就中肥。明朝早起非无事，买得莼丝待陆机。","李福标《皮陆年谱》第211页","编年诗见第259页",,,"王秀林"
"唐","皮日休","懿宗咸通十一年庚寅","870",,,"37","","江南东道","苏州",,,"江苏","苏州市",,"120.589613","31.304566","判官","皮陆唱和","陆龟蒙","登初阳楼，寄怀北平郎中","Poem","登初阳楼寄怀北平郎中
危楼新制号初阳，白粉青葌射沼光。避酒几浮轻舴艋，下棋曾觉睡鸳鸯。投钩列坐围华烛，格簺分朋占靓妆。莫怪重登频有恨，二年曾侍旧吴王。","李福标《皮陆年谱》第211页","编年诗见第259页",,,"王秀林"
"唐","皮日休","懿宗咸通十一年庚寅","870",,,"37","","江南东道","苏州",,,"江苏","苏州市",,"120.589613","31.304566","判官","皮陆唱和","陆龟蒙","夏初访鲁望，偶题小斋","Poem","夏初访鲁望偶题小斋
半里芳阴到陆家，藜床相劝饭胡麻。林间度宿抛棋局，壁上经旬挂钓车。野客病时分竹米，邻翁斋日乞藤花。踟蹰为放闲人去，半岸纱帩待月华。","李福标《皮陆年谱》第211页","编年诗见第259页",,,"王秀林"
"唐","皮日休","懿宗咸通十一年庚寅","870",,,"37","","江南东道","苏州",,,"江苏","苏州市",,"120.589613","31.304566","判官","皮陆唱和","陆龟蒙","所居首夏水木尤清，适然有作","Poem","所居首夏水木尤清适然有作
病来无事草堂空，昼水休闻十二筒。桂静似逢青眼客，松闲如见绿毛翁。潮期暗动庭泉碧，梅信微侵地障红。尽日枕书慵起得，被君犹自笑从公。","李福标《皮陆年谱》第211页","编年诗见第259页",,,"王秀林"
"唐","皮日休","懿宗咸通十一年庚寅","870",,,"37","","江南东道","苏州",,,"江苏","苏州市",,"120.589613","31.304566","判官","皮陆唱和","陆龟蒙","重玄寺元达年逾八十，好种名药，凡所植者多至自天台、四明、包山、句曲，业萃纷糅，各可指名。余奇而访之，因题二章","Poem","","李福标《皮陆年谱》第211页","编年诗见第259页",,,"王秀林"
"唐","皮日休","懿宗咸通十一年庚寅","870",,,"37","","江南东道","苏州",,,"江苏","苏州市",,"120.589613","31.304566","判官","皮陆唱和","陆龟蒙","夏景无事，因怀章、来二上人","Poem","","李福标《皮陆年谱》第211页","编年诗见第259页",,,"王秀林"
"唐","皮日休","懿宗咸通十一年庚寅","870",,,"37","","江南东道","苏州",,,"江苏","苏州市",,"120.589613","31.304566","判官","皮陆唱和","陆龟蒙","鲁望以轮钩相示，缅怀高致，因作三篇","Poem","鲁望以轮钩相示缅怀高致因作三篇 其一
角柄孤轮细腻轻，翠篷十载伴君行。撚时解转蟾蜍魄，抛处能啼络纬声。七里滩波喧一舍，五云溪月静三更。牛衣鲋足和蓑睡，谁信人间有利名。
鲁望以轮钩相示缅怀高致因作三篇 其二
一线飘然下碧塘，溪翁无语远相望。蓑衣旧去烟披重，箬笠新来雨打香。白鸟白莲为梦寐，清风清月是家乡。明朝有物充君信，㰂酒三瓶寄夜航。
鲁望以轮钩相示缅怀高致因作三篇 其三
尽日悠然舴艋轻，小轮声细雨溟溟。三寻丝带桐江烂，一寸钩含笠泽腥。用近詹何传钓法，收和范蠡养鱼经。孤篷半夜无馀事，应被严滩聒酒醒。","李福标《皮陆年谱》第211页","编年诗见第260页",,,"王秀林"
"唐","皮日休","懿宗咸通十一年庚寅","870",,,"37","","江南东道","苏州",,,"江苏","苏州市",,"120.589613","31.304566","判官","皮日休病愈，并作诗招羊振文等小饮，羊振文赴，陆龟蒙以病不赴，然皆有和诗","羊振文等一二文友","偶留羊振文先辈及一二文友小饮，日休以眼病初平，不敢饮酒，遣侍密欢，因成四韵","Poem","偶留羊振文先辈及一二文友小饮日休以眼病初平不敢饮酒遣侍密欢因成四韵
谢庄初起恰花晴，强侍红筵不避觥。久断杯盂华盖喜，忽闻歌吹谷神惊。䙰褷正重新开柳，呫嗫难通乍啭莺。犹有僧虔多蜜炬，不辞相伴到天明。","李福标《皮陆年谱》第216页",,,,"王秀林"
"唐","皮日休","懿宗咸通十一年庚寅","870",,,"37","","江南东道","苏州",,,"江苏","苏州市",,"120.589613","31.304566","判官","吴中淫雨不息。皮日休有诗写连日大雨时情况，陆龟蒙和之。至此，皮陆唱和已达半年之久。","陆龟蒙","吴中苦雨，因书一百韵寄鲁望","Poem","吴中苦雨因书一百韵寄鲁望
全吴临巨溟，百里到沪渎。海物竞骈罗，水怪争渗漉。狂蜃吐其气，千寻勃然蹙。一刷半天墨，架为欹危屋。怒鲸瞪相向，吹浪山毂毂。倏忽腥杳冥，须臾坼崖谷。帝命有严程，慈物有潜伏。嘘之为玄云，弥亘千万幅。直拔倚天剑，又建横海纛。化之为暴雨，潨潨射平陆。如将月窟写，似把天河扑。著树胜戟支，中人过箭镞。龙光倏闪照，虬角搊琤触。此时一千里，平下天台瀑。雷公恣其志，䃸磹裂电目。蹋破霹雳车，折却三四辐。雨工避罪者，必在蚊睫宿。狂发铿訇音，不得懈怠僇。顷刻势稍止，尚自倾蔌蔌。不敢履洿处，恐蹋烂地轴。自尔凡十日，茫然晦林麓。只是遇滂沱，少曾逢霢霂。伊余之廨宇，古制拙卜筑。颓檐倒菌黄，破砌顽莎绿。只有方丈居，其中蹐且跼。朽处或似醉，漏时又如沃。阶前平汎滥，墙下起趢趚。唯堪著籉笠，复可乘艒宿。鸡犬并淋漓，儿童但咿喔。勃勃生湿气，人人牢于锔。须眉渍将断，肝膈蒸欲熟。当庭死兰芷，四垣盛薋菉。解帙展断书，拂床安坏椟。跳梁老蛙黾，直向床前浴。蹲前但相聒，似把白丁辱。空厨方欲炊，渍米未离䉛。薪蒸湿不著，白昼须然烛。污莱既已泞，买鱼不获鮛。竟未成麦饘，安能得粱肉。更有陆先生，荒林抱穷蹙。坏宅四五舍，病筱三两束。盖檐低碍首，藓地滑澾足。注欲透承尘，湿难庇厨簏。低摧在圭窦，索漠抛偏裻。手指既已胼，肌肤亦将瘯。一苞势欲陊，将撑乏寸木。尽日欠束薪，经时无寸粟。螔蝓将入甑，蟛蜞已临鍑。娇儿未十岁，枵然自啼哭。一钱买粔籹，数里走病仆。破碎旧鹤笼，狼籍晚蚕蔟。千卷素书外，此外无馀蓄。著处纻衣裂，戴次纱帽醭。恶阴潜过午，未及烹葵菽。吴中铜臭户，七万沸如臛。啬止甘蟹䱬，侈唯僭车服。皆希尉吏旨，尽怕里胥录。低眉事庸奴，开颜纳金玉。唯到陆先生，不能分一斛。先生之志气，薄汉如鸿鹄。遇善必擎跽，见才辄驰逐。廉不受一芥，其馀安可黩。如何乡里辈，见之乃猬缩。粤予苦心者，师仰但踖踧。受易既可注，请玄又堪卜。百家皆搜荡，六艺尽翻覆。似馁见太牢，如迷遇华烛。半年得酬唱，一日屡往复。三秀间稂莠，九成杂巴濮。奔命既不暇，乞降但相续。吟诗口吻噅，把笔指节瘃。君才既不穷，吾道由是笃。所益谅弘多，厥交过亲族。相逢似丹漆，相望如朓肭。论业敢并驱，量分合继躅。相违始两日，忡忡想华缛。出门泥漫漶，恨无直辕辇。十钱赁一轮，逢上鸣斛觫。赤脚枕书帙，访予穿诘曲。入门且抵掌，大噱时碌碌。兹淋既浃旬，无乃害九谷。予惟饿不死，得非道之福。手中捉诗卷，语快还共读。解带似归来，脱巾若沐浴。疏如松间篁，野甚麋对鹿。行谭弄书签，卧话枕棋局。呼童具盘餐，擪衣换鸡鹜。或蒸一升麻，或煠两把菊。用以阅幽奇，岂能资口腹。十分煎皋卢，半榼挽醽醁。高谈繄无尽，昼漏何太促。我公大司谏，一切从民欲。梅润侵束杖，和气生空狱。而民当斯时，不觉有烦溽。念涝为之灾，拜神再三告。太阴霍然收，天地一澄肃。燔炙既芬芬，威仪乃毣毣。须权元化柄，用拯中夏酷。我愿荐先生，左右辅司牧。兹雨何足云，唯思举颜歜。","李福标《皮陆年谱》第218页",,,,"王秀林"
"唐","皮日休","懿宗咸通十一年庚寅","870",,,"37","","江南东道","苏州",,,"江苏","苏州市",,"120.589613","31.304566","判官","皮日休与陆龟蒙唱和，并欲推荐陆龟蒙入崔璞幕","陆龟蒙",,"","","李福标《皮陆年谱》第219页",,,,"王秀林"
"唐","皮日休","懿宗咸通十一年庚寅","870",,,"37","","江南东道","苏州",,,"江苏","苏州市",,"120.589613","31.304566","判官","皮日休等奉崔璞命，祷于太湖","崔璞","初入太湖","Poem","太湖诗 其一 初入太湖
闻有太湖名，十年未曾识。今朝得游汎，大笑称平昔。一舍行胥塘，尽日到震泽。三万六千顷，千顷颇黎色。连空澹无颣，照野平绝隙。好放青翰舟，堪弄白玉笛。疏岑七十二，𡾼𡾼露矛戟。悠然啸傲去，天上摇画艗。西风乍猎猎，惊波罨涵碧。倏忽雷阵吼，须臾玉崖坼。树动为蜃尾，山浮似鳌脊。落照射鸿溶，清辉荡抛𢶉。云轻似可染，霞烂如堪摘。渐暝无处泊，挽帆从所适。枕下闻澎湃，肌上生瘆𤶬。讨异足邅回，寻幽多阻隔。愿风与良便，吹入神仙宅。甘将一蕴书，永事嵩山伯。","李福标《皮陆年谱》第219页",,,,"王秀林"
"唐","皮日休","懿宗咸通十一年庚寅","870",,,"37","","江南东道","苏州",,,"江苏","苏州市",,"120.589613","31.304566","判官","皮日休等奉崔璞命，祷于太湖；祀事既毕，又游洞庭山之神景宫、林屋洞、包山精舍、毛公坛、飘渺峰、桃花坞、明月湾、练渎、投龙潭、孤园寺、上真观、销夏湾、包山祠、圣姑庙、崦裹、石板等，有诗记之，合二十首","崔璞","石板","Poem","太湖诗 其二十 石板
翠石数百步，如板漂不流。空疑水妃意，浮出青玉洲。中若莹龙剑，外唯叠蛇矛。狂波忽然死，浩气清且浮。似将翠黛色，抹破太湖秋。安得三五夕，携酒棹扁舟。召取月夫人，啸歌于上头。又恐霄景阔，虚皇拜仙侯。欲建九锡碑，当立十二楼。琼文忽然下，石板谁能留。此事少知者，唯应波上鸥。","李福标《皮陆年谱》第220页",,,,"王秀林"
"唐","皮日休","懿宗咸通十一年庚寅","870",,,"37","","江南东道","苏州",,"太湖；洞庭山之神景宫、林屋洞、包山精舍、毛公坛、飘渺峰、桃花坞、明月湾、练渎、投龙潭、孤园寺、上真观、销夏湾、包山祠、圣姑庙、崦裹、石板等","江苏","苏州市",,"120.589613","31.304566","判官","皮日休等奉崔璞命，祷于太湖；祀事既毕，又游洞庭山之神景宫、林屋洞、包山精舍、毛公坛、飘渺峰、桃花坞、明月湾、练渎、投龙潭、孤园寺、上真观、销夏湾、包山祠、圣姑庙、崦裹、石板等，有诗记之，合二十首","崔璞","晓次景神宫","Poem","太湖诗 其二 晓次神景宫
夜半幽梦中，扁舟似凫跃。晓来到何许，俄倚包山脚。三百六十丈，攒空利如削。遐瞻但徙倚，欲上先矍铄。浓露湿莎裳，浅泉渐草屩。行行未一里，节境转寂寞。静径侵泬寥，仙扉傍岩崿。松声正清绝，海日方照灼。歘临幽虚天，万想皆摆落。坛灵有芝菌，殿圣无鸟雀。琼帏自回旋，锦旌空粲错。鼎气为龙虎，香烟混丹雘。凝看出次云，默听语时鹤。绿书不可注，云笈应无钥。晴来鸟思喜，崦里花光弱。天籁如击琴，泉声似摐铎。清斋洞前院，敢负玄科约。空中悉羽章，地上皆灵药。金醴可酣畅，玉豉堪咀嚼。存心服燕胎，叩齿读龙蹻。福地七十二，兹焉永堪托。在兽乏虎䝙，于虫不毒蠚。尝闻择骨录，仙志非可作。绿肠既朱髓，青肝复紫络。伊余乏此相，天与形貌恶。每嗟原宪尰，常苦齐侯疟。终然合委顿，刚亦慕寥廓。三茅亦常住，竟与圭组薄。欲问包山神，来赊少岩壑。","李福标《皮陆年谱》第220页",,,,"王秀林"
"唐","皮日休","懿宗咸通十一年庚寅","870",,,"37","","江南东道","苏州",,,"江苏","苏州市",,"120.589613","31.304566","判官","皮日休等奉崔璞命，祷于太湖；祀事既毕，又游洞庭山之神景宫、林屋洞、包山精舍、毛公坛、飘渺峰、桃花坞、明月湾、练渎、投龙潭、孤园寺、上真观、销夏湾、包山祠、圣姑庙、崦裹、石板等，有诗记之，合二十首","崔璞","崦裹","Poem","","李福标《皮陆年谱》第220页",,,,"王秀林"
"唐","皮日休","懿宗咸通十一年庚寅","870",,,"37","","江南东道","苏州",,,"江苏","苏州市",,"120.589613","31.304566","判官","皮日休等奉崔璞命，祷于太湖；祀事既毕，又游洞庭山之神景宫、林屋洞、包山精舍、毛公坛、飘渺峰、桃花坞、明月湾、练渎、投龙潭、孤园寺、上真观、销夏湾、包山祠、圣姑庙、崦裹、石板等，有诗记之，合二十首","崔璞","入林屋洞","Poem","太湖诗 其三 入林屋洞
斋心已三日，筋骨如烟轻。腰下佩金兽，手中持火铃。幽塘四百里，中有日月精。连亘三十六，各各为玉京。自非心至诚，必被神物烹。顾余慕大道，不能惜微生。遂招放旷侣，同作幽忧行。其门才函丈，初若盘薄硎。洞气黑昳𥄴，苔发红鬇鬡。试足值坎窞，低头避峥嵘。攀缘不知倦，怪异焉敢惊。匍匐一百步，稍稍策可横。忽然白蝙蝠，来扑松炬明。人语散澒洞，石响高玲玎。脚底龙蛇气，头上波涛声。有时若服匿，偪仄如见绷。俄尔造平澹，豁然逢光晶。金堂似镌出，玉座如琢成。前有方丈沼，凝碧融人睛。云浆湛不动，璚露涵而馨。漱之恐减算，酌之必延龄。愁为三官责，不敢携一罂。昔云夏后氏，于此藏真经。刻之以紫琳，秘之以丹琼。期之以万祀，守之以百灵。焉得彼丈人，窃之不加刑。石匮一以出，左神俄不扃。禹书既云得，吴国由是倾。藓缝才半尺，中有怪物腥。欲去既嚄唶，将回又伶俜。却遵旧时道，半日出杳冥。屦泥惹石髓，衣湿沾云英。玄箓乏仙骨，青文无绛名。虽然入阴宫，不得朝上清。对彼神仙窟，自厌浊俗形。却憎造物者，遣我骑文星。","李福标《皮陆年谱》第220页",,,,"王秀林"
"唐","皮日休","懿宗咸通十一年庚寅","870",,,"37","","江南东道","苏州",,,"江苏","苏州市",,"120.589613","31.304566","判官","皮日休等奉崔璞命，祷于太湖；祀事既毕，又游洞庭山之神景宫、林屋洞、包山精舍、毛公坛、飘渺峰、桃花坞、明月湾、练渎、投龙潭、孤园寺、上真观、销夏湾、包山祠、圣姑庙、崦裹、石板等，有诗记之，合二十首","崔璞","雨中游包山精舍","Poem","太湖诗 其四 雨中游包山精舍
松门亘五里，彩碧高下绚。幽人共跻攀，胜事颇清便。翣翣林上雨，隐隐湖中电。薜带轻束腰，荷笠低遮面。湿屦黏烟雾，穿衣落霜霰。笑次度岩壑，困中遇台殿。老僧三四人，梵字十数卷。施稀无夏屋，境僻乏朝膳。散发抵泉流，支颐数云片。坐石忽忘起，扪萝不知倦。异蝶时似锦，幽禽或如钿。篥簩还戛刃，栟榈自摇扇。俗态既斗薮，野情空眷恋。道人摘芝菌，为予备午馔。渴兴石榴羹，饥惬胡麻饭。如何事于役，兹游急于传。却将尘土衣，一任瀑丝溅。","李福标《皮陆年谱》第220页",,,,"王秀林"
"唐","皮日休","懿宗咸通十一年庚寅","870",,,"37","","江南东道","苏州",,,"江苏","苏州市",,"120.589613","31.304566","判官","皮日休等奉崔璞命，祷于太湖；祀事既毕，又游洞庭山之神景宫、林屋洞、包山精舍、毛公坛、飘渺峰、桃花坞、明月湾、练渎、投龙潭、孤园寺、上真观、销夏湾、包山祠、圣姑庙、崦裹、石板等，有诗记之，合二十首","崔璞","游毛公坛","Poem","太湖诗 其五 游毛公坛
却上南山路，松行俨如庑。松根碍幽径，孱颜不能斧。摆履跨乱云，侧中蹲怪树。三休且半日，始到毛公坞。两水合一涧，潨崖却为浦。相敌百千戟，共擂十万鼓。喷散日月精，射破神仙府。唯愁绝地脉，又恐折天柱。一窥耳目眩，耳听云发竖。次到鍊丹井，井干翳宿莽。下有蕊刚丹，勺之百疾愈。凝于白獭髓，湛似桐马乳。黄露醒齿牙，碧黏甘肺腑。桧异松复怪，枯疏互撑拄。乾蛟一百丈，髐然半天舞。下有毛公坛，坛方不盈亩。当时云龙篆，一片苔藓古。时时仙禽来，忽忽祥烟聚。我爱周息元，忽起应明主。三谏却归来，回头唾圭组。伊余何不幸，斯人不复睹。如何大开口，与世争枯腐。将山待夸娥，以肉投䝟貐。歘坐侵桂阴，不知已与午。兹地足灵境，他年终结宇。敢道万石君，轻于一丝缕。","李福标《皮陆年谱》第220页",,,,"王秀林"
"唐","皮日休","懿宗咸通十一年庚寅","870",,,"37","","江南东道","苏州",,,"江苏","苏州市",,"120.589613","31.304566","判官","皮日休等奉崔璞命，祷于太湖；祀事既毕，又游洞庭山之神景宫、林屋洞、包山精舍、毛公坛、飘渺峰、桃花坞、明月湾、练渎、投龙潭、孤园寺、上真观、销夏湾、包山祠、圣姑庙、崦裹、石板等，有诗记之，合二十首","崔璞","三宿神景宫","Poem","太湖诗 其六 三宿神景宫
古观岑且寂，幽人情自怡。一来包天下，三宿湖之湄。况此深夏夕，不逢清月姿。玉泉浣衣后，金殿添香时。客省高且敞，客床蟠复奇。石枕冷入脑，笋席寒侵肌。气清寐不著，起坐临阶墀。松阴忽微照，独见萤火芝。素鹤警微露，白莲明暗池。窗棂带乳藓，壁缝含云蕤。闻磬走魍魉，见烛奔羁雌。沆瀣欲滴沥，芭蕉未离披。五更山蝉响，醒发如吹篪。杉风忽然起，飘破步虚词。道客巾屦样，上清朝礼仪。明发作此事，岂复甘趋驰。","李福标《皮陆年谱》第220页",,,,"王秀林"
"唐","皮日休","懿宗咸通十一年庚寅","870",,,"37","","江南东道","苏州",,,"江苏","苏州市",,"120.589613","31.304566","判官","皮日休等奉崔璞命，祷于太湖；祀事既毕，又游洞庭山之神景宫、林屋洞、包山精舍、毛公坛、飘渺峰、桃花坞、明月湾、练渎、投龙潭、孤园寺、上真观、销夏湾、包山祠、圣姑庙、崦裹、石板等，有诗记之，合二十首","崔璞","以毛公泉一瓶献上谏议因寄","Poem","太湖诗 其七 以毛公泉一瓶献上谏议因寄
刘根昔成道，兹坞四百年。毵毵被其体，号为绿毛仙。因思清泠汲，凿彼岝𡿃巅。五色既鍊矣，一勺方铿然。既用文武火，俄穷雌雄篇。赤盐扑红雾，白华飞素烟。服之生羽翼，倏尔冲玄天。真隐尚有迹，厥祀将近千。我来讨灵胜，到此期终焉。滴苦破窦净，藓深馀甃圆。澄如玉髓洁，汎如金精鲜。颜色半带乳，气味全和铅。饮之融痞蹇，濯之伸拘挛。有时玩者触，倏忽风雷颠。素绠丝不短，越罂腹甚便。汲时月液动，担处玉浆旋。敢献大司谏，置之铃阁前。清如介洁性，涤比埽荡权。炙背野人兴，亦思侯伯怜。也知饮冰苦，愿受一瓶泉。","李福标《皮陆年谱》第220页",,,,"王秀林"
"唐","皮日休","懿宗咸通十一年庚寅","870",,,"37","","江南东道","苏州",,,"江苏","苏州市",,"120.589613","31.304566","判官","皮日休等奉崔璞命，祷于太湖；祀事既毕，又游洞庭山之神景宫、林屋洞、包山精舍、毛公坛、飘渺峰、桃花坞、明月湾、练渎、投龙潭、孤园寺、上真观、销夏湾、包山祠、圣姑庙、崦裹、石板等，有诗记之，合二十首","崔璞","缥缈峰","Poem","太湖诗 其八 缥缈峰
头戴华阳帽，手拄大夏筇。清晨陪道侣，来上缥缈峰。带露嗅药蔓，和云寻鹿踪。时惊𪕍𪕌鼠，飞上千丈松。翠壁内有室，叩之虚䃔䃧。古穴下彻海，视之寒鸿濛。遇歇有佳思，缘危无倦容。须臾到绝顶，似鸟穿樊笼。恐足蹈海日，疑身凌天风。众岫点巨浸，四方接圆穹。似将青螺髻，撒在明月中。片白作越分，孤岚为吴宫。一阵叆叇气，隐隐生湖东。激雷与波起，狂电将日红。礊礊雨点大，金髇轰下空。暴光隔云闪，髣髴亘天龙。连拳百丈尾，下拔湖之洪。捽为一雪山，欲与昭回通。移时却𢷈下，细碎衡与嵩。神物谅不测，绝境尤难穷。杖策下返照，渐闻仙观钟。烟波濆肌骨，云壑阗心胸。竟死爱未足，当生且欢逢。不然把天爵，自拜太湖公。","李福标《皮陆年谱》第220页",,,,"王秀林"
"唐","皮日休","懿宗咸通十一年庚寅","870",,,"37","","江南东道","苏州",,,"江苏","苏州市",,"120.589613","31.304566","判官","皮日休等奉崔璞命，祷于太湖；祀事既毕，又游洞庭山之神景宫、林屋洞、包山精舍、毛公坛、飘渺峰、桃花坞、明月湾、练渎、投龙潭、孤园寺、上真观、销夏湾、包山祠、圣姑庙、崦裹、石板等，有诗记之，合二十首","崔璞","桃花坞","Poem","太湖诗 其九 桃花坞
夤缘度南岭，尽日穿林樾。穷深到兹坞，逸兴转超忽。坞名虽然在，不见桃花发。恐是武陵溪，自闭仙日月。倚峰小精舍，当岭残耕垡。将洞任回环，把云恣披拂。闲禽啼叫窱，险狖眠硉矹。微风吹重岚，碧埃轻勃勃。清阴减鹤睡，秀色治人渴。敲竹斗铮摐，弄泉争咽嗢。空斋蒸柏叶，野饭调石发。空羡坞中人，终身无履袜。","李福标《皮陆年谱》第220页",,,,"王秀林"
"唐","皮日休","懿宗咸通十一年庚寅","870",,,"37","","江南东道","苏州",,,"江苏","苏州市",,"120.589613","31.304566","判官","皮日休等奉崔璞命，祷于太湖；祀事既毕，又游洞庭山之神景宫、林屋洞、包山精舍、毛公坛、飘渺峰、桃花坞、明月湾、练渎、投龙潭、孤园寺、上真观、销夏湾、包山祠、圣姑庙、崦裹、石板等，有诗记之，合二十首","崔璞","明月湾","Poem","太湖诗 其十 明月湾
晓景澹无际，孤舟恣回环。试问最幽处，号为明月湾。半岩翡翠巢，望见不可攀。柳弱下丝网，藤深垂花鬘。松瘿忽似狖，石文或如虥。钓坛两三处，苔老腥斒斑。沙雨几处霁，水禽相向闲。野人波涛上，白屋幽深间。晓培橘栽去，暮作鱼梁还。清泉出石砌，好树临柴关。对此老且死，不知忧与患。好境无处住，好处无境删。赧然不自适，脉脉当湖山。","李福标《皮陆年谱》第220页",,,,"王秀林"
"唐","皮日休","懿宗咸通十一年庚寅","870",,,"37","","江南东道","苏州",,,"江苏","苏州市",,"120.589613","31.304566","判官","皮日休等奉崔璞命，祷于太湖；祀事既毕，又游洞庭山之神景宫、林屋洞、包山精舍、毛公坛、飘渺峰、桃花坞、明月湾、练渎、投龙潭、孤园寺、上真观、销夏湾、包山祠、圣姑庙、崦裹、石板等，有诗记之，合二十首","崔璞","练渎","Poem","太湖诗 其十一 练渎
吴王厌得国，所玩终不足。一上姑苏台，犹自嫌局促。艅艎六宫闹，艨冲后军肃。一阵水麝风，空中荡平渌。鸟困避锦帆，龙跧防铁轴。流苏惹烟浪，羽葆飘岩谷。灵境太蹂践，因兹塞林屋。空阔嫌太湖，崎岖开练渎。三寻齾石齿，数里穿山腹。底静似金膏，砾碎如丹粟。波殿郑妲醉，蟾阁西施宿。几转含烟舟，一唱来云曲。不知阑楯上，夜有越人镞。君王掩面死，嫔御不敢哭。艳魄逐波涛，荒宫养麋鹿。国破沟亦浅，代变草空绿。白鸟都不知，朝眠还暮浴。","李福标《皮陆年谱》第220页",,,,"王秀林"
"唐","皮日休","懿宗咸通十一年庚寅","870",,,"37","","江南东道","苏州",,,"江苏","苏州市",,"120.589613","31.304566","判官","皮日休等奉崔璞命，祷于太湖；祀事既毕，又游洞庭山之神景宫、林屋洞、包山精舍、毛公坛、飘渺峰、桃花坞、明月湾、练渎、投龙潭、孤园寺、上真观、销夏湾、包山祠、圣姑庙、崦裹、石板等，有诗记之，合二十首","崔璞","投龙湾","Poem","","李福标《皮陆年谱》第220页",,,,"王秀林"
"唐","皮日休","懿宗咸通十一年庚寅","870",,,"37","","江南东道","苏州",,,"江苏","苏州市",,"120.589613","31.304566","判官","皮日休等奉崔璞命，祷于太湖；祀事既毕，又游洞庭山之神景宫、林屋洞、包山精舍、毛公坛、飘渺峰、桃花坞、明月湾、练渎、投龙潭、孤园寺、上真观、销夏湾、包山祠、圣姑庙、崦裹、石板等，有诗记之，合二十首","崔璞","孤园寺","Poem","太湖诗 其十三 孤园寺
艇子小且兀，缘湖荡白芷。萦纡泊一埼，宛到孤园寺。萝岛凝清阴，松门湛虚翠。寒泉飞碧螭，古木斗苍兕。钟梵在水魄，楼台入云肆。岩边足鸣𧔢，树杪多飞鸓。香莎满院落，风汎金靃靡。静鹤啄柏蠹，闲猱弄榅䗁。小殿熏陆香，古经贝多纸。老僧方瞑坐，见客还强起。指兹正险绝，何以来到此。先言洞壑数，次话真如理。磬韵醒闲心，茶香凝皓齿。巾之劫贝布，馔以栴檀饵。数刻得清净，终身欲依止。可怜陶侍读，身列丹台位。雅号曰胜力，亦闻师佛氏。今日到孤园，何妨称弟子。","李福标《皮陆年谱》第220页",,,,"王秀林"
"唐","皮日休","懿宗咸通十一年庚寅","870",,,"37","","江南东道","苏州",,,"江苏","苏州市",,"120.589613","31.304566","判官","皮日休等奉崔璞命，祷于太湖；祀事既毕，又游洞庭山之神景宫、林屋洞、包山精舍、毛公坛、飘渺峰、桃花坞、明月湾、练渎、投龙潭、孤园寺、上真观、销夏湾、包山祠、圣姑庙、崦裹、石板等，有诗记之，合二十首","崔璞","上真观","Poem","太湖诗 其十四 上真观
径盘在山肋，缭绕穷云端。摘菌杖头紫，缘崖屐齿刓。半日到上真，洞宫知造难。双户启真景，斋心方可观。天钧鸣响亮，天禄行蹒跚。琪树夹一径，万条青琅玕。两松峙庭际，怪状吁可叹。大螾腾共结，修蛇飞相盘。皮肤坼甲胄，枝节擒䝙犴。罅处似天裂，朽中如井眢。襹褷风声癣，跁跒地力痑。根上露钳釱，空中狂波澜。合时若莽苍，辟处如轘辕。俨对无霸阵，静问严陵滩。灵飞一以护，山都焉敢干。两廊洁寂历，中殿高巑岏。静架九色节，闲悬十绝幡。微风时一吹，百宝清阑珊。昔有叶道士，位当升灵官。欲笺紫微志，唯食虹影丹。既逐隐龙去，道风由此残。犹闻绛目草，往往生空坛。羽客两三人，石上谭泥丸。谓我或龙胄，粲然与之欢。衣巾紫华冷，食次白芝寒。自觉有真气，恐随风力抟。明朝若更往，必拟隳儒冠。","李福标《皮陆年谱》第220页",,,,"王秀林"
"唐","皮日休","懿宗咸通十一年庚寅","870",,,"37","","江南东道","苏州",,,"江苏","苏州市",,"120.589613","31.304566","判官","皮日休等奉崔璞命，祷于太湖；祀事既毕，又游洞庭山之神景宫、林屋洞、包山精舍、毛公坛、飘渺峰、桃花坞、明月湾、练渎、投龙潭、孤园寺、上真观、销夏湾、包山祠、圣姑庙、崦裹、石板等，有诗记之，合二十首","崔璞","销夏湾","Poem","太湖诗 其十五 销夏湾
太湖有曲处，其门为两崖。当中数十顷，别如一天池。号为销夏湾，此名无所私。赤日莫斜照，清风多遥吹。沙屿埽粉墨，松竹调埙篪。山果红靺鞨，水苔青髬髵。木阴厚若瓦，严磴滑如饴。我来此游息，夏景方赫曦。一坐盘石上，肃肃寒生肌。小艖或可汎，短策或可支。行惊翠羽起，坐见白莲披。敛袖弄轻浪，解巾敌凉飔。但有水云见，更馀沙禽知。京洛往来客，暍死缘奔驰。此中便可老，焉用名利为。","李福标《皮陆年谱》第220页",,,,"王秀林"
"唐","皮日休","懿宗咸通十一年庚寅","870",,,"37","","江南东道","苏州",,,"江苏","苏州市",,"120.589613","31.304566","判官","皮日休等奉崔璞命，祷于太湖；祀事既毕，又游洞庭山之神景宫、林屋洞、包山精舍、毛公坛、飘渺峰、桃花坞、明月湾、练渎、投龙潭、孤园寺、上真观、销夏湾、包山祠、圣姑庙、崦裹、石板等，有诗记之，合二十首","崔璞","包山祠","Poem","太湖诗 其十六 包山祠
白云最深处，像设盈岩堂。村祭足茗粣，水奠多桃浆。箘䉦突古砌，薜荔绷颓墙。炉灰寂不然，风送杉桂香。积雨晦州里，流波漂稻粱。恭惟大司谏，悯此如发狂。命予传明祷，祇事实不遑。一奠若肸蚃，再祝如激扬。出庙未半日，隔云逢澹光。𡾼𡾼雨点少，渐收羽林枪。忽然山家犬，起吠白日傍。公心与神志，相向如玄黄。我愿作一疏，奏之于穹苍。留神千万祀，永福吴封疆。","李福标《皮陆年谱》第220页",,,,"王秀林"
"唐","皮日休","懿宗咸通十一年庚寅","870",,,"37","","江南东道","苏州",,,"江苏","苏州市",,"120.589613","31.304566","判官","皮日休等奉崔璞命，祷于太湖；祀事既毕，又游洞庭山之神景宫、林屋洞、包山精舍、毛公坛、飘渺峰、桃花坞、明月湾、练渎、投龙潭、孤园寺、上真观、销夏湾、包山祠、圣姑庙、崦裹、石板等，有诗记之，合二十首","崔璞","圣姑庙","Poem","太湖诗 其十七 圣姑庙
洛神有灵逸，古庙临空渚。暴雨驳丹青，荒萝绕梁梠。野风旋芝盖，饥乌衔椒糈。寂寂落枫花，时时斗鼯鼠。常云三五夕，尽会妍神侣。月下留紫姑，霜中召青女。俄然响环佩，倏尔鸣机杼。乐至有闻时，香来无定处。目瞪如有待，魂断空无语。云雨竟不生，留情在何处。","李福标《皮陆年谱》第220页",,,,"王秀林"
"唐","皮日休","懿宗咸通十一年庚寅","870",,,"37","","江南东道","苏州",,,"江苏","苏州市",,"120.589613","31.304566","判官","皮日休等奉崔璞命，祷于太湖；祀事既毕，又游洞庭山之神景宫、林屋洞、包山精舍、毛公坛、飘渺峰、桃花坞、明月湾、练渎、投龙潭、孤园寺、上真观、销夏湾、包山祠、圣姑庙、崦裹、石板等，有诗记之，合二十首","崔璞","太湖石","Poem","太湖诗 其十八 太湖石
兹山有石岸，抵浪如受屠。雪阵千万战，藓岩高下刳。乃是天诡怪，信非人功夫。白丁一云取，难甚网珊瑚。厥状复若何，鬼工不可图。或拳若虺蜴，或蹲如虎䝙。连络若钩锁，重叠如萼跗。或若巨人骼，或如太帝符。膀肛筼筜笋，格磔琅玕株。断处露海眼，移来和沙须。求之烦耄倪，载之劳舳舻。通侯一以眄，贵却骊龙珠。厚赐以琛赆，远去穷京都。五侯土山下，要尔添岩龉。赏玩若称意，爵禄行斯须。苟有王佐士，崛起于太湖。试问欲西笑，得如兹石无。","李福标《皮陆年谱》第220页",,,,"王秀林"
"唐","皮日休","懿宗咸通十一年庚寅","870",,,"37","","江南东道","苏州",,,"江苏","苏州市",,"120.589613","31.304566","判官","皮日休等奉崔璞命，祷于太湖；祀事既毕，又游洞庭山之神景宫、林屋洞、包山精舍、毛公坛、飘渺峰、桃花坞、明月湾、练渎、投龙潭、孤园寺、上真观、销夏湾、包山祠、圣姑庙、崦裹、石板等，有诗记之，合二十首","崔璞","题包山","Poem","题包山
一片烟村胜画图，四边波浪送清虚。此中人若无租税，直是蓬瀛也不如。","李福标《皮陆年谱》第225页",,,,"王秀林"
"唐","皮日休","懿宗咸通十一年庚寅","870",,,"37","","江南东道","苏州",,,"江苏","苏州市",,"120.589613","31.304566","判官","皮日休等奉崔璞命，祷于太湖；祀事既毕，又游洞庭山之神景宫、林屋洞、包山精舍、毛公坛、飘渺峰、桃花坞、明月湾、练渎、投龙潭、孤园寺、上真观、销夏湾、包山祠、圣姑庙、崦裹、石板等，有诗记之，合二十首","崔璞","石板忆洞庭观十步韵","Poem","","李福标《皮陆年谱》第225页",,,,"王秀林"
"唐","皮日休","懿宗咸通十一年庚寅","870",,,"37","","江南东道","苏州",,,"江苏","苏州市",,"120.589613","31.304566","判官","皮日休等奉崔璞命，祷于太湖；祀事既毕，又游洞庭山之神景宫、林屋洞、包山精舍、毛公坛、飘渺峰、桃花坞、明月湾、练渎、投龙潭、孤园寺、上真观、销夏湾、包山祠、圣姑庙、崦裹、石板等，有诗记之，合二十首","崔璞","宿木兰后池三咏","Poem","宿木兰院
木兰院里双栖鹤，长被金钲聒不眠。今夜宿来还似尔，到明无计梦云泉。","李福标《皮陆年谱》第226页",,,,"王秀林"
"唐","皮日休","懿宗咸通十一年庚寅","870","8","15","37","","江南东道","杭州",,"天竺寺","浙江","杭州市",,"120.161693","30.280059","判官","皮日休八月十五游杭州，于天竺寺赏月，有诗","","天竺寺八月十五日夜桂子","Poem","天竺寺八月十五日夜桂子
玉颗珊珊下月轮，殿前拾得露华新。至今不会天中事，应是嫦娥掷与人。","李福标《皮陆年谱》第226页",,,,"王秀林"
"唐","皮日休","懿宗咸通十一年庚寅","870",,,"37","","江南东道","苏州",,,"江苏","苏州市",,"120.589613","31.304566","判官","是年，皮陆唱和规模不断扩大。唱和友中除羊昭业、张贲等之外，尚有李縠、颜萱、司马都、郑璧、穰嵩起等，刺州史崔璞亦参与唱和，推波助澜","李縠，颜萱，司马都，郑璧，穰嵩起","鲁望悯臣之吉之孤，为诗序，邀予属和，欲用予道振其孤而利之。噫！承吉之困身后乎鲁望视予困与承吉生前孰若哉未有已困而能振人者。抑为之辞，用塞良友之意","Poem","","李福标《皮陆年谱》227-231","编年诗见第263页",,,"王秀林"
"唐","皮日休","懿宗咸通十一年庚寅","870",,,"37","","江南东道","苏州",,,"江苏","苏州市",,"120.589613","31.304566","判官","是年，皮陆唱和规模不断扩大。唱和友中除羊昭业、张贲等之外，尚有李縠、颜萱、司马都、郑璧、穰嵩起等，刺州史崔璞亦参与唱和，推波助澜","李縠，颜萱，司马都，郑璧，穰嵩起","夏景冲澹偶然作二首","Poem","夏景冲澹偶然作二首 其一
秖隈蒲褥岸乌纱，味道澄怀景便斜。红印寄泉惭郡守，青筐与笋愧僧家。茗炉尽日烧松子，书案经时剥瓦花。园吏暂栖君莫笑，不妨犹更著南华。
夏景冲澹偶然作二首 其二
一室无喧事事幽，还如贞白在高楼。天台画得千回看，湖目芳来百度游。无限世机吟处息，几多身计钓前休。他年谒帝言何事，请赠刘伶作醉侯。","李福标《皮陆年谱》227-231","编年诗见第260页",,,"王秀林"
"唐","皮日休","懿宗咸通十一年庚寅","870",,,"37","","江南东道","苏州",,,"江苏","苏州市",,"120.589613","31.304566","判官","是年，皮陆唱和规模不断扩大。唱和友中除羊昭业、张贲等之外，尚有李縠、颜萱、司马都、郑璧、穰嵩起等，刺州史崔璞亦参与唱和，推波助澜","李縠，颜萱，司马都，郑璧，穰嵩起","宿报恩寺水阁","Poem","宿报恩寺水阁
寺锁双峰寂不开，幽人中夜独裴回。池文带月铺金簟，莲朵含风动玉杯。往往竹梢摇翡翠，时时杉子掷莓苔。可怜此际谁曾见，唯有支公尽看来。","李福标《皮陆年谱》227-231","编年诗见第260页",,,"王秀林"
"唐","皮日休","懿宗咸通十一年庚寅","870",,,"37","","江南东道","苏州",,,"江苏","苏州市",,"120.589613","31.304566","判官","是年，皮陆唱和规模不断扩大。唱和友中除羊昭业、张贲等之外，尚有李縠、颜萱、司马都、郑璧、穰嵩起等，刺州史崔璞亦参与唱和，推波助澜","李縠，颜萱，司马都，郑璧，穰嵩起","奉和鲁望徐方平后闻赦次韵","Poem","奉和鲁望徐方平后闻赦次韵
金鸡烟外上临轩，紫诰新垂作解恩。涿鹿未销初败血，新安顿雪已坑魂。空林叶尽蝗来郡，腐骨花生战后村。未遣蒲车问幽隐，共君应老抱桐孙。","李福标《皮陆年谱》227-231","编年诗见第258页",,,"王秀林"
"唐","皮日休","懿宗咸通十一年庚寅","870",,,"37","","江南东道","苏州",,,"江苏","苏州市",,"120.589613","31.304566","判官","是年，皮陆唱和规模不断扩大。唱和友中除羊昭业、张贲等之外，尚有李縠、颜萱、司马都、郑璧、穰嵩起等，刺州史崔璞亦参与唱和，推波助澜","李縠，颜萱，司马都，郑璧，穰嵩起","苦雨中又作四声诗寄鲁望","Poem","","李福标《皮陆年谱》227-231",,,,"王秀林"
"唐","皮日休","懿宗咸通十一年庚寅","870",,,"37","","江南东道","苏州",,,"江苏","苏州市",,"120.589613","31.304566","判官","是年，皮陆唱和规模不断扩大。唱和友中除羊昭业、张贲等之外，尚有李縠、颜萱、司马都、郑璧、穰嵩起等，刺州史崔璞亦参与唱和，推波助澜","李縠，颜萱，司马都，郑璧，穰嵩起","新秋即事三首","Poem","新秋即事三首 其一
痴号多于顾恺之，更无馀事可从知。酒坊吏到常先见，鹤料符来每探支。凉后每谋清月社，晚来专赴白莲期。共君无事堪相贺，又到金齑玉鲙时。
新秋即事三首 其二
堪笑高阳病酒徒，幅巾潇洒在东吴。秋期净扫云根瘦，山信回缄乳管粗。白月半窗抄朮序，清泉一器授芝图。乞求待得西风起，尽挽烟帆入太湖。
新秋即事三首 其三
露槿风杉满曲除，高秋无事似云庐。醉多已任家人厌，病久还甘吏道疏。青桂巾箱时寄药，白纶卧具半抛书。君卿唇舌非吾事，且向江南问鳆鱼。","李福标《皮陆年谱》227-231","编年诗见第261页",,,"王秀林"
"唐","皮日休","懿宗咸通十一年庚寅","870",,,"37","","江南东道","苏州",,,"江苏","苏州市",,"120.589613","31.304566","判官","是年，皮陆唱和规模不断扩大。唱和友中除羊昭业、张贲等之外，尚有李縠、颜萱、司马都、郑璧、穰嵩起等，刺州史崔璞亦参与唱和，推波助澜","李縠，颜萱，司马都，郑璧，穰嵩起","临顿为吴中偏胜之地，陆鲁望居之，不出郛郭，旷若郊墅。余每访之，欸然惜去，因成五言十首，奉题屋壁","Poem","临顿为吴中偏胜之地陆鲁望居之不出郛郭旷若郊墅余每相访款然惜去因成五言十首奉题屋壁 其一
一方萧洒地，之子独深居。绕屋亲栽竹，堆床手写书。高风翔砌鸟，暴雨失池鱼。暗识归山计，村边买鹿车。
临顿为吴中偏胜之地陆鲁望居之不出郛郭旷若郊墅余每相访款然惜去因成五言十首奉题屋壁 其二
篱疏从绿槿，檐乱任黄茅。压酒移溪石，煎茶拾野巢。静窗悬雨笠，闲壁挂烟匏。支遁今无骨，谁为世外交。
临顿为吴中偏胜之地陆鲁望居之不出郛郭旷若郊墅余每相访款然惜去因成五言十首奉题屋壁 其三
茧稀初上簇，醅尽未乾床。尽日留蚕母，移时祭曲王。趁泉浇竹急，候雨种莲忙。更葺园中景，应为顾辟疆。
临顿为吴中偏胜之地陆鲁望居之不出郛郭旷若郊墅余每相访款然惜去因成五言十首奉题屋壁 其四
静僻无人到，幽深每自知。鹤来添口数，琴到益家资。坏堑生鱼沫，颓檐落燕儿。空将绿蕉叶，来往寄闲诗。
临顿为吴中偏胜之地陆鲁望居之不出郛郭旷若郊墅余每相访款然惜去因成五言十首奉题屋壁 其五
夏过无担石，日高开板扉。僧虽与筒簟，人不典蕉衣。鹤静共眠觉，鹭驯同钓归。生公石上月，何夕约谭微。
临顿为吴中偏胜之地陆鲁望居之不出郛郭旷若郊墅余每相访款然惜去因成五言十首奉题屋壁 其六
经岁岸乌纱，读书三十车。水痕侵病竹，蛛网上衰花。诗任传渔客，衣从递酒家。知君秋晚事，白帻刈胡麻。
临顿为吴中偏胜之地陆鲁望居之不出郛郭旷若郊墅余每相访款然惜去因成五言十首奉题屋壁 其七
寂历秋怀动，萧条夏思残。久贫空酒库，多病束鱼竿。玄想凝鹤扇，清斋拂鹿冠。梦魂无俗事，夜夜到金坛。
临顿为吴中偏胜之地陆鲁望居之不出郛郭旷若郊墅余每相访款然惜去因成五言十首奉题屋壁 其八
闭门无一事，安稳卧凉天。砌下翘饥鹤，庭阴落病蝉。倚杉闲把易，烧朮静论玄。赖有包山客，时时寄紫泉。
临顿为吴中偏胜之地陆鲁望居之不出郛郭旷若郊墅余每相访款然惜去因成五言十首奉题屋壁 其九
病起扶灵寿，翛然强到门。与杉除败叶，为石整危根。薜蔓任遮壁，莲茎卧枕盆。明朝有忙事，召客斲桐孙。
临顿为吴中偏胜之地陆鲁望居之不出郛郭旷若郊墅余每相访款然惜去因成五言十首奉题屋壁 其十
缓颊称无利，低眉号不能。世情都太薄，俗意就中憎。云态不知骤，鹤情非会徵。画臣谁奉诏，来此写姜肱。","李福标《皮陆年谱》227-231","编年诗见第255页",,,"王秀林"
"唐","皮日休","懿宗咸通十一年庚寅","870",,,"37","","江南东道","苏州",,,"江苏","苏州市",,"120.589613","31.304566","判官","是年，皮陆唱和规模不断扩大。唱和友中除羊昭业、张贲等之外，尚有李縠、颜萱、司马都、郑璧、穰嵩起等，刺州史崔璞亦参与唱和，推波助澜","李縠，颜萱，司马都，郑璧，穰嵩起","和鲁望风人诗三首","Poem","和鲁望风人诗三首 其一
刻石书离恨，因成别后悲。莫言春茧薄，犹有万重思。
和鲁望风人诗三首 其二
镂出容刀饰，亲逢巧笑难。日中骚客佩，争奈即阑干。
和鲁望风人诗三首 其三
江上秋声起，从来浪得名。逆风犹挂席，若不会凡情。","李福标《皮陆年谱》227-231","编年诗见第页",,,"王秀林"
"唐","皮日休","懿宗咸通十一年庚寅","870",,,"37","","江南东道","苏州",,,"江苏","苏州市",,"120.589613","31.304566","判官","是年，皮陆唱和规模不断扩大。唱和友中除羊昭业、张贲等之外，尚有李縠、颜萱、司马都、郑璧、穰嵩起等，刺州史崔璞亦参与唱和，推波助澜","李縠，颜萱，司马都，郑璧，穰嵩起","五贶诗","Poem","五贶诗 其一 五泻舟
何事有青钱，因人买钓船。阔容兼饵坐，深许共蓑眠。短好随朱鹭，轻堪倚白莲。自知无用处，却寄五湖仙。
五贶诗 其二 华顶杖
金庭仙树枝，道客自携持。探洞求丹粟，挑云觅白芝。量泉将濯足，阑鹤把支颐。以此将为赠，惟君尽得知。
五贶诗 其三 太湖砚
求于花石间，怪状乃天然。中莹五寸剑，外差千叠莲。月融还似洗，云湿便堪研。寄与先生后，应添内外篇。
五贶诗 其四 乌龙养和
寿木拳数尺，天生形状幽。把疑伤虺节，用恐破蛇瘤。置合月观内，买须云肆头。料君携去处，烟雨太湖舟。
五贶诗 其五 诃陵樽
一片鲎鱼壳，其中生翠波。买须能紫贝，用合对红螺。尽泻判狂药，禁敲任浩歌。明朝与君后，争那玉山何。","李福标《皮陆年谱》227-231","编年诗见第255页",,,"王秀林"
"唐","皮日休","懿宗咸通十一年庚寅","870",,,"37","","江南东道","苏州",,,"江苏","苏州市",,"120.589613","31.304566","判官","是年，皮陆唱和规模不断扩大。唱和友中除羊昭业、张贲等之外，尚有李縠、颜萱、司马都、郑璧、穰嵩起等，刺州史崔璞亦参与唱和，推波助澜","李縠，颜萱，司马都，郑璧，穰嵩起","寄昆陵魏处士璞","Poem","寄毗陵魏处士朴
文籍先生不肯官，絮巾冲雪把鱼竿。一堆方册为侯印，三级幽岩是将坛。醉少最因吟月冷，瘦多偏为卧云寒。兔皮衾暖篷舟稳，欲共谁游七里滩。","李福标《皮陆年谱》227-231",,,,"王秀林"
"唐","皮日休","懿宗咸通十一年庚寅","870",,,"37","","江南东道","苏州",,,"江苏","苏州市",,"120.589613","31.304566","判官","是年，皮陆唱和规模不断扩大。唱和友中除羊昭业、张贲等之外，尚有李縠、颜萱、司马都、郑璧、穰嵩起等，刺州史崔璞亦参与唱和，推波助澜","李縠，颜萱，司马都，郑璧，穰嵩起","奉和杂题五首","Poem","杂体诗 奉和鲁望闲居杂题五首 晚秋吟
东皋烟雨归耕日，免去玄冠手刈禾。火满酒炉诗在口，今人无计奈侬何。
杂体诗 奉和鲁望闲居杂题五首 好诗景
青盘香露倾荷女，子墨风流更不言。寺寺云萝堪度日，京尘到死扑侯门。
杂体诗 奉和鲁望闲居杂题五首 醒闻桧
解洗馀酲晨半酉，星星仙吹起云门。耳根无厌听佳木，会尽山中寂静源。
杂体诗 奉和鲁望闲居杂题五首 寺钟暝
百缘斗薮无尘土，寸地章煌欲布金。重击蒲牢唅山日，冥冥烟树睹栖禽。
杂体诗 奉和鲁望闲居杂题五首 砌思步
襹襹古薜绷危石，切切阴螀应晚田。心事万端何处止，少夷峰下旧云泉。","李福标《皮陆年谱》227-231",,,,"王秀林"
"唐","皮日休","懿宗咸通十一年庚寅","870",,,"37","","江南东道","苏州",,,"江苏","苏州市",,"120.589613","31.304566","判官","皮日休与孙发游，并赠诗","孙发","孙发百篇将游天台，请诗赠行，因以送之","Poem","孙发百篇将游天台请诗赠行因以送之
孙子荆家思有馀，元戎曾荐入公车。百篇宫体喧金屋，一日官衔下玉除。紫府近通斋后梦，赤城新有寄来书。因逢二老如相问，正滞江南为𩸃鱼。","李福标《皮陆年谱》第233页",,,,"王秀林"
"唐","皮日休","懿宗咸通十一年庚寅","870",,,"37","","江南东道","苏州",,,"江苏","苏州市",,"120.589613","31.304566","判官","皮日休又与南海李明府交游，有诗","李明府","送李明府之任海南","Poem","送李明府之任海南
五羊城在蜃楼边，墨绶垂腰正少年。山静不应闻屈鸟，草深从使翳贪泉。蟹奴晴上临潮槛，燕婢秋随过海船。一事与君消远宦，乳蕉花发讼庭前。","李福标《皮陆年谱》第234页",,,,"王秀林"
"唐","皮日休","懿宗咸通十一年庚寅","870","8",,"37","","江南东道","苏州",,,"江苏","苏州市",,"120.589613","31.304566","判官","皮陆唱和，陆龟蒙又病，殆以此未参加今年苏州乡贡试，皮日休以绿罽赠陆龟蒙","陆龟蒙","酬鲁望见迎绿罽，次韵","Poem","詶鲁望见迎绿罽次韵
轻裁鸭绿任金刀，不怕西风断野蒿。詶赠既无青玉案，纤华犹欠赤霜袍。烟披怪石难同逸，竹映仙禽未胜高。成后料君无别事，只应酣饮咏离骚。","李福标《皮陆年谱》第235页",,,,"王秀林"
"唐","皮日休","懿宗咸通十一年庚寅","870",,,"37","","江南东道","苏州",,,"江苏","苏州市",,"120.589613","31.304566","判官","皮日修所蓄华亭鹤卒，诗以悼之，陆龟蒙、张贲、李縠、魏璞等诗友和诗同悼","陆龟蒙，张贲，李縠，魏璞","华亭鹤闻之旧矣。及来吴中，以钱半斤得一只养之，殆经岁，不幸为饮啄所误，经夕而卒。悼之不已，遂继已诗。南阳润卿博士、浙东德诗侍御、昆陵魏不琢处士、东吴陆鲁望秀才及厚于予者，悉寄之，请垂见和","Poem","华亭鹤闻之旧矣及来吴中以钱半千得一只养之殆经岁不幸为饮啄所误经夕而卒悼之不已遂继以诗南阳润卿博士浙东德师侍御毗陵魏不琢处士东吴陆鲁望秀才及厚于予者悉寄之请垂见和
池上低摧病不行，谁教仙魄反层城。阴苔尚有前朝迹，皎月新无昨夜声。菰米正残三日料，筠笼休碍九霄程。不知此恨何时尽，遇著云泉即怆情。","李福标《皮陆年谱》第237页",,,,"王秀林"
"唐","皮日休","懿宗咸通十一年庚寅","870",,,"37","","江南东道","苏州",,,"江苏","苏州市",,"120.589613","31.304566","判官","皮日休致书各方故知，如有寄同年进士韦承贻、宋垂文等","韦承贻，宋垂文","寄同年韦校书","Poem","寄同年韦校书
二年疏放饱江潭，水物山容尽足耽。唯有故人怜未替，欲封乾鲙寄终南。","李福标《皮陆年谱》第240页",,,,"王秀林"
"唐","皮日休","懿宗咸通十一年庚寅","870",,,"37","","江南东道","苏州",,,"江苏","苏州市",,"120.589613","31.304566","判官","皮日休致书各方故知，如有寄同年进士韦承贻、宋垂文等","韦承贻，宋垂文","江南书情二十韵，寄秘阁韦校书贻之、商洛宋先辈垂文二同年","Poem","江南书情二十韵寄秘阁韦校书贻之商洛宋先辈垂文二同年
四载加前字，今来未改衔。君批凤尾诏，我住虎头岩。季氏唯谋逐，臧仓只拟谗。时讹轻五羖，俗浅重三缄。瘦去形如鹤，忧来态似獑。才非师赵壹，直欲效陈咸。孤竹宁收笛，黄琮未作瑊。作羊宁免狠，为兔即须毚。枕户槐从亚，侵阶草懒芟。壅泉教咽咽，垒石放巉巉。掣钓随心动，抽书任意杴。茶教弩父摘，酒遣僰童监。默坐看山困，清斋饮水严。藓生天竺屐，烟外洞庭帆。病久新乌帽，闲多著白衫。药苞陈雨匼，诗草蠹云函。遣客呼林狖，辞人寄海𧍧。室唯搜古器，钱只买秋杉。寡合无深契，相期有至諴。他年如访问，烟茑暗髟髟。","李福标《皮陆年谱》第240页",,,,"王秀林"
"唐","皮日休","懿宗咸通十一年庚寅","870","10","9","37","","江南东道","苏州",,,"江苏","苏州市",,"120.589613","31.304566","判官","皮陆唱和，军事院霜菊盛开，皮日休有诗赠崔璞，崔璞和之，陆龟蒙共和","崔璞","军事院霜菊盛开，因书一绝，寄上谏议","Poem","军事院霜菊盛开因书一绝寄上谏议
金华千点晓霜凝，独对壶觞又不能。已过重阳三十日，至今犹自待王弘。","李福标《皮陆年谱》第241页",,,,"王秀林"
"唐","皮日休","懿宗咸通十一年庚寅","870",,,"37","","江南东道","苏州",,,"江苏","苏州市",,"120.589613","31.304566","判官","自春徂冬，皮陆常游苏州各寺观，与僧道相往还，并有文会，皮陆与开元寺章、怀二上人相友，在寺中有联句之作；又游楞伽精舍，有诗；又与苏州北禅院寂上人、苏州重玄寺达上人等交游；又与支山南峰僧某交；与开元观顾道士交","章，怀二上人，北禅院寂上人，重玄寺达上人，支山南峰僧某，顾道士","二游诗并序","Poem","二游诗 其一 徐诗
东莞为著姓，奕代皆隽哲。强学取科第，名声尽孤揭。自为方州来，清操称凛冽。唯写坟籍多，必云清俸绝。宣毫利若风，剡纸光于月。札吏指欲胼，万通排未阕。楼船若夏屋，欲载如垤㙞。转徙入吴都，纵横碍门闑。缥囊轻似雾，缃帙殷于血。以此为基构，将斯用贻厥。重于通侯印，贵却全师节。我爱参卿道，承家能介洁。潮田五万步，草屋十馀楶。微宦不能去，归来坐如刖。保兹万卷书，守慎如羁绁。念我曾苦心，相逢无间别。引之看秘宝，任得穷披阅。轴闲翠钿剥，签古红牙折。帙解带芸香，卷开和桂屑。枕兼石锋刃，榻共松疮疖。一卧寂无諠，数编看尽彻。或携归廨宇，或把穿林樾。挈过太湖风，抱宿支硎雪。如斯未星纪，悉得分毫末。剪除幽僻薮，涤荡玄微窟。学海正狂波，予头向中■。圣人患不学，垂诫尤为切。苟昧古与今，何殊瘖共𦘍。昔之慕经史，有以佣笔札。何况遇斯文，借之不曾辍。吾衣任縠纑，吾食甘糠覈。其道苟可光，斯文那自伐。何竹青堪杀，何蒲重好截。如能盈兼两，便足酬饥渴。有此竞苟荣，闻之兼可哕。东皋耨烟雨，南岭提薇蕨。何以谢徐君，公车不闻设。
二游诗 其二 任诗
任君恣高放，斯道能寡合。一宅闲林泉，终身远嚣杂。尝闻佐浩穰，散性多儑𠉤。歘尔解其绶，遗之如弃靸。归来乡党内，却与亲朋洽。开溪未让丁，列第方称甲。入门约百步，古木声霎霎。广槛小山欹，斜廊怪石夹。白莲倚阑楯，翠鸟缘帘押。地势似五泻，岩形若三峡。猿眠但腽肭，凫食时啑唼。拨荇下文竿，结藤萦桂楫。门留医树客，壁倚栽花锸。度岁止褐衣，经旬唯白帢。多君方闭户，顾我能倒屧。请题在茅栋，留坐于石榻。魂从清景遛，衣任烟霞裛。阶墀龟任上，枕席鸥方狎。沼似颇黎镜，当中见鱼眨。杯杓悉杉瘤，盘筵尽荷叶。闲斟不置罚，闲弈无争劫。闲日不整冠，闲风无用箑。以斯为思虑，吾道宁疲薾。衮衣竞璀璨，鼓吹争鞺鞳。欲者解挤排，诟者能詀讘。权豪暂翻覆，刑祸相填压。此时一圭窦，不肯饶阊阖。有第可栖息，有书可渔猎。吾欲与任君，终身以斯惬。","李福标《皮陆年谱》242-245","编年诗见第254页",,,"王秀林"
"唐","皮日休","懿宗咸通十一年庚寅","870",,,"37","","江南东道","苏州",,,"江苏","苏州市",,"120.589613","31.304566","判官","自春徂冬，皮陆常游苏州各寺观，与僧道相往还，并有文会，皮陆与开元寺章、怀二上人相友，在寺中有联句之作；又游楞伽精舍，有诗；又与苏州北禅院寂上人、苏州重玄寺达上人等交游；又与支山南峰僧某交；与开元观顾道士交","章，怀二上人，北禅院寂上人，重玄寺达上人，支山南峰僧某，顾道士","追和虎丘寺清远道士诗并序","Poem","追和虎丘寺清远道士诗
成道自衰周，避世穷炎汉。荆杞虽云梗，烟霞尚容窜。兹岑信灵异，吾怀惬流玩。石涩古铁鉎，岚重轻埃漫。松膏腻幽径，蘋沫著孤岸。诸萝幄幕暗，众鸟陶匏乱。岩罅地中心，海光天一半。玄猿行列归，白云次第散。蟾蜍生夕景，沆瀣馀清旦。风日采幽什，墨客学灵翰。嗟予慕斯文，一咏复三叹。显晦虽不同，兹吟粗堪赞。","李福标《皮陆年谱》242-245","编年诗见第254页",,,"王秀林"
"唐","皮日休","懿宗咸通十一年庚寅","870",,,"37","","江南东道","苏州",,,"江苏","苏州市",,"120.589613","31.304566","判官","自春徂冬，皮陆常游苏州各寺观，与僧道相往还，并有文会，皮陆与开元寺章、怀二上人相友，在寺中有联句之作；又游楞伽精舍，有诗；又与苏州北禅院寂上人、苏州重玄寺达上人等交游；又与支山南峰僧某交；与开元观顾道士交","章，怀二上人，北禅院寂上人，重玄寺达上人，支山南峰僧某，顾道士","追和幽独君诗次韵二首","Poem","追和幽独君诗次韵 其一
念尔风雅魄，幽咽犹能文。空令伤魂鸟，啼破山边坟。
追和幽独君诗次韵 其二
恨剧但埋土，声幽难放哀。坟古春自晚，愁绪空崔嵬。白杨老无花，枯根侵夜台。天高有时裂，川去何时回？双睫不能濡，六藏无可摧。不闻搴蓬事，何必深悲哉。","李福标《皮陆年谱》242-245","编年诗见第254页",,,"王秀林"
"唐","皮日休","懿宗咸通十一年庚寅","870",,,"37","","江南东道","苏州",,,"江苏","苏州市",,"120.589613","31.304566","判官","自春徂冬，皮陆常游苏州各寺观，与僧道相往还，并有文会，皮陆与开元寺章、怀二上人相友，在寺中有联句之作；又游楞伽精舍，有诗；又与苏州北禅院寂上人、苏州重玄寺达上人等交游；又与支山南峰僧某交；与开元观顾道士交","章，怀二上人，北禅院寂上人，重玄寺达上人，支山南峰僧某，顾道士","秋晚留题鲁望郊居二首","Poem","秋晚留题鲁望郊居二首 其一
竹树冷濩落，入门神已清。寒蛩傍枕响，秋菜上墙生。黄犬病仍吠，白驴饥不鸣。唯将一杯酒，尽日慰刘桢。
秋晚留题鲁望郊居二首 其二
冷卧空斋内，馀酲夕未消。秋花如有恨，寒蝶似无憀。檐上落斗雀，篱根生晚潮。若轮羁旅事，犹自胜皋桥。","李福标《皮陆年谱》242-245","编年诗见第255页",,,"王秀林"
"唐","皮日休","懿宗咸通十一年庚寅","870",,,"37","","江南东道","苏州",,,"江苏","苏州市",,"120.589613","31.304566","判官","自春徂冬，皮陆常游苏州各寺观，与僧道相往还，并有文会，皮陆与开元寺章、怀二上人相友，在寺中有联句之作；又游楞伽精舍，有诗；又与苏州北禅院寂上人、苏州重玄寺达上人等交游；又与支山南峰僧某交；与开元观顾道士交","章，怀二上人，北禅院寂上人，重玄寺达上人，支山南峰僧某，顾道士","初冬章上人院","Poem","初冬章上人院
寒到无妨睡，僧吟不废禅。尚关经病鹤，犹滤欲枯泉。静案贝多纸，闲炉波律烟。清谭两三句，相向自翛然。","李福标《皮陆年谱》242-245","编年诗见第255页",,,"王秀林"
"唐","皮日休","懿宗咸通十一年庚寅","870",,,"37","","江南东道","苏州",,,"江苏","苏州市",,"120.589613","31.304566","判官","自春徂冬，皮陆常游苏州各寺观，与僧道相往还，并有文会，皮陆与开元寺章、怀二上人相友，在寺中有联句之作；又游楞伽精舍，有诗；又与苏州北禅院寂上人、苏州重玄寺达上人等交游；又与支山南峰僧某交；与开元观顾道士交","章，怀二上人，北禅院寂上人，重玄寺达上人，支山南峰僧某，顾道士","武丘殿前有古杉一本，形状丑怪，图之不尽。况百卉竞媚，若妒若媢。唯此杉死抱奇节，髐然闯然，不知雨露之可生也，风霜之可瘁也，乃造化者方外之才乎遂赋三百言以见志","Poem","虎丘寺殿前有古杉一本形状丑怪图之不尽况百卉竞媚若妒若媢娼唯此杉死抱奇节髐然闯然不知雨露之可生也风霜之可瘁也乃造化者方外之材乎遂赋三百言以见志
种日应逢晋，枯来必自隋。鳄狂将立处，螭斗未开时。卓荦掷枪干，叉牙束戟枝。初惊蟉篆活，复讶獝狂痴。劲质如尧瘦，贞容学舜黴。势能擒土伯，丑可骇山祇。虎爪拿岩稳，虬身脱浪欹。槎头秃似刷，蘖觜利于锥。突兀方相胫，鳞皴夏氏胝。根应藏鬼血，柯欲漏龙漦。拗似神荼怒，呀如猰㺄饥。朽痈难可吮，枯尰不堪治。一炷玄云拔，三寻黑槊奇。狼头勃窣竖，虿尾掘挛垂。目燥那逢爟，心开岂中铍。任苔为疥癣，从蠹作疮痍。品格齐辽鹤，年龄等宝龟。将怀缩地力，欲负拔山姿。未倒防风骨，初僵负贰尸。漆书明古本，铁室抗全师。碨礧还无极，伶俜又莫持。坚应敌骏骨，文定写甝皮。蟠屈愁凌刹，腾骧恐攫池。抢烟寒嶱𡾲，披茑静䙰褷。威仰诚难识，句芒恐不知。好烧胡律看，堪共达多期。寡色诸芳笑，无声众籁疑。终添八柱位，未要一绳维。尽日来唯我，当春玩更谁。他年如入用，直构太平基。","李福标《皮陆年谱》242-245","编年诗见第255页",,,"王秀林"
"唐","皮日休","懿宗咸通十一年庚寅","870",,,"37","","江南东道","苏州",,,"江苏","苏州市",,"120.589613","31.304566","判官","自春徂冬，皮陆常游苏州各寺观，与僧道相往还，并有文会，皮陆与开元寺章、怀二上人相友，在寺中有联句之作；又游楞伽精舍，有诗；又与苏州北禅院寂上人、苏州重玄寺达上人等交游；又与支山南峰僧某交；与开元观顾道士交","章，怀二上人，北禅院寂上人，重玄寺达上人，支山南峰僧某，顾道士","奉和读阴符经见寄","Poem","奉和鲁望读阴符经见寄
三百八十言，出自伊祁氏。上以生神仙，次云立仁义。玄机一以发，五贼纷然起。结为日月精，融作天地髓。不测似阴阳，难名若神鬼。得之升高天，失之沈厚地。具茨云木老，大块烟霞委。自颛顼以降，贼为圣人轨。尧乃一庶人，得之贼帝挚。挚见其德尊，脱身授其位。舜唯一鳏民，冗冗作什器。得之贼帝尧，白丁作天子。禹本刑人后，以功继其嗣。得之贼帝舜，用以平洚水。自禹及文武，天机𢟉然弛。姬公树其纲，贼之为圣智。声诗川竞大，礼乐山争峙。爰从幽厉馀，宸极若孩稚。九伯真犬彘，诸侯实虎兕。五星合其耀，白日下阙里。由是圣人生，于焉当乱纪。黄帝之五贼，拾之若青紫。高挥春秋笔，不可刊一字。贼子虐甚斨，奸臣痛于箠。至今千馀年，蚩蚩受其赐。时代更复改，刑政崩且陊。予将贼其道，所动多訾毁。叔孙与臧仓，贤圣多如此。如何黄帝机，吾得多坎踬。纵失生前禄，亦多身后利。我欲贼其名，垂之千万祀。","李福标《皮陆年谱》242-245","编年诗见第255页",,,"王秀林"
"唐","皮日休","懿宗咸通十一年庚寅","870",,,"37","","江南东道","苏州",,,"江苏","苏州市",,"120.589613","31.304566","判官","自春徂冬，皮陆常游苏州各寺观，与僧道相往还，并有文会，皮陆与开元寺章、怀二上人相友，在寺中有联句之作；又游楞伽精舍，有诗；又与苏州北禅院寂上人、苏州重玄寺达上人等交游；又与支山南峰僧某交；与开元观顾道士交","章，怀二上人，北禅院寂上人，重玄寺达上人，支山南峰僧某，顾道士","临顿宅将有归之日，鲁望以诗见贶，因抒怀詶之","Poem","临顿宅将有归于之日鲁望以诗见贶因抒怀詶之
共老林泉忍暂分，此生应不识回文。几枚竹笥送德曜，一乘柴车迎少君。举案品多缘涧药，承家事少为溪云。居然自是幽人事，辄莫教他孙寿闻。","李福标《皮陆年谱》242-245","编年诗见第256页",,,"王秀林"
"唐","皮日休","懿宗咸通十一年庚寅","870",,,"37","","江南东道","苏州",,,"江苏","苏州市",,"120.589613","31.304566","判官","自春徂冬，皮陆常游苏州各寺观，与僧道相往还，并有文会，皮陆与开元寺章、怀二上人相友，在寺中有联句之作；又游楞伽精舍，有诗；又与苏州北禅院寂上人、苏州重玄寺达上人等交游；又与支山南峰僧某交；与开元观顾道士交","章，怀二上人，北禅院寂上人，重玄寺达上人，支山南峰僧某，顾道士","江南道中怀茅山广文南阳博士三首","Poem","江南道中怀茅山广文南阳博士三首 其一
寒岚依约认华阳，遥想高人卧草堂。半日始斋青䭀饭，移时空印白檀香。鹤雏入夜归云屋，乳管逢春落石床。谁道夫君无伴侣，不离窗下见羲皇。
江南道中怀茅山广文南阳博士三首 其二
住在华阳第八天，望君唯欲结良缘。堂扃洞里千秋燕，厨盖岩根数斗泉。坛上古松疑度世，观中幽鸟恐成仙。不知何事迎新岁，乌纳裘中一觉眠。
江南道中怀茅山广文南阳博士三首 其三
五色香烟惹内文，石饴初熟酒初醺。将开丹灶那防鹤，欲算棋图却望云。海气平生当洞见，瀑冰初坼隔山闻。如何世外无交者，一卧金坛只有君。","李福标《皮陆年谱》242-245","编年诗见第256页",,,"王秀林"
"唐","皮日休","懿宗咸通十一年庚寅","870",,,"37","","江南东道","苏州",,,"江苏","苏州市",,"120.589613","31.304566","判官","自春徂冬，皮陆常游苏州各寺观，与僧道相往还，并有文会，皮陆与开元寺章、怀二上人相友，在寺中有联句之作；又游楞伽精舍，有诗；又与苏州北禅院寂上人、苏州重玄寺达上人等交游；又与支山南峰僧某交；与开元观顾道士交","章，怀二上人，北禅院寂上人，重玄寺达上人，支山南峰僧某，顾道士","吴中言情寄鲁望","Poem","吴中言情寄鲁望
古来伧父爱吴乡，一上胥台不可忘。爱酒有情如手足，除诗无计似膏肓。宴时不辍琅书味，斋日难判玉鲙香。为说松江堪老处，满船烟月湿莎裳。","李福标《皮陆年谱》242-245","编年诗见第256页",,,"王秀林"
"唐","皮日休","懿宗咸通十一年庚寅","870",,,"37","","江南东道","苏州",,,"江苏","苏州市",,"120.589613","31.304566","判官","自春徂冬，皮陆常游苏州各寺观，与僧道相往还，并有文会，皮陆与开元寺章、怀二上人相友，在寺中有联句之作；又游楞伽精舍，有诗；又与苏州北禅院寂上人、苏州重玄寺达上人等交游；又与支山南峰僧某交；与开元观顾道士交","章，怀二上人，北禅院寂上人，重玄寺达上人，支山南峰僧某，顾道士","行次野梅","Poem","行次野梅
茑拂萝捎一树梅，玉妃无侣独裴回。好临王母瑶池发，合傍萧家粉水开。共月已为迷眼伴，与春先作断肠媒。不堪便向多情道，万片霜华雨损来。","李福标《皮陆年谱》242-245","编年诗见第256页",,,"王秀林"
"唐","皮日休","懿宗咸通十一年庚寅","870",,,"37","","江南东道","苏州",,,"江苏","苏州市",,"120.589613","31.304566","判官","自春徂冬，皮陆常游苏州各寺观，与僧道相往还，并有文会，皮陆与开元寺章、怀二上人相友，在寺中有联句之作；又游楞伽精舍，有诗；又与苏州北禅院寂上人、苏州重玄寺达上人等交游；又与支山南峰僧某交；与开元观顾道士交","章，怀二上人，北禅院寂上人，重玄寺达上人，支山南峰僧某，顾道士","扬州看辛夷花","Poem","扬州看辛夷花
腊前千朵亚芳丛，细腻偏胜素柰功。螓首不言披晓雪，麝脐无主任春风。一枝拂地成瑶圃，数树参庭是蕊宫。应为当时天女服，至今犹未放全红。","李福标《皮陆年谱》242-245","编年诗见第256页",,,"王秀林"
"唐","皮日休","懿宗咸通十一年庚寅","870",,,"37","","江南东道","苏州",,,"江苏","苏州市",,"120.589613","31.304566","判官","自春徂冬，皮陆常游苏州各寺观，与僧道相往还，并有文会，皮陆与开元寺章、怀二上人相友，在寺中有联句之作；又游楞伽精舍，有诗；又与苏州北禅院寂上人、苏州重玄寺达上人等交游；又与支山南峰僧某交；与开元观顾道士交","章，怀二上人，北禅院寂上人，重玄寺达上人，支山南峰僧某，顾道士","暇日独处寄鲁望","Poem","暇日独处寄鲁望
幽慵不觉耗年光，犀柄金徽乱一床。野客共为赊酒计，家人同作借书忙。园蔬预遣分僧料，廪粟先教算鹤粮。无限高情好风月，不妨犹得事吾王。","李福标《皮陆年谱》242-245","编年诗见第256页",,,"王秀林"
"唐","皮日休","懿宗咸通十一年庚寅","870",,,"37","","江南东道","苏州",,,"江苏","苏州市",,"120.589613","31.304566","判官","自春徂冬，皮陆常游苏州各寺观，与僧道相往还，并有文会，皮陆与开元寺章、怀二上人相友，在寺中有联句之作；又游楞伽精舍，有诗；又与苏州北禅院寂上人、苏州重玄寺达上人等交游；又与支山南峰僧某交；与开元观顾道士交","章，怀二上人，北禅院寂上人，重玄寺达上人，支山南峰僧某，顾道士","开元寺客省早景即是","Poem","开元寺客省早景即事
客省萧条柿叶红，楼台如画倚霜空。铜池数滴桂上雨，金铎一声松杪风。鹤静时来珠像侧，鸽驯多在宝幡中。如何尘外虚为契，不得支公此会同。","李福标《皮陆年谱》242-245","编年诗见第256页",,,"王秀林"
"唐","皮日休","懿宗咸通十一年庚寅","870",,,"37","","江南东道","苏州",,,"江苏","苏州市",,"120.589613","31.304566","判官","自春徂冬，皮陆常游苏州各寺观，与僧道相往还，并有文会，皮陆与开元寺章、怀二上人相友，在寺中有联句之作；又游楞伽精舍，有诗；又与苏州北禅院寂上人、苏州重玄寺达上人等交游；又与支山南峰僧某交；与开元观顾道士交","章，怀二上人，北禅院寂上人，重玄寺达上人，支山南峰僧某，顾道士","闻开元寺开笋，因寄章上人","Poem","闻开元寺开笋园寄章上人
园锁开声骇鹿群，满林鲜箨水犀文。森森竞泫林梢雨，𡾼𡾼争穿石上云。并出亦如鹅管合，各生还似犬牙分。折烟束露如相遗，何胤明朝不茹荤。","李福标《皮陆年谱》242-245","编年诗见第259页",,,"王秀林"
"唐","皮日休","懿宗咸通十一年庚寅","870",,,"37","","江南东道","苏州",,,"江苏","苏州市",,"120.589613","31.304566","判官","自春徂冬，皮陆常游苏州各寺观，与僧道相往还，并有文会，皮陆与开元寺章、怀二上人相友，在寺中有联句之作；又游楞伽精舍，有诗；又与苏州北禅院寂上人、苏州重玄寺达上人等交游；又与支山南峰僧某交；与开元观顾道士交","章，怀二上人，北禅院寂上人，重玄寺达上人，支山南峰僧某，顾道士","女坟湖","Poem","女坟湖
万贵千奢已寂寥，可怜幽愤为谁娇。须知韩重相思骨，直在芙蓉向下消。","李福标《皮陆年谱》242-245","编年诗见第259页",,,"王秀林"
"唐","皮日休","懿宗咸通十一年庚寅","870",,,"37","","江南东道","苏州",,,"江苏","苏州市",,"120.589613","31.304566","判官","自春徂冬，皮陆常游苏州各寺观，与僧道相往还，并有文会，皮陆与开元寺章、怀二上人相友，在寺中有联句之作；又游楞伽精舍，有诗；又与苏州北禅院寂上人、苏州重玄寺达上人等交游；又与支山南峰僧某交；与开元观顾道士交","章，怀二上人，北禅院寂上人，重玄寺达上人，支山南峰僧某，顾道士","泰伯庙","Poem","泰伯庙
一庙争祠两让君，几千年后转清芬。当时尽解称高义，谁敢教他莽卓闻。","李福标《皮陆年谱》242-245","编年诗见第259页",,,"王秀林"
"唐","皮日休","懿宗咸通十一年庚寅","870",,,"37","","江南东道","苏州",,,"江苏","苏州市",,"120.589613","31.304566","判官","自春徂冬，皮陆常游苏州各寺观，与僧道相往还，并有文会，皮陆与开元寺章、怀二上人相友，在寺中有联句之作；又游楞伽精舍，有诗；又与苏州北禅院寂上人、苏州重玄寺达上人等交游；又与支山南峰僧某交；与开元观顾道士交","章，怀二上人，北禅院寂上人，重玄寺达上人，支山南峰僧某，顾道士","宿木兰院","Poem","宿木兰院
木兰院里双栖鹤，长被金钲聒不眠。今夜宿来还似尔，到明无计梦云泉。","李福标《皮陆年谱》242-245","编年诗见第259页",,,"王秀林"
"唐","皮日休","懿宗咸通十一年庚寅","870",,,"37","","江南东道","苏州",,,"江苏","苏州市",,"120.589613","31.304566","判官","自春徂冬，皮陆常游苏州各寺观，与僧道相往还，并有文会，皮陆与开元寺章、怀二上人相友，在寺中有联句之作；又游楞伽精舍，有诗；又与苏州北禅院寂上人、苏州重玄寺达上人等交游；又与支山南峰僧某交；与开元观顾道士交","章，怀二上人，北禅院寂上人，重玄寺达上人，支山南峰僧某，顾道士","重题蔷薇","Poem","重题蔷薇
浓似猩猩初染素，轻如燕燕欲凌空。可怜细丽难胜日，照得深红作浅红。","李福标《皮陆年谱》242-245","编年诗见第259页",,,"王秀林"
"唐","皮日休","懿宗咸通十一年庚寅","870",,,"37","","江南东道","苏州",,,"江苏","苏州市",,"120.589613","31.304566","判官","自春徂冬，皮陆常游苏州各寺观，与僧道相往还，并有文会，皮陆与开元寺章、怀二上人相友，在寺中有联句之作；又游楞伽精舍，有诗；又与苏州北禅院寂上人、苏州重玄寺达上人等交游；又与支山南峰僧某交；与开元观顾道士交","章，怀二上人，北禅院寂上人，重玄寺达上人，支山南峰僧某，顾道士","开元寺佛钵诗并序","Poem","开元寺佛钵诗
帝青石作绿冰姿，曾得金人手自持。拘律树边斋散后，提罗花下洗来时。乳麋味断中天觉，麦麨香消大劫知。从此共君亲顶戴，斜风应不等闲吹。","李福标《皮陆年谱》242-245","编年诗见第259页",,,"王秀林"
"唐","皮日休","懿宗咸通十一年庚寅","870",,,"37","","江南东道","苏州",,,"江苏","苏州市",,"120.589613","31.304566","判官","自春徂冬，皮陆常游苏州各寺观，与僧道相往还，并有文会，皮陆与开元寺章、怀二上人相友，在寺中有联句之作；又游楞伽精舍，有诗；又与苏州北禅院寂上人、苏州重玄寺达上人等交游；又与支山南峰僧某交；与开元观顾道士交","章，怀二上人，北禅院寂上人，重玄寺达上人，支山南峰僧某，顾道士","登初阳楼，寄怀北平郎中","Poem","登初阳楼寄怀北平郎中
危楼新制号初阳，白粉青葌射沼光。避酒几浮轻舴艋，下棋曾觉睡鸳鸯。投钩列坐围华烛，格簺分朋占靓妆。莫怪重登频有恨，二年曾侍旧吴王。","李福标《皮陆年谱》242-245","编年诗见第259页",,,"王秀林"
"唐","皮日休","懿宗咸通十一年庚寅","870",,,"37","","江南东道","苏州",,,"江苏","苏州市",,"120.589613","31.304566","判官","自春徂冬，皮陆常游苏州各寺观，与僧道相往还，并有文会，皮陆与开元寺章、怀二上人相友，在寺中有联句之作；又游楞伽精舍，有诗；又与苏州北禅院寂上人、苏州重玄寺达上人等交游；又与支山南峰僧某交；与开元观顾道士交","章，怀二上人，北禅院寂上人，重玄寺达上人，支山南峰僧某，顾道士","怀华阳润卿博士三首","Poem","怀华阳润卿博士三首 其一
先生一向事虚皇，天市坛西与世忘。环堵养龟看气诀，刀圭饵犬试仙方。静探石脑衣裾润，闲鍊松脂院落香。闻道徵贤须有诏，不知何日到良常。
怀华阳润卿博士三首 其二
冥心唯事白英君，不问人间爵与勋。林下醉眠仙鹿见，洞中闲话隐芝闻。石床卧苦浑无藓，藤箧开稀恐有云。料得虚皇新诏样，青琼板上绿为文。
怀华阳润卿博士三首 其三
凤骨轻来称瘦容，华阳馆主未成翁。数行玉札存心久，一掬云浆漱齿空。白石煮多熏屋黑，丹砂埋久染泉红。他年欲事先生去，十赉须加陆逸冲。","李福标《皮陆年谱》242-245","编年诗见第259页",,,"王秀林"
"唐","皮日休","懿宗咸通十一年庚寅","870",,,"37","","江南东道","苏州",,,"江苏","苏州市",,"120.589613","31.304566","判官","自春徂冬，皮陆常游苏州各寺观，与僧道相往还，并有文会，皮陆与开元寺章、怀二上人相友，在寺中有联句之作；又游楞伽精舍，有诗；又与苏州北禅院寂上人、苏州重玄寺达上人等交游；又与支山南峰僧某交；与开元观顾道士交","章，怀二上人，北禅院寂上人，重玄寺达上人，支山南峰僧某，顾道士","鲁望以竹夹膝见寄，因次韵酬谢","Poem","鲁望以竹夹膝见寄因次韵詶谢
圆于玉柱滑于龙，来自衡阳彩翠中。拂润恐飞清夏雨，叩虚疑贮碧湘风。大胜书客裁成柬，颇赛溪翁截作筒。从此角巾因尔戴，俗人相访若为通。","李福标《皮陆年谱》242-245","编年诗见第259页",,,"王秀林"
"唐","皮日休","懿宗咸通十一年庚寅","870",,,"37","","江南东道","苏州",,,"江苏","苏州市",,"120.589613","31.304566","判官","自春徂冬，皮陆常游苏州各寺观，与僧道相往还，并有文会，皮陆与开元寺章、怀二上人相友，在寺中有联句之作；又游楞伽精舍，有诗；又与苏州北禅院寂上人、苏州重玄寺达上人等交游；又与支山南峰僧某交；与开元观顾道士交","章，怀二上人，北禅院寂上人，重玄寺达上人，支山南峰僧某，顾道士","宿报恩寺水阁","Poem","宿报恩寺水阁
寺锁双峰寂不开，幽人中夜独裴回。池文带月铺金簟，莲朵含风动玉杯。往往竹梢摇翡翠，时时杉子掷莓苔。可怜此际谁曾见，唯有支公尽看来。","李福标《皮陆年谱》242-245","编年诗见第260页",,,"王秀林"
"唐","皮日休","懿宗咸通十一年庚寅","870",,,"37","","江南东道","苏州",,,"江苏","苏州市",,"120.589613","31.304566","判官","自春徂冬，皮陆常游苏州各寺观，与僧道相往还，并有文会，皮陆与开元寺章、怀二上人相友，在寺中有联句之作；又游楞伽精舍，有诗；又与苏州北禅院寂上人、苏州重玄寺达上人等交游；又与支山南峰僧某交；与开元观顾道士交","章，怀二上人，北禅院寂上人，重玄寺达上人，支山南峰僧某，顾道士","重提后池","Poem","重题后池
细雨阑珊眠鹭觉，钿波悠漾并鸳娇。适来会得荆王意，秖为莲茎重细腰。","李福标《皮陆年谱》242-245","编年诗见第260页",,,"王秀林"
"唐","皮日休","懿宗咸通十一年庚寅","870",,,"37","","江南东道","苏州",,,"江苏","苏州市",,"120.589613","31.304566","判官","自春徂冬，皮陆常游苏州各寺观，与僧道相往还，并有文会，皮陆与开元寺章、怀二上人相友，在寺中有联句之作；又游楞伽精舍，有诗；又与苏州北禅院寂上人、苏州重玄寺达上人等交游；又与支山南峰僧某交；与开元观顾道士交","章，怀二上人，北禅院寂上人，重玄寺达上人，支山南峰僧某，顾道士","馆娃宫怀古五绝","Poem","馆娃宫怀古五绝 其一
绮閤飘香下太湖，乱兵侵晓上姑苏。越王大有堪羞处，秖把西施赚得吴。
馆娃宫怀古五绝 其二
郑妲无言下玉墀，夜来飞箭满罘罳。越王定指高台笑，却见当时金镂楣。
馆娃宫怀古五绝 其三
半夜娃宫作战场，血腥犹杂宴时香。西施不及烧残蜡，犹为君王泣数行。
馆娃宫怀古五绝 其四
素袜虽遮未掩羞，越兵犹怕伍员头。吴王恨魄今如在，只合西施濑上游。
馆娃宫怀古五绝 其五
响屧廊中金玉步，采蘋山上绮罗身。不知水葬今何处，溪月弯弯欲效颦。","李福标《皮陆年谱》242-245","编年诗见第260页",,,"王秀林"
"唐","皮日休","懿宗咸通十一年庚寅","870",,,"37","","江南东道","苏州",,,"江苏","苏州市",,"120.589613","31.304566","判官","自春徂冬，皮陆常游苏州各寺观，与僧道相往还，并有文会，皮陆与开元寺章、怀二上人相友，在寺中有联句之作；又游楞伽精舍，有诗；又与苏州北禅院寂上人、苏州重玄寺达上人等交游；又与支山南峰僧某交；与开元观顾道士交","章，怀二上人，北禅院寂上人，重玄寺达上人，支山南峰僧某，顾道士","虎丘寺西小溪闲泛三绝","Poem","虎丘寺西小溪闲泛三绝 其一
鼓子花明白石岸，桃枝竹覆翠岚溪。分明似对天台洞，应厌顽仙不肯迷。
虎丘寺西小溪闲泛三绝 其二
绝壑秖怜白羽傲，穷溪唯觉锦鳞痴。更深尚有通樵处，或是秦人未可知。
虎丘寺西小溪闲泛三绝 其三
高下不惊红翡翠，浅深还碍白蔷薇。船头系个松根上，欲待逢仙不拟归。","李福标《皮陆年谱》242-245","编年诗见第260页",,,"王秀林"
"唐","皮日休","懿宗咸通十一年庚寅","870",,,"37","","江南东道","苏州",,,"江苏","苏州市",,"120.589613","31.304566","判官","自春徂冬，皮陆常游苏州各寺观，与僧道相往还，并有文会，皮陆与开元寺章、怀二上人相友，在寺中有联句之作；又游楞伽精舍，有诗；又与苏州北禅院寂上人、苏州重玄寺达上人等交游；又与支山南峰僧某交；与开元观顾道士交","章，怀二上人，北禅院寂上人，重玄寺达上人，支山南峰僧某，顾道士","寄怀南阳润卿","Poem","寄怀南阳润卿
鹿门山下捕鱼郎，今向江南作渴羌。无事只陪看藕样，有钱唯欲买湖光。醉来浑忘移花处，病起空闻焙药香。何事对君犹有愧，一篷冲雪返华阳。","李福标《皮陆年谱》242-245","编年诗见第260页",,,"王秀林"
"唐","皮日休","懿宗咸通十一年庚寅","870",,,"37","","江南东道","苏州",,,"江苏","苏州市",,"120.589613","31.304566","判官","自春徂冬，皮陆常游苏州各寺观，与僧道相往还，并有文会，皮陆与开元寺章、怀二上人相友，在寺中有联句之作；又游楞伽精舍，有诗；又与苏州北禅院寂上人、苏州重玄寺达上人等交游；又与支山南峰僧某交；与开元观顾道士交","章，怀二上人，北禅院寂上人，重玄寺达上人，支山南峰僧某，顾道士","友人以人参见惠，因以诗谢之","Poem","友人以人参见惠因以诗谢之
神草延年出道家，是谁披露记三桠。开时的定涵云液，斸后还应带石花。名士寄来消酒渴，野人煎处撇泉华。从今汤剂如相续，不用金山焙上茶。","李福标《皮陆年谱》242-245","编年诗见第261页",,,"王秀林"
"唐","皮日休","懿宗咸通十一年庚寅","870",,,"37","","江南东道","苏州",,,"江苏","苏州市",,"120.589613","31.304566","判官","自春徂冬，皮陆常游苏州各寺观，与僧道相往还，并有文会，皮陆与开元寺章、怀二上人相友，在寺中有联句之作；又游楞伽精舍，有诗；又与苏州北禅院寂上人、苏州重玄寺达上人等交游；又与支山南峰僧某交；与开元观顾道士交","章，怀二上人，北禅院寂上人，重玄寺达上人，支山南峰僧某，顾道士","访寂上人不遇","Poem","访寂上人不遇
何处寻云暂废禅，客来还寄草堂眠。桂寒自落翻经案，石冷空消洗钵泉。炉里尚飘残玉篆，龛中仍锁小金仙。须将二百签回去，得得支公恐隔年。","李福标《皮陆年谱》242-245","编年诗见第261页",,,"王秀林"
"唐","皮日休","懿宗咸通十一年庚寅","870",,,"37","","江南东道","苏州",,,"江苏","苏州市",,"120.589613","31.304566","判官","自春徂冬，皮陆常游苏州各寺观，与僧道相往还，并有文会，皮陆与开元寺章、怀二上人相友，在寺中有联句之作；又游楞伽精舍，有诗；又与苏州北禅院寂上人、苏州重玄寺达上人等交游；又与支山南峰僧某交；与开元观顾道士交","章，怀二上人，北禅院寂上人，重玄寺达上人，支山南峰僧某，顾道士","秋夕文宴得遥字","Poem","秋夕文宴得遥字
啼螀衰叶共萧萧，文宴无喧夜转遥。高韵最宜题雪赞，逸才偏称和云谣。风吹翠蜡应难刻，月照清香太易消。无限玄言一杯酒，可能容得盖宽饶。","李福标《皮陆年谱》242-245","编年诗见第261页",,,"王秀林"
"唐","皮日休","懿宗咸通十一年庚寅","870",,,"37","","江南东道","苏州",,,"江苏","苏州市",,"120.589613","31.304566","判官","自春徂冬，皮陆常游苏州各寺观，与僧道相往还，并有文会，皮陆与开元寺章、怀二上人相友，在寺中有联句之作；又游楞伽精舍，有诗；又与苏州北禅院寂上人、苏州重玄寺达上人等交游；又与支山南峰僧某交；与开元观顾道士交","章，怀二上人，北禅院寂上人，重玄寺达上人，支山南峰僧某，顾道士","南阳广文欲于荆襄卜居，因而有赠","Poem","南阳广文欲于荆襄卜居因而有赠
地脉从来是福乡，广文高致更无双。青精饭熟云侵灶，白■裘成雪溅窗。度日竹书千万字，经冬朮煎两三缸。鲈鱼自是君家味，莫背松江忆汉江。","李福标《皮陆年谱》242-245","编年诗见第261页",,,"王秀林"
"唐","皮日休","懿宗咸通十一年庚寅","870",,,"37","","江南东道","苏州",,,"江苏","苏州市",,"120.589613","31.304566","判官","自春徂冬，皮陆常游苏州各寺观，与僧道相往还，并有文会，皮陆与开元寺章、怀二上人相友，在寺中有联句之作；又游楞伽精舍，有诗；又与苏州北禅院寂上人、苏州重玄寺达上人等交游；又与支山南峰僧某交；与开元观顾道士交","章，怀二上人，北禅院寂上人，重玄寺达上人，支山南峰僧某，顾道士","寄题玉霄峰叶涵象尊师所居","Poem","寄题玉霄峰叶涵象尊师所居
青冥向上玉霄峰，元始先生戴紫蓉。晓案琼文光洞壑，夜坛香气惹杉松。闲迎仙客来为鹤，静噀灵符去是龙。子细扪心无偃骨，欲随师去肯相容。","李福标《皮陆年谱》242-245","编年诗见第262页",,,"王秀林"
"唐","皮日休","懿宗咸通十一年庚寅","870",,,"37","","江南东道","苏州",,,"江苏","苏州市",,"120.589613","31.304566","判官","自春徂冬，皮陆常游苏州各寺观，与僧道相往还，并有文会，皮陆与开元寺章、怀二上人相友，在寺中有联句之作；又游楞伽精舍，有诗；又与苏州北禅院寂上人、苏州重玄寺达上人等交游；又与支山南峰僧某交；与开元观顾道士交","章，怀二上人，北禅院寂上人，重玄寺达上人，支山南峰僧某，顾道士","寒日书斋即事三首","Poem","寒日书斋即事三首 其一
参佐三间似草堂，恬然无事可成忙。移时寂历烧松子，尽日殷勤拂乳床。将近道斋先衣褐，欲清诗思更焚香。空庭好待中宵月，独礼星辰学步罡。
寒日书斋即事三首 其二
不知何事有生涯，皮褐亲裁学道家。深夜数瓯唯柏叶，清晨一器是云华。盆池有鹭窥蘋沫，石版无人扫桂花。江汉欲归应未得，夜来频梦赤城霞。
寒日书斋即事三首 其三
方朔家贫未有车，肯从荣利舍樵渔。从公未怪多侵酒，见客唯求转借书。暂听松风生意足，偶看溪月世情疏。如钩得贵非吾事，合向烟波为五鱼。","李福标《皮陆年谱》242-245","编年诗见第262页",,,"王秀林"
"唐","皮日休","懿宗咸通十一年庚寅","870",,,"37","","江南东道","苏州",,,"江苏","苏州市",,"120.589613","31.304566","判官","自春徂冬，皮陆常游苏州各寺观，与僧道相往还，并有文会，皮陆与开元寺章、怀二上人相友，在寺中有联句之作；又游楞伽精舍，有诗；又与苏州北禅院寂上人、苏州重玄寺达上人等交游；又与支山南峰僧某交；与开元观顾道士交","章，怀二上人，北禅院寂上人，重玄寺达上人，支山南峰僧某，顾道士","题支山南峰僧","Poem","题支山南峰僧
云侵坏衲重隈肩，不下南峰不记年。池里群鱼曾受戒，林间孤鹤欲参禅。鸡头竹上开危径，鸭脚花中擿废泉。无限吴都堪赏事，何如来此看师眠。","李福标《皮陆年谱》242-245","编年诗见第262页",,,"王秀林"
"唐","皮日休","懿宗咸通十一年庚寅","870",,,"37","","江南东道","苏州",,,"江苏","苏州市",,"120.589613","31.304566","判官","自春徂冬，皮陆常游苏州各寺观，与僧道相往还，并有文会，皮陆与开元寺章、怀二上人相友，在寺中有联句之作；又游楞伽精舍，有诗；又与苏州北禅院寂上人、苏州重玄寺达上人等交游；又与支山南峰僧某交；与开元观顾道士交","章，怀二上人，北禅院寂上人，重玄寺达上人，支山南峰僧某，顾道士","送董少卿游茅山","Poem","送董少卿游茅山
名卿风度足杓斜，一舸闲寻二许家。天影晓通金井水，山灵深护玉门沙。空坛礼后销香母，阴洞缘时触乳花。尽待于公作廷尉，不须从此便餐霞。","李福标《皮陆年谱》242-245","编年诗见第262页",,,"王秀林"
"唐","皮日休","懿宗咸通十一年庚寅","870",,,"37","","江南东道","苏州",,,"江苏","苏州市",,"120.589613","31.304566","判官","自春徂冬，皮陆常游苏州各寺观，与僧道相往还，并有文会，皮陆与开元寺章、怀二上人相友，在寺中有联句之作；又游楞伽精舍，有诗；又与苏州北禅院寂上人、苏州重玄寺达上人等交游；又与支山南峰僧某交；与开元观顾道士交","章，怀二上人，北禅院寂上人，重玄寺达上人，支山南峰僧某，顾道士","钓侣二章","Poem","钓侣二章 其一
趁眠无事避风涛，一斗霜鳞换浊醪。惊怪儿童呼不得，尽冲烟雨漉车螯。
钓侣二章 其二
严陵滩势似云崩，钓具归来放石层。烟浪溅篷寒不睡，更将枯蚌点渔灯。","李福标《皮陆年谱》242-245","编年诗见第262页",,,"王秀林"
"唐","皮日休","懿宗咸通十一年庚寅","870",,,"37","","江南东道","苏州",,,"江苏","苏州市",,"120.589613","31.304566","判官","自春徂冬，皮陆常游苏州各寺观，与僧道相往还，并有文会，皮陆与开元寺章、怀二上人相友，在寺中有联句之作；又游楞伽精舍，有诗；又与苏州北禅院寂上人、苏州重玄寺达上人等交游；又与支山南峰僧某交；与开元观顾道士交","章，怀二上人，北禅院寂上人，重玄寺达上人，支山南峰僧某，顾道士","初冬偶作","Poem","初冬偶作
豹皮茵下百馀钱，刘堕闲沽尽醉眠。酒病校来无一事，鹤亡松老似经年。","李福标《皮陆年谱》242-245","编年诗见第262页",,,"王秀林"
"唐","皮日休","懿宗咸通十一年庚寅","870",,,"37","","江南东道","苏州",,,"江苏","苏州市",,"120.589613","31.304566","判官","自春徂冬，皮陆常游苏州各寺观，与僧道相往还，并有文会，皮陆与开元寺章、怀二上人相友，在寺中有联句之作；又游楞伽精舍，有诗；又与苏州北禅院寂上人、苏州重玄寺达上人等交游；又与支山南峰僧某交；与开元观顾道士交","章，怀二上人，北禅院寂上人，重玄寺达上人，支山南峰僧某，顾道士","醉中寄鲁望一壶并一绝","Poem","醉中寄鲁望一壶并一绝
门巷寥寥空紫苔，先生应渴解酲杯。醉中不得亲相倚，故遣青州从事来。","李福标《皮陆年谱》242-245","编年诗见第262页",,,"王秀林"
"唐","皮日休","懿宗咸通十一年庚寅","870",,,"37","","江南东道","苏州",,,"江苏","苏州市",,"120.589613","31.304566","判官","自春徂冬，皮陆常游苏州各寺观，与僧道相往还，并有文会，皮陆与开元寺章、怀二上人相友，在寺中有联句之作；又游楞伽精舍，有诗；又与苏州北禅院寂上人、苏州重玄寺达上人等交游；又与支山南峰僧某交；与开元观顾道士交","章，怀二上人，北禅院寂上人，重玄寺达上人，支山南峰僧某，顾道士","更次来韵寄鲁望","Poem","更次来韵寄鲁望
萧萧红叶掷苍苔，玄晏先生欠一杯。从此问君还酒债，颜延之送几钱来。","李福标《皮陆年谱》242-245","编年诗见第262页",,,"王秀林"
"唐","皮日休","懿宗咸通十一年庚寅","870",,,"37","","江南东道","苏州",,,"江苏","苏州市",,"120.589613","31.304566","判官","自春徂冬，皮陆常游苏州各寺观，与僧道相往还，并有文会，皮陆与开元寺章、怀二上人相友，在寺中有联句之作；又游楞伽精舍，有诗；又与苏州北禅院寂上人、苏州重玄寺达上人等交游；又与支山南峰僧某交；与开元观顾道士交","章，怀二上人，北禅院寂上人，重玄寺达上人，支山南峰僧某，顾道士","皋桥","Poem","皋桥
皋桥依旧绿杨中，闾里犹生隐士风。唯我到来居上馆，不知何道胜梁鸿。","李福标《皮陆年谱》242-245","编年诗见第262页",,,"王秀林"
"唐","皮日休","懿宗咸通十一年庚寅","870",,,"37","","江南东道","苏州",,,"江苏","苏州市",,"120.589613","31.304566","判官","自春徂冬，皮陆常游苏州各寺观，与僧道相往还，并有文会，皮陆与开元寺章、怀二上人相友，在寺中有联句之作；又游楞伽精舍，有诗；又与苏州北禅院寂上人、苏州重玄寺达上人等交游；又与支山南峰僧某交；与开元观顾道士交","章，怀二上人，北禅院寂上人，重玄寺达上人，支山南峰僧某，顾道士","重玄寺双矮桧","Poem","重玄寺双矮桧
扑地枝回是翠钿，碧丝笼细不成烟。应如天竺难陀寺，一对狻猊相枕眠。","李福标《皮陆年谱》242-245","编年诗见第262页",,,"王秀林"
"唐","皮日休","懿宗咸通十一年庚寅","870",,,"37","","江南东道","苏州",,,"江苏","苏州市",,"120.589613","31.304566","判官","自春徂冬，皮陆常游苏州各寺观，与僧道相往还，并有文会，皮陆与开元寺章、怀二上人相友，在寺中有联句之作；又游楞伽精舍，有诗；又与苏州北禅院寂上人、苏州重玄寺达上人等交游；又与支山南峰僧某交；与开元观顾道士交","章，怀二上人，北禅院寂上人，重玄寺达上人，支山南峰僧某，顾道士","鲁望示广文先生吴门二章，情格高散，可醒俗态。因追想山中风度，次韵属和，存诗于编，鲁望之命也","Poem","鲁望示广文先生吴门二章情格高散可醒俗态因追想山中风度次韵属和存于诗编鲁望之命也 其一
我见先生道，休思郑广文。鹤翻希作伴，鸥却觅为群。逸好冠清月，高宜著白云。朝廷未无事，争任醉醺醺。
鲁望示广文先生吴门二章情格高散可醒俗态因追想山中风度次韵属和存于诗编鲁望之命也 其二
能谙肉芝样，解讲隐书文。终古神仙窟，穷年麋鹿群。行厨煮白石，卧具拂青云。应在雷平上，支颐复半醺。","李福标《皮陆年谱》242-245","编年诗见第262页",,,"王秀林"
"唐","皮日休","懿宗咸通十一年庚寅","870",,,"37","","江南东道","苏州",,,"江苏","苏州市",,"120.589613","31.304566","判官","自春徂冬，皮陆常游苏州各寺观，与僧道相往还，并有文会，皮陆与开元寺章、怀二上人相友，在寺中有联句之作；又游楞伽精舍，有诗；又与苏州北禅院寂上人、苏州重玄寺达上人等交游；又与支山南峰僧某交；与开元观顾道士交","章，怀二上人，北禅院寂上人，重玄寺达上人，支山南峰僧某，顾道士","寄润卿博士","Poem","寄润卿博士
高眠可为要玄纁，鹊尾金炉一世焚。尘外乡人为许掾，山中地主是茅君。将收芝菌唯防雪，欲晒图书不奈云。若使华阳终卧去，汉家封禅用谁文。","李福标《皮陆年谱》242-245","编年诗见第262页",,,"王秀林"
"唐","皮日休","懿宗咸通十一年庚寅","870",,,"37","","江南东道","苏州",,,"江苏","苏州市",,"120.589613","31.304566","判官","自春徂冬，皮陆常游苏州各寺观，与僧道相往还，并有文会，皮陆与开元寺章、怀二上人相友，在寺中有联句之作；又游楞伽精舍，有诗；又与苏州北禅院寂上人、苏州重玄寺达上人等交游；又与支山南峰僧某交；与开元观顾道士交","章，怀二上人，北禅院寂上人，重玄寺达上人，支山南峰僧某，顾道士","走笔奉酬次韵","Poem","","李福标《皮陆年谱》242-245","编年诗见第263页",,,"王秀林"
"唐","皮日休","懿宗咸通十一年庚寅","870",,,"37","","江南东道","苏州",,,"江苏","苏州市",,"120.589613","31.304566","判官","自春徂冬，皮陆常游苏州各寺观，与僧道相往还，并有文会，皮陆与开元寺章、怀二上人相友，在寺中有联句之作；又游楞伽精舍，有诗；又与苏州北禅院寂上人、苏州重玄寺达上人等交游；又与支山南峰僧某交；与开元观顾道士交","章，怀二上人，北禅院寂上人，重玄寺达上人，支山南峰僧某，顾道士","同前","Poem","","李福标《皮陆年谱》242-245","编年诗见第264页",,,"王秀林"
"唐","皮日休","懿宗咸通十一年庚寅","870",,,"37","","江南东道","苏州",,,"江苏","苏州市",,"120.589613","31.304566","判官","自春徂冬，皮陆常游苏州各寺观，与僧道相往还，并有文会，皮陆与开元寺章、怀二上人相友，在寺中有联句之作；又游楞伽精舍，有诗；又与苏州北禅院寂上人、苏州重玄寺达上人等交游；又与支山南峰僧某交；与开元观顾道士交","章，怀二上人，北禅院寂上人，重玄寺达上人，支山南峰僧某，顾道士","寒夜文宴，润卿有期不至","Poem","寒夜文宴润卿有期不至
草堂虚洒待高真，不意清斋避世尘。料得焚香无别事，存心应降月夫人。","李福标《皮陆年谱》242-245","编年诗见第264页",,,"王秀林"
"唐","皮日休","懿宗咸通十一年庚寅","870",,,"37","","江南东道","苏州",,,"江苏","苏州市",,"120.589613","31.304566","判官","自春徂冬，皮陆常游苏州各寺观，与僧道相往还，并有文会，皮陆与开元寺章、怀二上人相友，在寺中有联句之作；又游楞伽精舍，有诗；又与苏州北禅院寂上人、苏州重玄寺达上人等交游；又与支山南峰僧某交；与开元观顾道士交","章，怀二上人，北禅院寂上人，重玄寺达上人，支山南峰僧某，顾道士","润卿遗青饣迅饭，兼之一绝，聊用答谢","Poem","润卿遗青䭀饭兼之一绝聊用荅谢
传得三元䭀饭名，大宛闻说有仙卿。分泉过屋舂青稻，拂雾彯衣折紫茎。蒸处不教双鹤见，服来唯怕五云生。草堂空坐无饥色，时把金津漱一声。","李福标《皮陆年谱》242-245","编年诗见第264页",,,"王秀林"
"唐","皮日休","懿宗咸通十一年庚寅","870",,,"37","","江南东道","苏州",,,"江苏","苏州市",,"120.589613","31.304566","判官","自春徂冬，皮陆常游苏州各寺观，与僧道相往还，并有文会，皮陆与开元寺章、怀二上人相友，在寺中有联句之作；又游楞伽精舍，有诗；又与苏州北禅院寂上人、苏州重玄寺达上人等交游；又与支山南峰僧某交；与开元观顾道士交","章，怀二上人，北禅院寂上人，重玄寺达上人，支山南峰僧某，顾道士","酒病偶作","Poem","酒病偶作
郁林步障昼遮明，一炷浓香养病酲。何事晚来还欲饮，隔墙闻卖蛤蜊声。","李福标《皮陆年谱》242-245","编年诗见第264页",,,"王秀林"
"唐","皮日休","懿宗咸通十一年庚寅","870",,,"37","","江南东道","苏州",,,"江苏","苏州市",,"120.589613","31.304566","判官","自春徂冬，皮陆常游苏州各寺观，与僧道相往还，并有文会，皮陆与开元寺章、怀二上人相友，在寺中有联句之作；又游楞伽精舍，有诗；又与苏州北禅院寂上人、苏州重玄寺达上人等交游；又与支山南峰僧某交；与开元观顾道士交","章，怀二上人，北禅院寂上人，重玄寺达上人，支山南峰僧某，顾道士","友人许惠酒，以诗征之","Poem","友人许惠酒以诗徵之
野客萧然访我家，霜威白菊两三花。子山病起无馀事，只望蒲台酒一车。","李福标《皮陆年谱》242-245","编年诗见第264页",,,"王秀林"
"唐","皮日休","懿宗咸通十一年庚寅","870",,,"37","","江南东道","苏州",,,"江苏","苏州市",,"120.589613","31.304566","判官","自春徂冬，皮陆常游苏州各寺观，与僧道相往还，并有文会，皮陆与开元寺章、怀二上人相友，在寺中有联句之作；又游楞伽精舍，有诗；又与苏州北禅院寂上人、苏州重玄寺达上人等交游；又与支山南峰僧某交；与开元观顾道士交","章，怀二上人，北禅院寂上人，重玄寺达上人，支山南峰僧某，顾道士","杂体诗序","Poem","","李福标《皮陆年谱》242-245","编年诗见第264页",,,"王秀林"
"唐","皮日休","懿宗咸通十一年庚寅","870",,,"37","","江南东道","苏州",,,"江苏","苏州市",,"120.589613","31.304566","判官","自春徂冬，皮陆常游苏州各寺观，与僧道相往还，并有文会，皮陆与开元寺章、怀二上人相友，在寺中有联句之作；又游楞伽精舍，有诗；又与苏州北禅院寂上人、苏州重玄寺达上人等交游；又与支山南峰僧某交；与开元观顾道士交","章，怀二上人，北禅院寂上人，重玄寺达上人，支山南峰僧某，顾道士","苦雨杂言寄鲁望","Poem","杂体诗 其一 苦雨杂言寄鲁望
吴中十日涔涔雨，歊蒸庳下豪家苦。可怜临顿陆先生，独自翛然守环堵。儿饥仆病漏空厨，无人肯典破衣裾。螺蠃时时上几案，蛙黾往往跳琴书。桃花米斗半百钱，枯荒湿坏炊不然。两床苮席一素几，仰卧高声吟太玄。知君志气如铁石，瓯冶虽神销不得。乃知苦雨不复侵，枉费毕星无限力。鹿门人作州从事，周章似鼠唯知醉。府金廪粟虚请来，忆著先生便知愧。愧多馈少真徒然，相见唯知携酒钱。豪华满眼语不信，不如直上天公笺。天公笺，方修次，且榜鸣篷来一醉。","李福标《皮陆年谱》242-245","编年诗见第264页",,,"王秀林"
"唐","皮日休","懿宗咸通十一年庚寅","870",,,"37","","江南东道","苏州",,,"江苏","苏州市",,"120.589613","31.304566","判官","自春徂冬，皮陆常游苏州各寺观，与僧道相往还，并有文会，皮陆与开元寺章、怀二上人相友，在寺中有联句之作；又游楞伽精舍，有诗；又与苏州北禅院寂上人、苏州重玄寺达上人等交游；又与支山南峰僧某交；与开元观顾道士交","章，怀二上人，北禅院寂上人，重玄寺达上人，支山南峰僧某，顾道士","奉和六韵","Poem","","李福标《皮陆年谱》242-245","编年诗见第264页",,,"王秀林"
"唐","皮日休","懿宗咸通十一年庚寅","870",,,"37","","江南东道","苏州",,,"江苏","苏州市",,"120.589613","31.304566","判官","自春徂冬，皮陆常游苏州各寺观，与僧道相往还，并有文会，皮陆与开元寺章、怀二上人相友，在寺中有联句之作；又游楞伽精舍，有诗；又与苏州北禅院寂上人、苏州重玄寺达上人等交游；又与支山南峰僧某交；与开元观顾道士交","章，怀二上人，北禅院寂上人，重玄寺达上人，支山南峰僧某，顾道士","奉和晓起回文","Poem","杂体诗 其三 奉和鲁望晓起回文
孤烟晓起初原曲，碎树微分半浪中。湖后钓筒移夜雨，竹傍眠几侧晨风。图梅带润轻沾墨，画藓经蒸半失红。无事有杯持永日，共君惟好隐墙东。","李福标《皮陆年谱》242-245","编年诗见第264页",,,"王秀林"
"唐","皮日休","懿宗咸通十一年庚寅","870",,,"37","","江南东道","苏州",,,"江苏","苏州市",,"120.589613","31.304566","判官","自春徂冬，皮陆常游苏州各寺观，与僧道相往还，并有文会，皮陆与开元寺章、怀二上人相友，在寺中有联句之作；又游楞伽精舍，有诗；又与苏州北禅院寂上人、苏州重玄寺达上人等交游；又与支山南峰僧某交；与开元观顾道士交","章，怀二上人，北禅院寂上人，重玄寺达上人，支山南峰僧某，顾道士","奉和夏日四声四首","Poem","杂体诗 奉詶鲁望夏日四声四首 平声
塘平芙蓉低，庭闲梧桐高。清烟埋阳乌，蓝空含秋毫。冠倾慵移簪，杯乾将餔糟。翛然非随时，夫君真吾曹。
杂体诗 奉詶鲁望夏日四声四首 平上声
沟渠通疏荷，浦屿隐浅筱。舟闲攒轻蘋，桨动起静鸟。阴稀馀桑闲，缕尽晚茧小。吾徒当斯时，此道可以了。
杂体诗 奉詶鲁望夏日四声四首 平去声
怡神时高吟，快意乍四顾。村深啼愁鹃，浪霁醒睡鹭。书疲行终朝，罩困卧至暮。吁嗟当今交，暂贵便异路。
杂体诗 奉詶鲁望夏日四声四首 平入声
先生何违时，一室习寂历。松声将飘堂，岳色欲压席。弹琴奔玄云，斸药折白石。如教题君诗，若得札玉册。","李福标《皮陆年谱》242-245","编年诗见第265页",,,"王秀林"
"唐","皮日休","懿宗咸通十一年庚寅","870",,,"37","","江南东道","苏州",,,"江苏","苏州市",,"120.589613","31.304566","判官","自春徂冬，皮陆常游苏州各寺观，与僧道相往还，并有文会，皮陆与开元寺章、怀二上人相友，在寺中有联句之作；又游楞伽精舍，有诗；又与苏州北禅院寂上人、苏州重玄寺达上人等交游；又与支山南峰僧某交；与开元观顾道士交","章，怀二上人，北禅院寂上人，重玄寺达上人，支山南峰僧某，顾道士","苦雨中又作四声诗寄鲁望","Poem","","李福标《皮陆年谱》242-245","编年诗见第265页",,,"王秀林"
"唐","皮日休","懿宗咸通十一年庚寅","870",,,"37","","江南东道","苏州",,,"江苏","苏州市",,"120.589613","31.304566","判官","自春徂冬，皮陆常游苏州各寺观，与僧道相往还，并有文会，皮陆与开元寺章、怀二上人相友，在寺中有联句之作；又游楞伽精舍，有诗；又与苏州北禅院寂上人、苏州重玄寺达上人等交游；又与支山南峰僧某交；与开元观顾道士交","章，怀二上人，北禅院寂上人，重玄寺达上人，支山南峰僧某，顾道士","奉和叠韵双声二首","Poem","杂体诗 奉和鲁望叠韵双声二首 叠韵山中吟
穿烟泉潺湲，触竹犊觳觫。荒篁香墙匡，熟鹿伏屋曲。
杂体诗 奉和鲁望叠韵双声二首 双声溪上思
疏杉低通滩，冷鹭立乱浪。草彩欲夷犹，云容空澹荡。","李福标《皮陆年谱》242-245","编年诗见第265页",,,"王秀林"
"唐","皮日休","懿宗咸通十一年庚寅","870",,,"37","","江南东道","苏州",,,"江苏","苏州市",,"120.589613","31.304566","判官","自春徂冬，皮陆常游苏州各寺观，与僧道相往还，并有文会，皮陆与开元寺章、怀二上人相友，在寺中有联句之作；又游楞伽精舍，有诗；又与苏州北禅院寂上人、苏州重玄寺达上人等交游；又与支山南峰僧某交；与开元观顾道士交","章，怀二上人，北禅院寂上人，重玄寺达上人，支山南峰僧某，顾道士","奉和叠韵吴宫词二首","Poem","杂体诗 其一 奉和鲁望叠韵吴宫词二首
侵深寻嵚岑，势厉卫睥睨。荒王将乡亡，细丽蔽袂逝。
杂体诗 其二 奉和鲁望叠韵吴宫词二首
枍指替制曳，康庄伤荒凉。主虏部伍苦，嫱亡房廊香。","李福标《皮陆年谱》242-245","编年诗见第265页",,,"王秀林"
"唐","皮日休","懿宗咸通十一年庚寅","870",,,"37","","江南东道","苏州",,,"江苏","苏州市",,"120.589613","31.304566","判官","自春徂冬，皮陆常游苏州各寺观，与僧道相往还，并有文会，皮陆与开元寺章、怀二上人相友，在寺中有联句之作；又游楞伽精舍，有诗；又与苏州北禅院寂上人、苏州重玄寺达上人等交游；又与支山南峰僧某交；与开元观顾道士交","章，怀二上人，北禅院寂上人，重玄寺达上人，支山南峰僧某，顾道士","奉和杂题五首以题十五字离合","Poem","","李福标《皮陆年谱》242-245","编年诗见第265页",,,"王秀林"
"唐","皮日休","懿宗咸通十一年庚寅","870",,,"37","","江南东道","苏州",,,"江苏","苏州市",,"120.589613","31.304566","判官","自春徂冬，皮陆常游苏州各寺观，与僧道相往还，并有文会，皮陆与开元寺章、怀二上人相友，在寺中有联句之作；又游楞伽精舍，有诗；又与苏州北禅院寂上人、苏州重玄寺达上人等交游；又与支山南峰僧某交；与开元观顾道士交","章，怀二上人，北禅院寂上人，重玄寺达上人，支山南峰僧某，顾道士","怀锡山药名离合二首","Poem","杂体诗 其一 怀锡山药名离合二首
暗窦养泉容决决，明园护桂放亭亭。历山居处当天半，夏里松风尽足听。
杂体诗 其二 怀锡山药名离合二首
晓景半和山气白，薇香清净杂纤云。实头自是眠平石，脑侧空林看虎群。","李福标《皮陆年谱》242-245","编年诗见第265页",,,"王秀林"
"唐","皮日休","懿宗咸通十一年庚寅","870",,,"37","","江南东道","苏州",,,"江苏","苏州市",,"120.589613","31.304566","判官","自春徂冬，皮陆常游苏州各寺观，与僧道相往还，并有文会，皮陆与开元寺章、怀二上人相友，在寺中有联句之作；又游楞伽精舍，有诗；又与苏州北禅院寂上人、苏州重玄寺达上人等交游；又与支山南峰僧某交；与开元观顾道士交","章，怀二上人，北禅院寂上人，重玄寺达上人，支山南峰僧某，顾道士","怀鹿门县名离合二首","Poem","杂体诗 其一 怀鹿门县名离合二首
山瘦更培秋后桂，溪澄闲数晚来鱼。台前过雁盈千百，泉石无情不寄书。
杂体诗 其二 怀鹿门县名离合二首
十里松萝阴乱石，门前幽事雨来新。野霜浓处怜残菊，潭上花开不见人。","李福标《皮陆年谱》242-245","编年诗见第265页",,,"王秀林"
"唐","皮日休","懿宗咸通十一年庚寅","870",,,"37","","江南东道","苏州",,,"江苏","苏州市",,"120.589613","31.304566","判官","自春徂冬，皮陆常游苏州各寺观，与僧道相往还，并有文会，皮陆与开元寺章、怀二上人相友，在寺中有联句之作；又游楞伽精舍，有诗；又与苏州北禅院寂上人、苏州重玄寺达上人等交游；又与支山南峰僧某交；与开元观顾道士交","章，怀二上人，北禅院寂上人，重玄寺达上人，支山南峰僧某，顾道士","胥口即是六言二首","Poem","杂体诗 其一 胥口即事六言二首
波光杳杳不极，霁景澹澹初斜。黑蛱蝶粘莲蕊，红蜻蜓袅菱花。鸳鸯一处两处，舴艋三家五家。会把酒船偎荻，共君作个生涯。
杂体诗 其二 胥口即事六言二首
拂钓清风细丽，飘蓑暑雨霏微。湖云欲散未散，屿鸟将飞不飞。换酒帩头把看，载莲艇子撑归。斯人到死还乐，谁道刚须用机。","李福标《皮陆年谱》242-245","编年诗见第265页",,,"王秀林"
"唐","皮日休","懿宗咸通十一年庚寅","870",,,"37","","江南东道","苏州",,,"江苏","苏州市",,"120.589613","31.304566","判官","自春徂冬，皮陆常游苏州各寺观，与僧道相往还，并有文会，皮陆与开元寺章、怀二上人相友，在寺中有联句之作；又游楞伽精舍，有诗；又与苏州北禅院寂上人、苏州重玄寺达上人等交游；又与支山南峰僧某交；与开元观顾道士交","章，怀二上人，北禅院寂上人，重玄寺达上人，支山南峰僧某，顾道士","寄题天台国清寺齐梁体","Poem","寄题天台国清寺齐梁体
十里松门国清路，饭猿台上菩提树。怪来烟雨落晴天，元是海风吹瀑布。","李福标《皮陆年谱》242-245","编年诗见第265页",,,"王秀林"
"唐","皮日休","懿宗咸通十一年庚寅","870",,,"37","","江南东道","苏州",,,"江苏","苏州市",,"120.589613","31.304566","判官","自春徂冬，皮陆常游苏州各寺观，与僧道相往还，并有文会，皮陆与开元寺章、怀二上人相友，在寺中有联句之作；又游楞伽精舍，有诗；又与苏州北禅院寂上人、苏州重玄寺达上人等交游；又与支山南峰僧某交；与开元观顾道士交","章，怀二上人，北禅院寂上人，重玄寺达上人，支山南峰僧某，顾道士","初夏游楞伽精舍","Poem","初夏游楞伽精舍
越舼轻似萍，漾漾出烟郭。人声渐疏旷，天气忽寥廓。伊予惬斯志，有似刮𤼙瘼。遇胜即夷犹，逢幽且淹泊。俄然棹深处，虚无倚岩崿。霜毫一道人，引我登龙阁。当中见寿象，欲礼光纷箔。珠幡时相铿，恐是诸天乐。树杪见觚棱，林端逢赭垩。千寻井犹在，万祀灵不涸。下通蛟人道，水色黮而恶。欲照六藏惊，将窥百骸愕。朅去山南岭，其险如邛笮。悠然放吾兴，欲把青天摸。紫藤垂罽珥，红荔悬缨络。藓厚滑似漦，峰尖利如锷。斯须到绝顶，似愈渐离矐。一片太湖光，只惊天汉落。梅风脱纶帽，乳水透芒屩。岚姿与波彩，不动浑相著。既不暇供应，将何以酬酢。却来穿竹径，似入青油幕。穴恐水君开，龛如鬼工凿。穷幽入兹院，前楯临巨壑。遗画龙奴狞，残香虫篆薄。褫魂窥玉镜，澄虑闻金铎。云态共萦留，鸟言相许诺。古木势如虺，近之恐相蠚。怒泉声似激，闻之意争博。时禽倏已嘿，众籁萧然作。遂令不羁性，恋此如缠缚。念彼上人者，将生付寂寞。曾无肤挠事，肯把心源度。胡为儒家流，没齿勤且恪。沐猴本不冠，未是谋生错。言行既异调，栖迟亦同托。愿力傥不遗，请作华林鹤。","李福标《皮陆年谱》242-245","编年诗见第266页",,,"王秀林"
"唐","皮日休","懿宗咸通十一年庚寅","870",,,"37","","江南东道","苏州",,,"江苏","苏州市",,"120.589613","31.304566","判官","皮陆唱和，隐士谢遗尘经玉泉生介绍，来访陆龟蒙，陆龟蒙有《四明山诗》九题，皮日休和之","谢遗尘",,"Poem","","李福标《皮陆年谱》第246页",,,,"王秀林"
"唐","皮日休","懿宗咸通十一年庚寅","870",,,"37","","江南东道","苏州",,,"江苏","苏州市",,"120.589613","31.304566","判官","皮日休又有诗寄周景复","周景复","寄题镜严周禅师所居并序","Poem","寄题镜岩周尊师所居
八十馀年住镜岩，鹿皮巾下雪髟髟。床寒不奈云萦枕，经润何妨雨滴函。饮涧猿回窥绝洞，缘梯人歇倚危杉。如何计吏穷于鸟，欲望仙都举一帆。","李福标《皮陆年谱》第247页",,,,"王秀林"
"唐","皮日休","懿宗咸通十一年庚寅","870",,,"37","","江南东道","苏州",,,"江苏","苏州市",,"120.589613","31.304566","判官","秋间日本国圆载上人归国，皮日休、陆龟蒙、颜萱等作诗送别","圆载上人","送圆载上人归日本国","Poem","送圆载上人归日本国
讲殿谈馀著赐衣，椰帆却返旧禅扉。贝多纸上经文动，如意瓶中佛爪飞。飓母影边持戒宿，波神宫里受斋归。家山到日将何入，白象新秋十二围。","李福标《皮陆年谱》第248页",,,,"王秀林"
"唐","皮日休","懿宗咸通十一年庚寅","870","11",,"37","","江南东道","苏州",,,"江苏","苏州市",,"120.589613","31.304566","判官","皮日休应新罗弘惠上人之请为撰灵鹫山周禅师碑，并作诗送别","弘惠上人","庚寅岁十一月，新罗弘惠上人与本国同书请皮日休为灵鹫山周禅师碑。将还，以诗送之","Poem","庚寅岁十一月新罗弘惠上人与本国同书请日休为灵鹫山周禅师碑将还以诗送之
三十麻衣弄渚禽，岂知名字彻鸡林。勒铭虽即多遗草，越海还能抵万金。鲸鬣晓掀峰正烧，鳌睛夜没岛还阴。二千馀字终天别，东望辰韩泪洒襟。","李福标《皮陆年谱》第248页",,,,"王秀林"
"唐","皮日休","懿宗咸通十一年庚寅","870","11",,"37","","江南东道","苏州",,,"江苏","苏州市",,"120.589613","31.304566","判官","十一月底，皮日休有诗《送润卿博士还华阳》，陆龟蒙和之","润卿博士","送润卿博士还华阳","Poem","送润卿博士还华阳
雪打篷舟离酒旗，华阳居士半酣归。逍遥只恐逢云将，恬澹真应降月妃。仙市鹿胎如锦嫩，阴宫燕肉似酥肥。公车草合蒲轮坏，争不教他白日飞。","李福标《皮陆年谱》第249页",,,,"王秀林"
"唐","皮日休","懿宗咸通十一年庚寅","870","12",,"37","","淮南道","扬州",,,"江苏","扬州市",,"119.419107","32.39986","判官","皮日休在扬州，宿木兰院","大德从勖","扬州看辛夷花","Poem","扬州看辛夷花
腊前千朵亚芳丛，细腻偏胜素柰功。螓首不言披晓雪，麝脐无主任春风。一枝拂地成瑶圃，数树参庭是蕊宫。应为当时天女服，至今犹未放全红。","李福标《皮陆年谱》249-250",,,,"王秀林"
"唐","皮日休","懿宗咸通十一年庚寅","870","12",,"37","","淮南道","扬州",,,"江苏","扬州市",,"119.419107","32.39986","判官","皮日休在扬州，宿木兰院","大德从勖","宿木兰院","Poem","宿木兰院
木兰院里双栖鹤，长被金钲聒不眠。今夜宿来还似尔，到明无计梦云泉。","李福标《皮陆年谱》249-250",,,,"王秀林"
"唐","皮日休","懿宗咸通十一年庚寅","870","12","9","37","","淮南道","扬州",,,"江苏","扬州市",,"119.419107","32.39986","判官","皮日休在扬州，宿木兰院","大德从勖","腊后送内大德从勖游天台","Poem","腊后送内大德从勖游天台
讲散重云下九天，大君恩赐许随缘。霜中一钵无辞乞，湖上孤舟不废禅。梦入琼楼寒有月，行过石树冻无烟。他时瓜镜知何用，吴越风光满御筵。","李福标《皮陆年谱》249-250",,,,"王秀林"
"唐","皮日休","懿宗咸通十一年庚寅","870",,,"37","","江南东道","苏州",,,"江苏","苏州市",,"120.589613","31.304566","判官","本年，陆龟蒙有《渔具诗》十五咏，皮日休有《添渔具诗》五首，陆龟蒙和之","陆龟蒙","奉和渔具十五咏","Poem","奉和鲁望渔具十五咏 其一 网
晚挂溪上网，映空如雾縠。闲来发其机，旋旋沈平绿。下处若烟雨，牵时似崖谷。必若遇鲲鲕，从教通一目。
奉和鲁望渔具十五咏 其二 罩
芒鞋下葑中，步步沈轻罩。既为菱浪飐，亦为莲泥胶。人立独无声，鱼烦似相抄。满手搦霜鳞，思归举轻棹。
奉和鲁望渔具十五咏 其三 𦊔
烟雨晚来好，东塘下𦊔去。网小正星檧，舟轻欲腾翥。谁知荇深后，恰值鱼多处。浦口更有人，停桡一延伫。
奉和鲁望渔具十五咏 其四 钓筒
笼籦截数尺，标置能幽绝。从浮笠泽烟，任卧桐江月。丝随碧波漫，饵逐清滩发。好是趁筒时，秋声正清越。
奉和鲁望渔具十五咏 其五 钓车
得乐湖海志，不厌华辀小。月中抛一声，惊起滩上鸟。心将潭底测，手把波文袅。何处觅奔车，平波今渺渺。
奉和鲁望渔具十五咏 其六 渔梁
波际插翠筠，离离似清籞。游鳞到溪口，入此无逃所。斜临杨柳津，静下鸬鹚侣。编此欲何之，终焉富春渚。
奉和鲁望渔具十五咏 其七 叉鱼
列炬春溪口，平潭如不流。照见游泳鱼，一一如清昼。中目碎琼碧，毁鳞殷组绣。乐此何太荒，居然愧川后。
奉和鲁望渔具十五咏 其八 射鱼
注矢寂不动，澄潭晴转烘。下窥见鱼乐，恍若翔在空。惊羽决凝碧，伤鳞浮殷红。堪将指杯术，授与太湖公。
奉和鲁望渔具十五咏 其九 鸣桹
尽日平湖上，鸣桹仍动桨。丁丁入波心，澄澈和清响。鹭听独寂寞，鱼惊昧来往。尽水无所逃，川中有钩党。
奉和鲁望渔具十五咏 其十 沪
波中植甚固，磔磔如虾须。涛头倏尔过，数顷跳鯆䱐。不是细罗密，自为朝夕驱。空怜指鱼命，遣出海边租。
奉和鲁望渔具十五咏 其十一 𥶠
伐彼槎檗枝，放于冰雪浦。游鱼趁暖处，忽尔来相聚。徒为栖托心，不问庇庥主。一旦悬鼎镬，祸机真自取。
奉和鲁望渔具十五咏 其十二 种鱼
移土湖岸边，一半和鱼子。池中得春雨，点点活如蚁。一月便翠鳞，终年必赪尾。借问两绶人，谁知种鱼利。
奉和鲁望渔具十五咏 其十三 药鱼
吾无竭泽心，何用药鱼药。见说放溪上，点点波光恶。食时竞夷犹，死者争纷泊。何必重伤鱼，毒泾犹可作。
奉和鲁望渔具十五咏 其十四 舴艋
阔处只三尺，翛然足吾事。低篷挂钓车，枯蚌盛鱼饵。只好携桡坐，唯堪盖蓑睡。若遣遂平生，艅艎不如是。
奉和鲁望渔具十五咏 其十五 笭箵
朝空笭箵去，暮实笭箵归。归来倒却鱼，挂在幽窗扉。但闻虾蚬气，欲生蘋藻衣。十年佩此处，烟雨苦霏霏。","李福标《皮陆年谱》第250页",,,,"王秀林"
"唐","皮日休","懿宗咸通十一年庚寅","870",,,"37","","江南东道","苏州",,,"江苏","苏州市",,"120.589613","31.304566","判官","本年，陆龟蒙有《渔具诗》十五咏，皮日休有《添渔具诗》五首，陆龟蒙和之","陆龟蒙","添渔具诗并序","Poem","添渔具诗序
天随子为渔具诗十五首以遗余。凡有䱷以来。术之与器。莫不尽于是也。噫。古之人或有溺于渔者。行其术而不能言。用其器而不能状。此与泽沮之䱷者又何异哉。如吟鲁望之诗。想其致。则江风海雨。槭槭生齿牙间。真世外渔者之才也。余昔之渔所。在浻上则为庵以守之。居岘下则占矶以待之。江汉间时候率多雨。唯以籉笠自庇。每伺鱼必多俯。籉笠不能庇其上。由是织蓬以障之。上抱而下仰。字之曰背蓬。今观鲁望之十五篇。未有是作。因次而咏之。用以补其遗者。渔家生具。获足于吾属之文也。","李福标《皮陆年谱》第250页",,,,"王秀林"
"唐","皮日休","懿宗咸通十一年庚寅","870",,,"37","","江南东道","苏州",,,"江苏","苏州市",,"120.589613","31.304566","判官","陆龟蒙有《樵人十咏》，皮日休和之。","陆龟蒙","奉和樵人十咏并序","Poem","奉和鲁望樵人十咏 其二 樵家
空山最深处，太古两三家。云萝共夙世，猿鸟同生涯。衣服濯春泉，盘餐烹野花。居兹老复老，不解叹年华。
奉和鲁望樵人十咏 其八 樵风
野船渡樵客，来往平波中。纵横清飙吹，旦暮归期同。蘋光惹衣白，莲影涵薪红。吾当请封尔，直作镜湖公。
奉和鲁望樵人十咏 其九 樵火
山客地炉里，然薪如阳辉。松膏作𣺫瀡，杉子为珠玑。响误击刺闹，燄疑彗孛飞。傍边煖白酒，不觉瀑冰垂。
奉和鲁望樵人十咏 其一 樵溪
何时有此溪，应便生幽木。橡实养山禽，藤花蒙涧鹿。不止产蒸薪，愿当歌棫朴。君知天意无，以此安吾族。
奉和鲁望樵人十咏 其三 樵叟
不曾照青镜，岂解伤华发。至老未息肩，至今无病骨。家风是林岭，世禄为薇蕨。所以两大夫，天年自为伐。
奉和鲁望樵人十咏 其四 樵子
相约晚樵去，跳踉上山路。将花饵鹿麛，以果投猿父。束薪白云湿，负担春日暮。何不寿童乌，果为玄所误。
奉和鲁望樵人十咏 其五 樵径
蒙茏中一径，绕在千峰里。歇处遇松根，危中值石齿。花穿枲衣落，云拂芒鞋起。自古行此途，不闻颠与坠。
奉和鲁望樵人十咏 其六 樵斧
腰间插大柯，直入深溪里。空林伐一声，幽鸟相呼起。倒树去李父，倾巢啼木魅。不知仗钺者，除害谁如此。
奉和鲁望樵人十咏 其七 樵担
不敢量樵重，唯知益薪束。轧轧下山时，弯弯向身曲。清泉洗得洁，翠霭侵来绿。看取荷戈人，谁能似吾属。
奉和鲁望樵人十咏 其十 樵歌
此曲太古音，由来无管奏。多云采樵乐，或说林泉候。一唱凝闲云，再谣悲顾兽。若遇采诗人，诬辞收鄙陋。","李福标《皮陆年谱》第250页",,,,"王秀林"
"唐","皮日休","懿宗咸通十一年庚寅","870",,,"37","","江南东道","苏州",,,"江苏","苏州市",,"120.589613","31.304566","判官","陆龟蒙有《添酒中六咏》，皮日休和之","陆龟蒙","酒中十咏并序","Poem","酒中十咏 其一 酒星
谁遣酒旗耀，天文列其位。彩微尝似酣，芒弱偏如醉。唯忧犯帝座，只恐骑天驷。若遇卷舌星，谗君应堕地。
酒中十咏 其二 酒泉
羲皇有玄酒，滋味何太薄。玉液是浇漓，金沙乃糟粕。春从野鸟沽，昼仍闲猿酌。我愿葬兹泉，醉魂似凫跃。
酒中十咏 其三 酒篘
翠篾初织来，或如古鱼器。新从山下买，静向甔中试。轻可网金醅，疏能容玉蚁。自此好成功，无贻我罍耻。
酒中十咏 其四 酒床
糟床带松节，酒腻肥如羜。滴滴连有声，空疑杜康语。开眉既压后，染指偷尝处。自此得公田，不过浑种黍。
酒中十咏 其五 酒垆
红垆高几尺，颇称幽人意。火作缥醪香，灰为冬醷气。有鎗尽龙头，有主皆犊鼻。倘得作杜根，佣保何足愧。
酒中十咏 其六 酒楼
钩楯跨通衢，喧闹当九市。金罍潋滟后，玉斝纷纶起。舞蝶傍应酣，啼莺闻亦醉。野客莫登临，相雠多失意。
酒中十咏 其七 酒旗
青帜阔数尺，悬于往来道。多为风所飏，时见酒名号。拂拂野桥幽，翻翻江市好。双眸复何事，终竟望君老。
酒中十咏 其八 酒樽
牺樽一何古，我抱期幽客。少恐消醍醐，满拟烘琥珀。猿窥曾扑泻，鸟蹋经攲仄。度度醒来看，皆如死生隔。
酒中十咏 其九 酒城
万仞峻为城，沈酣浸其俗。香侵井干过，味染濠波渌。朝倾踰百榼，暮压几千斛。吾将隶此中，但为阍者足。
酒中十咏 其十 酒乡
何人置此乡，杳在天皇外。有事忘哀乐，有时忘显晦。如寻罔象归，似与希夷会。从此共君游，无烦用冠带。","李福标《皮陆年谱》第250页",,,,"王秀林"
"唐","皮日休","懿宗咸通十一年庚寅","870",,,"37","","江南东道","苏州",,,"江苏","苏州市",,"120.589613","31.304566","判官","陆龟蒙有《添酒中六咏》，皮日休和之","陆龟蒙","奉和酒中六咏","Poem","奉和添酒中六咏 其三 酒瓮
坚净不苦窳，陶于醉封疆。临溪刷旧痕，隔屋闻新香。移来近曲室，倒处临糟床。所嗟无比邻，余亦能偷尝。
奉和添酒中六咏 其六 酒杯
昔有嵇氏子，龙章而凤姿。手挥五弦罢，聊复一樽持。但取性澹泊，不知味醇醨。兹器不复见，家家唯玉卮。
奉和添酒中六咏 其一 酒池
八齐竞奔注，不知深几丈。竹叶岛纡徐，凫花波荡漾。醺应烂地轴，浸可柔天壤。以此献吾君，愿铭于几杖。
奉和添酒中六咏 其二 酒龙
铜为蚴蟉鳞，铸作鱙■角。吐处百里雷，泻时千丈壑。初疑潜苑囿，忽似拿寥廓。遂使铜雀台，香消野花落。
奉和添酒中六咏 其四 酒船
剡桂复刳兰，陶陶任行乐。但知涵泳好，不计风涛恶。尝行曲封内，稍系糟丘泊。东海如可倾，乘之就斟酌。
奉和添酒中六咏 其五 酒鎗
象鼎格仍高，其中不烹饪。唯将煮浊醪，用以资酣饮。偏宜旋樵火，稍近馀酲枕。若得伴琴书，吾将著闲品。","李福标《皮陆年谱》第250页",,,,"王秀林"
"唐","皮日休","懿宗咸通十一年庚寅","870",,,"37","","江南东道","苏州",,,"江苏","苏州市",,"120.589613","31.304566","判官","皮日修有《茶中杂咏》十首，陆龟蒙和之","陆龟蒙","茶中杂咏并序","Poem","茶中杂咏 其六 茶灶
南山茶事动，灶起岩根傍。水煮石发气，薪然杉脂香。青琼蒸后凝，绿髓炊来光。如何重辛苦，一一输膏粱。
茶中杂咏 其八 茶鼎
龙舒有良匠，铸此佳样成。立作菌蠢势，煎为潺湲声。草堂暮云阴，松窗残雪明。此时勺复茗，野语知逾清。
茶中杂咏 其一 茶坞
闲寻尧氏山，遂入深深坞。种荈已成园，栽葭宁记亩。石洼泉似掬，岩罅云如缕。好是夏初时，白花满烟雨。
茶中杂咏 其二 茶人
生于顾渚山，老在漫石坞。语气为茶荈，衣香是烟雾。庭从𣟤子遮，果任獳师虏。日晚相笑归，腰间佩轻蒌。
茶中杂咏 其三 茶笋
褎然三五寸，生必依岩洞。寒恐结红铅，暖疑销紫汞。圆如玉轴光，脆似琼英冻。每为遇之疏，南山挂幽梦。
茶中杂咏 其四 茶籯
筤篣晓携去，蓦个山桑坞。开时送紫茗，负处沾清露。歇把傍云泉，归将挂烟树。满此是生涯，黄金何足数。
茶中杂咏 其五 茶舍
阳崖枕白屋，几口嬉嬉活。棚上汲红泉，焙前蒸紫蕨。乃翁研茗后，中妇拍茶歇。相向掩柴扉，清香满山月。
茶中杂咏 其七 茶焙
凿彼碧岩下，恰应深二尺。泥易带云根，烧难碍石脉。初能燥金饼，渐见乾琼液。九里共杉林，相望在山侧。
茶中杂咏 其九 茶瓯
邢客与越人，皆能造兹器。圆似月魂堕，轻如云魄起。枣花势旋眼，蘋沫香沾齿。松下时一看，支公亦如此。
茶中杂咏 其十 煮茶
香泉一合乳，煎作连珠沸。时看蟹目溅，乍见鱼鳞起。声疑松带雨，饽恐生烟翠。尚把沥中山，必无千日醉。","李福标《皮陆年谱》第250页",,,,"王秀林"
"唐","皮日休","懿宗咸通十一年庚寅","870",,,"37","","江南东道","苏州",,,"江苏","苏州市",,"120.589613","31.304566","判官","冬夜，皮日休又与陆龟蒙、张贲等人宴集分韵赋诗，有联句之咏。","张贲","报恩寺南池联句","Poem","","李福标《皮陆年谱》第252页","编年诗见第266页",,,"王秀林"
"唐","皮日休","懿宗咸通十一年庚寅","870",,,"37","","江南东道","苏州",,,"江苏","苏州市",,"120.589613","31.304566","判官","冬夜，皮日休又与陆龟蒙、张贲等人宴集分韵赋诗，有联句之咏。","张贲","开元寺楼看雨联句","Poem","","李福标《皮陆年谱》第252页","编年诗见第265页",,,"王秀林"
"唐","皮日休","懿宗咸通十一年庚寅","870",,,"37","","江南东道","苏州",,,"江苏","苏州市",,"120.589613","31.304566","判官","冬夜，皮日休又与陆龟蒙、张贲等人宴集分韵赋诗，有联句之咏。","张贲","独在开元寺避暑，颇怀鲁望，因飞笔联句","Poem","独在开元寺避暑颇怀鲁望因飞笔联句
烦暑虽难避，僧家自有期。泉甘于马乳，苔滑似龙漦。任诞襟全散，临幽榻旋移。松行将雅拜，篁阵欲交麾。望塔青𩩉识，登楼白鸽知。石经森欲动，珠像俨将怡。筠簟临杉穗，纱巾透雨丝。静谭蝉噪少，凉步鹤随迟。烟重回蕉扇，轻风拂桂帷。对碑吴地说，开卷梵天词。积水鱼梁坏，残花病枕欹。怀君潇洒处，孤梦绕罘罳。","李福标《皮陆年谱》第252页","编年诗见第266页",,,"王秀林"
"唐","皮日休","懿宗咸通十一年庚寅","870",,,"37","","江南东道","苏州",,,"江苏","苏州市",,"120.589613","31.304566","判官","冬夜，皮日休又与陆龟蒙、张贲等人宴集分韵赋诗，有联句之咏。","张贲","北禅院避暑联句","Poem","北禅院避暑联句
歊蒸何处避，来入戴颙宅。逍遥脱单绞，放旷抛轻策。爬搔林下风，偃仰涧中石。残蝉烟外响，野鹤沙中迹。到此失烦襟，萧然揖禅伯。藤悬叠霜蜕，桂倚支云锡。清阴竖毛发，爽气舒筋脉。逐幽随竹书，选胜铺苮席。鱼跳上紫芡，蝶化缘青壁。心是玉莲徒，耳为金磬敌。吾宗昔高尚，志在羲皇易。岂独断韦编，几将刓铁擿。天书既屡降，野抱难自适。一入承明庐，盱衡论今昔。流光不容寸，斯道甘枉尺。既起谢儒玄，亦翻商羽翼。封章帷幄遍，梦寐江湖白。摆落函谷尘，高欹华阳帻。诏去云无信，归来鹤相识。半病夺牛公，全慵捕鱼客。少微光一点，落此芒磔索。释子问池塘，门人废幽赜。堪悲东序宝，忽变西方籍。不见步兵诗，空怀康乐屐。高名不可效，胜境徒堪惜。墨沼转疏芜，玄斋踰阒寂。迟迟不可去，凉飔满杉柏。日下洲岛清，烟生苾刍碧。俱怀出尘想，共有吟诗癖。终与净名游，还来雪山觅。","李福标《皮陆年谱》第252页","编年诗见第265页",,,"王秀林"
"唐","皮日休","懿宗咸通十一年庚寅","870",,,"37","","江南东道","苏州",,,"江苏","苏州市",,"120.589613","31.304566","判官","冬夜，皮日休又与陆龟蒙、张贲等人宴集分韵赋诗，有联句之咏。","张贲","寂上人院联句","Poem","寂上人院联句
瘿床空默坐，清景不知斜。暗数菩提子，闲看薜荔花。有情惟墨客，无语是禅家。背日聊依桂，尝泉欲试茶。石形蹲玉虎，池影闪金蛇。经笥安岩匼，瓶囊挂树桠。书传沧海外，龛寄白云涯。竹色寒凌箔，灯光静隔纱。趁幽翻小品，逐胜讲南华。莎彩融黄露，莲衣染素霞。水堪伤聚沫，风合落天葩。若许传心印，何辞古堞赊。","李福标《皮陆年谱》第252页","编年诗见第265页",,,"王秀林"
"唐","皮日休","懿宗咸通十一年庚寅","870",,,"37","","江南东道","苏州",,,"江苏","苏州市",,"120.589613","31.304566","判官","冬夜，皮日休又与陆龟蒙、张贲等人宴集分韵赋诗，有联句之咏。","张贲","药名联句","Poem","药名联句
为待防风饼，须添薏苡杯。香然柏子后，尊泛菊花来。石耳泉能洗，垣衣雨为裁。从容犀局静，断续玉琴哀。白芷寒犹采，青箱醉尚开。马衔衰草卧，乌啄蠹根回。雨过兰芳好，霜多桂末摧。朱儿应作粉，云母讵成灰。艺可屠龙胆，家曾近燕胎。墙高牵薜荔，障软撼玫瑰。鸓鼠啼书户，蜗牛上研台。谁能将藁本，封与玉泉才。","李福标《皮陆年谱》第252页","编年诗见第266页",,,"王秀林"
"唐","皮日休","懿宗咸通十一年庚寅","870",,,"37","","江南东道","苏州",,,"江苏","苏州市",,"120.589613","31.304566","判官","冬夜，皮日休又与陆龟蒙、张贲等人宴集分韵赋诗，有联句之咏。","张贲","寒夜文宴联句","Poem","寒夜文宴联句
文星今夜聚，应在斗牛间。载石人方至，乘槎客未还。送觞繁露曲，徵句白云颜。节奏惟听竹，从容只话山。理穷倾秘藏，论猛折玄关。酃酒分中绿，巴笺擘处殷。清言闻后醒，强韵压来艰。犀柄当风揖，琼枝向月攀。松吟方㗫㗫，泉梦忆潺潺。一会文章草，昭明不可删。","李福标《皮陆年谱》第252页","编年诗见第266页",,,"王秀林"
"唐","皮日休","懿宗咸通十一年庚寅","870",,,"37","","江南东道","苏州",,,"江苏","苏州市",,"120.589613","31.304566","判官","冬夜，皮日休又与陆龟蒙、张贲等人宴集分韵赋诗，有联句之咏。","张贲","寒夜问答十首（皮日休问鲁望、陆龟蒙问袭美、皮日休问润卿、贲问袭美、陆龟蒙问润卿）","Poem","","李福标《皮陆年谱》第252页","编年诗见第266页",,,"王秀林"
"唐","皮日休","懿宗咸通十二年辛卯","871","1",,"38","","淮南道","扬州",,,"江苏","扬州市",,"119.419107","32.39986","判官","正月，陆龟蒙有《早春雪中作吴体寄袭美》，皮日休有《奉和》","陆龟蒙","奉和","Poem","","李福标《皮陆年谱》第266页",,,,"王秀林"
"唐","皮日休","懿宗咸通十二年辛卯","871","3",,"38","","淮南道","扬州",,,"江苏","扬州市",,"119.419107","32.39986","判官","崔璞罢郡，有文会，皮日休、陆龟蒙等作诗相送","崔璞","谏议罢郡将归，以六韵赐示，因伫酬献","Poem","谏议以罢郡将归以六韵赐示因伫詶献
欲下持衡诏，先容解印归。露浓春后泽，霜薄霁来威。旧化堪治疾，馀恩可疗饥。隔花攀去棹，穿柳挽行衣。佐理能无取，酬知力甚微。空将千感泪，异日拜黄扉。","李福标《皮陆年谱》第267页",,,,"王秀林"
"唐","皮日休","懿宗咸通十二年辛卯","871",,,"38","","淮南道","扬州",,,"江苏","扬州市",,"119.419107","32.39986",,"崔幕解散，皮日休欲谋求新路而致书各方故知，有诗劄寄裴坦者","裴坦","吴中书事，寄汉南裴尚书","Poem","吴中书事寄汉南裴尚书
万家无事锁兰桡，乡味腥多厌紫虈。水似棋文交度郭，柳如行障俨遮桥。青梅蒂重初迎雨，白鸟群高欲避潮。唯望旧知怜此意，得为伧鬼也逍遥。","李福标《皮陆年谱》第267页",,,,"王秀林"
"唐","皮日休","懿宗咸通十二年辛卯","871",,,"38","","淮南道","扬州",,,"江苏","扬州市",,"119.419107","32.39986",,"崔幕解散，皮日休欲谋求新路而致书各方故知，有寄南海二同年者","郑愚","吴中言怀寄南海二同年","Poem","吴中言怀寄南海二同年
曲水分飞岁已赊，东南为客各天涯。退公秖傍苏劳竹，移宴多随末利花。铜鼓夜敲溪上月，布帆晴照海边霞。三年谩被鲈鱼累，不得横经侍绛纱。","李福标《皮陆年谱》第268页",,,,"王秀林"
"唐","皮日休","懿宗咸通十二年辛卯","871",,,"38","","淮南道","扬州",,,"江苏","扬州市",,"119.419107","32.39986",,"崔幕解散，皮日休欲谋求新路而致书各方故知，作诗寄秘阁韦校书贻之、商洛宋垂文先辈","宋垂文，韦贻之","江南书情二十韵寄秘阁韦校书贻之、商洛宋先辈垂文二同年","Poem","江南书情二十韵寄秘阁韦校书贻之商洛宋先辈垂文二同年
四载加前字，今来未改衔。君批凤尾诏，我住虎头岩。季氏唯谋逐，臧仓只拟谗。时讹轻五羖，俗浅重三缄。瘦去形如鹤，忧来态似獑。才非师赵壹，直欲效陈咸。孤竹宁收笛，黄琮未作瑊。作羊宁免狠，为兔即须毚。枕户槐从亚，侵阶草懒芟。壅泉教咽咽，垒石放巉巉。掣钓随心动，抽书任意杴。茶教弩父摘，酒遣僰童监。默坐看山困，清斋饮水严。藓生天竺屐，烟外洞庭帆。病久新乌帽，闲多著白衫。药苞陈雨匼，诗草蠹云函。遣客呼林狖，辞人寄海𧍧。室唯搜古器，钱只买秋杉。寡合无深契，相期有至諴。他年如访问，烟茑暗髟髟。","李福标《皮陆年谱》第268页","编年诗见第282页",,,"王秀林"
"唐","皮日休","懿宗咸通十二年辛卯","871",,,"38","","淮南道","扬州",,,"江苏","扬州市",,"119.419107","32.39986",,"皮陆唱和，皮日休有《寄题罗浮轩辕先生所居》，陆龟蒙和之。本年夏秋，皮日休临别吴中之际，陆龟蒙将两年左右唱和诗集集合成编，为《松陵集》十卷，以为纪念。皮日休为作《松陵集序》，阐述其诗歌见解，叙其与陆龟蒙之唱和大致经历，序中有论当代诗人李商隐、温庭筠者，颇有说。集中多次韵长篇，又有离合、叠韵、回文、双声及县名、药名等类诗作，陆龟蒙将其归入杂体诗卷，皮日休撰《杂体诗序》，记述诸类诗之缘起。","陆龟蒙，轩辕先生","鲁望以花翁之什见招，因次韵酬之","Poem","鲁望以花翁之什见招因次韵詶之
九十携锄伛偻翁，小园幽事尽能通。斸烟栽药为身计，负水浇花是世功。婚嫁定期杉叶紫，盖藏应待桂枝红。不知家道能多少，只在句芒一夜风。","李福标《皮陆年谱》271-276","编年诗见第282页",,,"王秀林"
"唐","皮日休","懿宗咸通十二年辛卯","871",,,"38","","淮南道","扬州",,,"江苏","扬州市",,"119.419107","32.39986",,"皮陆唱和，皮日休有《寄题罗浮轩辕先生所居》，陆龟蒙和之。本年夏秋，皮日休临别吴中之际，陆龟蒙将两年左右唱和诗集集合成编，为《松陵集》十卷，以为纪念。皮日休为作《松陵集序》，阐述其诗歌见解，叙其与陆龟蒙之唱和大致经历，序中有论当代诗人李商隐、温庭筠者，颇有说。集中多次韵长篇，又有离合、叠韵、回文、双声及县名、药名等类诗作，陆龟蒙将其归入杂体诗卷，皮日休撰《杂体诗序》，记述诸类诗之缘起。","陆龟蒙，轩辕先生","寄题罗浮轩辕先生所居","Poem","寄题罗浮轩辕先生所居
乱峰四百三十二，欲问徵君何处寻。红翠数声瑶室响，真檀一炷石楼深。山都遣负沽来酒，樵客容看化后金。从此谒师知不远，求官先有葛洪心。","李福标《皮陆年谱》271-276","编年诗见第282页",,,"王秀林"
"唐","皮日休","懿宗咸通十二年辛卯","871",,,"38","","淮南道","扬州",,,"江苏","扬州市",,"119.419107","32.39986",,"皮陆唱和，皮日休有《寄题罗浮轩辕先生所居》，陆龟蒙和之。本年夏秋，皮日休临别吴中之际，陆龟蒙将两年左右唱和诗集集合成编，为《松陵集》十卷，以为纪念。皮日休为作《松陵集序》，阐述其诗歌见解，叙其与陆龟蒙之唱和大致经历，序中有论当代诗人李商隐、温庭筠者，颇有说。集中多次韵长篇，又有离合、叠韵、回文、双声及县名、药名等类诗作，陆龟蒙将其归入杂体诗卷，皮日休撰《杂体诗序》，记述诸类诗之缘起。","陆龟蒙，轩辕先生","松陵集序","Article","松陵集序
诗有六艺。其一曰比。比者。定物之情状也。则必谓之才。才之备者。于圣为六艺。于贤为声诗。噫。春秋之后。颂声亡寝。降及汉氏。诗道荐作。然二雅之风。委而不兴矣。在诗有三言四言五言六言七言之作。三言者。曰振振鹭鹭于飞是也。五言者。曰谁谓雀无角何以穿我屋是也。六言者。我姑酌彼金罍是也。七言者。交交黄鸟止于桑是也。九言者。曰泂酌彼行潦挹彼注兹是也。盖古诗率以四言为本。而汉氏方以五言七言为之也。其句亦出于周诗。五言者。李陵曰携手上河梁是也。七言者。汉武曰日月星辰和四时是也。尔后盛于建安以降。江左君臣。得其浮艳。然诗之六艺微矣。逮及吾唐开元之世。易其体为律焉。始切于俪偶。拘于声势。诗云。觏闵既多。受侮不少。其对也工矣。尧典曰。声依永。律和声。其为律也甚矣。由汉及唐。诗之道尽矣。吾又不知千祀之后。诗之道止于斯而巳。即后有变而作者。不得以知之。夫才之备者。犹天地之气乎。气者止乎一也。分而为四时。其为春。则煦枯发蘖。如弃如濩。百物融洽。酣人肌骨。其为夏。则赫曦朝升。天地如窑。草焦木暍。若燎毛发。其为秋。则凉飔高瞥。若露天骨。景爽夕清。神不蔽形。其为冬。则霜阵一凄。万物皆瘁。云沮日惨。若惮天责。夫如是。岂拘于一哉。亦变之而已。人之有才者。不变则已。苟变之。岂异于是乎。故才之用也。广之为沧溟。细之为沟窦。高之为山岳。碎之为瓦砾。美之为西子。恶之为敦洽。壮之为武贲。弱之为处女。大则八荒之外不可穷。小则一毫之末不可见。苟其才如是。复能善用之。则庖丁之牛。扁之轮。郢之斤。不足谓神解也。噫。古之士穷达必形于歌咏。苟欲见乎志。非文不能宣也。于是为其词。词之作。固不能独善。必须人以成之。昔周公为诗以遗成王。吉甫作诵以赠申伯。诗之酬赠。其来尚矣。后每为诗。必多□□为□咸通七年。今兵部令狐员外在淮南。今中书舍人□□公守毗陵。日休皆以词获幸。悉蒙以所制命之和。各□□轴亦有名其守者。十年。大司谏清河公出牧于吴。日休为郡奁事。居一月。有进士陆龟蒙字鲁望者。以其业见造凡数编。其才之变。真天地之气也。近代称温飞卿李义山为之最。俾生参之。未知其孰为之后先也。","李福标《皮陆年谱》271-276","编年文见第283页",,,"王秀林"
"唐","皮日休","懿宗咸通十二年辛卯","871",,,"38","","淮南道","扬州",,,"江苏","扬州市",,"119.419107","32.39986",,"皮陆唱和，皮日休有《寄题罗浮轩辕先生所居》，陆龟蒙和之。本年夏秋，皮日休临别吴中之际，陆龟蒙将两年左右唱和诗集集合成编，为《松陵集》十卷，以为纪念。皮日休为作《松陵集序》，阐述其诗歌见解，叙其与陆龟蒙之唱和大致经历，序中有论当代诗人李商隐、温庭筠者，颇有说。集中多次韵长篇，又有离合、叠韵、回文、双声及县名、药名等类诗作，陆龟蒙将其归入杂体诗卷，皮日休撰《杂体诗序》，记述诸类诗之缘起。","陆龟蒙，轩辕先生","座右铭","Article","","李福标《皮陆年谱》271-276","编年文见第283页",,,"王秀林"
"唐","皮日休","懿宗咸通十二年辛卯","871",,,"38","","淮南道","扬州",,,"江苏","扬州市",,"119.419107","32.39986",,"皮陆唱和，皮日休有《寄题罗浮轩辕先生所居》，陆龟蒙和之。本年夏秋，皮日休临别吴中之际，陆龟蒙将两年左右唱和诗集集合成编，为《松陵集》十卷，以为纪念。皮日休为作《松陵集序》，阐述其诗歌见解，叙其与陆龟蒙之唱和大致经历，序中有论当代诗人李商隐、温庭筠者，颇有说。集中多次韵长篇，又有离合、叠韵、回文、双声及县名、药名等类诗作，陆龟蒙将其归入杂体诗卷，皮日休撰《杂体诗序》，记述诸类诗之缘起。","陆龟蒙，轩辕先生","杂体诗序","Article","","李福标《皮陆年谱》271-276","编年文见第283页",,,"王秀林"
"唐","皮日休","懿宗咸通十二年辛卯","871",,,"38","","淮南道","扬州",,,"江苏","扬州市",,"119.419107","32.39986",,"皮陆唱和，皮日休有《寄题罗浮轩辕先生所居》，陆龟蒙和之。本年夏秋，皮日休临别吴中之际，陆龟蒙将两年左右唱和诗集集合成编，为《松陵集》十卷，以为纪念。皮日休为作《松陵集序》，阐述其诗歌见解，叙其与陆龟蒙之唱和大致经历，序中有论当代诗人李商隐、温庭筠者，颇有说。集中多次韵长篇，又有离合、叠韵、回文、双声及县名、药名等类诗作，陆龟蒙将其归入杂体诗卷，皮日休撰《杂体诗序》，记述诸类诗之缘起。","陆龟蒙，轩辕先生","襄州孔子庙学记唐社稷坛记","Article","","李福标《皮陆年谱》271-276","编年文见第283页",,,"王秀林"
"唐","皮日休","懿宗咸通十二年辛卯","871",,,"38","","淮南道","扬州",,,"江苏","扬州市",,"119.419107","32.39986",,"皮陆唱和，皮日休有《寄题罗浮轩辕先生所居》，陆龟蒙和之。本年夏秋，皮日休临别吴中之际，陆龟蒙将两年左右唱和诗集集合成编，为《松陵集》十卷，以为纪念。皮日休为作《松陵集序》，阐述其诗歌见解，叙其与陆龟蒙之唱和大致经历，序中有论当代诗人李商隐、温庭筠者，颇有说。集中多次韵长篇，又有离合、叠韵、回文、双声及县名、药名等类诗作，陆龟蒙将其归入杂体诗卷，皮日休撰《杂体诗序》，记述诸类诗之缘起。","陆龟蒙，轩辕先生","江南书情二十韵","Poem","江南书情二十韵寄秘阁韦校书贻之商洛宋先辈垂文二同年
四载加前字，今来未改衔。君批凤尾诏，我住虎头岩。季氏唯谋逐，臧仓只拟谗。时讹轻五羖，俗浅重三缄。瘦去形如鹤，忧来态似獑。才非师赵壹，直欲效陈咸。孤竹宁收笛，黄琮未作瑊。作羊宁免狠，为兔即须毚。枕户槐从亚，侵阶草懒芟。壅泉教咽咽，垒石放巉巉。掣钓随心动，抽书任意杴。茶教弩父摘，酒遣僰童监。默坐看山困，清斋饮水严。藓生天竺屐，烟外洞庭帆。病久新乌帽，闲多著白衫。药苞陈雨匼，诗草蠹云函。遣客呼林狖，辞人寄海𧍧。室唯搜古器，钱只买秋杉。寡合无深契，相期有至諴。他年如访问，烟茑暗髟髟。","李福标《皮陆年谱》271-276","编年诗见第282页",,,"王秀林"
"唐","皮日休","懿宗咸通十二年辛卯","871",,,"38","","淮南道","扬州",,,"江苏","扬州市",,"119.419107","32.39986",,"皮陆唱和，皮日休有《寄题罗浮轩辕先生所居》，陆龟蒙和之。本年夏秋，皮日休临别吴中之际，陆龟蒙将两年左右唱和诗集集合成编，为《松陵集》十卷，以为纪念。皮日休为作《松陵集序》，阐述其诗歌见解，叙其与陆龟蒙之唱和大致经历，序中有论当代诗人李商隐、温庭筠者，颇有说。集中多次韵长篇，又有离合、叠韵、回文、双声及县名、药名等类诗作，陆龟蒙将其归入杂体诗卷，皮日休撰《杂体诗序》，记述诸类诗之缘起。","陆龟蒙，轩辕先生","屐步访鲁望不遇","Poem","屣步访鲁望不遇
雪晴墟里竹欹斜，蜡屐徐吟到陆家。荒径埽稀堆柏子，破扉开涩染苔花。壁闲定欲图双桧，厨静空如饭一麻。拟受太玄今不遇，可怜遗恨似侯芭。","李福标《皮陆年谱》271-276","编年诗见第282页",,,"王秀林"
"唐","皮日休","懿宗咸通十二年辛卯","871",,,"38","","淮南道","扬州",,,"江苏","扬州市",,"119.419107","32.39986",,"皮陆唱和，皮日休有《寄题罗浮轩辕先生所居》，陆龟蒙和之。本年夏秋，皮日休临别吴中之际，陆龟蒙将两年左右唱和诗集集合成编，为《松陵集》十卷，以为纪念。皮日休为作《松陵集序》，阐述其诗歌见解，叙其与陆龟蒙之唱和大致经历，序中有论当代诗人李商隐、温庭筠者，颇有说。集中多次韵长篇，又有离合、叠韵、回文、双声及县名、药名等类诗作，陆龟蒙将其归入杂体诗卷，皮日休撰《杂体诗序》，记述诸类诗之缘起。","陆龟蒙，轩辕先生","馆娃宫怀古","Poem","馆娃宫怀古
艳骨已成兰麝土，宫墙依旧压层崖。弩台雨坏逢金镞，香径泥销露玉钗。砚沼只留溪鸟浴，屧廊空信野花埋。姑苏麋鹿真闲事，须为当时一怆怀。","李福标《皮陆年谱》271-276","编年诗见第282页",,,"王秀林"
"唐","皮日休","懿宗咸通十二年辛卯","871",,,"38","","淮南道","扬州",,,"江苏","扬州市",,"119.419107","32.39986",,"皮陆唱和，皮日休有《寄题罗浮轩辕先生所居》，陆龟蒙和之。本年夏秋，皮日休临别吴中之际，陆龟蒙将两年左右唱和诗集集合成编，为《松陵集》十卷，以为纪念。皮日休为作《松陵集序》，阐述其诗歌见解，叙其与陆龟蒙之唱和大致经历，序中有论当代诗人李商隐、温庭筠者，颇有说。集中多次韵长篇，又有离合、叠韵、回文、双声及县名、药名等类诗作，陆龟蒙将其归入杂体诗卷，皮日休撰《杂体诗序》，记述诸类诗之缘起。","陆龟蒙，轩辕先生","春夕陪崔谏议樱桃园序","Poem","春日陪崔谏议樱桃园宴
万树香飘水麝风，蜡熏花雪尽成红。夜深欢态状不得，醉客图开明月中。","李福标《皮陆年谱》271-276","编年诗见第282页",,,"王秀林"
"唐","皮日休","懿宗咸通十二年辛卯","871",,,"38","","淮南道","扬州",,,"江苏","扬州市",,"119.419107","32.39986",,"皮陆唱和，皮日休有《寄题罗浮轩辕先生所居》，陆龟蒙和之。本年夏秋，皮日休临别吴中之际，陆龟蒙将两年左右唱和诗集集合成编，为《松陵集》十卷，以为纪念。皮日休为作《松陵集序》，阐述其诗歌见解，叙其与陆龟蒙之唱和大致经历，序中有论当代诗人李商隐、温庭筠者，颇有说。集中多次韵长篇，又有离合、叠韵、回文、双声及县名、药名等类诗作，陆龟蒙将其归入杂体诗卷，皮日休撰《杂体诗序》，记述诸类诗之缘起。","陆龟蒙，轩辕先生","春夕酒醒","Poem","春夕酒醒
四弦才罢醉蛮奴，酃醁馀香在翠炉。夜半醒来红蜡短，一枝寒泪作珊瑚。","李福标《皮陆年谱》271-276","编年诗见第282页",,,"王秀林"
"唐","皮日休","懿宗咸通十二年辛卯","871",,,"38","","淮南道","扬州",,,"江苏","扬州市",,"119.419107","32.39986",,"皮陆唱和，皮日休有《寄题罗浮轩辕先生所居》，陆龟蒙和之。本年夏秋，皮日休临别吴中之际，陆龟蒙将两年左右唱和诗集集合成编，为《松陵集》十卷，以为纪念。皮日休为作《松陵集序》，阐述其诗歌见解，叙其与陆龟蒙之唱和大致经历，序中有论当代诗人李商隐、温庭筠者，颇有说。集中多次韵长篇，又有离合、叠韵、回文、双声及县名、药名等类诗作，陆龟蒙将其归入杂体诗卷，皮日休撰《杂体诗序》，记述诸类诗之缘起。","陆龟蒙，轩辕先生","松江早春","Poem","松江早春
松陵清净雪消初，见底新安恐未如。稳凭船舷无一事，分明数得鲙残鱼。","李福标《皮陆年谱》271-276","编年诗见第282页",,,"王秀林"
"唐","皮日休","懿宗咸通十二年辛卯","871",,,"38","","淮南道","扬州",,,"江苏","扬州市",,"119.419107","32.39986",,"皮陆唱和，皮日休有《寄题罗浮轩辕先生所居》，陆龟蒙和之。本年夏秋，皮日休临别吴中之际，陆龟蒙将两年左右唱和诗集集合成编，为《松陵集》十卷，以为纪念。皮日休为作《松陵集序》，阐述其诗歌见解，叙其与陆龟蒙之唱和大致经历，序中有论当代诗人李商隐、温庭筠者，颇有说。集中多次韵长篇，又有离合、叠韵、回文、双声及县名、药名等类诗作，陆龟蒙将其归入杂体诗卷，皮日休撰《杂体诗序》，记述诸类诗之缘起。","陆龟蒙，轩辕先生","奉和1","Poem","","李福标《皮陆年谱》271-276","编年诗见第282页",,,"王秀林"
"唐","皮日休","懿宗咸通十二年辛卯","871",,,"38","","淮南道","扬州",,,"江苏","扬州市",,"119.419107","32.39986",,"皮陆唱和，皮日休有《寄题罗浮轩辕先生所居》，陆龟蒙和之。本年夏秋，皮日休临别吴中之际，陆龟蒙将两年左右唱和诗集集合成编，为《松陵集》十卷，以为纪念。皮日休为作《松陵集序》，阐述其诗歌见解，叙其与陆龟蒙之唱和大致经历，序中有论当代诗人李商隐、温庭筠者，颇有说。集中多次韵长篇，又有离合、叠韵、回文、双声及县名、药名等类诗作，陆龟蒙将其归入杂体诗卷，皮日休撰《杂体诗序》，记述诸类诗之缘起。","陆龟蒙，轩辕先生","奉和2","Poem","","李福标《皮陆年谱》271-276","编年诗见第282页",,,"王秀林"
"唐","皮日休","懿宗咸通十二年辛卯","871",,,"38","","山南东道","襄州",,,"湖北","襄阳市",,"112.129089","32.014789",,"皮日休访李处世，又游陈先辈故居","李处世，陈先辈","秋晚自洞庭湖别业寄穆秀才","Poem","秋晚自洞庭湖别业寄穆秀才
破村寥落过重阳，独自撄宁葺草房。风扯红蕉仍换叶，雨淋黄菊不成香。野猿偷栗重窥户，落雁疑人更绕塘。他日若修耆旧传，为予添取此书堂。","李福标《皮陆年谱》第277页","编年诗见第283页",,,"王秀林"
"唐","皮日休","懿宗咸通十二年辛卯","871",,,"38","","山南东道","襄州",,,"湖北","襄阳市",,"112.129089","32.014789",,"皮日休访李处世，又游陈先辈故居","李处世，陈先辈","襄阳闲居与友生夜会","Poem","襄阳闲居与友生夜会
习隐悠悠世不知，林园幽事递相期。旧丝再上琴调晚，坏叶重烧酒煖迟。三径引时寒步月，四邻偷得夜吟诗。草玄寂淡无人爱，不遇刘歆更语谁。","李福标《皮陆年谱》第277页","编年诗见第283页",,,"王秀林"
"唐","皮日休","懿宗咸通十二年辛卯","871",,,"38","","山南东道","襄州",,,"湖北","襄阳市",,"112.129089","32.014789",,"皮日休访李处世，又游陈先辈故居","李处世，陈先辈","秋晚访李处士所居","Poem","秋晚访李处士所居
门前襄水碧潺潺，静钓归来不掩关。书阁鼠穿厨簏破，竹园霜后桔槔闲。儿童不许惊幽鸟，药草须教上假山。莫为爱诗偏念我，访君多得醉中还。","李福标《皮陆年谱》第277页","编年诗见第283页",,,"王秀林"
"唐","皮日休","懿宗咸通十二年辛卯","871",,,"38","","山南东道","襄州",,,"湖北","襄阳市",,"112.129089","32.014789",,"皮日休访李处世，又游陈先辈故居","李处世，陈先辈","陈先辈故居","Poem","陈先辈故居
杉桂交阴一里馀，逢人浑似洞天居。千株橘树唯沽酒，十顷莲塘不买鱼。藜杖闲来侵径竹，角巾端坐满楼书。襄阳无限烟霞地，难觅幽奇似此殊。","李福标《皮陆年谱》第277页","编年诗见第283页",,,"王秀林"
"唐","皮日休","懿宗咸通十二年辛卯","871",,,"38","","山南东道","襄州",,,"湖北","襄阳市",,"112.129089","32.014789",,"皮日休访李处世，又游陈先辈故居","李处世，陈先辈","李处士郊居","Poem","李处士郊居
石衣如发小溪清，溪上柴门架树成。园里水流浇竹响，窗中人静下棋声。几多狎鸟皆谙性，无限幽花未得名。满引红螺诗一首，刘桢失却病心情。","李福标《皮陆年谱》第277页","编年诗见第283页",,,"王秀林"
"唐","皮日休","懿宗咸通十二年辛卯","871",,,"38","","江南西道","鄂州","江夏",,"湖北","武汉市",,"114.311831","30.598428",,"冬，皮日休殆又东下苏台。经江夏，宴集中使酒，遭刘允章侮。","刘允章","咏蟹","Poem","咏螃蟹呈浙西从事
未游沧海早知名，有骨还从肉上生。莫道无心畏雷电，海龙王处也横行。","李福标《皮陆年谱》278-281","编年诗见第283页",,,"王秀林"
"唐","皮日休","懿宗咸通十二年辛卯","871",,,"38","","江南西道","鄂州","江夏",,"湖北","武汉市",,"114.311831","30.598428",,"冬，皮日休殆又东下苏台。经江夏，宴集中使酒，遭刘允章侮。","刘允章","今钱花","Poem","","李福标《皮陆年谱》278-281","编年诗见第283页",,,"王秀林"
"唐","皮日休","懿宗咸通十二年辛卯","871",,,"38","","江南西道","鄂州","江夏",,"湖北","武汉市",,"114.311831","30.598428",,"冬，皮日休殆又东下苏台。经江夏，宴集中使酒，遭刘允章侮。","刘允章","鸳鸯二首","Poem","鸳鸯二首 其一
双丝绢上为新样，连理枝头是故园。翠浪万回同过影，玉沙千处共栖痕。若非足恨佳人魄，即是多情年少魂。应念孤飞争别宿，芦花萧瑟雨黄昏。
鸳鸯二首 其二
钿𨯥雕镂费深功，舞妓衣边绣莫穷。无日不来湘渚上，有时还在镜湖中。烟浓共拂芭蕉雨，浪细双游菡萏风。应笑豪家鹦鹉伴，年年徒被锁金笼。","李福标《皮陆年谱》278-281","编年诗见第283页",,,"王秀林"
"唐","皮日休","懿宗咸通十三年壬辰","872","2",,"39","","京畿道","长安",,,"陕西","西安市",,"108.946306","34.347436","秘书省校书郎任","春二月，皮日休在长安秘书省教书郎任，又撮岭南东道节度使郑愚巡官，应邀为常熟县令周邦弼作《破山龙堂记》","郑愚，周邦弼","破山龙堂记","Article","破山龙堂记
礼。山林川谷邱陵。能出云为风雨见怪物。皆曰神。若然者。龙亦能为风雨见怪物。则其泽之在民厚矣。神而祀之又宜矣。常熟。泽国也。风雨怪物。日作于民。在有其地者。苟祀之至。民被其利。祀之不至。民受其祸。汝南周君为令之初年。夏且旱。禜其神于破山之潭上。果雨以应。君曰。受其赐。徒禜以报。不可也。于是命工以土木介其象。为宝宫以荫之。著之于典。以洁其祀。于是风雨时。怪物止。水旱不为厉。民经大荒。连岁以穰。其神之泽乎。君之祀乎。凡雩者。春秋之道皆书之。勤民之祀也。君为其祠已。乞文其事。日休佳君之为志在民。故从之。咸通十三年二月十九日。襄阳皮日休记。","李福标《皮陆年谱》第284页",,,,"王秀林"
"唐","皮日休","懿宗咸通十四年癸巳","873",,,"40","","京畿道","长安",,,"陕西","西安市",,"108.946306","34.347436","秘书省校书郎任",,"",,"","","李福标《皮陆年谱》第288页",,,,"王秀林"
"唐","皮日休","僖宗乾符元年、懿宗咸通十五年甲午","874",,,"41","","京畿道","长安",,,"陕西","西安市",,"108.946306","34.347436","太常博士",,"",,"","","李福标《皮陆年谱》第290页",,,,"王秀林"
"唐","皮日休","僖宗乾符二年乙末","875","6",,"42","","江南东道","常州",,,"江苏","常州市",,"119.980142","31.816791","毗陵副使","皮日休以太常博士之职出为毗陵副使，当在本年。出潼关，有诗。六月，王郢攻占苏、常，时皮日休或未到毗陵副使任","王郢",,"","","李福标《皮陆年谱》292-295",,,,"王秀林"
"唐","皮日休","僖宗乾符三年丙申","876",,,"43","","江南东道","杭州",,,"浙江","杭州市",,"120.161693","30.280059","毗陵副使","年初，皮日休当在杭州","","题潼关兰若","Poem","题潼关兰若
潼津罢警有招提，近百年无战马嘶。壮士不言三尺剑，谋臣休道一丸泥。昔时驰道洪波上，今日宸居紫气西。关吏不劳重借问，弃繻生拟入耶溪。","李福标《皮陆年谱》第296页",,,,"王秀林"
"唐","皮日休","僖宗乾符三年丙申","876","6",,"43","","江南东道","常州",,,"江苏","常州市",,"119.980142","31.816791","毗陵副使","六月，唐中央遣宋皓为江南诸道招讨使，率诸道兵一万五千余人往浙西。苏、常即当收复。宋皓出兵后，皮日休当在毗陵副使任。有诗。","","题惠山泉","Poem","","李福标《皮陆年谱》第297页",,,,"王秀林"
"唐","皮日休","僖宗乾符三年丙申","876","6",,"43","","江南东道","常州",,,"江苏","常州市",,"119.980142","31.816791","毗陵副使","六月，唐中央遣宋皓为江南诸道招讨使，率诸道兵一万五千余人往浙西。苏、常即当收复。宋皓出兵后，皮日休当在毗陵副使任。有诗。","","泰伯庙","Poem","泰伯庙
一庙争祠两让君，几千年后转清芬。当时尽解称高义，谁敢教他莽卓闻。","李福标《皮陆年谱》第297页",,,,"王秀林"
"唐","皮日休","僖宗乾符三年丙申","876","6",,"43","","江南东道","常州",,,"江苏","常州市",,"119.980142","31.816791","毗陵副使","六月，唐中央遣宋皓为江南诸道招讨使，率诸道兵一万五千余人往浙西。苏、常即当收复。宋皓出兵后，皮日休当在毗陵副使任。有诗。","","望虞亭","Poem","望虞亭
盘回曲涧数峰青，云护皇山一古亭。千里月明回首望，飞烟冲起海虞滨。","李福标《皮陆年谱》第297页",,,,"王秀林"
"唐","皮日休","僖宗乾符四年丁酉","877",,,"44","","江南东道","苏州",,,"江苏","苏州市",,"120.589613","31.304566",,"皮日休与吴融、高侍御等往还；皮日休子皮光业本年生于姑苏；江苏进士庄布访日休不遇，贻书讥之","吴融，高侍，皮光业，庄布","赴上京观中休灵斋赠威仪尊师","Poem","","李福标《皮陆年谱》第303页",,,,"王秀林"
"唐","皮日休","僖宗乾符五年戊戌","878","5",,"45","","江南东道","越州","会稽",,"浙江","绍兴市",,"120.586673","30.036519",,"夏五月左右，皮日休往会稽避乱，时其子光业约两岁","",,"","","李福标《皮陆年谱》第303页",,,,"王秀林"
"唐","皮日休","僖宗乾符五年戊戌","878","8",,"45","","江南东道","杭州",,,"浙江","杭州市",,"120.161693","30.280059",,"八月，黄巢攻占杭州，皮日休当在杭州，此时被劫从军。皮日休被劫后，其妻室当南下会稽，依山阴滕氏","",,"","","李福标《皮陆年谱》第313页",,,,"王秀林"
"唐","皮日休","僖宗乾符六年己亥","879",,,"46","","江南东道","杭州",,,"浙江","杭州市",,"120.161693","30.280059",,"皮日休在巢军中","","","","","李福标《皮陆年谱》第315页",,,,"王秀林"
"唐","皮日休","僖宗广明元年庚子","880","12","13","47","","京畿道","长安",,,"陕西","西安市",,"108.946306","34.347436","翰林学士","冬，十二月五日凌晨，唐僖宗仓皇出逃。巢军入长安。十二月三日，黄巢建大齐，皮日休为翰林学士，之后，皮日休行履未详。传闻不一出。或云：巢令皮日休作谶词，词曰：“预知圣人姓，田八二十一。欲知圣人名，果头三曲律。”巢以其谶己，大怒而杀皮日休。有云巢败后，皮日休被唐廷诛杀。有云终老南粤者，不足以信。有云病死宿州者，更不足信。甚有以为皮日休借巡查新定州县之机，在同官县题壁后自裁者，然所据文献误。亦有云巢败后，皮日休逃归江南。晚依钱镠，终老会稽，并尝与罗隐等在钱镠幕府幕府共座谈笑者。此似有可信之处。","",,"","","李福标《皮陆年谱》332-339",,,,"王秀林"
"唐","皮日休","僖宗中和元年、广明二年辛丑","881",,,"48","",,,,,,,,"0","0",,"行踪不详，或云逃归江南","","","","","李福标《皮陆年谱》第352页",,,,"王秀林"
"唐","皮日休","僖宗中和二年壬寅","882","9",,"49","",,,,,,,,"0","0",,"行踪不详，或云逃归江南","","","","","李福标《皮陆年谱》",,,,"王秀林"
"唐","皮日休","僖宗中和三年癸卯","883",,,"50","",,,,,,,,"0","0",,"行踪不详，或云逃归江南","","","","","李福标《皮陆年谱》",,,,"王秀林"
"唐","皮日休","僖宗中和四年甲辰","884",,,"51","",,,,,,,,"0","0",,"行踪不详，或云逃归江南或云此年巢败后皮日休逃归江南，晚依钱镠，尝与罗隐等在钱镠幕府等共座谈笑，且终老会稽","钱镠，罗隐","","","","李福标《皮陆年谱》第360页",,,,"王秀林"
"唐","皮日休","僖宗光启元年、中和五年乙巳","885",,,"52","",,,,,,,,"0","0",,"行踪不详，或云逃归江南","","","","","李福标《皮陆年谱》",,,,"王秀林"
"唐","皮日休","僖宗光启二年丙午","886",,,"53","",,,,,,,,"0","0",,"行踪不详，或云逃归江南","","","","","李福标《皮陆年谱》",,,,"王秀林"
"唐","皮日休","僖宗光启三年丁未","887",,,"54","",,,,,,,,"0","0",,"行踪不详，或云逃归江南","","","","","李福标《皮陆年谱》",,,,"王秀林"
"唐","皮日休","僖宗文德元年、光启四年戊申","888",,,"55","",,,,,,,,"0","0",,"行踪不详，或云逃归江南","","","","","李福标《皮陆年谱》",,,,"王秀林"
"唐","皮日休","昭宗龙纪元年、僖宗文德二年己酉","889",,,"56","",,,,,,,,"0","0",,"行踪不详，或云逃归江南","","","","","李福标《皮陆年谱》",,,,"王秀林"
"唐","皮日休","昭宗大顺元年、龙纪二年庚戌","890",,,"57","",,,,,,,,"0","0",,"行踪不详，或云逃归江南","","","","","李福标《皮陆年谱》",,,,"王秀林"
"唐","皮日休","昭宗大顺二年辛亥","891",,,"58","",,,,,,,,"0","0",,"行踪不详，或云逃归江南","","","","","李福标《皮陆年谱》",,,,"王秀林"
"唐","皮日休","昭宗景福元年、大顺三年壬子","892",,,"59","",,,,,,,,"0","0",,"行踪不详，或云逃归江南","","","","","李福标《皮陆年谱》",,,,"王秀林"
"唐","皮日休","昭宗景福二年癸丑","893",,,"60","",,,,,,,,"0","0",,"行踪不详，或云逃归江南","","","","","李福标《皮陆年谱》",,,,"王秀林"
"唐","皮日休","昭宗乾宁元年、景福三年甲寅","894",,,"61","",,,,,,,,"0","0",,"行踪不详，或云逃归江南","","","","","李福标《皮陆年谱》",,,,"王秀林"
"唐","皮日休","昭宗乾宁二年乙卯","895",,,"62","",,,,,,,,"0","0",,"行踪不详，或云逃归江南","","","","","李福标《皮陆年谱》",,,,"王秀林"
"唐","皮日休","昭宗乾宁三年丙辰","896",,,"63","",,,,,,,,"0","0",,"行踪不详，或云逃归江南","","","","","李福标《皮陆年谱》",,,,"王秀林"
"唐","皮日休","昭宗乾宁四年丁巳","897",,,"64","",,,,,,,,"0","0",,"行踪不详，或云逃归江南","","","","","李福标《皮陆年谱》",,,,"王秀林"
"唐","皮日休","昭宗光化元年、乾宁五年戊午","898",,,"65","",,,,,,,,"0","0",,"行踪不详，或云逃归江南","","","","","李福标《皮陆年谱》",,,,"王秀林"
"唐","皮日休","昭宗光化二年己未","899",,,"66","",,,,,,,,"0","0",,"行踪不详，或云逃归江南","","","","","李福标《皮陆年谱》",,,,"王秀林"
"唐","皮日休","昭宗光化三年庚申","900",,,"67","",,,,,,,,"0","0",,"行踪不详，或云逃归江南","","","","","李福标《皮陆年谱》",,,,"王秀林"
"唐","皮日休","昭宗天复元年、光化四年辛酉","901",,,"68","",,,,,,,,"0","0",,"行踪不详，或云逃归江南","","","","","李福标《皮陆年谱》",,,,"王秀林"
"唐","皮日休","昭宗天复二年壬戌","902",,,"69","",,,,,,,,"0","0",,"行踪不详，或云逃归江南卒年不详","","","","","李福标《皮陆年谱》第364页",,,,"王秀林"