朝代,作家,皇帝年号及干支,年份,月,日,年岁,活动分期,活动地道、路,州,县,地点名胜,省,市,县,经度,纬度,任职官名,活动内容或创作缘起,交游者姓名,系年作品,系年作品文体,作品内容,材料来源,页码,备注1,备注2,录入者
"唐","刘禹锡","代宗大历七年壬子","772",,,"1","","江南东道","苏州","吴县",,"江苏","苏州市",,"120.589613","31.304566",,"出生","",,"","","卞孝萱《刘禹锡年谱》，中华书局1966年版,第6-7页",,,,"洪迎华"
"唐","刘禹锡","代宗大历八年癸丑","773",,,"2","","江南东道","苏州","吴县",,"江苏","苏州市",,"120.589613","31.304566",,"居乡","",,"","","卞孝萱《刘禹锡年谱》，中华书局1966年版,第7页","此年柳宗元生",,,"洪迎华"
"唐","刘禹锡","代宗大历九年甲寅","774",,,"3","","江南东道","苏州","吴县",,"江苏","苏州市",,"120.589613","31.304566",,"居乡","",,"","","卞孝萱《刘禹锡年谱》，中华书局1966年版,第7页",,,,"洪迎华"
"唐","刘禹锡","代宗大历十年乙卯","775",,,"4","","江南东道","苏州","吴县",,"江苏","苏州市",,"120.589613","31.304566",,"居乡","",,"","","卞孝萱《刘禹锡年谱》，中华书局1966年版,第7页",,,,"洪迎华"
"唐","刘禹锡","代宗大历十一年丙辰","776",,,"5","","江南东道","苏州","吴县",,"江苏","苏州市",,"120.589613","31.304566",,"居乡","",,"","","卞孝萱《刘禹锡年谱》，中华书局1966年版,第7页",,,,"洪迎华"
"唐","刘禹锡","代宗大历十二年丁巳","777",,,"6","","江南东道","苏州","吴县",,"江苏","苏州市",,"120.589613","31.304566",,"居乡","",,"","","卞孝萱《刘禹锡年谱》，中华书局1966年版,第8页",,,,"洪迎华"
"唐","刘禹锡","代宗大历十三年戊午","778",,,"7","","江南东道","苏州","吴县",,"江苏","苏州市",,"120.589613","31.304566",,"居乡","",,"","","卞孝萱《刘禹锡年谱》，中华书局1966年版,第8页",,,,"洪迎华"
"唐","刘禹锡","代宗大历十四年己未","779",,,"8","","江南东道","苏州","吴县",,"江苏","苏州市",,"120.589613","31.304566",,"居乡","",,"","","卞孝萱《刘禹锡年谱》，中华书局1966年版,第8页","此年元稹生",,,"洪迎华"
"唐","刘禹锡","德宗建中元年庚申","780",,,"9","","江南东道","苏州","吴县",,"江苏","苏州市",,"120.589613","31.304566",,"居乡","",,"","","卞孝萱《刘禹锡年谱》，中华书局1966年版,第8页","此年牛僧孺生",,,"洪迎华"
"唐","刘禹锡","德宗建中二年辛酉","781",,,"10","","江南东道","苏州","吴县",,"江苏","苏州市",,"120.589613","31.304566",,"居乡。童时多病","",,"","","卞孝萱《刘禹锡年谱》，中华书局1966年版,第8页","此事无具体年代可考，暂系于此",,,"洪迎华"
"唐","刘禹锡","德宗建中二年辛酉","781",,,"10","","江南东道","苏州","吴县",,"江苏","苏州市",,"120.589613","31.304566",,"幼识裴昌禹","裴昌禹",,"","","卞孝萱《刘禹锡年谱》，中华书局1966年版,第9页","此事无具体年代可考，暂系于此",,,"洪迎华"
"唐","刘禹锡","德宗建中二年辛酉","781",,,"10","","江南东道","苏州","吴县",,"江苏","苏州市",,"120.589613","31.304566",,"从僧皎然、灵澈等学诗","僧皎然，僧灵澈",,"","","卞孝萱《刘禹锡年谱》，中华书局1966年版,第9页","此事无具体年代可考，暂系于此",,,"洪迎华"
"唐","刘禹锡","德宗建中二年辛酉","781",,,"10","","江南东道","苏州","吴县",,"江苏","苏州市",,"120.589613","31.304566",,"见器于权德舆","权德舆",,"","","卞孝萱《刘禹锡年谱》，中华书局1966年版,第9页","此事无具体年代可考，暂系于此",,,"洪迎华"
"唐","刘禹锡","德宗建中三年壬戌","782",,,"11","","江南东道","苏州","吴县",,"江苏","苏州市",,"120.589613","31.304566",,"居乡","",,"","","卞孝萱《刘禹锡年谱》，中华书局1966年版,第9页",,,,"洪迎华"
"唐","刘禹锡","德宗建中四年癸亥","783",,,"12","","江南东道","苏州","吴县",,"江苏","苏州市",,"120.589613","31.304566",,"居乡","",,"","","卞孝萱《刘禹锡年谱》，中华书局1966年版,第9页",,,,"洪迎华"
"唐","刘禹锡","德宗兴元元年甲子","784",,,"13","","江南东道","苏州","吴县",,"江苏","苏州市",,"120.589613","31.304566",,"居乡","",,"","","卞孝萱《刘禹锡年谱》，中华书局1966年版,第10页",,,,"洪迎华"
"唐","刘禹锡","德宗贞元元年乙丑","785",,,"14","","江南东道","苏州","吴县",,"江苏","苏州市",,"120.589613","31.304566",,"居乡","",,"","","卞孝萱《刘禹锡年谱》，中华书局1966年版,第11页",,,,"洪迎华"
"唐","刘禹锡","德宗贞元二年丙寅","786",,,"15","","江南东道","苏州","吴县",,"江苏","苏州市",,"120.589613","31.304566",,"居乡","",,"","","卞孝萱《刘禹锡年谱》，中华书局1966年版,第11页",,,,"洪迎华"
"唐","刘禹锡","德宗贞元三年丁卯","787",,,"16","","江南东道","苏州","吴县",,"江苏","苏州市",,"120.589613","31.304566",,"居乡","",,"","","卞孝萱《刘禹锡年谱》，中华书局1966年版,第11页","此年李德裕生",,,"洪迎华"
"唐","刘禹锡","德宗贞元四年戊辰","788",,,"17","","江南东道","苏州","吴县",,"江苏","苏州市",,"120.589613","31.304566",,"居乡。始习医","",,"","","卞孝萱《刘禹锡年谱》，中华书局1966年版,第11页",,,,"洪迎华"
"唐","刘禹锡","德宗贞元五年己巳","789",,,"18","","江南东道","苏州","吴县",,"江苏","苏州市",,"120.589613","31.304566",,"居乡","",,"","","卞孝萱《刘禹锡年谱》，中华书局1966年版,第12页",,,,"洪迎华"
"唐","刘禹锡","德宗贞元六年庚午","790",,,"19","","京畿道","京兆府","长安",,"陕西","西安市",,"108.946306","34.347436",,"学有成就，北游长安","",,"","","卞孝萱《刘禹锡年谱》，中华书局1966年版,第12页",,,,"洪迎华"
"唐","刘禹锡","德宗贞元七年辛未","791",,,"20","",,,,,,,,"0","0",,"不详","",,"","","卞孝萱《刘禹锡年谱》，中华书局1966年版,第12页","《年谱》此页记刘禹锡20岁前已至长安。",,,"洪迎华"
"唐","刘禹锡","德宗贞元八年壬申","792",,,"21","","京畿道","华州","华阴","华山","陕西","渭南市","华阴市","110.098671","34.57172",,"冬，经华山，作诗","","《华山歌》","Poem","华山歌
洪垆作高山，元气鼓其橐。俄然神功就，峻拔在寥廓。灵迹露指爪，杀气见棱角。凡木不敢生，神仙聿来托。天资帝王宅，以我为关钥。能令下国人，一见换神骨。高山固无限，如此方为岳。丈夫无特达，虽贵犹碌碌。","陶敏、陶红雨《刘禹锡全集编年校注》，岳麓书社2003年版,第1页",,,,"洪迎华"
"唐","刘禹锡","德宗贞元八年壬申","792",,,"21","","京畿道","京兆府","长安",,"陕西","西安市",,"108.946306","34.347436",,"在长安。","",,"","","卞孝萱《刘禹锡年谱》，中华书局1966年版,第12页",,,,"洪迎华"
"唐","刘禹锡","德宗贞元九年癸酉","793",,,"22","","京畿道","京兆府","长安",,"陕西","西安市",,"108.946306","34.347436",,"是年，权礼部侍郎顾少连知贡举，放进士三十二人，其中柳宗元与刘禹锡交最密","顾少连，柳宗元","《平权衡赋》","Article","平权衡赋
惟天垂象。惟圣作程。播二气而是分晷度。立五则而在审权衡。上穆天时。应阴阳之克正。下统人极。俾准绳而惟平。于是黍累无差。毫釐必究。等度量而化通远迩。体平均而势行宇宙。当其夹钟中律。南吕戒候。铜浑应节于寒暑。玉漏方齐乎宵昼。繇是命有司而申令。考前王而是遵。权轻重以审则。中规矩而和钧。事垂文兮风传乎千古。道如砥兮日用于兆人。懿夫正以处中。平而立矩。命其同也。有虞之制克彰。称其谨焉。宣父之言可取。故能用该仁里。象合天文。既左旋而右折。量轻并而重分。持平罔亏。可为范于秉钧之佐。立信惟一。将有助于执契之君。不然。则何以悬之而息彼奸诈。正之而协于晨夜。得平则正。我之道兮允执厥中。益寡裒多。众所用兮不言而化。化之有孚。功莫可踰。立规程罔惭夫龟镜。揣钧石宁失乎锱铢。匪假垂钧。而其用不匮。何劳剖斗。而所争自无。方今百度惟贞。万邦承则。顺时设教兮靡不获所。同律和声兮允臻其极。玉衡正而三阶以平。七政齐而庶政不忒矣。美君臣之同体。犹权衡以合德。宰准绳之在心。庶轻重之不惑。","卞孝萱《刘禹锡年谱》，中华书局1966年版,第12-16页","卞孝萱校订《刘禹锡集》诗文补遗卷第615页，中华书局1990年版",,,"洪迎华"
"唐","刘禹锡","德宗贞元九年癸酉","793",,,"22","","京畿道","京兆府","长安",,"陕西","西安市",,"108.946306","34.347436",,"与李绛同登宏辞科","李绛",,"","","卞孝萱《刘禹锡年谱》，中华书局1966年版,第14页",,,,"洪迎华"
"唐","刘禹锡","德宗贞元九年癸酉","793",,,"22","","京畿道","华州",,,"陕西","渭南市","华县","109.778378","34.518619",,"至华州，省堂舅卢徵","卢徵",,"","","卞孝萱《刘禹锡年谱》，中华书局1966年版,第15页",,,,"洪迎华"
"唐","刘禹锡","德宗贞元九年癸酉","793",,,"22","","京畿道","华州",,,"陕西","渭南市","华县","109.778378","34.518619",,"在华州，作诗留别张贾","张贾","《发华州留别张侍御贾》","Poem","发华州留别张侍御
束简下延阁，买符驱短辕。同人惜分袂，结念醉芳樽。切切别弦急，萧萧征骑烦。临岐无限意，相视却忘言。","陶敏、陶红雨《刘禹锡全集编年校注》，岳麓书社2003年版,第7页","卞孝萱校订《刘禹锡集》卷28第369页，中华书局1990年版；此页记此诗所作时间为贞元九年或十年，姑系于贞元九年",,,"洪迎华"
"唐","刘禹锡","德宗贞元九年癸酉","793",,,"22","","都畿道","河南府","寿安","甘棠馆","河南","洛阳市","宜阳县","112.185639","34.521112",,"经寿安，于甘棠馆题诗","","《题寿安甘棠馆二首》","Poem","题寿安甘棠馆二首 其一
公馆似仙家，池清竹径斜。山禽忽惊起，冲落半岩花。
题寿安甘棠馆二首 其二
门前洛阳道，门里桃花路。尘土与烟霞，其间十馀步。","陶敏、陶红雨《刘禹锡全集编年校注》，岳麓书社2003年版,第11页","卞孝萱校订《刘禹锡集》卷25第333页，中华书局1990年版",,,"洪迎华"
"唐","刘禹锡","德宗贞元九年癸酉","793",,,"22","","都畿道","河南府","洛阳",,"河南","洛阳市",,"112.460033","34.624376",,"归洛阳省母","卢氏（刘禹锡母）",,"","","卞孝萱《刘禹锡年谱》，中华书局1966年版,第15页",,,,"洪迎华"
"唐","刘禹锡","德宗贞元九年癸酉","793",,,"22","","河南道","徐州","彭城","埇桥","江苏","徐州市",,"117.29235","34.210143",,"去埇桥省父","柳镇",,"","","卞孝萱《刘禹锡年谱》，中华书局1966年版,第15页",,,,"洪迎华"
"唐","刘禹锡","德宗贞元十年甲戌","794",,,"23","","京畿道","京兆府","长安",,"陕西","西安市",,"108.946306","34.347436",,"复至长安，以文会友","权德舆","《献权舍人书》","Article","献权舍人书
禹锡在儿童时。已蒙见器。终荷荐宠。始见知名。众之指目。忝阁下门客。惧无以报称。故厚自淬琢。靡遗分阴。乃今道未施于人。所蓄者志。见志之具。匪文谓何。是用颛颛恳恳于其间。思有所寓。非笃好其章句。沈溺于浮华。时态众尚。病未能也。故拙于用誉。直绳朗鉴。乐所趋也。故锐于求益。今谨录近所论撰凡十数篇。蕲端较是非。敢关于左右。犹夫矿朴。纳于容范。尝闻昔宋广平之沈下僚也。苏公味道时为绣衣直指使者。广平投以梅花赋。苏盛称之。自是方列于闻人之目。是知英贤卓荦。可外文字。然犹用片言借说于先达之口。席其势而后骧首当时。矧碌碌者。畴能自异。今阁下之名之位。过于苏公之曩日。而鄙生所赋。或钜于梅花。则沈泥干霄。悬在指顾间。其词汰而喻僣。诚黩礼也。繄游藩之久。觊尚旧而霁严。禹锡惶悚再拜。","卞孝萱《刘禹锡年谱》，中华书局1966年版,第16-17页","卞孝萱校订《刘禹锡集》卷10第121页，中华书局1990年版",,,"洪迎华"
"唐","刘禹锡","德宗贞元十年甲戌","794",,,"23","","京畿道","京兆府","长安",,"陕西","西安市",,"108.946306","34.347436",,"春，在长安，作诗赠友","崔懿伯","《戏赠崔千牛》","Poem","戏赠崔千牛
学道深山许老人，留名万代不关身。劝君多买长安酒，南陌东城占取春。","陶敏、陶红雨《刘禹锡全集编年校注》，岳麓书社2003年版,第9页","卞孝萱校订《刘禹锡集》卷24第306页，中华书局1990年版",,,"洪迎华"
"唐","刘禹锡","德宗贞元十年甲戌","794",,,"23","","京畿道","京兆府","长安",,"陕西","西安市",,"108.946306","34.347436",,"春，自洛赴长安后，作诗答友赠别","张贾","《答张侍御贾喜再登科后自洛赴上都赠别》","Poem","荅张侍御贾喜再登科后自洛赴上都赠别
又被时人写姓名，春风引路入京城。知君忆得前身事，分付莺花与后生。","陶敏、陶红雨《刘禹锡全集编年校注》，岳麓书社2003年版,第3页","卞孝萱校订《刘禹锡集》卷35第510页，中华书局1990年版",,,"洪迎华"
"唐","刘禹锡","德宗贞元十年甲戌","794",,,"23","","京畿道","京兆府","长安",,"陕西","西安市",,"108.946306","34.347436",,"在长安，作诗赠友","","《别友人后得书因以诗赠》","Poem","别友人后得书因以诗赠
前时送君去，挥手青门桥。路转不相见，犹闻马萧萧。今得出关书，行程日已遥。春还迟君至，共结芳兰苕。","陶敏、陶红雨《刘禹锡全集编年校注》，岳麓书社2003年版,第9页","卞孝萱校订《刘禹锡集》卷28第371页，中华书局1990年版",,,"洪迎华"
"唐","刘禹锡","德宗贞元十年甲戌","794",,,"23","","京畿道","京兆府",,"马嵬","陕西","咸阳市","兴平市","108.496795","34.305593",,"秋，途经马嵬，有诗","","《马嵬行》","Poem","马嵬行
绿野扶风道，黄尘马嵬驿。路边杨贵人，坟高三四尺。乃问里中儿，皆言幸蜀时。军家诛戚族，天子舍妖姬。群吏伏门屏，贵人牵帝衣。低回转美目，风日为无晖。贵人饮金屑，倏忽舜英暮。平生服杏丹，颜色真如故。属车尘已远，里巷来窥觑。共爱宿妆妍，君王画眉处。履綦无复有，履组光未灭。不见岩畔人，空见凌波袜。邮童爱踪迹，私手解鞶结。传看千万眼，缕绝香不歇。指环照骨明，首饰敌连城。将入咸阳市，犹得贾胡惊。","陶敏、陶红雨《刘禹锡全集编年校注》，岳麓书社2003年版,第4页","卞孝萱校订《刘禹锡集》卷26第338页，中华书局1990年版；此页记此诗为自长安西行所作，时间为贞元九年或十年，姑系于贞元十年",,,"洪迎华"
"唐","刘禹锡","德宗贞元十年甲戌","794",,,"23","","京畿道","岐州","雍县","三良冢","陕西","宝鸡市","凤翔区","107.407139","34.527456",,"秋，游岐州，有赋咏三良冢","","《三良冢赋有序》","Article","三良冢赋
昨宿岐城。晓涉渭东。霜凌雪结。飞沙乱蓬。中野踌躇。届此古墟。野人曰即车氏之冢。方驱驾班如。久而咤曰。吾尝读旧史矣。古者秦氏。大于穆公。出师则宁东夏。用贤则霸西戎。大邦服其礼。小邦畏其雄。谋已集。战亦武。不能勤王不为盟主者何居。以灭天之良。丧人之特。百夫仰系。一朝而踣。可哀也哉。宛其三子。遭时迍邅。主已即世。身皆靡全。指冥茫而为期。抚昭世而坐捐。方惴惴以临穴。且哀哀而号天。□从有言于寒原。莽荡千里。回眺无垠。上刺衰德。下伤幽魂。挂骖垄树。脱剑山门。掇野芳以为荐。汲行潦而充樽。矧今情之犹悲。谅古恨之潜吞。死而不作。吾谁与言。代事浩溔。人寿尔夭。言念君子。中心悄悄。哀生人之长恸。赴永夕之莫晓。归去来兮不可留。且悲吟于黄鸟。","陶敏、陶红雨《刘禹锡全集编年校注》，岳麓书社2003年版,第814页","卞孝萱校订《刘禹锡集》诗文补遗卷第616页，中华书局1990年版；此页记此诗为自长安西行所作，时间为贞元九年或十年，姑系于贞元十年",,,"洪迎华"
"唐","刘禹锡","德宗贞元十一年乙亥","795",,,"24","","京畿道","京兆府","长安",,"陕西","西安市",,"108.946306","34.347436","太子校书","登吏部取士科，授太子校书","",,"","","卞孝萱《刘禹锡年谱》，中华书局1966年版,第17页","本年，韩泰登进士第，中吏部取士科",,,"洪迎华"
"唐","刘禹锡","德宗贞元十一年乙亥","795",,,"24","","京畿道","京兆府","长安",,"陕西","西安市",,"108.946306","34.347436",,"偶到奚吏部宅，坐客有刑部崔从质，与其话《治蜘蛛啮人方》","崔从质",,"","","卞孝萱《刘禹锡年谱》，中华书局1966年版,第17页",,,,"洪迎华"
"唐","刘禹锡","德宗贞元十二年丙子","796",,,"25","","京畿道","京兆府","长安",,"陕西","西安市",,"108.946306","34.347436","太子校书","父卒于扬州","",,"","","卞孝萱《刘禹锡年谱》，中华书局1966年版,第18页",,,,"洪迎华"
"唐","刘禹锡","德宗贞元十二年丙子","796",,,"25","","京畿道","京兆府","长安",,"陕西","西安市",,"108.946306","34.347436","太子校书","请告东归，作诗寄僚友","","《请告东归发霸桥却寄诸僚友》","Poem","请告东归发灞桥却寄诸僚友
征徒出灞涘，回首伤如何。故人云雨散，满目山川多。行车无停轨，流景同迅波。前欢渐成昔，感叹益劳歌。","陶敏、陶红雨《刘禹锡全集编年校注》，岳麓书社2003年版,第11页","卞孝萱校订《刘禹锡集》卷25第326页，中华书局1990年版",,,"洪迎华"
"唐","刘禹锡","德宗贞元十二年丙子","796",,,"25","","淮南道","扬州",,,"江苏","扬州市",,"119.419107","32.39986","太子校书","至扬州","",,"","","卞孝萱《刘禹锡年谱》，中华书局1966年版,第18页",,,,
"唐","刘禹锡","德宗贞元十二年丁丑","796",,,"25","","都畿道","郑州","荥阳",,"河南","郑州市","荥阳市","113.389911","34.793837","太子校书","葬父于荥阳之檀山原。","",,"","","卞孝萱《刘禹锡年谱》，中华书局1966年版,第19页",,,,"洪迎华"
"唐","刘禹锡","德宗贞元十三年丁丑","797",,,"26","","都畿道","河南府","洛阳",,"河南","洛阳市",,"112.460033","34.624376",,"丁父忧","",,"","","卞孝萱《刘禹锡年谱》，中华书局1966年版,第19页",,,,"洪迎华"
"唐","刘禹锡","德宗贞元十四年戊寅","798",,,"27","","都畿道","河南府","洛阳",,"河南","洛阳市",,"112.460033","34.624376",,"丁父忧","",,"","","卞孝萱《刘禹锡年谱》，中华书局1966年版,第19页",,,,"洪迎华"
"唐","刘禹锡","德宗贞元十五年己卯","799",,,"28","","都畿道","河南府","洛阳",,"河南","洛阳市",,"112.460033","34.624376",,"丁父忧","",,"","","卞孝萱《刘禹锡年谱》，中华书局1966年版,第19页",,,,"洪迎华"
"唐","刘禹锡","德宗贞元十五年己卯","799",,,"28","","都畿道","河南府","洛阳",,"河南","洛阳市",,"112.460033","34.624376",,"丁父忧家居时，作诗谢柳宗元寄叠石砚","柳宗元","《谢柳子厚寄叠石砚》","Poem","谢柳子厚寄叠石砚
常时同砚席，寄砚感离群。清越敲寒玉，参差叠碧云。烟岚馀斐亹，水墨两氛氲。好与陶贞白，松窗写紫文。","陶敏、陶红雨《刘禹锡全集编年校注》，岳麓书社2003年版，第12页","卞孝萱校订《刘禹锡集》卷38第574页，中华书局1990年版",,,"洪迎华"
"唐","刘禹锡","德宗贞元十六年庚辰","800",,,"29","","河南道","徐州",,,"江苏","徐州市",,"117.29235","34.210143",,"入徐泗濠节度使杜佑幕","杜佑",,"","","卞孝萱《刘禹锡年谱》，中华书局1966年版，第19页",,,,"洪迎华"
"唐","刘禹锡","德宗贞元十六年庚辰","800","6",,"29","","河南道","徐州",,,"江苏","徐州市",,"117.29235","34.210143","徐泗濠节度使掌书记","夏，为徐泗濠节度使掌书记。代节度使作表","杜佑","《为杜相公让同平章事表》","Article","为杜相公让同平章事表
臣某言。高品吴千金至。奉制加臣银青光禄大夫同中书门下平章事。兼徐泗濠等州节度观察处置等使。馀如故者。初受恩荣。若登霄汉。退思尘忝。如履春冰。臣诚惶诚恐顿首顿首。臣闻以德诏官。以劳定赏。苟或虚授。人无劝心。臣自守方隅。累更时岁。荷唐虞宣力之寄。乏齐鲁报政之能。愧无可称。以答高位。岂意圣慈宏奖。天泽荐加。以燮赞之崇名。被庸虚之陋质。惧速官谤。有玷大猷。伏以宰相之职。安危是注。其在当否。系于惨舒。惟以材升。例无平进。举不失德。则副苍生之心。苟非其人。或致外夷之哂。臣虽愚昧。尝览前言。岂敢冒荣。遂安窃位。辄思事理。冀尽刍荛。若以汴河要津。漕运所切。徐方俶扰。师旅未宁。谨当上禀睿谋。下贞戎律。克期而进。屈指可平。励众之先。是臣之志。既行其事。必在正名。所加节制。安敢饰让。至于银青贵服。金铉重名。勋绩无闻。岂宜滥及。伏乞赐寝前命。俯亮愚衷。微臣遂知止之宜。圣朝无不称之服。名器斯慎。退让有闻。遐迩聆风。孰不知劝。其新授官告。谨重封进。无任恳祷屏营之至。","卞孝萱《刘禹锡年谱》，中华书局1966年版，第19-21页","卞孝萱校订《刘禹锡集》卷11第134页，中华书局1990年版",,,"洪迎华"
"唐","刘禹锡","德宗贞元十六年庚辰","800",,,"29","","河南道","徐州",,,"江苏","徐州市",,"117.29235","34.210143","徐泗濠节度使掌书记","在徐泗濠节度使掌书记任，代杜司徒作表","杜佑","《代杜司徒谢平章事表》","Article","代杜司徒谢平章事表
臣某言。臣伏蒙奖拔。超践钧衡。虑玷大猷。昧死陈让。再奉严旨。不令固辞。恩厚命轻。位高责重。中谢。臣闻天下安危。注意将相。处论道具瞻之地。当总戎作镇之权。虽叶梦而求。无闻秉钺之寄。登坛以拜。不兼调鼎之荣。授受维艰。伊昔犹尔。况臣庸琐。何以克堪。陛下元造曲成。大明私照。俾掌戎律。复参庙谟。宠光之命。在臣已极。毫发之效。于国何施。谨当罄竭微诚。奉遵至教。仗天威以慑不顺。敷圣泽以遂群生。上分旰食之忧。下塞素餐之责。力诚不足。心实念兹。伏乞皇明。俯赐昭鉴。臣恪居官次。遐守藩维。不获伏谢彤庭。陈露丹慊。心存阙下。同犬马之恋恩。身在淮濆。仰云天而结思。无任恳悃屏营之至。","卞孝萱《刘禹锡年谱》，中华书局1966年版，第21页","卞孝萱校订《刘禹锡集》卷11第135页，中华书局1990年版",,,"洪迎华"
"唐","刘禹锡","德宗贞元十六年庚辰","800",,,"29","","河南道","徐州",,,"江苏","徐州市",,"117.29235","34.210143","徐泗濠节度使掌书记","在徐泗濠节度使掌书记任，经历戎马生活数月","",,"","","卞孝萱《刘禹锡年谱》，中华书局1966年版，第20页",,,,"洪迎华"
"唐","刘禹锡","德宗贞元十六年庚辰","800",,,"29","","淮南道","扬州",,,"江苏","扬州市",,"119.419107","32.39986","淮南节度使掌书记","秋，改为淮南节度使掌书记","杜佑",,"","","卞孝萱《刘禹锡年谱》，中华书局1966年版，第20页",,,,"洪迎华"
"唐","刘禹锡","德宗贞元十六年庚辰","800",,,"29","","淮南道","扬州",,,"江苏","扬州市",,"119.419107","32.39986","淮南节度使掌书记","在淮南节度使掌书记任，作表","杜佑","《为淮南杜相公谢兵马使朱郑等官表》","Article","为淮南杜相公谢兵马使朱郑等官表
臣某言。奏事官韦温回。特蒙圣恩。重赐朱郑等官告。宸象昭回。焕然下烛。荣分右职。光贲遐藩。臣某中谢。臣伏以朱郑朴忠为心。沈毅见色。当建封御侮之寄。见张愔提孩之年。昨者隶职徐州。分镇蕲县。驿骚之际。梗亮弥彰。险而前。实繁其旅。详探本末。有足褒称。辄具奏闻。恐须奖劝。伏蒙睿鉴。俯亮微诚。优诏先行。已阶直指之列。殊私荐至。超升独坐之崇。户领三千。爵踰五等。恩生非次。感异常伦。辕门有光。武旅增气。遂使感激之士。希勇爵以捐躯。猖狂之徒。聆圣泽而悛性。风行草偃。其势必然。臣忝总戎。倍百欣荷。","卞孝萱《刘禹锡年谱》，中华书局1966年版，第21页","卞孝萱校订《刘禹锡集》卷11第138页，中华书局1990年版",,,"洪迎华"
"唐","刘禹锡","德宗贞元十六年庚辰","800",,,"29","","淮南道","扬州",,,"江苏","扬州市",,"119.419107","32.39986","淮南节度使掌书记","在淮南节度使掌书记任，作表","杜佑","《为淮南杜相公谢贷钱物表》","Article","为淮南杜相公谢贷钱物表
臣某言。中使南宫怀珍至。奉宣圣旨存问。兼赐臣墨诏。天光下济。睿泽曲流。衔恩未酬。居宠弥惧。臣某中谢。臣受任斯极。微功莫施。昨以封略未宁。干戈犹动。寿春固垒以备盗。淮甸兴师以捍奸。经费所资。数盈钜万。馈饷时久。供亿力殚。虑始图终。不敢缄默。辄陈管见。上黩宸聪。伏蒙圣慈。特遂诚请。远承如綍之旨。特假聚人之财。军须不愆。士气弥振。糗粮既备。永无半菽之虞。襦裤足颁。远起挟纩之感。是为悦使。咸愿先登。臣忝总戎。倍百欣荷。伏以上分国用。俯济军兴。候清烟尘。谨备偿纳。","卞孝萱《刘禹锡年谱》，中华书局1966年版，第21页","卞孝萱校订《刘禹锡集》卷11第137页，中华书局1990年版",,,"洪迎华"
"唐","刘禹锡","德宗贞元十六年庚辰","800",,,"29","","淮南道","扬州",,,"江苏","扬州市",,"119.419107","32.39986","淮南节度使掌书记","在淮南节度使掌书记任，作表","杜佑","《为淮南杜相公谢赐手诏表》","Article","为淮南杜相公谢赐手诏表
臣某言。中使阎忠信至。奉宣圣旨存问。兼赐臣手诏。拜捧紫泥。跪伸金简。承旨见圣神之略。感恩知身命之轻。臣某中谢。臣素乏异能。幸逢昌运。猥当旄钺之寄。未靖妖氛。荣分台鼎之名。何阶启沃。窃位斯久。速尤是虞。岂谓元化曲成。鸿私荐及。特纡睿思。亲洒仙毫。降自九天。粲然五色。初喜丽天之象。远烛辉光。旋惊垂露之踪。曲覃霈泽。鸾鹤回翔而变态。烟云舒卷以呈姿。赋彩飞文。耸神荡目。恭惟国宝。何幸家藏。感极涕零。莫知上答。应缘军旅庶务。谨具别状奏闻。无任欣戴屏营之至。","卞孝萱《刘禹锡年谱》，中华书局1966年版，第21页","卞孝萱校订《刘禹锡集》卷11第136页，中华书局1990年版",,,"洪迎华"
"唐","刘禹锡","德宗贞元十六年庚辰","800",,,"29","","淮南道","扬州",,,"江苏","扬州市",,"119.419107","32.39986","淮南节度使掌书记","在淮南节度使掌书记任，作表","杜佑","《为淮南杜相公请赴行营表》","Article","为淮南杜相公请赴行营表
臣佑言。臣自守淮濆。已周星纪。虔奉朝典。粗安遐方。素效未闻。新恩荐及。身曳两绶。寄深一隅。蚊蚋负山。力诚不足。鹰鹯逐鸟。志则有馀。臣再授兵符。夙参军幕。被坚执锐。虽未经于戎行。受制代谋。亦尝习于事业。自忝藩翰。属时清平。无施汗马之劳。但咏櫜弓之什。今则幸遇殊奖。委之专征。以身率先。是臣素志。况闻徐州士众。本无叛心。仓卒之间。危疑至此。臣请自临疆场。亲领纪纲。裂帛系书。谕其祸福。椎牛飨士。养以威声。冀宣皇风。煦兹蠢类。以忠义感胁从之伍。以含宏安反侧之徒。革面悛心。期乎不日。其扬州留务。请令行军司马路应权知。伏乞圣慈。俯赐昭鉴。","卞孝萱《刘禹锡年谱》，中华书局1966年版，第21页","卞孝萱校订《刘禹锡集》卷11第138页，中华书局1990年版",,,"洪迎华"
"唐","刘禹锡","德宗贞元十六年庚辰","800","9",,"29","","淮南道","扬州",,,"江苏","扬州市",,"119.419107","32.39986","淮南节度使掌书记","在淮南节度使掌书记任，作表","杜佑","《为杜相公贺除虔王表》","Article","为杜相公贺除虔王表
臣某言。中使李国真至。奉宣圣旨存问。兼赐臣墨诏。鸿泽浃下。大明烛幽。晓谕便藩。慰安稠謺。中谢。臣伏睹天书。恭承睿旨。宏爱人屈己之道。酌因时适变之宜。择贤王作镇徐方。俾张愔便主留务。上则成邦家磐石之固。下则副士众拜章之请。戚藩之寄斯重。旧勋之祀获全。丕变猖狂之徒。咸跻仁寿之域。既宏在宥。坐见止戈。率土人臣。孰不欣说。臣素乏方略。谬荷宠光。猥尘将相之名。无施分寸之绩。遭逢若此。报效蔑闻。官谤已兴。渥刑宜及。陛下恩深覆载。道务含宏。恤公私馈饷之勤。念吏士锋镝之苦。特纡神算。昭发德音。危疑获安。制置惟固。好生宥过。诚陛下开网之仁。尸位无功。重微臣素餐之责。周章跼蹐。胡颜自安。但以遐守藩条。恪居官次。不获仰谢云陛。陈露血诚。未遂周任知止之言。敢逃臧文窃位之咎。无任战越之至。","卞孝萱《刘禹锡年谱》，中华书局1966年版，第22页","卞孝萱校订《刘禹锡集》卷11第140页，中华书局1990年版",,,"洪迎华"
"唐","刘禹锡","德宗贞元十六年庚辰","800","10",,"29","","淮南道","扬州",,,"江苏","扬州市",,"119.419107","32.39986","淮南节度使掌书记","在淮南节度使掌书记任，作表","杜佑","《为杜相公贺复吴少诚官爵表》","Article","为杜相公贺复吴少诚官爵表
臣某言。中使宋惟澄至。奉宣圣旨存问。兼赐臣墨诏及昭示洗雪吴少诚等事。天地宏覆焘之恩。雷雨施涣汗之泽。瑕累咸涤。危疑获安。中谢。臣伏以少诚擅兴兵戈。事生诖误。自王师致讨。天威下临。曾无悖辞。亟闻引咎。初怀疑惧。虽拥众以偷生。旋感圣神。屡拜章而请命。陛下仁深解网。虑轸纳隍。念馈饷飞挽之勤。闵战争暴露之苦。举兹宥过之典。副彼效顺之诚。一方承再造之恩。九有睹惟新之化。敷鸿霈而覃及蠢类。鼓仁风而臻于太和。罢柝销锋。自兹而始。臣谬膺重寄。虔守遐藩。不获称庆瑶墀。陈露丹恳。仰瞻宸极。倍百常情。无任庆抃屏营之至。","卞孝萱《刘禹锡年谱》，中华书局1966年版，第22页","卞孝萱校订《刘禹锡集》卷11第139页，中华书局1990年版",,,"洪迎华"
"唐","刘禹锡","德宗贞元十六年庚辰","800","11",,"29","","淮南道","扬州",,,"江苏","扬州市",,"119.419107","32.39986","淮南节度使掌书记","在淮南节度使掌书记任，作表","杜佑","《为淮南杜相公谢诏许濠泗两州割属淮南表》","Article","为淮南杜相公谢诏许濠泗两州割属淮南表
臣某言。伏奉十一月二十九日诏书。其濠泗两州。令臣依前收管。臣谬承宠光。作镇淮海。位均九伯。权总十连。内省无堪。常恐不逮。岂谓恩私曲被。封略有加。惭无报政之勤。重受分忧之寄。伏以兵戎方息。闾里未安。谨当奉宣皇风。慰彼黔首。且责成于牧宰。期不失于澄清。伏惟圣明。俯赐昭鉴。臣无任感戴屏营之至。","卞孝萱《刘禹锡年谱》，中华书局1966年版，第22页","卞孝萱校订《刘禹锡集》卷12第144页，中华书局1990年版",,,"洪迎华"
"唐","刘禹锡","德宗贞元十六年庚辰","800",,,"29","","淮南道","扬州",,,"江苏","扬州市",,"119.419107","32.39986","淮南节度使掌书记","在淮南节度使掌书记任。冬，作表","杜佑","《为淮南杜相公谢赐历日面脂口脂表》","Article","为淮南杜相公谢赐历日面脂口脂表
臣某言。中使霍子璘至。奉宣圣旨。存问臣及将佐官吏僧道耆寿百姓等。兼赐臣墨诏及贞元十七年新历一轴。腊日面脂口脂红雪紫雪并金花银合二金棱合二。皇明远烛。殊锡荐臻。抃舞失容。捧戴无措。臣某中谢。伏惟皇帝陛下立极御天。顺时布政。礼崇大蜡。泽浃遐藩。臣叨荣日深。窃位时久。谬回宸眷。猥降王人。天书下临。睹三光之照耀。玉历爰授。知四气之环周。雕奁既开。珍药斯见。膏凝雪莹。含液腾芳。顿光蒲柳之容。永去疠疵之患。命轻恩重。上答何阶。无任感抃屏营之至。","卞孝萱《刘禹锡年谱》，中华书局1966年版，第22页","卞孝萱校订《刘禹锡集》卷12第144页，中华书局1990年版",,,"洪迎华"
"唐","刘禹锡","德宗贞元十七年辛巳","801",,,"30","","淮南道","扬州",,,"江苏","扬州市",,"119.419107","32.39986","淮南节度使掌书记","在杜佑幕府一年余。识窦常，刘伯刍","窦常，刘伯刍",,"","","卞孝萱《刘禹锡年谱》，中华书局1966年版，第23页",,,,"洪迎华"
"唐","刘禹锡","德宗贞元十七年辛巳","801",,,"30","","淮南道","扬州",,,"江苏","扬州市",,"119.419107","32.39986","淮南节度使掌书记","又识李益，张登，段平仲等","李益，张登，段平仲",,"","","卞孝萱《刘禹锡年谱》，中华书局1966年版，第23页",,,,"洪迎华"
"唐","刘禹锡","德宗贞元十七年辛巳","801",,,"30","","淮南道","扬州",,,"江苏","扬州市",,"119.419107","32.39986","淮南节度使掌书记","与旧识裴堪相逢于淮南","裴堪",,"","","卞孝萱《刘禹锡年谱》，中华书局1966年版，第23页",,,,"洪迎华"
"唐","刘禹锡","德宗贞元十七年辛巳","801",,,"30","","淮南道","扬州",,,"江苏","扬州市",,"119.419107","32.39986","淮南节度使掌书记","在淮南节度使掌书记任，作诗","","《柳絮》","Poem","柳絮
飘飏南陌起东邻，漠漠濛濛暗度春。花巷暖随轻舞蝶，玉楼晴拂艳妆人。萦回谢女题诗笔，点缀陶公漉酒巾。何处好风偏似雪，隋河堤上古江津。","陶敏、陶红雨《刘禹锡全集编年校注》，岳麓书社2003年版，第17页","卞孝萱校订《刘禹锡集》卷38第558页，中华书局1990年版；此诗应作于贞元十七年春，姑系于此。",,,"洪迎华"
"唐","刘禹锡","德宗贞元十七年辛巳","801",,,"30","","淮南道","扬州",,,"江苏","扬州市",,"119.419107","32.39986","淮南节度使掌书记","在淮南节度使掌书记任，作表","杜佑","《为杜相公慰王太尉薨表》","Article","为杜相公慰王太尉薨表
臣某言。伏承成德军节度使太尉兼中书令王武俊今月某日薨没。伏以武俊生逢昌时。天授忠节。奋扬义勇。茂建勋庸。秩冠朝端。参燮和于台铉。姻连戚里。承嘉庆于云霄。荣掩华夷。事高今昔。方膺作翰之寄。遽迫归泉之期。鼎臣云亡。梁木斯坏。伏惟陛下君臣义重。存没感深。临册禭以兴怀。听鼓鼙而轸念。臣恪居官守。奉慰无阶。悲恸之诚。有加常品。谨遣某官某乙奉表陈慰以闻。","卞孝萱《刘禹锡年谱》，中华书局1966年版，第24页","卞孝萱校订《刘禹锡集》卷11第141页，中华书局1990年版;1966年版24页记王太尉卒于贞元十七年6月，此作品时间姑系于此。",,,"洪迎华"
"唐","刘禹锡","德宗贞元十七年辛巳","801","9",,"30","","淮南道","扬州",,,"江苏","扬州市",,"119.419107","32.39986","淮南节度使掌书记","在淮南节度使掌书记任，作表","杜佑","《为淮南杜相公论西戎表》","Article","为淮南杜相公论西戎表
臣佑言。臣一辞阙庭。已经二载。官当重任。身受厚恩。既怀子牟恋阙之心。又负臧文窃位之责。思所以歌颂圣德。俾补箴规。尘露至微。不任恳迫。臣远祖诗。显名汉代。出牧南阳。谠言善策。随事献纳。忠醇之至。闻于中外。遗风可袭。有激愚衷。臣是以辄竭闻见。粗陈梗概。虽不尽陛下圣明万分之一。然臣子之心。有直必献。伏惟皇帝陛下德合天地。道跻文武。弛张普博。上法阴阳。气均生成。人沾亭育。凡是氛沴。覆以春和。销除容纳。皆如圣意。宽宥肆赦。实赖皇明。河中诛锄。不劳兵革。淮右底定。不戮一人。庆浃万邦。事出千古。近又西戎背约。寇犯王师。陛下宏贷豺狼。矜其凶悍。布以恩泽。果此知惭。功因德成。不以兵革。故诗云猃狁孔炽。书称蛮夷猾夏。臣观自古帝王。不忍小忿贻大患。故竭耗中国。尽心边陲。至必灭昆明之城。平大宛之种。岂足发辉皇猷。增荣简册。故贤哲之论。薄卫霍之功。陛下镜历代无益之端。修大君文德之教。遂得北狄深藏。五城晏闭。百蛮向化。四海无虞。惟此小蕃。尚迷圣教。陛下示之大信。宏以旧恩。虽关防暂惊。而烽燧旋罢。臣负恩方镇。初惧寇戎。正于忧迫之时。果闻仁圣之谕。攘却凶孽。不劳干戈。臣静思远图。为国久计。莫若存信施惠。多愧其心。岁通玉帛。待以客礼。昭宣圣德。择奉谊之臣。恢拓皇威。选谨边之将。积粟塞下。坐甲关中。以逸待劳。以高御下。重以金玉之赠。结以舅甥之欢。小来则慰安。大至则严备。明其斥候。不挠不侵。则戎狄为可封之人。沙场无战死之骨。若天下无事。人安岁稔。然后训兵。命将破虏。摧衡原州。营田灵武。尽复旧地。通使安西。国家长算。悉在于此。计熟事定。举必有功。苟未可图。岂宜容易。此皆陛下朝夕倦谈之事。前后立验之谋。臣质性顽疏。筹画庸近。受恩非据。敢忘献忠。犬马之心。实所罄尽。谨遣某官奉表。","卞孝萱《刘禹锡年谱》，中华书局1966年版，第24页","卞孝萱校订《刘禹锡集》卷39第580页，中华书局1990年版",,,"洪迎华"
"唐","刘禹锡","德宗贞元十七年辛巳","801",,,"30","","淮南道","扬州",,,"江苏","扬州市",,"119.419107","32.39986","淮南节度使掌书记","在淮南节度使掌书记任，作表","杜佑","《代杜司徒乞朝觐表》","Article","代杜司徒乞朝觐表
臣某言。臣闻事君之道。有犯无隐。恳诚所至。敢不罄陈。伏惟圣明。俯赐矜察。臣某中谢。臣代受国恩。忝承门荫。脱巾筮仕。敢期荣名。陈力效官。靡树声绩。始因孤直。骤历清班。复荷朝奖。作藩外府。远违辇下。十有四年。恪守淮濆。于今一纪。犬马恋主。寝兴匪遑。蒲柳易衰。迟暮俄及。窃位时久。妨贤愧深。况历任以来。四十八考。祗奉朝谒。时谗二周。服勤郡府。荏苒垂老。屏营魏阙之思。梦想承明之迹。如迫馁寒。不忘衣食。伏惟睿鉴。俯亮愚衷。早赐择人。与臣为替。交受之际。冀无可虞。然后脂车。奔赴京辇。微愿斯毕。虽死犹生。臣顷以戎务方殷。猥加宰辅。今既事罢。实惭此名。为有藩镇同时。未敢轻上印绶。伏以圣朝赫奕。左右惟贤。汉愧得人。周惭多士。臣才略既短。齿发且衰。柄用之地。甘心自绝。所冀退归旧里。沐浴皇风。绝钟鸣漏尽之讥。展维桑与梓之敬。匪惟名器不假。实贵骸骨获全。知止之心。神祇可鉴。无任悃款怔营之至。","卞孝萱《刘禹锡年谱》，中华书局1966年版，第25页","卞孝萱校订《刘禹锡集》卷12第146页，中华书局1990年版",,,"洪迎华"
"唐","刘禹锡","德宗贞元十七年辛巳","801",,,"30","","淮南道","扬州",,,"江苏","扬州市",,"119.419107","32.39986","淮南节度使掌书记","在淮南节度使掌书记任，与友会饮，作诗","李益，张登，段平仲，李畼，张复元","《扬州春夜李端公益张侍御登段侍御平路（一作仲）密县李少府畼秘书张正字复元同会于水馆对酒联句追刻烛击铜钵故事迟辄举觥以饮之逮夜艾群公沾醉纷然就枕余偶独醒因题诗于段君枕上以志其事》（一作《扬州春夜同会水馆夜艾独醒》）","Poem","扬州春夜李端公益张侍御登段侍御平路密县李少府畼秘书张正字复元同会于水馆对酒联句追刻烛击铜钵故事迟辄举觥以饮之逮夜艾群公沾醉纷然就枕余偶独醒因题诗于段君枕上以志其事
寂寂独看金烬落，纷纷只见玉山颓。自羞不是高阳侣，一夜星星骑马回。","卞孝萱《刘禹锡年谱》，中华书局1966年版，第25页","卞孝萱校订《刘禹锡集》卷24第305页，中华书局1990年版",,,"洪迎华"
"唐","刘禹锡","德宗贞元十七年辛巳","801",,,"30","","淮南道","扬州",,,"江苏","扬州市",,"119.419107","32.39986","淮南节度使掌书记","在淮南节度使掌书记任，作表","杜佑","《为杜司徒慰义阳公主薨表》","Article","为杜司徒慰义阳公主薨表
臣某言。伏承义阳公主薨。伏惟圣怀。伤悼增切。伏以公主妍姿令则。冠绝天人。禀教皇宫。已挺柔嘉之德。降嫔卿族。益彰贞粹之仪。方期作范壸闱。长荣邸第。岂意遘兹短。奄谢昌辰。虑陛下轸念未捐。深慈莫遣。有亏常膳。罢设宫悬。臣子之情。不任惕恋。况圣凡礼异。家国制殊。伏愿道齐彭殇。理达修短。割肌肤之爱。慰寰海之心。率土人臣。孰不相慰。无任恳款屏营之至。","卞孝萱《刘禹锡年谱》，中华书局1966年版，第25页","卞孝萱校订《刘禹锡集》卷11第141页，中华书局1990年版",,,"洪迎华"
"唐","刘禹锡","德宗贞元十七年辛巳","801",,,"30","","淮南道","扬州",,,"江苏","扬州市",,"119.419107","32.39986","淮南节度使掌书记","在淮南节度使掌书记任，作表","杜佑","《代杜司徒谢男授官表》","Article","代杜司徒谢男授官表
臣某言。伏奉今月一日制。授臣长男师损秘书省著作郎。次男式方太常寺主簿。又得进奏官裴遘状报。伏承圣恩。特降中使送官告到臣宅分付师损者。宠渥非常。授任不次。惊跃无措。腼惧失容。臣某中谢。臣谬分重寄。获守外藩。受恩既深。无绩可纪。男师损等器惟凡品。教阙义方。早沐睿慈。已阶官次。每怀尘忝。常诫满盈。岂谓鸿霈曲覃。大明私照。宽臣尸素之责。念臣葵藿之诚。下延允息。叨践班级。天书出禁。中贵临门。荣冠等夷。庆流宗族。况著作乃撰论之地。惟史才是居。太常实礼乐之司。非儒者勿履。顾兹庸谬。忽此超升。内省惭惶。若坠冰谷。伏以圣朝立制。建官惟贤。名实无乖。轮辕尽适。微臣父子。独为幸人。非据踰涯。自中徂外。虚受邱山之赐。实增负乘之忧。进退彷徨。不知所据。无任战汗屏营之至。","卞孝萱《刘禹锡年谱》，中华书局1966年版，第26页","卞孝萱校订《刘禹锡集》卷12第149页，中华书局1990年版",,,"洪迎华"
"唐","刘禹锡","德宗贞元十七年辛巳","801",,,"30","","淮南道","扬州",,,"江苏","扬州市",,"119.419107","32.39986","淮南节度使掌书记","在淮南节度使掌书记任，作表","杜佑","《为淮南杜相公谢赐春衣表》","Article","为淮南杜相公谢赐春衣表
臣某言。中使陈日华至。奉宣圣旨。慰劳臣及将佐官吏僧道耆老百姓等。并赐臣墨诏及春衣两副。大将衣四副。王人捧诏。御府降衣。宠光不隔于遐藩。庆赐猥沾于裨将。臣某中谢。臣素乏器能。谬膺驱使。每惭效薄。常惧食浮。陛下覃以至仁。均其厚施。宰元和而布泽。顺时律以颁衣。出自禁中。贲于臣下。执领禬而抃舞失次。被纤柔而顾盻增辉。举体动容。既安且吉。在身不称。恐招鹈翼之讥。居任无功。叨受鹤纹之赐。下延将校。同荷生成。","卞孝萱《刘禹锡年谱》，中华书局1966年版，第26页","卞孝萱校订《刘禹锡集》卷12第147页，中华书局1990年版",,,"洪迎华"
"唐","刘禹锡","德宗贞元十七年辛巳","801",,,"30","","淮南道","扬州",,,"江苏","扬州市",,"119.419107","32.39986","淮南节度使掌书记","在淮南节度使掌书记任，作表","杜佑","《为淮南杜相公谢赐冬衣表》","Article","为淮南杜相公谢赐冬衣表
臣某言。中使王国清至。伏奉圣旨。慰劳臣及将佐官吏僧道耆寿百姓等。并赐臣墨诏及冬衣两副。大将衣四副者。太明昭回。远烛下土。殊锡稠謺。延及偏裨。庆忭失图。捧戴相贺。臣某中谢。臣谬承委寄。获守藩条。灰琯屡移。尘露无补。陛下至仁天覆。元化风薰。颁以兼衣。贲兹琐质。降自天府。光于辕门。缄縢既开。睹䌽章之盛饰。蹈舞而服。发温燠于祁寒。愧尘补衮之名。更荷解衣之赐。恩波下浃。将校同沾。共戴殊荣。咸思竭节。生成是荷。雨露难酬。臣无任恳悃惭荷之至。","卞孝萱《刘禹锡年谱》，中华书局1966年版，第26页","卞孝萱校订《刘禹锡集》卷12第143页，中华书局1990年版",,,"洪迎华"
"唐","刘禹锡","德宗贞元十七年辛巳","801",,,"30","","淮南道","扬州",,,"江苏","扬州市",,"119.419107","32.39986","淮南节度使掌书记","在淮南节度使掌书记任，作表","杜佑","《谢赐广利方表》","Article","谢赐广利方表
臣某言。中使某至。奉某月日敕书手诏。赐臣元集要广利方五卷者。将吏森列。黎元寂听。丝言溥及。感荷德音。缃帙颁开。皆睹圣作。臣某中谢。伏惟皇帝陛下元风御宇。教以五常。赤子爱人。念其六疾。遂长驱和扁。高视农轩。删彼繁芜。摭其简验。莫非十全之妙。不劳三代之医。况虑轸服乘。疗覃牛马。圆首方足。毕荷亭育之恩。含齿带觡。尽归仁寿之域。臣奉明诏。并工缮录。俾封疆之内。日月俱悬。虽聋瞽而必知。在幽偏而亦达。臣所守有限。不获走奔阙下。蹈舞彤庭。无任踊跃屏营之至。","卞孝萱《刘禹锡年谱》，中华书局1966年版，第26页","卞孝萱校订《刘禹锡集》诗文补遗卷第627页，中华书局1990年版",,,"洪迎华"
"唐","刘禹锡","德宗贞元十七年辛巳","801",,,"30","","淮南道","扬州",,,"江苏","扬州市",,"119.419107","32.39986","淮南节度使掌书记","在淮南节度使掌书记任，作表","杜佑","《谢端午赐衣及器物等第一表》","Article","谢端午赐衣及器物等第一表
臣某言。中使刘光弼至。奉宣圣旨。慰劳臣及将佐官吏僧道耆老百姓等。兼赐臣墨诏并衣一副。金花银器三事。丝索一轴。大将衣四副。䌽丝五轴。宠光荐至。庆赐曲沾。忭舞失容。捧戴无力。臣某中谢。伏以朱明仲月。端午佳辰。万国被薰风之和。九天垂湛露之泽。臣幸逢休运。获守外藩。叨承睿慈。猥沾荣赉。发诏而焕窥宸翰。振衣而顿失炎威。色丝表祥。载光于佩服。珍器充玩。尽饰于圆方。恩辉既盈。喜惧交集。下延裨将。共荷鸿私。无任感戴之至。","卞孝萱《刘禹锡年谱》，中华书局1966年版，第26页","卞孝萱校订《刘禹锡集》卷12第150页，中华书局1990年版",,,"洪迎华"
"唐","刘禹锡","德宗贞元十七年辛巳","801",,,"30","","淮南道","扬州",,,"江苏","扬州市",,"119.419107","32.39986","淮南节度使掌书记","在淮南节度使掌书记任，作表","杜佑","《谢端午赐衣及器物等第二表》","Article","谢端午赐衣及器物等第二表
臣某言。德音曲被。喜溢群情。厚赐遐颁。荣沾陋质。臣某中谢。伏以蕤宾在律。端午御辰。庆列丹墀。守藩莫及。恩随䌽缕。捧轴难胜。况衣极珍纤。凉生温暑。器皆照烂。光发户庭。窃惭彼己之诗。敢忘满盈之诫。惟当莅戎有勇。训俗知方。永怀铭缕之诚。冀申赴蹈之节。臣与大将无任感戴踊跃之至。","卞孝萱《刘禹锡年谱》，中华书局1966年版，第26页","卞孝萱校订《刘禹锡集》诗文补遗卷第624页，中华书局1990年版",,,"洪迎华"
"唐","刘禹锡","德宗贞元十七年辛巳","801",,,"30","","淮南道","扬州",,,"江苏","扬州市",,"119.419107","32.39986","淮南节度使掌书记","在淮南节度使掌书记任，作表","杜佑","《为淮南杜相公谢赐钟馗历日表》","Article","为淮南杜相公谢赐钟馗历日表
臣某言。高品某乙至。奉宣圣旨。赐臣画钟馗一新历日一轴。星纪方回。虽逢岁暮。恩辉忽降。已觉春来。臣某中谢。伏以图写威神。驱除群厉。颁行律历。敬授四时。施张有严。既增门户之贵。动用叶吉。常为掌握之珍。瞻仰披寻。皆知圣泽。无任欣戴之至。","卞孝萱《刘禹锡年谱》，中华书局1966年版，第27页","卞孝萱校订《刘禹锡集》卷13第159页，中华书局1990年版",,,"洪迎华"
"唐","刘禹锡","德宗贞元十七年辛巳","801",,,"30","","淮南道","扬州",,,"江苏","扬州市",,"119.419107","32.39986","淮南节度使掌书记","在淮南节度使掌书记任，作表","杜佑","《为杜相公谢赐门戟表》","Article","为杜相公谢赐门戟表
臣某言。臣得进奏官裴遘状报。今月九日军器使梁延寿奉宣进止。付所司准省牒赐臣门戟十二竿者。恩降云天。荣加门户。承旨庆抃。省躬惭惶。伏以礼著等威。朝有命数。是昭懋赏。必在畴庸。臣谬荷宠光。素无绩效。旌旄之寄。巳忝外藩。棨戟爰列。更光私第。贲于枨闑。庆及子孙。睹兹盛仪。实愧虚受。无任欣戴屏营之至。","卞孝萱《刘禹锡年谱》，中华书局1966年版，第27页","卞孝萱校订《刘禹锡集》卷12第148页，中华书局1990年版",,,"洪迎华"
"唐","刘禹锡","德宗贞元十七年辛巳","801",,,"30","","淮南道","扬州",,,"江苏","扬州市",,"119.419107","32.39986","淮南节度使掌书记","在淮南节度使掌书记任，作表","杜佑","《为淮南杜相公谢赐墨诏第一表》","Article","为淮南杜相公谢赐墨诏第一表
臣某言。中使陈日华至。奉宣圣旨存问。兼赐臣墨诏。又以臣所奏罗珦及裴靖政理有方。今各赐手诏激赏者。恩降重霄。泽流下土。义敦奖劝。荣冠等夷。臣某中谢。臣昨以罗珦裴靖励精吏理。效用著明。人感悦安。俗致殷阜。恐须甄录。以劝在官。辄献封章。具陈成绩。伏蒙睿览。俯亮愚衷。嘉理行之尤光。示丝纶之深旨。守道者益以固志。怀慝者由是悛心。激俗化人。于兹为大。臣谬司廉察。职在澄清。幸遇旌善之时。获免蔽贤之责。无任欣戴之至。","卞孝萱《刘禹锡年谱》，中华书局1966年版，第27页","卞孝萱校订《刘禹锡集》卷12第145页，中华书局1990年版",,,"洪迎华"
"唐","刘禹锡","德宗贞元十七年辛巳","801",,,"30","","淮南道","扬州",,,"江苏","扬州市",,"119.419107","32.39986","淮南节度使掌书记","在淮南节度使掌书记任，作表","杜佑","《为淮南杜相公谢赐墨诏第二表》","Article","为淮南杜相公谢赐墨诏第二表
臣某言。中使陈日华至。奉宣圣旨。慰劳臣及将佐官吏僧道耆寿百姓等。兼赐臣墨诏。恩降紫泥。泽流下土。跪奉自天之命。遥倾捧日之心。臣某中谢。伏以皇帝陛下凝旒穆清。轸念黎献。巳洽雍熙之化。尚存宵旰之勤。远降王人。特纡宸翰。慰问稠謺。晓谕便蕃。任重力微。不知上答。应缘戎旅庶务。谨具别状奏闻。伏乞皇明。俯赐昭鉴。无任感戴屏营之至。","卞孝萱《刘禹锡年谱》，中华书局1966年版，第27页","卞孝萱校订《刘禹锡集》卷12第151页，中华书局1990年版",,,"洪迎华"
"唐","刘禹锡","德宗贞元十七年辛巳","801",,,"30","","淮南道","扬州",,,"江苏","扬州市",,"119.419107","32.39986","淮南节度使掌书记","在淮南节度使掌书记任，作表","杜佑","《为淮南杜相公论废楚州营田表》","Article","为淮南杜相公论废楚州营田表
臣某言。中使曹进玉至。奉宣圣旨存问。兼赐臣墨诏。以楚州营田废置事。令臣商量奏来者。跪捧天书。恭承睿旨。道存致用。义在随时。云云。伏以本置营田。是求足食。今则徒有縻费。鲜逢顺成。刈穫所收。无裨于国用。种粮每阙。常假于供司。较其利害。宜废已久。比来循守旧制。不敢轻有上陈。皇明鉴微。特革斯弊。取其田蓄。授彼黎蒸。仍俾薄租。诚为至当。但以田数虽广。地力各殊。须量沃瘠。用立程度。臣已追里正。与商量利便。谨具别状奏闻。伏惟圣虑。俯赐详择。无任震越屏营之至。","卞孝萱《刘禹锡年谱》，中华书局1966年版，第27页","卞孝萱校订《刘禹锡集》卷12第146页，中华书局1990年版",,,"洪迎华"
"唐","刘禹锡","德宗贞元十七年辛巳","801",,,"30","","淮南道","扬州",,,"江苏","扬州市",,"119.419107","32.39986","淮南节度使掌书记","在淮南节度使掌书记任，作状","杜佑","《代淮南杜司徒奏新罗请广利方状》","Article","代淮南杜司徒奏新罗请广利方状
淮南节度观察处置等使敕赐贞元广利方五卷。右。臣得新罗贺正使忭如言状称。请前件方状一部。将归本国者。伏以纂集神效。出自圣衷。药必易求。疾无隐状。搜方技之秘要。拯生灵之夭瘥。坐此华胥。咸跻仁寿。遂令绝域。逖听风声。美兹丰功。爰有诚请。以其久称藩附。素混车书。航海献琛。既已通于华礼。释疴蠲疠。岂独隔于外区。正当四海。为家。冀睹十全之效。臣即欲写付。未敢自专。谨录奏闻。","卞孝萱《刘禹锡年谱》，中华书局1966年版，第27页","卞孝萱校订《刘禹锡集》卷17第199页，中华书局1990年版",,,"洪迎华"
"唐","刘禹锡","德宗贞元十七年辛巳","801",,,"30","","淮南道","扬州",,,"江苏","扬州市",,"119.419107","32.39986","淮南节度使掌书记","在淮南节度使掌书记任，闲游作诗","","《晚步扬子游南塘望沙尾》","Poem","晚步扬子游南塘望沙尾
淮海多夏雨，晓来天始晴。萧条长风至，千里孤云生。卑湿久喧浊，搴开偶虚清。客游广陵郡，晚出临江城。郊外绿杨阴，江中沙屿明。归帆翳尽日，去棹闻遗声。乡国殊渺漫，羁心目悬旌。悠然京华意，怅望怀远程。薄暮大山上，翩翩双鸟征。","卞孝萱《刘禹锡年谱》，中华书局1966年版，第28页","卞孝萱校订《刘禹锡集》诗文补遗卷第630页，中华书局1990年版",,,"洪迎华"
"唐","刘禹锡","德宗贞元十七年辛巳","801",,,"30","","淮南道","扬州",,,"江苏","扬州市",,"119.419107","32.39986","淮南节度使掌书记","在淮南节度使掌书记任，作诗","","《谢寺双桧》","Poem","谢寺双桧
双桧苍然古貌奇，含烟吐雾郁参差。晚依禅客当金殿，初对将军映画旗。龙象界中成宝盖，鸳鸯瓦上出高枝。长明灯是前朝焰，曾照青青年少时。","卞孝萱《刘禹锡年谱》，中华书局1966年版，第28页","卞孝萱校订《刘禹锡集》卷24第311页，中华书局1990年版",,,"洪迎华"
"唐","刘禹锡","德宗贞元十七年辛巳","801",,,"30","","淮南道","楚州","淮阴",,"江苏","淮安市",,"119.022429","33.616272",,"本年或其前，自创新题乐府，作诗","","《淮阴行五首并引》","Poem","淮阴行五首 其一
簇簇淮阴市，竹楼缘岸上。好日起樯竿，乌飞惊五两。
淮阴行五首 其二
今日转船头，金乌指西北。烟波与春草，千里同一色。
淮阴行五首 其三
船头大铜镮，摩挲光阵阵。早早使风来，沙头一眼认。
淮阴行五首 其四
何物令侬羡，羡郎船尾燕。衔泥趁樯竿，宿食长相见。
淮阴行五首 其五
隔浦望行船，头昂尾幰幰。无奈晚来时，清淮春浪软。","陶敏、陶红雨《刘禹锡全集编年校注》，岳麓书社2003年版，第17页","卞孝萱校订《刘禹锡集》卷26第340页，中华书局1990年版;《刘禹锡编年校注》18页记此诗贞元十八年或其前作。认为此诗于贞元十七年作，姑系于此。",,,"洪迎华"
"唐","刘禹锡","德宗贞元十七年辛巳","801",,,"30","","都畿道","河南府","洛阳",,"河南","洛阳市",,"112.460033","34.624376",,"自扬州奉老母归洛，在洛阳作诗送友杨处厚","杨处厚","《洛中送杨处厚入关便游蜀谒韦令公》","Poem","洛中送杨处厚入关便游蜀
洛阳秋日正凄凄，君去西秦更向西。旧学三冬今转富，曾伤六翮养初齐。王城晓入窥丹凤，蜀路晴来见碧鸡。早识卧龙应有分，不妨从此蹑丹梯。","陶敏、陶红雨《刘禹锡全集编年校注》，岳麓书社2003年版，第20页","卞孝萱校订《刘禹锡集》卷28第368页，中华书局1990年版；《年谱》28页记刘离开淮南不晚于贞元十七年末，故结合地理行迹判断，刘在贞元十七年离开淮南，经洛阳时，送杨处厚。贞元十八年初到任京兆府渭南主簿。",,,"洪迎华"
"唐","刘禹锡","德宗贞元十八年壬午","802",,,"31","","京畿道","京兆府","渭南",,"陕西","渭南市",,"109.516739","34.505687","渭南县主簿","年初，调补京兆府渭南县主簿","",,"","","卞孝萱《刘禹锡年谱》，中华书局1966年版，第28页",,,,"洪迎华"
"唐","刘禹锡","德宗贞元十八年壬午","802",,,"31","","京畿道","京兆府","渭南",,"陕西","渭南市",,"109.516739","34.505687","渭南县主簿","与柳宗元、韩泰听施士丐讲《诗经》","柳宗元，施士丐",,"","","卞孝萱《刘禹锡年谱》，中华书局1966年版，第28页",,,,"洪迎华"
"唐","刘禹锡","德宗贞元十八年壬午","802",,,"31","","京畿道","京兆府","渭南",,"陕西","渭南市",,"109.516739","34.505687","渭南县主簿","正月元日，大雨雪，代京兆尹作表以贺","韦夏卿","《为京兆韦尹贺元日祥雪表》","Article","为京兆韦尹贺元日祥雪表
臣某言。伏以去冬以来。久无雨雪。臣每于殿内亲奉德音。以宿麦未滋为虞。以兆人生疾为念。圣情所属。神理潜通。献岁发春。佳雪肇降。当夷夏会同之日。观天人合应之徵。迎喜气于三元。浃欢心于万国。疠疵永息。丰年可期。臣以疾疢未平。步趋有阻。伏蒙恩贷。已具奏闻。谨于光宅寺中管当本务。不获随例称庆明庭。既睹嘉祥。益彰圣德。无任欣跃屏营之至。","卞孝萱《刘禹锡年谱》，中华书局1966年版，第29页","卞孝萱校订《刘禹锡集》卷13第157页，中华书局1990年版",,,"洪迎华"
"唐","刘禹锡","德宗贞元十八年壬午","802",,,"31","","京畿道","京兆府","渭南",,"陕西","渭南市",,"109.516739","34.505687","渭南县主簿","春雪，代京兆尹作表以贺","韦夏卿","《为京兆韦尹贺春雪表》","Article","为京兆韦尹贺春雪表
臣某言。伏奉诏旨。充某郡主礼命使。谢恩之日。亲承德音。以春初已来。雨雪犹少。虑妨农事。有轸睿慈。今当下嫁之辰。克致上元之感。云生河汉。及佳期而降祥。雪满寰区。应丰年而呈瑞。臣官当抚字。职在肃雍。庆抃之诚。实倍常品。","卞孝萱《刘禹锡年谱》，中华书局1966年版，第29页","卞孝萱校订《刘禹锡集》卷13第157页，中华书局1990年版",,,"洪迎华"
"唐","刘禹锡","德宗贞元十八年壬午","802",,,"31","","京畿道","京兆府","渭南",,"陕西","渭南市",,"109.516739","34.505687","渭南县主簿","在渭南县主簿任，作表","韦夏卿","《为京兆韦尹贺雨止表》","Article","为京兆韦尹贺雨止表
臣某言。今月某日。中使吴文政奉宣圣旨。缘今年雨多。恐伤苗稼。诸有灵迹处。并宜祈祷者。臣谨检寻祀典。方议遍祠。惟德动天。倏已澄霁。伏以至教惠农。兆人务本。今岁宿麦。茂于常年。爰自季春。遂逢多雨。盖阴阳常数。有以推迁。而陇亩之间。未闻伤败。陛下劳谦思切。覆育恩深。或虑成灾。先期轸念。昭荐未陈于方社。睿诚已格于上元。文明焕开。阴曀潜扫。有年之庆。实兆于兹辰。先天不违。夐超于前代。臣谬司京邑。虔抚蒸黎。欣抃之诚。倍百群品。无任踊跃屏营之至。","卞孝萱《刘禹锡年谱》，中华书局1966年版，第29页","卞孝萱校订《刘禹锡集》卷13第155页，中华书局1990年版",,,"洪迎华"
"唐","刘禹锡","德宗贞元十八年壬午","802",,,"31","","京畿道","京兆府","渭南",,"陕西","渭南市",,"109.516739","34.505687","渭南县主簿","在渭南县主簿任，作表","韦夏卿","《为京兆韦尹贺祈晴获应表》","Article","为京兆韦尹贺祈晴获应表
臣某言。今月十七日。中使某奉宣圣旨。以霖雨未晴。诸有灵迹处。并令祈祷者。臣当时于兴圣寺竹林神亲自祈祝。兼差官城外分路遍祠。伏以神祇效灵。景物澄霁。兆庶睹动天之德。大田俟多稼之期。臣谬荷恩辉。忝司京邑。抃说之至。实倍常情。","卞孝萱《刘禹锡年谱》，中华书局1966年版，第29页","卞孝萱校订《刘禹锡集》卷13第156页，中华书局1990年版",,,"洪迎华"
"唐","刘禹锡","德宗贞元十八年壬午","802",,,"31","","京畿道","京兆府","渭南",,"陕西","渭南市",,"109.516739","34.505687","渭南县主簿","在渭南县主簿任，作状","韦夏卿","《为京兆韦尹降诞日进衣状》","Article","为京兆韦尹降诞日进衣状
衣一副四事。黄折造衫一领。白吴绫汗衫一领。白花罗半臂一领。白花罗裤一腰。右。伏以正阳令月。诞圣嘉辰。运协千年。庆流万国。凡在臣子。合有献陈。敢倾就日之心。愿奉如山之寿。轻渎宸扆。无任兢惶。","卞孝萱《刘禹锡年谱》，中华书局1966年版，第30页","卞孝萱校订《刘禹锡集》卷17第200页，中华书局1990年版",,,"洪迎华"
"唐","刘禹锡","德宗贞元十八年壬午","802",,,"31","","京畿道","京兆府","渭南",,"陕西","渭南市",,"109.516739","34.505687","渭南县主簿","在渭南县主簿任，作表","韦夏卿","《为韦尹谢许折籴表》","Article","为韦尹谢许折籴表
臣某言。伏奉诏旨。以臣所请畿内折籴。宜令度支计会定数奏来者。天慈广被。人瘼是求。臣自理京邑。不先威刑。唯务便安。所期富庶。每因赐对。常奉德音。府县之间。巨细令奏。伏以圣明在上。风雨应时。顺成之年。谷籴常贱。若无轻重之法。必利兼并之家。辄敢上闻。请行折籴。天光下烛。人隐无遗。宣付所司。允臣所奏。事关理本。惠及生灵。臣忝尹京。倍百欣荷。无任欢跃屏营之至。","卞孝萱《刘禹锡年谱》，中华书局1966年版，第30页","卞孝萱校订《刘禹锡集》卷13第156页，中华书局1990年版",,,"洪迎华"
"唐","刘禹锡","德宗贞元十八年壬午","802",,,"31","","京畿道","京兆府","渭南",,"陕西","渭南市",,"109.516739","34.505687","渭南县主簿","在渭南县主簿任，作状","韦夏卿","《为京兆韦尹进野猪状》","Article","为京兆韦尹进野猪状
右。伏以收穫之馀。田猎有获。异于刍豢。著在方书。既堪充庖。辄敢上献。前件野猪谨随状进。谨奏。","卞孝萱《刘禹锡年谱》，中华书局1966年版，第30页","卞孝萱校订《刘禹锡集》卷17第201页，中华书局1990年版",,,"洪迎华"
"唐","刘禹锡","德宗贞元十九年癸未","803",,,"32","","京畿道","京兆府","渭南",,"陕西","渭南市",,"109.516739","34.505687","渭南县主簿","在京兆府渭南主簿任","",,"","","卞孝萱《刘禹锡年谱》，中华书局1966年版，第30页",,,,"洪迎华"
"唐","刘禹锡","德宗贞元十九年癸未","803","2",,"32","","京畿道","京兆府","长安",,"陕西","西安市",,"108.946306","34.347436","渭南县主簿","二月，杜佑回朝廷，代作谢状","杜佑","《为杜相公自淮南追入长安至长乐驿谢赐酒食状》","Article","为杜相公自淮南追入长安至长乐驿谢赐酒食状
具官臣某。右。臣今日至长乐驿。高品某奉宣圣旨。赐臣酒食者。伏以恩降王人。荣分御膳。未展仪于双阙。先受赐于八珍。品越脤膰。味兼醪醴。顿惊凡口。倍益欢心。无任欣跃。","卞孝萱《刘禹锡年谱》，中华书局1966年版，第35页","卞孝萱校订《刘禹锡集》卷17第201页，中华书局1990年版",,,"洪迎华"
"唐","刘禹锡","德宗贞元十九年癸未","803","2",,"32","","京畿道","京兆府","长安",,"陕西","西安市",,"108.946306","34.347436","渭南县主簿","二月，杜佑回朝廷，代作谢状","杜佑","《代杜相公谢就宅赐食状》","Article","代杜相公谢就宅赐食状
具官臣某。右。高品某乙奉宣圣旨。赐臣食者。出自大官。饫于私第。光荣曲被。猥承推食之恩。驽蹇未施。益重素餐之责。举其匕箸。若负邱山。无任战荷踊跃之至。","卞孝萱《刘禹锡年谱》，中华书局1966年版，第35页","卞孝萱校订《刘禹锡集》卷17第201页，中华书局1990年版",,,"洪迎华"
"唐","刘禹锡","德宗贞元十九年癸未","803","4","19","32","","京畿道","京兆府","长安",,"陕西","西安市",,"108.946306","34.347436","渭南县主簿","四月十九日，代京兆尹李实作状","李实","《为京兆李尹降诞日进衣状》","Article","为京兆李尹降诞日进衣状
衣一副四事云云。右。伏以水德方清。真龙下降。天长地久。瞻北极以常尊。献寿称觞。配南山而永固。臣地叨宗属。职忝尹京。庆贺之诚。倍万常品。前件衣服谨诣银台门奉进。轻渎旒扆。伏用兢惶。","卞孝萱《刘禹锡年谱》，中华书局1966年版，第35页","卞孝萱校订《刘禹锡集》卷17第200页，中华书局1990年版",,,"洪迎华"
"唐","刘禹锡","德宗贞元十九年癸未","803","4",,"32","","京畿道","京兆府","长安",,"陕西","西安市",,"108.946306","34.347436","渭南县主簿","四月，代京兆尹李实作表","李实","《代京兆李尹贺迁献懿二祖表》","Article","代京兆李尹贺迁献懿二祖表
臣某言。伏见诏书。以今月某日。奉迁献祖懿祖神主。祔于德明兴圣皇帝庙。盛礼云毕。宗祧永安。诚感诚悦顿首顿首。伏以太祖景皇帝膺期抚运。启封于唐。为百代不迁之宗。开三灵眷命之兆。顷以本朝初建。清庙备仪。二祖冠西室之先。景皇阙东向之位。诸儒献议。历载未行。陛下浚发睿谟。旁延正论。爰诏多士。会于中台。酌三礼之前文。参百王之故事。讲贯斯定。询谋佥同。备物展仪。考祥视履。配贵神于远祖。正尊位于始封。庙貌有严。禘尝允穆。示人以孝。得礼之中。既观秩秩之容。必降穰穰之福。臣职居内史。属忝本枝。躬导盛仪。获申诚敬。无任感悦屏营之至。","卞孝萱《刘禹锡年谱》，中华书局1966年版，第35页","卞孝萱校订《刘禹锡集》卷13第154页，中华书局1990年版",,,"洪迎华"
"唐","刘禹锡","德宗贞元十九年癸未","803","7",,"32","","京畿道","京兆府","长安",,"陕西","西安市",,"108.946306","34.347436","渭南县主簿","七月或八月，代京兆尹李实作表","李实","《为京兆李尹贺雨表》","Article","为京兆李尹贺雨表
臣某言。伏奉圣旨。以时雨愆候。有妨耕农。应诸有灵迹处。并令祈请者。德音才发。膏雨骤飞。滂霈已周。动植咸说。伏以久愆时泽。上轸圣慈。爰命祷祈。俾申诚敬。神应如响。天且不违。未兴云汉之诗。已致桑林之雨。臣谬司京邑。虔抚黎蒸。睹丰年之可期。同比屋而称庆。无任欣抃之至。","卞孝萱《刘禹锡年谱》，中华书局1966年版，第36页","卞孝萱校订《刘禹锡集》卷13第158页，中华书局1990年版",,,"洪迎华"
"唐","刘禹锡","德宗贞元十九年癸未","803","8","15","32","","京畿道","京兆府","长安",,"陕西","西安市",,"108.946306","34.347436","渭南县主簿","八月十五日月夜，作诗奉和中书舍人崔邠","崔邠","《奉和中书崔舍人八月十五日夜玩月二十韵》","Poem","奉和中书崔舍人八月十五日夜玩月二十韵
暮景中秋爽，阴灵既望圆。浮精离碧海，分照接虞渊。迥见孤轮出，高从倚盖旋。二仪含皎澈，万象共澄鲜。整御当西陆，舒光丽上玄。从星变风雨，顺日助陶甄。远近同时望，晶荧此夜偏。运行调玉烛，洁白应金天。曲沼疑瑶镜，通衢若象筵。逢人尽冰雪，遇景即神仙。引素吞银汉，凝清洗绿烟。皋禽警露下，邻杵思风前。水是还珠浦，山成种玉田。剑沈三尺影，灯罢九枝然。象外形无迹，寰中影有迁。稍当云阙正，未映斗城悬。静对挥宸翰，闲临襞彩笺。境同牛渚上，宿在凤池边。兴掩寻安道，词胜命仲宣。从今纸贵后，不复咏陈篇。","陶敏、陶红雨《刘禹锡全集编年校注》，岳麓书社2003年版，第21页","卞孝萱校订《刘禹锡集》卷22第274页，中华书局1990年版",,,"洪迎华"
"唐","刘禹锡","德宗贞元十九年癸未","803",,,"32","","京畿道","京兆府","长安",,"陕西","西安市",,"108.946306","34.347436","渭南县主簿","三月至十月间，代京兆尹李实作书","李实","《为京兆李尹答于襄州第一书》","Article","为京兆李尹答于襄州第一书
閤下以大墓世在三原。而去河南益远。尚系于数百年之外。于义不安。遂奋然移群从。率先行古。占数为京兆人。且命使者修敬于鄙薄。缺然不敢当此之重。洪惟閤下世雄朔易。四姓之冠。其宗勋有八柱之贵。其硕德有三老之重。因都入雒。锡之土田。自生齿已上。列于侯籍。与夫其先尝为编户民者大殊。谨桉永徽格。贯在两都者。无害为本部官。盖神州赤县。尊有所厌。非它土之比。实待罪辇毂下。閤下宣风江汉。为诸侯师。介圭入觐。必参大政。其展礼措事。宜为群伦所观。非据之荣。赧然汗下。不宣。实再拜。","陶敏、陶红雨《刘禹锡全集编年校注》，岳麓书社2003年版，第870页","卞孝萱校订《刘禹锡集》卷10第122页，中华书局1990年版",,,"洪迎华"
"唐","刘禹锡","德宗贞元十九年癸未","803",,,"32","","京畿道","京兆府","长安",,"陕西","西安市",,"108.946306","34.347436","渭南县主簿","三月至十月间，代京兆尹李实作书","李实","《为京兆李尹答于襄州第二书》","Article","为京兆李尹答于襄州第二书
实白。前辱閤下书。厚自枉屈。执州人之礼。兼示移群从书。明所以去河南从京兆为望之旨。于古仪为得。然而通行之自久。或献疑焉。是以前书不敢不逡巡牢让。亦有以发閤下之雄辨。使㬭然为世程者。今月某日函使至。果贻理言。大明时人之所以失。而我独障颓波而逢其原。既一辞不获命。又学浅不堪往复。敢不敬从。前史称以大将军而有揖客。岂不为重。循汲直之言。则有以略其礼而增高者。今鄙人之不让。适有以增閤下之重耳。实白。","卞孝萱《刘禹锡年谱》，中华书局1966年版，第36页","卞孝萱校订《刘禹锡集》卷10第123页，中华书局1990年版",,,"洪迎华"
"唐","刘禹锡","德宗贞元十九年癸未","803","10",,"32","","京畿道","京兆府","长安",,"陕西","西安市",,"108.946306","34.347436","渭南县主簿","十月，代东都留守韦夏卿作状","韦夏卿","《为东都韦留守谢赐食状》","Article","为东都韦留守谢赐食状
具官臣某。右。臣今日发至长乐驿。中使某奉宣圣旨。赐臣食者。伏以味兼海陆。品溢圆方。降自御厨。光临传舍。臣初辞魏阙。倍怀犬马之诚。猥受珍羞。更切稻粱之感。无任欣跃。","卞孝萱《刘禹锡年谱》，中华书局1966年版，第36页","卞孝萱校订《刘禹锡集》卷17第202页，中华书局1990年版",,,"洪迎华"
"唐","刘禹锡","德宗贞元十九年癸未","803","闰10",,"32","","京畿道","京兆府","长安",,"陕西","西安市",,"108.946306","34.347436","监察御史","闰十月，入为监察御史","",,"","","卞孝萱《刘禹锡年谱》，中华书局1966年版，第30页",,,,"洪迎华"
"唐","刘禹锡","德宗贞元十九年癸未","803","闰10",,"32","","京畿道","京兆府","长安",,"陕西","西安市",,"108.946306","34.347436","监察御史","闰十月，授监察御史，上状举崔群自代","崔群","《举崔监察群自代状》","Article","举崔监察群自代状
御史台宣歙池等州都团练判官监察御史里行崔群。右。臣蒙恩授监察御史。伏准建中元年正月五日制。常参官上后三日举一人自代者。伏以前件官在诸生中。号为国器。絷维外府。人咸惜之。臣既深知。敢举自代。","卞孝萱《刘禹锡年谱》，中华书局1966年版，第36页","卞孝萱校订《刘禹锡集》卷17第203页，中华书局1990年版",,,"洪迎华"
"唐","刘禹锡","德宗贞元十九年癸未","803",,,"32","","京畿道","京兆府","长安",,"陕西","西安市",,"108.946306","34.347436","监察御史","在监察御史任，卜居於长安光福坊","",,"","","卞孝萱《刘禹锡年谱》，中华书局1966年版，第31页",,,,"洪迎华"
"唐","刘禹锡","德宗贞元十九年癸未","803",,,"32","","京畿道","京兆府","长安",,"陕西","西安市",,"108.946306","34.347436","监察御史","在监察御史任，识韦执谊","韦执谊",,"","","卞孝萱《刘禹锡年谱》，中华书局1966年版，第31页",,,,"洪迎华"
"唐","刘禹锡","德宗贞元十九年癸未","803",,,"32","","京畿道","京兆府","长安",,"陕西","西安市",,"108.946306","34.347436","监察御史","在监察御史任，识王叔文。颇为叔文所器重","王叔文",,"","","卞孝萱《刘禹锡年谱》，中华书局1966年版，第31页",,,,"洪迎华"
"唐","刘禹锡","德宗贞元十九年癸未","803",,,"32","","京畿道","京兆府","长安",,"陕西","西安市",,"108.946306","34.347436","监察御史","在监察御史任，识牛僧孺","牛僧孺",,"","","卞孝萱《刘禹锡年谱》，中华书局1966年版，第32页",,,,"洪迎华"
"唐","刘禹锡","德宗贞元十九年癸未","803",,,"32","","京畿道","京兆府","长安",,"陕西","西安市",,"108.946306","34.347436","监察御史","在监察御史任，与令狐楚相唱和","令狐楚",,"","","卞孝萱《刘禹锡年谱》，中华书局1966年版，第33页",,,,"洪迎华"
"唐","刘禹锡","德宗贞元十九年癸未","803",,,"32","","京畿道","京兆府","长安",,"陕西","西安市",,"108.946306","34.347436","监察御史","与韩愈、柳宗元等讨论学术，切磋诗文","韩愈，柳宗元等",,"","","卞孝萱《刘禹锡年谱》，中华书局1966年版，第33页",,,,"洪迎华"
"唐","刘禹锡","德宗贞元十九年癸未","803",,,"32","","京畿道","京兆府","长安",,"陕西","西安市",,"108.946306","34.347436","监察御史","在监察御史任，冬，作表","李汶","《为李中丞谢赐紫雪面脂等表》","Article","为李中丞谢赐紫雪面脂等表
臣某言。中使某乙至。奉宣圣旨。赐臣紫雪红雪面脂口脂各一合。澡豆一袋。特降王人。俯临私第。衔恩庆抃。省已惭惶。云云。臣谬荷宠私。素无绩效。空变星霜之候。猥沾庆赐之恩。跪捧雕奁。荣观珍药。功能去疾。永绝于疠疵。泽可饰容。顿光于蒲柳。生成是荷。雨露难酬。无任感戴。","卞孝萱《刘禹锡年谱》，中华书局1966年版，第36页","卞孝萱校订《刘禹锡集》卷13第158页，中华书局1990年版",,,"洪迎华"
"唐","刘禹锡","德宗贞元十九年癸未","803",,,"32","","京畿道","京兆府","长安",,"陕西","西安市",,"108.946306","34.347436","监察御史","在监察御史任，冬，作表","李汶","《为李中丞谢赐钟馗历日表》","Article","为李中丞谢赐钟馗历日表
臣某言。中使某乙至。奉宣圣旨。赐臣画钟馗一新历日一轴。恩降云霄。光生里巷。虽当岁暮。如煦阳和。臣某中谢。伏以将庆新年。聿修故事。缋其神象。表去厉之方。颁以历书。敬授时之始。微臣何幸。天意不遗。无任感戴屏营之至。","卞孝萱《刘禹锡年谱》，中华书局1966年版，第36页","卞孝萱校订《刘禹锡集》卷13第159页，中华书局1990年版",,,"洪迎华"
"唐","刘禹锡","德宗贞元二十年甲申","804",,,"33","","京畿道","京兆府","长安",,"陕西","西安市",,"108.946306","34.347436","监察御史","在监察御史任，兼领监祭使","",,"","","卞孝萱《刘禹锡年谱》，中华书局1966年版，第37页",,,,"洪迎华"
"唐","刘禹锡","德宗贞元二十年甲申","804",,,"33","","京畿道","京兆府","长安",,"陕西","西安市",,"108.946306","34.347436","监察御史","在监察御史任，代武元衡作表","武元衡","《为武中丞谢赐春衣表》","Article","为武中丞谢赐春衣表
臣某言。中使某乙奉宣圣旨。赐臣春衣一副。王人临第。御府降衣。抃舞失容。捧戴无措。臣某中谢。伏以律当春暮。庆洽时邕。万物被薰风之和。九天垂湛露之泽。臣受任非次。速尤是虞。方怀匪服之忧。更荷解衣之赐。恩加尽饰。拖朱紫而为荣。受非以庸。顾形影而增愧。丹诚徒罄。元造难酬。无任踊跃感恩之至。","卞孝萱《刘禹锡年谱》，中华书局1966年版，第38页","卞孝萱校订《刘禹锡集》卷13第160页，中华书局1990年版",,,"洪迎华"
"唐","刘禹锡","德宗贞元二十年甲申","804",,,"33","","京畿道","京兆府","长安",,"陕西","西安市",,"108.946306","34.347436","监察御史","在监察御史任，代武元衡作表","武元衡","《代武中丞谢赐新茶第一表》","Article","代武中丞谢赐新茶第一表
臣某言。中使窦国安奉宣圣旨。赐臣新茶一斤。猥降王人。光临私室。恭承庆锡。跪启缄封。臣某中谢。伏以方隅入贡。采撷至珍。自远爰来。以新为贵。捧而观妙。饮以涤烦。顾兰露而惭芳。岂蔗浆而齐味。既荣凡口。倍切丹心。臣无任欢跃感恩之至。","卞孝萱《刘禹锡年谱》，中华书局1966年版，第38页","卞孝萱校订《刘禹锡集》卷13第160页，中华书局1990年版",,,"洪迎华"
"唐","刘禹锡","德宗贞元二十年甲申","804",,,"33","","京畿道","京兆府","长安",,"陕西","西安市",,"108.946306","34.347436","监察御史","在监察御史任，代武元衡作表","武元衡","《代武中丞谢赐新茶第二表》","Article","代武中丞谢赐新茶第二表
臣某言。中使某乙奉宣圣旨。赐臣新茶一斤。猥沐深恩。再沾殊锡。承旨庆抃。省躬惭惶。臣某中谢。伏以贡自外方。名殊众品。效参药石。芳越椒兰。出自仙。俯颁私室。义同推食。空荷于曲成。责在素餐。实惭于虚受。","卞孝萱《刘禹锡年谱》，中华书局1966年版，第38页","卞孝萱校订《刘禹锡集》卷13第161页，中华书局1990年版",,,"洪迎华"
"唐","刘禹锡","德宗贞元二十年甲申","804",,,"33","","京畿道","京兆府","长安",,"陕西","西安市",,"108.946306","34.347436","监察御史","在监察御史任，代武元衡作表","武元衡","《代武中丞谢赐新橘表》","Article","代武中丞谢赐新橘表
臣某言。中使某乙至。奉宣圣旨。赐臣新橘若干颗。特降恩光。猥颁庆赐。珍踰百果。荣比兼金。臣某中谢。伏以丹实初成。苞贡爰至。芬馨味重。方列于御筵。雨露恩深。忽沾于贱品。感同推食。事等绝甘。岂惟适口为珍。实冀捐躯上答。臣无任感戴之至。","卞孝萱《刘禹锡年谱》，中华书局1966年版，第38页","卞孝萱校订《刘禹锡集》卷13第162页，中华书局1990年版",,,"洪迎华"
"唐","刘禹锡","德宗贞元二十年甲申","804",,,"33","","京畿道","京兆府","长安",,"陕西","西安市",,"108.946306","34.347436","监察御史","在监察御史任，代武元衡作表","武元衡","《代武中丞谢赐新柑表》","Article","代武中丞谢赐新柑表
臣某言。中使某乙至。奉宣圣旨。赐臣新柑若干颗。特降殊私。再颁名果。自远称贵。以新为荣。臣某中谢。伏以果实既成。南方有贵。琼茅合贡。中禁为珍。方外贡来。人间未睹。黄苞辉颖。雕俎增华。芬芳初佐于天庖。庆赐忽沾于凡口。甘踰萍实。剖食既同于楚谣。寒比蔗浆。析醒何惭于汉史。恩光斯重。尸素弥彰。誓当捐躯。以申上答。臣无任感戴之至。","卞孝萱《刘禹锡年谱》，中华书局1966年版，第38页","卞孝萱校订《刘禹锡集》卷13第162页，中华书局1990年版",,,"洪迎华"
"唐","刘禹锡","德宗贞元二十年甲申","804",,,"33","","京畿道","京兆府","长安",,"陕西","西安市",,"108.946306","34.347436","监察御史","在监察御史任，代武元衡作表","武元衡","《为武中丞谢赐冬衣表》","Article","为武中丞谢赐冬衣表
臣某言。中使某乙至。奉宣圣旨。赐臣冬衣一副。恩降重霄。荣加陋质。承旨庆抃。省躬惭惶。臣受任已来。微效莫著。每更时律。惭旷官常。岂谓元造曲成。鸿私荐及。念兹戒寒之候。锡以御冬之衣。抃舞失容。顾眄增饰。鹤纹是锡。远惭晋代之贤。鹈翼不濡。实惧曹风之刺。无任感戴屏营之至。","卞孝萱《刘禹锡年谱》，中华书局1966年版，第38页","卞孝萱校订《刘禹锡集》卷13第163页，中华书局1990年版",,,"洪迎华"
"唐","刘禹锡","德宗贞元二十年甲申","804","5",,"33","","京畿道","京兆府","长安",,"陕西","西安市",,"108.946306","34.347436","监察御史","在监察御史任。工部侍郎兼御史大夫张荐充入吐蕃吊祭使，禹锡作诗以送","张荐","《送工部张侍郎入蕃吊祭》","Poem","送工部张侍郎入蕃吊祭
月窟宾诸夏，云官降九天。饰终邻好重，锡命礼容全。水咽犹登陇，沙鸣稍极边。路因乘驿近，志为饮冰坚。毳帐差池见，乌旗摇曳前。归来赐金石，荣耀自编年。","卞孝萱《刘禹锡年谱》，中华书局1966年版，第38-39页","卞孝萱校订《刘禹锡集》卷28第365页，中华书局1990年版",,,"洪迎华"
"唐","刘禹锡","德宗贞元二十年甲申","804",,,"33","","京畿道","京兆府","长安",,"陕西","西安市",,"108.946306","34.347436","监察御史","在监察御史任，秋日，与武元衡等诗文唱和","武元衡","《和武中丞秋日寄怀简诸僚故》","Poem","和武中丞秋日寄怀简诸僚故
退朝还公府，骑吹息繁阴。吏散秋庭寂，乌啼烟树深。威生奉白简，道胜外华簪。风物清远目，功名怀寸阴。云衢念前侣，䌽翰写冲襟。凉菊照幽径，败荷攒碧浔。感时江海思，报国松筠心。空愧寿陵步，芳尘何处寻。","卞孝萱《刘禹锡年谱》，中华书局1966年版，第39页","卞孝萱校订《刘禹锡集》卷35第510页，中华书局1990年版",,,"洪迎华"
"唐","刘禹锡","德宗贞元二十年甲申","804",,,"33","","京畿道","京兆府","长安",,"陕西","西安市",,"108.946306","34.347436","监察御史","在监察御史任，秋，作诗","","《监祠夕月坛书事》","Poem","监祠夕月坛书事
西皞司分昼夜平，羲和停午太阴生。铿锵揖让秋光里，观者如云出凤城。","卞孝萱《刘禹锡年谱》，中华书局1966年版，第39页","卞孝萱校订《刘禹锡集》卷24第306页，中华书局1990年版",,,"洪迎华"
"唐","刘禹锡","德宗贞元二十年甲申","804",,,"33","","京畿道","京兆府","长安",,"陕西","西安市",,"108.946306","34.347436","监察御史","在监察御史任，作诗赠友","王涯","《逢王十二学士入翰林因以诗赠》","Poem","逢王十二学士入翰林因以诗赠
厩马翩翩禁外逢，星槎上汉杳难从。定知欲报淮南诏，促召王褒入九重。","卞孝萱《刘禹锡年谱》，中华书局1966年版，第39页","卞孝萱校订《刘禹锡集》卷24第305页，中华书局1990年版",,,"洪迎华"
"唐","刘禹锡","德宗贞元二十一年；顺宗永贞元年乙酉","805","1",,"34","","京畿道","京兆府","长安",,"陕西","西安市",,"108.946306","34.347436","监察御史","正月，仍为监察御史","",,"","","卞孝萱《刘禹锡年谱》，中华书局1966年版，第40页",,,,"洪迎华"
"唐","刘禹锡","德宗贞元二十一年；顺宗永贞元年乙酉","805","1",,"34","","京畿道","京兆府","长安",,"陕西","西安市",,"108.946306","34.347436","监察御史","正月，顺宗即位，代李相公作贺表","","《代李相公贺登极第一表》","Article","代李相公贺登极第一表
臣某言。臣伏闻陛下式遵典章。正位宸极。臣闻大明继照。虽昧者必昭其视。震雷发声。虽聩者必达其听。是以圣人鼓万物而耳目咸革。感人心而天下太平。致理兴邦。率由兹道。中贺。伏惟陛下绍累圣之鸿绪。冠前王之盛烈。祥符荐委。景福攸臻。纂武继文。重光累洽。自宣猷上嗣。育德储闱。仁孝表于域中。慈俭章于天下。由是馁者思食。瘠者思丰。曶爽咸耀于光明。枯朽更延于惠泽。禺禺亿兆。咸沐惟新。鼓舞而四表欢心。运行而二仪贞观。臣夙承朝奖。谬列藩条。欢抃之诚。倍万恒品。","卞孝萱《刘禹锡年谱》，中华书局1966年版，第47页","卞孝萱校订《刘禹锡集》诗文补遗卷第622页，中华书局1990年版",,,"洪迎华"
"唐","刘禹锡","德宗贞元二十一年；顺宗永贞元年乙酉","805",,,"34","","京畿道","京兆府","长安",,"陕西","西安市",,"108.946306","34.347436","监察御史","初春，退朝后有感作诗","","《春日退朝》","Poem","春日退朝
紫陌夜来雨，南山朝下看。戟枝迎日动，阁影助松寒。瑞气转绡縠，游光泛波澜。御沟新柳色，处处拂归鞍。","陶敏、陶红雨《刘禹锡全集编年校注》，岳麓书社2003年版，第35页","卞孝萱校订《刘禹锡集》卷22第272页，中华书局1990年版",,,"洪迎华"
"唐","刘禹锡","德宗贞元二十一年；顺宗永贞元年乙酉","805","2",,"34","","京畿道","京兆府","长安",,"陕西","西安市",,"108.946306","34.347436","监察御史","二月，因杜佑之荐，兼署崇陵使判官","杜佑",,"","","卞孝萱《刘禹锡年谱》，中华书局1966年版，第40页",,,,"洪迎华"
"唐","刘禹锡","德宗贞元二十一年；顺宗永贞元年乙酉","805","3",,"34","","京畿道","京兆府","长安",,"陕西","西安市",,"108.946306","34.347436","监察御史","三月，在监察御史任，为杜佑拟表","杜佑","《为杜司徒让度支盐铁等使表》","Article","为杜司徒让度支盐铁等使表
臣某言。伏奉制书。授臣检校司徒同中书门下平章事充度支及诸道盐铁转运等使者。臣久尘高位。尸素已多。更受新恩。满盈为惧。云云。伏惟皇帝陛下绍登宝位。光纂鸿猷。擢用之间。华夷耸听。况利权所在。宜适变通。国计是资。须明轻重。当至化鼎新之日。是微臣迟莫之年。将何以上副宸衷。下成庶务。进退惟谷。冰炭在怀。辄罄愚诚。冀回天监。陈力无补。庶遵周任之言。循涯若惊。敢饰范宣之让。惭惶跼蹐。倍万常情。谨奉表陈让以闻。","卞孝萱《刘禹锡年谱》，中华书局1966年版，第47页","卞孝萱校订《刘禹锡集》卷13第152页，中华书局1990年版",,,"洪迎华"
"唐","刘禹锡","德宗贞元二十一年；顺宗永贞元年乙酉","805",,,"34","","京畿道","京兆府","长安",,"陕西","西安市",,"108.946306","34.347436","监察御史","春日有诗感怀","","《路傍曲》","Poem","路傍曲
南山宿雨晴，春入凤凰城。处处闻弦管，无非送酒声。","陶敏、陶红雨《刘禹锡全集编年校注》，岳麓书社2003年版，第36页","卞孝萱校订《刘禹锡集》卷27第357页，中华书局1990年版",,,"洪迎华"
"唐","刘禹锡","德宗贞元二十一年；顺宗永贞元年乙酉","805",,,"34","","京畿道","京兆府","长安",,"陕西","西安市",,"108.946306","34.347436","监察御史","春，至侍中浑瑊宅赏牡丹花，作诗","浑瑊","《浑侍中宅牡丹》","Poem","浑侍中宅牡丹
径尺千馀朵，人间有此花。今朝见颜色，更不向诸家。","卞孝萱《刘禹锡年谱》，中华书局1966年版，第49页","卞孝萱校订《刘禹锡集》卷25第334页，中华书局1990年版",,,"洪迎华"
"唐","刘禹锡","德宗贞元二十一年；顺宗永贞元年乙酉","805","4",,"34","","京畿道","京兆府","长安",,"陕西","西安市",,"108.946306","34.347436","屯田员外郎","四月，因王叔文之荐，转屯田员外郎，判度支盐铁案，仍兼崇陵使判官","王叔文",,"","","卞孝萱《刘禹锡年谱》，中华书局1966年版，第40页",,,,"洪迎华"
"唐","刘禹锡","德宗贞元二十一年；顺宗永贞元年乙酉","805","4",,"34","","京畿道","京兆府","长安",,"陕西","西安市",,"108.946306","34.347436","屯田员外郎","四月，转屯田员外郎，上状举人自代","柳公绰","《举开州柳使君公绰自代状》","Article","举开州柳使君公绰自代状
尚书屯田某官等守开州刺史柳公绰。右。臣蒙恩授尚书屯田员外郎。伏准建中元年正月五日制。常参官上后三日举一人自代者。伏以前件官以贤良方正。再扬王庭。在流辈间。号为端士。昨除远郡。人皆惜之。臣初蒙授官。得以论荐。多士之内。非无其人。窃惟用材。宜自远始。谨具如前。谨录奏闻。伏听敕旨。","卞孝萱《刘禹锡年谱》，中华书局1966年版，第48页","卞孝萱校订《刘禹锡集》卷17第203页，中华书局1990年版",,,"洪迎华"
"唐","刘禹锡","德宗贞元二十一年；顺宗永贞元年乙酉","805",,,"34","","京畿道","京兆府","长安",,"陕西","西安市",,"108.946306","34.347436","屯田员外郎","禹锡与柳宗元在王叔文、王伾柄政期间，参与谋议，草拟文诰，采听外事，政敌称之为“二王刘、柳”","柳宗元，王叔文，王伾",,"","","卞孝萱《刘禹锡年谱》，中华书局1966年版，第41页",,,,"洪迎华"
"唐","刘禹锡","德宗贞元二十一年；顺宗永贞元年乙酉","805",,,"34","","京畿道","京兆府","长安",,"陕西","西安市",,"108.946306","34.347436","屯田员外郎","春夏间，为杜佑拟表","杜佑","《为杜司徒谢赐追赠表》","Article","为杜司徒谢赐追赠表
臣某言。伏奉制书。褒赠臣亡父先臣某官尚书左仆射者。时逢霈泽。礼极徽章。臣某中谢。臣家受国恩。至臣累叶。常惧不克负荷。以忝前人。岂期多幸遭逢。猥居高位。陛下应乾御极。作解庇人。恩浃寰区。礼崇宗庙。垂仁布德。自叶流根。紫书忽降于重霄。密印荣加于厚夜。星霜增感。蒸尝有辉。非臣陨越。所能上报。无任感咽屏营之至。","卞孝萱《刘禹锡年谱》，中华书局1966年版，第48页","卞孝萱校订《刘禹锡集》卷13第152页，中华书局1990年版",,,"洪迎华"
"唐","刘禹锡","德宗贞元二十一年；顺宗永贞元年乙酉","805",,,"34","","京畿道","京兆府","长安",,"陕西","西安市",,"108.946306","34.347436","屯田员外郎","夏秋间，为杜佑拟表","杜佑","《为杜司徒让淮南立去思碑表》","Article","为杜司徒让淮南立去思碑表
臣某言。伏见淮南节度使王锷所奏。当道将吏僧道耆老等请为臣立去思碑。伏奉圣旨。允其所奏。内惟菲薄。声绩无闻。祗荷恩私。惭惧交至。臣某诚惶诚恐顿首顿首。臣伏蒙先朝过奖。累典方隅。顷镇江都。十有四载。数周星纪。水旱备经。境接淮濆。兵戈时起。至于邑里。粗免流离。非臣所能。悉禀圣化。在唐尧可封之日。奚假吏才。当汉宣责实之时。皆承诏旨。王锷与臣交代。辄有上闻。况以去思为名。惭无可纪之绩。伏以建碑示后。甲令垂文。苟非至公。翻益贻诮。臣伏览故事。宋璟自广州都督入拜尚书。南海之人。请为刊石。璟自逊让。至于再三。虽勒其文。竟从降制。著在国史。举为美谈。璟非苟荣。人益见德。臣才诚不逮。心实慕之。伏乞圣慈。赐寝前命。情非饰让。义在徇公。无任恳款之至。谨奉表陈让以闻。","卞孝萱《刘禹锡年谱》，中华书局1966年版，第47页","卞孝萱校订《刘禹锡集》卷13第153页，中华书局1990年版",,,"洪迎华"
"唐","刘禹锡","德宗贞元二十一年；顺宗永贞元年乙酉","805",,,"34","","京畿道","京兆府","长安",,"陕西","西安市",,"108.946306","34.347436","屯田员外郎","约夏秋间，有感作诗","","《古词二首》","Poem","古词二首 其一
轩后初冠冕，前旒为蔽明。安知从复道，然后见人情。
古词二首 其二
簿领乃俗士，清谈信古风。吾观苏令绰，朱墨一何工。","陶敏、陶红雨《刘禹锡全集编年校注》，岳麓书社2003年版，第42页","卞孝萱校订《刘禹锡集》卷21第259页，中华书局1990年版",,,"洪迎华"
"唐","刘禹锡","德宗贞元二十一年；顺宗永贞元年乙酉","805",,,"34","","京畿道","京兆府","长安",,"陕西","西安市",,"108.946306","34.347436","屯田员外郎","识桂仲武","桂仲武",,"","","卞孝萱《刘禹锡年谱》，中华书局1966年版，第42页",,,,"洪迎华"
"唐","刘禹锡","德宗贞元二十一年；顺宗永贞元年乙酉","805",,,"34","","京畿道","京兆府","长安",,"陕西","西安市",,"108.946306","34.347436","屯田员外郎","韦淳献卷刘禹锡以求延誉，识韦淳","韦淳",,"","","卞孝萱《刘禹锡年谱》，中华书局1966年版，第42页",,,,"洪迎华"
"唐","刘禹锡","德宗贞元二十一年；顺宗永贞元年乙酉","805",,,"34","","京畿道","京兆府","长安",,"陕西","西安市",,"108.946306","34.347436","屯田员外郎","在王叔文政治革新集团与守旧派的斗争中，刘禹锡被侍御史窦群所劾","窦群",,"","","卞孝萱《刘禹锡年谱》，中华书局1966年版，第42页",,,,"洪迎华"
"唐","刘禹锡","德宗贞元二十一年；顺宗永贞元年乙酉","805",,,"34","","京畿道","京兆府","长安",,"陕西","西安市",,"108.946306","34.347436","屯田员外郎","在长安，有诗答僧友","僧广宣","《广宣上人寄在蜀与韦令公唱和诗卷因以令公手札答诗示之》","Poem","广宣上人寄在蜀与韦令公唱和诗卷因以令公手扎荅诗示之
碧云佳句久传芳，曾向成都住草堂。振锡常过长者宅，披衣犹带令公香。一时风景添诗思，八部人天入道场。若许相期同结社，吾家本自有柴桑。","陶敏、陶红雨《刘禹锡全集编年校注》，岳麓书社2003年版，第33页","卞孝萱校订《刘禹锡集》卷29第390页，中华书局1990年版",,,"洪迎华"
"唐","刘禹锡","德宗贞元二十一年；顺宗永贞元年乙酉","805",,,"34","","京畿道","京兆府","长安",,"陕西","西安市",,"108.946306","34.347436","屯田员外郎","在长安，有诗送别","王师鲁","《送王师鲁协律赴湖南使幕》","Poem","送王师鲁协律赴湖南使幕
翩翩马上郎，驱传渡三湘。橘树沙洲暗，松醪酒肆香。素风传竹帛，高价聘琳琅。楚水多兰芷，何人事搴芳。","陶敏、陶红雨《刘禹锡全集编年校注》，岳麓书社2003年版，第34页","卞孝萱校订《刘禹锡集》卷28第370页，中华书局1990年版",,,"洪迎华"
"唐","刘禹锡","德宗贞元二十一年；顺宗永贞元年乙酉","805",,,"34","","京畿道","京兆府","长安",,"陕西","西安市",,"108.946306","34.347436","屯田员外郎","在长安，作诗哭工部刘尚书","","《许给事见示哭工部刘尚书诗因命同作》","Poem","许给事见示哭工部刘尚书诗因命同作
汉室贤王后，孔门高第人。济时成国器，乐道任天真。特达圭无玷，坚贞竹有筠。总戎宽得众，市义贵能贫。护塞无南牧，驰心拱北辰。乞身来阙下，赐告卧漳滨。荣耀初题剑，清羸已拖绅。宫星徒列位，隙日不回轮。自昔追飞侣，今为侍从臣。素弦哀已绝，青简叹犹新。未遂挥金乐，空悲撤瑟晨。凄凉竹林下，无复见清尘。","卞孝萱《刘禹锡年谱》，中华书局1966年版，第48页","卞孝萱校订《刘禹锡集》卷22第274页，中华书局1990年版",,,"洪迎华"
"唐","刘禹锡","德宗贞元二十一年；顺宗永贞元年乙酉","805",,,"34","","京畿道","京兆府","长安",,"陕西","西安市",,"108.946306","34.347436","屯田员外郎","在长安，作诗送友","浑瑊","《送浑大夫赴丰州》","Poem","送浑大夫赴丰州
凤衔新诏降恩华，又见旌旗出浑家。故吏来辞辛属国，精兵愿逐李轻车。毡裘君长迎风驭，锦带酋豪踏雪衙。其奈明年好春日，无人唤看牡丹花。","卞孝萱《刘禹锡年谱》，中华书局1966年版，第49页","卞孝萱校订《刘禹锡集》卷28第366页，中华书局1990年版",,,"洪迎华"
"唐","刘禹锡","德宗贞元二十一年；顺宗永贞元年乙酉","805","8",,"34","","京畿道","京兆府","长安",,"陕西","西安市",,"108.946306","34.347436","屯田员外郎","八月，顺宗禅位宪宗，代作表","顺宗，宪宗","《代李相公贺登极第二表》","Article","代李相公贺登极第二表
臣某言。臣闻帝尧之禅虞舜也。业归乎异代。汉祖之尊太上也。礼徇乎虚名。有弃屣而传七庙之重。斯则尧图非远。汉道未全。卓哉冠鸿名而超古始者。孰若今之盛也。陛下孝至通三。上极于君父。德均吹万。下被于生灵。大圣所以宣昭。庶品由其利见。圣作物睹。天清地平。故虽冰霰伤和之姿。人情慢蔽之物。宿阴兹解。恶气未除。无不仰南至而自销。随东风而尽变。坐见可封之俗。更覃无外之恩。率土之氓。俱沾覆育。禀灵之内。无不讴吟。遐迩欢康。昭聋发瞽。臣谬忝朝列。久总藩条。","卞孝萱《刘禹锡年谱》，中华书局1966年版，第48页","卞孝萱校订《刘禹锡集》诗文补遗卷第623页，中华书局1990年版",,,"洪迎华"
"唐","刘禹锡","德宗贞元二十一年；顺宗永贞元年乙酉","805","8",,"34","","京畿道","京兆府","长安",,"陕西","西安市",,"108.946306","34.347436","屯田员外郎","八月，在长安，二王被贬前后，借咏史以明志","","《咏史二首》","Poem","咏史二首 其一
骠骑非无势，少卿终不去。世道剧颓波，我心如砥柱。
咏史二首 其二
贾生明王道，卫绾工车戏。同遇汉文时，何人居贵位。","陶敏、陶红雨《刘禹锡全集编年校注》，岳麓书社2003年版，第50页","卞孝萱校订《刘禹锡集》卷21第265页，中华书局1990年版",,,"洪迎华"
"唐","刘禹锡","德宗贞元二十一年；顺宗永贞元年乙酉","805","9",,"34","","京畿道","京兆府","长安",,"陕西","西安市",,"108.946306","34.347436","屯田员外郎","九月，在长安，为德宗作挽歌","德宗","《德宗神武孝文皇帝挽歌二首》","Poem","德宗神武孝文皇帝挽歌二首 其一
出震清多难，乘时播大钧。操弦调六气，挥翰动三辰。运偶升天日，哀深率土人。瑶池无辙迹，谁见属车尘。
德宗神武孝文皇帝挽歌二首 其二
凤翣拥铭旌，威迟异吉行。汉仪陈秘器，楚挽咽繁声。驻綍辞清庙，凝笳背直城。唯应留内传，知是向蓬瀛。","卞孝萱《刘禹锡年谱》，中华书局1966年版，第49页","卞孝萱校订《刘禹锡集》卷30第405页，中华书局1990年版",,,"洪迎华"
"唐","刘禹锡","德宗贞元二十一年；顺宗永贞元年乙酉","805","9",,"34","","京畿道","京兆府","长安",,"陕西","西安市",,"108.946306","34.347436","连州刺史","王叔文集团的政治革新，既以顺宗内禅而完全失败，九月，禹锡贬连州刺史","王叔文",,"","","卞孝萱《刘禹锡年谱》，中华书局1966年版，第45页",,,,"洪迎华"
"唐","刘禹锡","德宗贞元二十一年；顺宗永贞元年乙酉","805","9",,"34","","京畿道","华州","华阴",,"陕西","渭南市","华阴市","110.098671","34.57172","连州刺史","九月，赴连州途中，经华州，睹舅氏旧日题诗，有感而作","","《途次敷水驿伏睹华州舅氏昔日行县题诗处潸然有感》","Poem","途次敷水驿伏睹华州舅氏昔日行县题诗处潸然有感
昔日股肱守，朱轮兹地游。繁华日已谢，章句此空留。蔓草佳城闭，故林棠树秋。今来重垂泪，不忍过西州。","陶敏、陶红雨《刘禹锡全集编年校注》，岳麓书社2003年版，第54页","卞孝萱校订《刘禹锡集》卷30第410页，中华书局1990年版",,,"洪迎华"
"唐","刘禹锡","德宗贞元二十一年；顺宗永贞元年乙酉","805","9",,"34","","都畿道","陕州",,,"河南","三门峡市",,"111.206832","34.778442","连州刺史","九月，赴连州途中，经陕州，登城楼有感作诗寄京师诸友","","《登陕州城北楼却寄京师亲友》","Poem","","陶敏、陶红雨《刘禹锡全集编年校注》，岳麓书社2003年版，第55页","卞孝萱校订《刘禹锡集》卷25第325页，中华书局1990年版",,,"洪迎华"
"唐","刘禹锡","德宗贞元二十一年；顺宗永贞元年乙酉","805","9",,"34","","河南道","虢州","湖城",,"河南","三门峡市","灵宝市","110.90097","34.523086","连州刺史","九月，赴连州途中，经虢州湖城驿，题诗","","《秋晚题湖城驿池上亭》","Poem","秋晚题湖城驿池上亭
秋次池上馆，林塘照南荣。尘衣纷未解，幽思浩已盈。风莲坠故萼，露菊含晚英。恨为一夕客，愁听晨鸡鸣。","陶敏、陶红雨《刘禹锡全集编年校注》，岳麓书社2003年版，第55页","卞孝萱校订《刘禹锡集》卷25第326页，中华书局1990年版",,,"洪迎华"
"唐","刘禹锡","德宗贞元二十一年；顺宗永贞元年乙酉","805","9",,"34","","山南东道","邓州","穰县","顺阳","河南","南阳市","邓州市","112.093781","32.694085",,"九月，赴连州途中，经顺阳故城，创新题乐府","","《顺阳歌》","Poem","顺阳歌
朝辞官军驿，前望顺阳路。野水齧荒坟，秋虫镂宫树。曾闻天宝末，胡马西南骛。城守鲁将军，拔城从此去。","陶敏、陶红雨《刘禹锡全集编年校注》，岳麓书社2003年版，第56页","卞孝萱校订《刘禹锡集》卷26第338页，中华书局1990年版",,,"洪迎华"
"唐","刘禹锡","德宗贞元二十一年；顺宗永贞元年乙酉","805","9",,"34","","山南东道","襄州","宜城","宜城驿","湖北","襄阳市","宜城市","112.264371","31.72543",,"九月，赴连州途中，经宜城，创新题乐府","","《宜城歌》","Poem","杂曲歌辞 宜城歌
野水绕空城，行尘起孤驿。荒台侧生树，石碣阳镌额。靡靡度行人，温风吹宿麦。","陶敏、陶红雨《刘禹锡全集编年校注》，岳麓书社2003年版，第57页","卞孝萱校订《刘禹锡集》卷26第338页，中华书局1990年版",,,"洪迎华"
"唐","刘禹锡","德宗贞元二十一年；顺宗永贞元年乙酉","805",,,"34","","山南东道","江陵府","江陵",,"湖北","荆州市","江陵县","112.431153","30.048079","朗州司马","赴朗州途中，过江陵，与韩愈唱和","韩愈","《韩十八侍御见示岳阳楼别窦司直诗因令属和重以自述故足成六十二韵》","Poem","韩十八侍御见示岳阳楼别窦司直诗因令属和重以自述故足成六十二韵
楚望何苍然，曾澜七百里。孤城寄远目，一写无穷已。荡漾浮天盖，四环宣地理。积涨在三秋，混成非一水。冬游见清浅，春望多洲沚。云锦远沙明，风烟青草靡。火星忽南见，月硖方东迤。雪波西山来，隐若长城起。独专朝宗路，驶悍不可止。支川让其威，蓄缩至南委。熊武走蛮落，潇湘来奥鄙。炎蒸动泉源，积潦搜山趾。归往无旦夕，包含通远迩。行当白露时，眇视秋光里。曙色未昭晰，露华遥斐舋。浩尔神骨清，如观混元始。北风忽震荡，惊浪迷津涘。怒激鼓铿訇，蹙成山岿硊。鹍鹏疑变化，罔象何恢诡。嘘吸写楼台，腾骧露鬐尾。景移群动息，波静繁音弭。明月出中央，青天绝纤滓。素光淡无际，绿静平如砥。空影渡鹓鸿，秋声思芦苇。鲛人弄机杼，贝阙骈红紫。珠蛤吐玲珑，文鳐翔旖旎。水乡吴蜀限，地势东南庳。翼轸粲垂精，衡巫屹环峙。名雄七泽薮，国辨三苗氏。唐羿断修蛇，荆王惮青兕。秦狩迹犹在，虞巡路从此。轩后奏宫商，骚人咏兰芷。茅岭潜相应，橘洲傍可指。郭璞验幽经，罗含著前纪。观津戚里族，按道侯家子。联袂登高楼，临轩笑相视。假守亦高卧，墨曹正垂耳。契阔话凉温，壶觞慰迁徙。地偏山水秀，客重杯盘侈。红袖花欲然，银灯昼相似。兴酣更抵掌，乐极同启齿。笔锋不能休，藻思一何绮。伊余负微尚，夙昔惭知己。出入金马门，交结青云士。袭芳践兰室，学古游槐市。策慕宋前军，文师汉中垒。陋容昧俯仰，孤志无依倚。卫足不如葵，漏川空叹蚁。幸逢万物泰，独处穷途否。锻翮重叠伤，兢魂再三褫。蘧瑷亦屡化，左丘犹有耻。桃源访仙宫，薜服祠山鬼。故人南台旧，一别如弦矢。今朝会荆峦，斗酒相宴喜。为余出新什，笑抃随伸纸。晔若观五色，欢然臻四美。委曲风涛事，分明穷达旨。洪韵发华钟，凄音激清徵。羊浚要共和，江淹多杂拟。徒欲仰高山，焉能追逸轨。湘洲路四达，巴陵城百雉。何必颜光禄，留诗张内史。","卞孝萱《刘禹锡年谱》，中华书局1966年版，第50页","卞孝萱校订《刘禹锡集》卷35第513页，中华书局1990年版",,,"洪迎华"
"唐","刘禹锡","德宗贞元二十一年；顺宗永贞元年乙酉","805","10",,"34","","山南东道","江陵府",,,,,,"0","0","朗州司马","十月，途至荆南，再贬朗州司马","",,"","","卞孝萱《刘禹锡年谱》，中华书局1966年版，第45页、第46页",,,,"洪迎华"
"唐","刘禹锡","德宗贞元二十一年；顺宗永贞元年乙酉","805",,,"34","","山南东道","江陵府","长林",,"湖北","荆门市",,"112.205843","31.041792","朗州司马","由长安赴朗州，经荆门，作诗","","《纪南歌》","Poem","杂曲歌辞 纪南歌
风烟纪南城，尘土荆门路。天寒猎兽者，走上樊姬墓。","卞孝萱《刘禹锡年谱》，中华书局1966年版，第50页","卞孝萱校订《刘禹锡集》卷26第338页，中华书局1990年版",,,"洪迎华"
"唐","刘禹锡","德宗贞元二十一年；顺宗永贞元年乙酉","805",,,"34","","山南东道","江陵府",,,"湖北","荆州市",,"112.24722","30.340606","朗州司马","由长安赴朗州，经荆州，作诗怀古","","《荆门（一作州）道怀古》","Poem","荆门道怀古
南国山川旧帝畿，宋台梁馆尚依稀。马嘶古道行人歇，麦秀空城野雉飞。风吹落叶填宫井，火入荒陵化宝衣。徒使词臣庾开府，咸阳终日苦思归。","卞孝萱《刘禹锡年谱》，中华书局1966年版，第49页","卞孝萱校订《刘禹锡集》卷24第302页，中华书局1990年版",,,"洪迎华"
"唐","刘禹锡","德宗贞元二十一年；顺宗永贞元年乙酉","805",,,"34","","山南东道","江陵府",,,"湖北","荆州市",,"112.24722","30.340606","朗州司马","由长安赴朗州，经荆州，作诗","","《后梁宣明二帝碑堂下作》","Poem","从梁宣明二帝碑堂下作
玉马朝周从此辞，园陵寂寞对丰碑。千行宰树荆州道，暮雨萧萧闻子规。","卞孝萱《刘禹锡年谱》，中华书局1966年版，第50页","卞孝萱校订《刘禹锡集》卷24第301页，中华书局1990年版",,,"洪迎华"
"唐","刘禹锡","德宗贞元二十一年；顺宗永贞元年乙酉","805",,,"34","","山南东道","江陵府",,,"湖北","荆州市",,"112.24722","30.340606","朗州司马","由长安赴朗州，经荆州，作诗","","《荆州歌二首》","Poem","杂曲歌辞 其一 荆州乐二首
渚宫杨柳暗，麦城朝雉飞。可怜踏青伴，乘暖著轻衣。
杂曲歌辞 其二 荆州乐二首
今日好南风，商旅相催发。沙头樯竿上，始见春江阔。","卞孝萱《刘禹锡年谱》，中华书局1966年版，第50页","卞孝萱校订《刘禹锡集》卷26第337页，中华书局1990年版",,,"洪迎华"
"唐","刘禹锡","德宗贞元二十一年；顺宗永贞元年乙酉","805",,,"34","","江南西道","岳州","巴陵","君山","湖南","岳阳市",,"113.135679","29.363262","朗州司马","赴朗州途中，过岳州君山，作诗怀古","","《君山怀古》","Poem","君山怀古
属车八十一，此地阻长风。千载威灵尽，赭山寒水中。","卞孝萱《刘禹锡年谱》，中华书局1966年版，第50页","卞孝萱校订《刘禹锡集》卷25第322页，中华书局1990年版",,,"洪迎华"
"唐","刘禹锡","德宗贞元二十一年；顺宗永贞元年乙酉","805",,,"34","","江南西道","朗州","武陵",,"湖南","常德市",,"111.704994","29.037723","朗州司马","至朗州","",,"","","卞孝萱《刘禹锡年谱》，中华书局1966年版，第45页",,,,"洪迎华"
"唐","刘禹锡","德宗贞元二十一年；顺宗永贞元年乙酉","805",,,"34","","江南西道","朗州","武陵",,"湖南","常德市",,"111.704994","29.037723","朗州司马","在朗州司马任，作文","","《救沈志》","Article","救沈志
贞元季年夏。大水。熊武五溪。斗决于沅。突旧防。毁民家。跻高望之。溟涬葩华。山腹为坁。林端如莎。湍道驶悍。不风而怒。崱嶷前迈。浸淫旁掩。柔者靡之。固者脱之。规者旋环之。矩者颠倒之。轻而汎浮者硠磕之。重而高大者前却之。生者力音。殪者弛形。蔽流而东。若木柹然。有僧愀焉。誓于路曰。浮屠之慈悲。救生最大。能援彼于溺。我当为魁。里中儿愿从三四辈。皆狎川勇游者。相与乘坚舟。挟善器。维以修䋏。杙于崇邱。水当洄洑。人易寘力。凝矑执用。俟可而拯。大凡室处之类。穴居之汇。在牧之群。在豢之驯。上罗黔首。下逮毛物。拔乎洪澜。致诸生地者。数十百焉。适有挚兽。如鸱夷而前。攫持流蘖。首用不陷。隅目旁睨。其姿弭然。甚如六扰之附人者。其徒将取焉。僧趣诃之曰。第无济是为。目之可里所。而不能有所持矣。舟中之人曰。吾闻浮图之教贵空。空生普。普生慈。不求报施之谓空。不择善恶之谓普。不逆穷困之谓慈。向也生必救。而今也穷见废。无乃计善恶而忘普与慈乎。僧曰。甚矣问之迷且妄也。吾之教。恶乎无善恶哉。六尘者。在身之不善也。佛以贼视之。末伽声闻者。在彼之未寤也。佛以邪目之。佛恶乎无善恶耶。吾向也所援而出死地者众矣。形乾气还。各复本状。蹄者踯躅然。羽者翘萧然。而言者諓諓然。随其所之。吾不尸其施也。不德吾则已。乌能害为。彼形之乾。髬髵之姿也。彼气之还。暴悖之用也。心足反噬而齿甘最灵。必肉吾属矣。庸能踯躅諓諓之比欤。夫虎之不可使知恩。犹人之不可使为虎也。非吾自遗患焉尔。且将遗患于众多。吾罪大矣。子刘子曰。余闻善人在患。不救不祥。恶人在位。不去亦不祥。僧之言远矣。故志之。","卞孝萱《刘禹锡年谱》，中华书局1966年版，第48页","卞孝萱校订《刘禹锡集》卷20第256页，中华书局1990年版",,,"洪迎华"
"唐","刘禹锡","宪宗元和元年丙戌","806",,,"35","","江南西道","朗州","武陵",,"湖南","常德市",,"111.704994","29.037723","朗州司马","在朗州司马任，居招屈亭之旁","",,"","","卞孝萱《刘禹锡年谱》，中华书局1966年版，第51页",,,,"洪迎华"
"唐","刘禹锡","宪宗元和元年丙戌","806",,,"35","","江南西道","朗州","武陵",,"湖南","常德市",,"111.704994","29.037723","朗州司马","在朗州司马任，与顾彖、董侹等论学","顾彖，董侹",,"","","卞孝萱《刘禹锡年谱》，中华书局1966年版，第51页",,,,"洪迎华"
"唐","刘禹锡","宪宗元和元年丙戌","806","1",,"35","","江南西道","朗州","武陵",,"湖南","常德市",,"111.704994","29.037723","朗州司马","正月，改元元和，大赦。禹锡因读《改元元和赦文》，致书杜佑，要求量移","杜佑","《上杜司徒书》","Article","上杜司徒书
月日。故吏守朗州司马员外置同正员刘某。谨斋沐致诚。命仆夫持书。敢献于司徒相公閤下。昔称韩非善著书。而说难孤愤尤为激切。故司马子长深悲之。为著于篇。显白其事。夫以非之书。可谓善言人情。使逢时遇合之士观之。固无以异于它书矣。而独深悲之者。岂非遭罹世故。益感其言之至邪。小人受性颛蒙。涉道未至。末学见浅。少年气粗。常谓尽诚可以绝嫌猜。徇公可以弭谗愬。谓慎独防微为近隘。谓艰贞用晦为废忠。刍狗已陈。刻舟徒识。罟获随足。怅然无知。事去凝想。时时自笑。然后知韩非之善说。司马子长之深悲。迹符理会。千古相见。虽欲勿悲。可乎。大凡恒人之所以灵于庶类。以其能群以胜物也。烈士之所以异于恒人。以其仗节以死谊也。然则交相丧者世与道。难合并者机与时。是以有死谊之心。而卒不获其所者。世人悲之。获其所矣。而一旦如不得终焉者。君子悲之。世人之悲。悲其不遇。无成而亏。故其感也近。君子之悲。悲其不幸。既得而丧。故其感也深。其悲则同。其所以为悲则异。若小人者。其不幸欤。间者昧于藩身。推致危地。始以飞谤生衅。终成公议抵刑。旬朔之间。再投裔土。外黩相公知人之鉴。内贻慈亲非疾之忧。常恐恩义两乖。家国同负。寒心销志。以生为惭。虽欲沥血以自明。吁天以自诉。适足来众多之诮。岂复有特达见知者耶。遂用诅盟于心。不获自白。以内咎为弭谤之具。以吞声为窒隙之媒。庶乎日月至焉。而是非乃辨。会友人江陵法曹掾韩愈以不幸相悲。且曰。相国扶风公之遇子也厚。非独余知之。天下之人皆知之矣。余闻初子之横为口语所中。独相国深明之。及不得已而退。则为之流涕以诀。又不得已而谴。则为之择地以居。求之于今。难与侔矣。抑余又闻曩子之介于司徒府。奉诚敬于山园。上公亟称于人。以为不懈于位。今则有修仪以赞其诏相者。有备物以赞其容卫者。七月礼毕。一朝庆行。诰言扬之。授以显秩。子独足趾一跌。而前劳并捐。祝网之辰。动絓疏目。可封之代。乃为穷人。斯常情之所悲。矧知子之厚者。夫踣者思起。必謼而求拯。疾者思愈。必呻而求医。子宜謼于有力而呻于有术。如何以钳口自绝为智。以甘心受诬为贤。嗛然自咎。求知于默。彼李斯逐焉而为上卿。邹阳囚焉而为上客。二子者。岂默以求知者邪。若可诉而不言。则陷于畏。可言而不辩。则邻于怨。畏与怨。君子之所不处。子其处之哉。韩生之言未及竟。而小人不知感从中来。始赧然以愧。又缺然以慄。终悄然以悲。悲斯叹。叹斯愤。愤必有泄。故见乎词。敢闻左右。投所闵也。嗟夫。人之至信者心目也。天性者父子也。不惑者圣贤也。然而于窃鈇而知心目之可乱。于掇蜂而知父子之可间。于拾煤而知圣贤之可疑。况乎道谢孔颜。恩异天性。是非之际。爱恶相攻。争先利途。虞相轧则衅起。希合贵意。虽无嫌而谤生。鲁酒致邯郸之围。飞鸢生博者之祸。伯仁之杀由偶对。伯奢之冤以器声。动罹险中。皆出意表。虽欲周防。亦难曲施。加以吠声者多。辨实者寡。飞语一发。胪言四驰。萌牙始奋。枝叶俄茂。方谓语怪。终成祸梯。呜呼。人必求知。不能自达。何投分效节。有积尘之难。何谮行爱弛。有决防之易。何将进之日。必自见其可而后亲。何将退之时。乃人言其否而遂弃。良由邪人必微。邪谋必阴。阴则难明。微则易信。罔极大甚。古今同途。是以前修鉴其若此。姑以推心取信。不以循迹生嫌。由是求忠臣于孝子。求良妇于骂已。食子尽节也。推其忍可以疑心。放麛违命也。推其仁可以属国。若谓其孝于亲。未必能忠。专于夫。未必能贞。忍于子。未必能忍于其它。仁于兽。未必能仁于其类。则是天下之人。尽不可信。而尽可诬。固不然也。凡人之行巳。必恒于所安。苟非狂易。不能甚异。小人自居门下。仅踰十年。未尝信宿而不侍坐。率性所履。固无遁逃。言行之间。足见真态。伏惟推心以明其迹。追往以鉴于今。苟谓其尝掩人以自售矣。尝近名以冒进矣。尝欺谩于言说矣。尝沓贪于求售矣。尝狎比其琐细矣。尝媒孽其僚友矣。尝矫激以买直矣。尝詀讘以取容矣。尝漏言于咨诹矣。尝败务以簿书矣。有一于此。虽人谓其贤。我得而刑也。岂止于弃乎。苟或反是。虽人谓其盗。我得而任也。庸可而弃乎。由是而言。小人之善否。不在众人。所以受谴已还。行及半岁。当食而叹。闻弦尚惊。不以众人之善为是非。唯以相公之意为衡准。自违间左右。亟蒙简书。慰诲勤勤。穷悴增感。伏想仁念。必思有以拯之。况礼道贵终。人情尚旧。尝尽其力。必加以仁。于犬马之微。有帷盖之报。顾异于是。岂无庶几。傥浮言可以事久而明。众嗤可以时久而息。宏我大信。以袪群疑。使茕茕微志。无已矣之叹。觊乎异日。得夷平民。然后裹足西向。谢恩有所。复以尘缨黧貌。称故吏于相门。此言朝遂。可以夕死。何则。复于变者其义重。拯于危者其感深。暌而后合。示终不可暌也。否而后泰。示终不及否也。获宝于已丧。得途于既迷。与夫平居不为艰故所激者。其味异矣。伏以大君继明。元宰柄用。鸿钧播平分之气。悬象廓无私之照。涣汗大号。与人惟新。昭回汪濊。旁下郡国。投荒为民者。咸释拲梏。遂还里闾。系于稍食。犹在羁绊。伏读赦令。许移近郊。今武陵距京师。赢二千者无几。小人祖先壤树。在京索间。瘠田可耕。陋室未毁。濡露增感。临风永怀。伏希闵其至诚。而少加推恕。命东曹补吏。置籍于荥阳伍中。得奉安舆而西拜先人松槚。誓当赍志没齿。尽力于井臼之间。斯遂心之愿也。如或官谤未塞。私欲未从。虽为裔民。乃有善地。则北距澧浦。资宿舂而可行。无道途之勤。蠲仆赁之费。重以镇南。用和辅理。扇仁风于上游。霁严施惠。得以自遂。斯便家之愿也。伏惟降意详察。择可行者处之。乞恩于指顾之间。为惠有生成之重。虽百谷之仰膏雨。岂喻其急焉。嗟哉小生。仕逢圣日。岂曰不辰。知有相居。岂曰不遇。而乘运钟否。俾躬罹灾。同生无手足之助。终岁有病贫之厄。孰不求达。而独招嫌。孰不求安。而独乖次。赋命如此。虽悔可追。湘沅之滨。寒暑一候。阳雁才到。华言罕闻。猿哀鸟思。啁啾响异。莫夜之后。并来愁肠。怀乡倦越吟之苦。举目多似人之喜。俯视遗体。仰安高堂。悲愁惴慄。常集方寸。尽意之具。固不在言。身远与寡。舍兹何托。是以因言以见意。恃旧以求哀。敢希末光。下烛幽蛰。孤志多感。重恩难忘。顾瞻门馆。惭恋交会。伏纸流涕。不知所云。禹锡惶悚再拜。","卞孝萱《刘禹锡年谱》，中华书局1966年版，第52-53页","卞孝萱校订《刘禹锡集》卷10第116页，中华书局1990年版",,,"洪迎华"
"唐","刘禹锡","宪宗元和元年丙戌","806",,,"35","","江南西道","朗州","武陵",,"湖南","常德市",,"111.704994","29.037723","朗州司马","抵朗州司马任后未久，作诗感怀","","《武陵书怀五十韵并序》","Poem","武陵书怀五十韵
西汉开支郡，南朝号戚藩。四封当列宿，百雉俯清沅。高岸朝霞合，惊湍激箭奔。积阴春暗度，将霁雾先昏。俗尚东皇祀，谣传义帝冤。桃花迷隐迹，楝叶慰忠魂。户算资渔猎，乡豪恃子孙。照山畬火动，踏月俚歌喧。拥楫舟为市，连甍竹覆轩。披沙金粟见，拾羽翠翘翻。茗折苍溪秀，蘋生枉渚暄。禽惊格磔起，鱼戏噞喁繁。沈约台榭故，李衡墟落存。湘灵悲鼓瑟，泉客泣酬恩。露变蒹葭浦，星悬橘柚村。虎咆空野震，鼍作满川浑。邻里皆迁客，儿童习左言。炎天无冽井，霜月见芳荪。清白家传远，诗书志所敦。列科叨甲乙，从宦出丘樊。结友心多契，驰声气尚吞。士安曾重赋，元礼许登门。草檄嫖姚幕，巡兵戊己屯。筑台先自隗，送客独留髡。遂结王畿绶，来观衢室樽。鸢飞入鹰隼，鱼目俪玙璠。晓烛罗驰道，朝阳辟帝阍。王正会夷夏，月朔盛旗幡。独立当瑶阙，传呵步紫垣。按章清犴狱，视祭洁蘋蘩。御历昌期远，传家宝祚蕃。繇文光夏启，神教畏轩辕。内禅因天性，雄图授化元。继明悬日月，出震统乾坤。大孝三朝备，洪恩九族惇。百川宗渤澥，五岳辅昆崙。何幸逢休运，微班识至尊。校缗资筦榷，复土奉山园。一失贵人意，徒闻太学论。直庐辞锦帐，远守愧朱幡。巢幕方犹燕，抢榆尚笑鲲。邅回过荆楚，流落感凉温。旅望花无色，愁心醉不惛。春江千里草，暮雨一声猿。问卜安冥数，看方理病源。带赊衣改制，尘涩剑成痕。三秀悲中散，二毛伤虎贲。来忧御魑魅，归愿牧鸡豚。就日秦京远，临风楚奏烦。南登无灞岸，旦夕上高原。","卞孝萱《刘禹锡年谱》，中华书局1966年版，第53页","卞孝萱校订《刘禹锡集》卷22第277页，中华书局1990年版",,,"洪迎华"
"唐","刘禹锡","宪宗元和元年丙戌","806","8",,"35","","江南西道","朗州","武陵",,"湖南","常德市",,"111.704994","29.037723","朗州司马","八月诏：“左降官韦执谊、韩泰、陈谏、柳宗元、刘禹锡、韩晔、凌准、程异等八人，纵逢恩赦，不在量移之限。”禹锡殊为失望","",,"","","卞孝萱《刘禹锡年谱》，中华书局1966年版，第52页",,,,"洪迎华"
"唐","刘禹锡","宪宗元和元年丙戌","806",,,"35","","江南西道","朗州","武陵",,"湖南","常德市",,"111.704994","29.037723","朗州司马","在朗州司马任，感言语之伤人甚于五兵，有文","","《口兵戎》","Article","","陶敏、陶红雨《刘禹锡全集编年校注》，岳麓书社2003年版，第899页","卞孝萱校订《刘禹锡集》卷20第243页，中华书局1990年版",,,"洪迎华"
"唐","刘禹锡","宪宗元和二年丙戌","807",,,"36","","江南西道","朗州","武陵",,"湖南","常德市",,"111.704994","29.037723","朗州司马","在朗州司马任。朗州旱灾","",,"","","卞孝萱《刘禹锡年谱》，中华书局1966年版，第53-54页",,,,"洪迎华"
"唐","刘禹锡","宪宗元和二年丙戌","807",,,"36","","江南西道","朗州","武陵",,"湖南","常德市",,"111.704994","29.037723","朗州司马","在朗州司马任。有文","","《观市》","Article","观市
由命士以上。不入于市。周礼有焉。由今观之。盖有因也。元和二年。沅南不雨。自季春至于六月。毛泽将尽。郡守有志于民。诚信而雩。遂遍山川方社。又不雨。遂迁市于城门之逵。予得自丽谯而俯焉。肇下令之日。布市籍者咸至。夹轨道而分次焉。其左右前后。班閒错跱。如在阛阓之制。其列题区别。榜揭价名。物参外夷之货。马牛有牵。私属有闲。在巾笥者。织文及素焉。在几阁者。彫彤及质焉。在筐筥者。白黑巨细焉。业于饔者。列饔饎陈饼饵而苾然。业于酒者。举酒旗涤杯盂而泽然。鼓刀之人。设膏俎解豕羊而赫然。华寔之毛。畋鱼之生。交蜚走。错水陆。群状夥名。人隧而分。韫藏而待价者。负絜而求沽者。乘射其时者。奇赢以游者。坐贾禺禺。行贾遑遑。利心中惊。贪目不瞬。于是质剂之曹。较固之伦。合彼此而腾跃之。易良苦于巧言。斁量衡于险手。杪忽之差。鼓舌伧儜。诋欺相高。诡态横出。鼓嚣哗。坌烟埃。奋膻腥。謺巾履。齧而合之。异致同归。鸡鸣而争赴。日午而骈阗。万足一心。恐人我先。交易而退。阳光西徂。幅员不移。径术如初。中无求隙地。俱唯守犬鸟乌。乐得腐馀。是日倚衡而阅之三。感其盈虚之相寻也速。故著于篇云。","卞孝萱《刘禹锡年谱》，中华书局1966年版，第54页","卞孝萱校订《刘禹锡集》卷20第247页，中华书局1990年版",,,"洪迎华"
"唐","刘禹锡","宪宗元和二年丙戌","807","5",,"36","","江南西道","朗州","武陵",,"湖南","常德市",,"111.704994","29.037723","朗州司马","在朗州司马任。为乘广禅师撰碑文","乘广禅师","《袁州萍乡县杨岐山故广禅师碑》","Article","袁州萍乡县杨岐山故广禅师碑
天生人而不能使情欲有节。君牧人而不能去威势以理。至有乘天工之隙以补其化。释王者之位以迁其人。则素王立中枢之教。懋建大中。慈氏起西方之教。习登正觉。至哉乾坤定位。而圣人之道参行乎其中。亦犹水火异气。成味也同德。辕轮异象。至远也同功。然则儒以中道御群生。罕言性命。故世衰而寖息。佛以大慈救诸苦。广起因业。故劫浊而益尊。自白马东来。而人知像教。佛衣始传。而人知心法。宏以权实。示其摄修。味真实者。即清净以观空。存相好者。布威神而迁善。厚于求者。植因以觊福。罹于苦者。證业以销冤。革盗心于冥昧之间。泯爱缘于死生之际。阴助教化。总持人天。所谓生成之外。别有陶冶。刑政不及。曲为调柔。其方可言。其旨不可得而言也。惟四海之大。群伦之富。必有以得其门而会其宗者。为世导师焉。禅师讳乘广。其生容州。姓张氏。七岁尚儒。以俎豆为戏。十三慕道。遵怀削之仪。至衡阳。依天柱想公以启初地。至洛阳。依荷泽会公以契真乘。洪钟蕴声。扣之斯应。阳燧含焰。晞之乃明。始由见性。终得自在。常谓机有浅深。法无高下。分二宗者。众生存顿渐之见。说三乘者。如来开方便之门。名自外得。故生分别。道由内證。则无异同。遂以摄化为心。经行不倦。悯彼南裔。不闻佛经。由是结庐此山。心与境寂。应念以起教。随方而立因。居涉旬而善根者知归。逮周月而带缚者惭悟。以月倍日。以年倍时。瘖矇洞开。荒憬潜革。邑中长者。十方善众。咸发信愿。大其藩垣。法堂四阿。复引僧舍。身心恒寂。象马交驰。随其去来。皆得利益。踰岭之北。涉湘而南。仰兹高山。知道有所在。此地缘尽。翛然化俱。神归佛境。悲结人世。自趺坐而灭。至于茶毗。三百有六旬矣。爪发加长。容泽差衰。真子号呼。围绕薪火。得舍利如珠玑者数十百焉。于戏。肖圆方之形。故寂灭以示尽。入菩提之位。故殊相以现灵。亦犹凤毛成字。麟角生肉。必有以异。不知其然。于是服勤闻法之上首曰甄升。乃率其徒圆寂道宏如亮如海等。相与抆泪具役。建塔于禅室之右端。从众也。初广公始生之辰。岁在丁巳。当玄宗之中元也。生三十而受具。更腊五十二而终。终之夕岁直戊寅。当德宗之后元三月既望之又十日也。后九年。其门人还源以为崇塔以存神。与建铭以垂休。皆凭像寄怀。不可以阙一。缪谓予为习于文者。故茧足千里。以诚相投。大惧其先师德音与时寖远。且曰。白月中黑。东川无还。飏于金石。传信百劫。彼堕泪之感。岂儒者流专之。敬酬斯言。铭示真俗。文曰。如来说法。遍满大千。得胜义者。强名为禅。至道不二。至言无辩。心法东行。群迷丕变。七叶无嗣。四魔潜扇。佛衣生尘。佛法如线。吾师觉者。冥极道枢。承受密印。端如贯珠。一室寥然。高山之隅。为法来者。千百人俱。裔民嗤嗤。户有犀渠。摄以方便。家藏佛书。愿力既普。度门斯盛。合为一乘。散为万行。即动求静。故能常定。绝缘离觉。乃得究竟。生非我乐。死非我病。现灭者身。常圆者性。本无言说。付属其谁。等空无碍。后觉得之。像閟灵塔。迹留仁祠。十方四辈。瞻礼于斯。","卞孝萱《刘禹锡年谱》，中华书局1966年版，第54页","卞孝萱校订《刘禹锡集》卷4第56页，中华书局1990年版",,,"洪迎华"
"唐","刘禹锡","宪宗元和二年丙戌","807",,,"36","","江南西道","朗州","武陵",,"湖南","常德市",,"111.704994","29.037723","朗州司马","在朗州司马任。闻道士弹琴，有诗思归","","《闻道士弹思归引》","Poem","闻道士弹思归引
仙公一奏思归引，逐客初闻自泫然。莫怪殷勤悲此曲，越声长苦已三年。","陶敏、陶红雨《刘禹锡全集编年校注》，岳麓书社2003年版，第81页","卞孝萱校订《刘禹锡集》卷38第572页，中华书局1990年版",,,"洪迎华"
"唐","刘禹锡","宪宗元和三年戊子","808",,,"37","","江南西道","朗州","武陵",,"湖南","常德市",,"111.704994","29.037723","朗州司马","在朗州司马任。与永州司马柳宗元通信讨论文学","柳宗元","《答柳子厚书》","Article","答柳子厚书
禹锡白。零陵守以函置足下书。爰来屑末三幅小章。书仅千言。申申亹亹。茂勉甚悉。相思之苦怀。胶结赘聚。至是泮然以销。所不如晤言者亡几。书竟获新文二篇。且戏予曰。将子为巨衡。以揣其钧石铢黍。予吟而绎之。顾其词甚约。而味渊然以长。气为干。文为支。跨跞古今。鼓行乘空。附离不以凿枘。咀嚼不有文字。端而曼。苦而腴。佶然以生。癯然以清。予之衡诚悬于心。其揣也如是。子之戏予。果何如哉。夫矢发乎羿彀。而中微存乎它人。子无曰必我之师而后我衡。苟然。则誉羿者皆羿也。可乎。索居三岁。俚言芜而不治。临书轧轧不具。禹锡白。","卞孝萱《刘禹锡年谱》，中华书局1966年版，第54-55页","卞孝萱校订《刘禹锡集》卷10第127页，中华书局1990年版",,,"洪迎华"
"唐","刘禹锡","宪宗元和三年戊子","808",,,"37","","江南西道","朗州","武陵",,"湖南","常德市",,"111.704994","29.037723","朗州司马","在朗州司马任，作文","裴均","《复荆门县记》","Article","复荆门县记
直故郢北走之道。其聚邑曰荆门。揭起重关。殿于乐都。名视县内之制。居殷形束之要。故吏师重焉。通外夷之底贡。会南藩之述职。故宾礼繁焉。其肇允经营。实王孙昌夔居荆以表之。命行名建。而缔构之弗暇。无几何。有由勇爵而授赤社于兹者。徼驰名于省啬。谓相沿为非智。因请罢去其号。发践更以董之。有司不能端究事本。循空言而可其奏。繇是分地徵以归它邑。野之人有回远之叹。废文吏而颛戍督。行之旅有谁何之艰。是利不及下也。黎民病之。自鄢而南。斯为画疆。抵郡之路。贯其七舍。持瑞节而衔急宣之使。盖阴相交。遂使服缦胡者备问俗之对。执刀匕者申饩牵之礼。是敬之不及宾也。君子病之。如是几二十岁。距永贞元年。江陵尹裴公政成上游。德及矜人。大建长利。俾无遗害。乃外济群欲。内张全模。周图经制。条白于状。昌言既从。公议攸同。忘劳之徒。乐用之工。载大其门。载高其墉。径术脉分。阛闾架空。然后析便地以肥之。建具官以司之。糜羡财以偿其力役。汰冗食以资其秩稍。田里不闻于徵令。县官无减于岁入。越某月。既成而落之。官修其方。人乐其居。将迎犒饫之仪展。厩置符繻之事举。戍夫有伍。公吏有职。由汇而分。率无踰闲。入其封者。可以知教。元和元年。四海会同。天子命公师长南宫。三年。公以介圭入觐。途出斯邑。邑人之华皓幼童。咸须于道周。距跃而谣曰。起我堙废而完之。徕我荡析而安之。昔室于墟。风摇雨濡。自公优柔。郛闬盈兮。昔饮于洿。夏溷冬枯。自公感通。觱沸生兮。淑旂之华兮。四牡之騑。徯公之还兮。觞以祝之。郤略蹁跹。百形一音。公为驻错衡而劳之。有以文从公者。纪事于牍。且曰民可怀也。盍命夫学旧史之事以志焉。公不得让而从之。走是以有授简之辱。初公以县之之便闻于上也。禹锡方以郎位贴职于计曹。章下之日。得以省事。逮今以迁人获宥于善部。工休之日。得以践履。故于拜命无牢让。于传信无愧词。以为古之创物建庸。宜于人民而得其时者。则必歌其事功。为后代法。雅有营谢。美召伯也。传称城沂。贤蔿敖也。赋水泉原隰之状。志虑事命日之规。当书而咏之。细亦弗可略也。是用谨其本始而存乎篇。俾后之视今者。知楚郊之令典云。","卞孝萱《刘禹锡年谱》，中华书局1966年版，第55页","卞孝萱校订《刘禹锡集》卷9第112页，中华书局1990年版",,,"洪迎华"
"唐","刘禹锡","宪宗元和三年戊子","808",,,"37","","江南西道","朗州","武陵",,"湖南","常德市",,"111.704994","29.037723","朗州司马","在朗州司马任。与白居易诗文寄赠","白居易","《翰林白二十二学士见寄诗一百篇因以答贶（一作赠）》","Poem","翰林白二十二学士见寄诗一百篇因以答贶
吟君遗我百篇诗，使我独坐形神驰。玉琴清夜人不语，琪树春朝风正吹。郢人斤斲无痕迹，仙人衣裳弃刀尺。世人方内欲相寻，行尽四维无处觅。","卞孝萱《刘禹锡年谱》，中华书局1966年版，第55页","卞孝萱校订《刘禹锡集》卷31第417页，中华书局1990年版",,,"洪迎华"
"唐","刘禹锡","宪宗元和四年己丑","809",,,"38","","江南西道","朗州","武陵",,"湖南","常德市",,"111.704994","29.037723","朗州司马","在朗州司马任。托程异献诗于李吉甫，并上书启","程异，李吉甫","《上淮南李相公启》","Article","上淮南李相公启
某启。某向以昧于周身。措足危地。骇机一发。浮谤如川。巧言奇中。别白无路。祝网之日。漏恩者三。咋舌兢魂。分终裔壤。岂意天未剿绝。仁人登庸。施一阳于剥极之际。拔众溺于坎深之下。南箕播物。不胜昌言。危心铩翮。繇是自保。阴施之德。已然乃闻。受恩同人。盟以死答。私感窃抃。积于穷年。化权礼绝。孤志莫展。今幸伍中牵复。司存宇下。伏虑因是记其姓名。谨献诗二篇。敢闻左右。古之所以导下情而通比兴者。必文其言以表之。虽氓谣俚音。可俪风什。伏惟降意详择。斯大幸也。谨因杨子程留后行。谨奉启不宣。谨启。","卞孝萱《刘禹锡年谱》，中华书局1966年版，第56页","卞孝萱校订《刘禹锡集》卷18第213页，中华书局1990年版",,,"洪迎华"
"唐","刘禹锡","宪宗元和四年己丑","809",,,"38","","江南西道","朗州","武陵",,"湖南","常德市",,"111.704994","29.037723","朗州司马","在朗州司马任。秋，与李吉甫诗文唱和，并寄武元衡","李吉甫，武元衡","《奉和淮南李相公早（一作暮）秋即事寄成都武相公》","Poem","奉和淮南李相公早秋即事寄成都武相公
八柱共承天，东西别隐然。远夷争慕化，真相故临边。并进夔龙位，仍齐龟鹤年。同心舟已济，造膝璧常联。对领专征寄，遥持造物权。斗牛添气色，井络静氛烟。献可通三略，分甘出万钱。汉南趋节制，赵北赐山川。玉帐观渝舞，虹旌猎楚田。步嫌双绶重，梦入九城偏。秋雨离情动，新诗乐府传。聆音还窃抃，不觉抚么弦。","卞孝萱《刘禹锡年谱》，中华书局1966年版，第56页","卞孝萱校订《刘禹锡集》卷22第275页，中华书局1990年版",,,"洪迎华"
"唐","刘禹锡","宪宗元和五年庚寅","810",,,"39","","江南西道","朗州","武陵",,"湖南","常德市",,"111.704994","29.037723","朗州司马","在朗州司马任。作诗送友，因寄幕中亲故，并简衡州刺史吕温","李策，吕温","《送李策秀才还湖南因寄幕中亲故兼简衡州吕八郎中》","Poem","送李策秀才还湖南因寄幕中亲故兼简衡州吕八郎中
深春风日净，昼长幽鸟鸣。仆夫前致词，门有白面生。摄衣相问讯，解带坐南荣。端志见眉睫，苦言发精诚。因出怀中文，调孤词亦清。悄如促柱弦，掩抑多不平。乃言本蜀士，世降岷山灵。前人秉艺文，高视来上京。曳绶司徒府，所从信国桢。析薪委宝林，善响继家声。何处翳附郭，几人思郈成。云天望乔木，风水悲流萍。前与计吏西，始列贡士名。森然就笔札，从试春官卿。帝城岐路多，万足伺晨星。茫茫风尘中，工拙同有营。寒女劳夜织，山苗荣寸茎。侯门方击钟，衣褐谁将迎。弱羽果摧颓，壮心郁怦怦。谅无蟠木容，聊复蓬累行。昨日讯灵龟，繇言利艰贞。当求舍拔中，必在审已明。誓将息薄游，焦思穷笔精。莳兰在幽渚，安得扬芬馨。曰余摧落者，散质负华缨。一聆苦辛词，再动伊郁情。身弃言不动，爱才心尚惊。恨无羊角风，使尔化北溟。论罢情益亲，涉旬忘归程。日携邑中客，闲眺江上城。昼憩命金罍，宵谈转璿衡。薰风香麈尾，月露濡桃笙。忽被戒羸骖，薄言事南征。火云蔚千里，旅思浩已盈。湘江含碧虚，衡岭浮翠晶。岂伊山水异，适与人事并。油幕侣昆丘，粲然叠瑶琼。庾楼见清月，孔坐多绿𨤍。复有衡山守，本自云龙庭。抗志在灵府，发越侔咸英。一挥出荥阳，惠彼嗤嗤氓。隼旟辞灞水，居者皆涕零。惟昔与伊人，交欢经宿龄。一从云雨散，滋我鄙吝萌。北渚不堪愁，南音谁复听。离忧若去水，浩漾无时停。尝闻祝融峰，上有神禹铭。古石琅玕姿，秘文螭虎形。圣功奠远服，神物拥休祯。贤人在其下，彷佛疑蓬瀛。君行历郡斋，大袂拂双旌。饰容遇朗鉴，肝鬲可以呈。昔日马相如，临邛坐尽倾。勉君刷羽翰，蚤取凌青冥。","卞孝萱《刘禹锡年谱》，中华书局1966年版，第57页","卞孝萱校订《刘禹锡集》卷28第375页，中华书局1990年版",,,"洪迎华"
"唐","刘禹锡","宪宗元和五年庚寅","810",,,"39","","江南西道","朗州","武陵",,"湖南","常德市",,"111.704994","29.037723","朗州司马","在朗州司马任。秋，卧病，作诗寄友","李景俭","《卧病闻常山旋师策勋宥过王泽大洽因寄李六侍御》","Poem","卧病闻常山旋师策勋宥过王泽大洽因寄李六侍郎
寂寂重寂寂，病夫卧秋斋。夜蛩思幽壁，槁叶鸣空阶。南国异气候，火旻尚昏霾。瘴烟跕飞羽，沴气伤百骸。昨闻凯歌旋，饮至酒如淮。无战陋丹水，垂仁轻槁街。清庙既策勋，圆丘俟燔柴。车书一以混，幽远靡不怀。逐客憔悴久，故乡云雨乖。禽鱼各有化，予欲问齐谐。","陶敏、陶红雨《刘禹锡全集编年校注》，岳麓书社2003年版，第96页","卞孝萱校订《刘禹锡集》卷23第288页，中华书局1990年版",,,"洪迎华"
"唐","刘禹锡","宪宗元和六年辛卯","811",,,"40","","江南西道","朗州","武陵",,"湖南","常德市",,"111.704994","29.037723","朗州司马","在朗州司马任。年初，有诗和衡州刺史吕温","吕温","《吕八见寄郡内书怀因而戏和》","Poem","吕八见寄郡内书怀因而戏和
文苑振金声，循良冠百城。不知今史氏，何处列君名。","陶敏、陶红雨《刘禹锡全集编年校注》，岳麓书社2003年版，第104页","卞孝萱校订《刘禹锡集》卷35第516页，中华书局1990年版",,,"洪迎华"
"唐","刘禹锡","宪宗元和六年辛卯","811",,,"40","","江南西道","朗州","武陵",,"湖南","常德市",,"111.704994","29.037723","朗州司马","在朗州司马任。为董侹集作文","董侹","《董氏武陵集序》","Article","董氏武陵集序
片言可以明百意。坐驰可以役万景。工于诗者能之。风雅体变而兴同。古今调殊而理冥。达于诗者能之。工生于才。达生于明。二者还相为用。而后诗道备矣。余尝执斯评为公是。且衡而度之。诚悬乎心。默揣群才。钧铢寻尺。随限而尽。如是所阅者百态。一旦得董生之词。杳如抟翠屏。浮层澜。视听所遇。非风尘间物。亦犹明金綷羽。得于遐裔。虽欲勿宝。可乎。生名挺。字庶中。幼嗜属诗。晚而不衰。心源为垆。笔端为炭。锻鍊元本。雕砻群形。糺纷舛错。逐意奔走。因故沿浊。协为新声。尝所与游。皆青云之士。闻名如卢杜。高韵如包李。迭以章句扬于当时。末路寡徒。值余欢甚。因相谓曰。间者身以廷尉属为荆州从事。移疾罢去。幽卧于武陵。迨今四年。言未信于世。道不施于人。寓其性怀。播为吟咏。时复发笥。纷然盈前。凡五十篇。因地为目。吾子常号知我。盍表而志之。为生羽翼。予不得让。而著于篇。因系之曰。诗者其文章之蕴邪。义得而言丧。故微而难能。境生于象外。故精而寡和。千里之缪。不容秋毫。非有的然之姿。可使户晓。必俟知者。然后鼓行于时。自建安距永明已还。词人比肩。唱和相发。有以朔风零雨。高视天下。蝉噪鸟鸣。蔚在史策。国朝因之。粲然复兴。由篇章以跻贵仕者。相踵而起。兵兴已还。右武尚功。公卿大夫。以忧济为任。不暇器人于文什之间。故其风寝息。乐府协律。不能足新音以度曲。夜讽之职。寂寥无纪。则董生之贫卧于裔土也。其不得于时者欤。其不试故蓺者欤。","卞孝萱《刘禹锡年谱》，中华书局1966年版，第58页","卞孝萱校订《刘禹锡集》卷19第237页，中华书局1990年版",,,"洪迎华"
"唐","刘禹锡","宪宗元和六年辛卯","811",,,"40","","江南西道","朗州","武陵",,"湖南","常德市",,"111.704994","29.037723","朗州司马","在朗州司马任。作文与董侹论九六之义","董侹","《辩易九六论》","Article","","卞孝萱《刘禹锡年谱》，中华书局1966年版，第58页","卞孝萱校订《刘禹锡集》卷7第86页，中华书局1990年版",,,"洪迎华"
"唐","刘禹锡","宪宗元和六年辛卯","811",,,"40","","江南西道","朗州","武陵",,"湖南","常德市",,"111.704994","29.037723","朗州司马","在朗州司马任。与董侹诗文唱和","董侹","《和董庶中古散调词赠尹果毅》","Poem","和董庶中古散调词赠尹果毅
昔听东武吟，壮年心已悲。如何今濩落，闻君辛苦辞。言有穷巷士，弱龄颇尚奇。读得玄女符，生当事边时。借名游侠窟，结客幽并儿。往来长楸间，能带双鞬驰。崩腾天宝末，尘暗燕南垂。爟火入咸阳，诏徵神武师。是时占军幕，插羽扬金羁。万夫列辕门，观射中戟支。誓当雪国雠，亲爱从此辞。中宵倚长剑，起视蚩尤旗。介马晨萧萧，阵云竟天涯。阴风猎白草，旗槊光参差。勇气贯中肠，视身忽如遗。生擒白马将，虏骑不敢追。贵臣上战功，名姓随意移。终岁肌骨苦，他人印累累。谒者既清宫，诸侯各罢戏。上将赐甲第，门戟不可窥。眦血下沾襟，天高问无期。却寻故乡路，孤影空相随。行逢里中旧，扑遬昔所嗤。一言合侯王，腰佩黄金龟。问我何自苦，可怜真数奇。迟回顾徒御，得色悬双眉。翻然悟世途，抚己昧所宜。田园已芜没，流浪江海湄。鸷禽毛翮摧，不见翔云姿。衰容蔽逸气，孑孑无人知。寂寞草玄徒，长吟下书帷。为君发哀韵，若扣瑶林枝。有客识其真，潺湲涕交颐。饮尔一杯酒，陶然足自怡。","卞孝萱《刘禹锡年谱》，中华书局1966年版，第58页","卞孝萱校订《刘禹锡集》卷23第292页，中华书局1990年版",,,"洪迎华"
"唐","刘禹锡","宪宗元和六年辛卯","811",,,"40","","江南西道","朗州","武陵",,"湖南","常德市",,"111.704994","29.037723","朗州司马","在朗州司马任。与董侹诗文唱和","董侹","《览董评事思归之什因以诗赠》","Poem","览董评事思归之什因以诗赠
几年油幕佐征东，却泛沧浪狎钓童。欹枕醉眠成戏蝶，抱琴闲望送归鸿。文儒自袭胶西相，倚伏能齐塞上翁。更说扁舟动乡思，青菰已熟奈秋风。","卞孝萱《刘禹锡年谱》，中华书局1966年版，第58页","卞孝萱校订《刘禹锡集》卷24第304页，中华书局1990年版",,,"洪迎华"
"唐","刘禹锡","宪宗元和六年辛卯","811",,,"40","","江南西道","朗州","武陵",,"湖南","常德市",,"111.704994","29.037723","朗州司马","在朗州司马任。作诗哭衡州刺史吕温卒","吕温","《哭吕衡州时予方谪居》","Poem","哭吕衡州时予方谪居
一夜霜风凋玉芝，苍生望绝士林悲。空怀济世安人略，不见男婚女嫁时。遗草一函归太史，旅坟三尺近要离。朔方徙岁行当满，欲为君刊第二碑。","卞孝萱《刘禹锡年谱》，中华书局1966年版，第58页","卞孝萱校订《刘禹锡集》卷30第408页，中华书局1990年版",,,"洪迎华"
"唐","刘禹锡","宪宗元和六年辛卯","811",,,"40","","江南西道","朗州","武陵",,"湖南","常德市",,"111.704994","29.037723","朗州司马","在朗州司马任。秋，闻友董侹疾，作诗以赠","董侹","《闻董评事疾因以书赠》","Poem","闻董评事疾因以书赠
繁露传家学，青莲译梵书。火风乖四大，文字废三馀。欹枕昼眠静，折巾秋鬓疏。武皇思视草，谁许茂陵居。","卞孝萱《刘禹锡年谱》，中华书局1966年版，第58页","卞孝萱校订《刘禹锡集》卷22第279页，中华书局1990年版",,,"洪迎华"
"唐","刘禹锡","宪宗元和六年辛卯","811",,,"40","","江南西道","朗州","武陵",,"湖南","常德市",,"111.704994","29.037723","朗州司马","在朗州司马任。秋，与江陵尹严绶诗文唱和","严绶","《江陵严司空见示与成都武相公唱和因命同作》","Poem","江陵严司空见示与成都武相公唱和因命同作
南荆西蜀大行台，幕府旌门相对开。名重三司平水土，威雄八阵役风雷。彩云朝望青城起，锦浪秋经白帝来。不是郢中清唱发，谁当丞相掞天才。","卞孝萱《刘禹锡年谱》，中华书局1966年版，第58页","卞孝萱校订《刘禹锡集》卷24第307页，中华书局1990年版",,,"洪迎华"
"唐","刘禹锡","宪宗元和六年辛卯","811",,,"40","","江南西道","朗州","武陵",,"湖南","常德市",,"111.704994","29.037723","朗州司马","在朗州司马任。本年左右，作诗送僧友游辰州，并寄同年许志雍","僧如智，许志雍","《送如智法师游辰州兼寄许评事》","Poem","","陶敏、陶红雨《刘禹锡全集编年校注》，岳麓书社2003年版，第117页","卞孝萱校订《刘禹锡集》卷29第393页，中华书局1990年版",,,"洪迎华"
"唐","刘禹锡","宪宗元和七年壬辰","812",,,"41","","江南西道","朗州","武陵",,"湖南","常德市",,"111.704994","29.037723","朗州司马","在朗州司马任。宰相李吉甫有量移刘禹锡等人之意","李吉甫",,"","","卞孝萱《刘禹锡年谱》，中华书局1966年版，第59页",,,,"洪迎华"
"唐","刘禹锡","宪宗元和七年壬辰","812",,,"41","","江南西道","朗州","武陵",,"湖南","常德市",,"111.704994","29.037723","朗州司马","在朗州司马任。再致书于杜佑，要求召回","杜佑","《上杜司徒启》","Article","上杜司徒启
某启。一自谪居。七悲秋气。越声长苦。听者谁哀。汤网虽疏。久而犹诖。失意多病。衰不待年。心如寒灰。头有白发。惕厉之日。利于退藏。是以弥年不敢奏记。近本州徐使君至。奉手笔一函。称谓不移。问讯加剧。重复点窜。一无客言。忽疑此身。犹在门下。收纸长想。欣然感生。寻省遭罹。万重不幸。方寸之地。自不能言。求人见谅。岂复容易。伏蒙远示。且曰浮谤渐消。况承庆宥。期以振刷。方今圣贤合德。朝野多欢。泽柔异类。仁及行苇。万族咸悦。独为穷人。四时平分。未变寒谷。自同类牵复。又已三年。侧闻众情。或似哀叹。某才略无取。废锢是宜。若非旧恩。孰肯留念。六翮方铩。思重托于扶摇。孤桐半焦。冀见收于煨烬。伏纸流涕。不知所言。谨启。","卞孝萱《刘禹锡年谱》，中华书局1966年版，第59-60页","卞孝萱校订《刘禹锡集》卷18第212页，中华书局1990年版",,,"洪迎华"
"唐","刘禹锡","宪宗元和七年壬辰","812","5",,"41","","江南西道","朗州","武陵",,"湖南","常德市",,"111.704994","29.037723","朗州司马","在朗州司马任。四月，董侹卒；五月，葬。禹锡作墓志铭","董侹","《故荆南节度推官董府君墓志铭》","Article","故荆南节度推官董府君墓志铭
元和七年夏四月某日。前荆州部从事董府君以疾终于故府私第。年若干。其孤泣书前人之爵里耿光。求我以铭于幽。且先志也。故重为之。董姓出于豢龙氏。至辛有而分。在晋为良史。在赵佐简子为能臣。项羽主盟为翟王。高皇帝举兵汉中。劫其兵众。不克其土。后裔遂为陇西人。凡称字不称名。不待事而彰也。始予谪于武陵。人多中之贤有董生。为守令客。既而以士相见之礼成。与之言。能言坟典。数旁捃百氏之学。弱年嗜属诗。工奕棋。用是索合于贵游。多所慰荐。中年奉浮图。说三乘。用是贡诚于清贤。多被辟书。脱巾为宏文馆校书郎。再选至大理评事。咸视真秩。而不累其章。职系于外是也。晚节尚道。故投劾于幕府。治扁舟。浮江沱。泛洞庭。登熊耳。访浮邱以探异。赋枉渚以寄傲。居数岁。投老于南荆。迷邦纵性。委和从化。逮夫寝巨室也。自含襚至于卜竁。皆仁人之赙焉。是岁五月十二日。卜葬于龙山之某冈。外姻至矣。君名侹。字庶中。大父曰思简。位至汝南太守。父承祖。殁于试守太子舍人。始为君求妇于郑之里。生嗣子夏卿殷卿。既立而夭。今未之从。其后又娶于阎氏。生二子曰周卿云卿。嫠也繐裳髽首。有正家之道。呜呼。道愈富而室愈贫。志甚修而知甚寡。士以陇西为贵。将在令名与。铭曰。学待问而文藻身。艺不试兮名孰闻。大道甚夷兮非我辰。何生不茂兮非我春。修门之达兮连冈膴膴。蔓草如茵兮新坟若斧。吁嗟董生兮于焉终古。","卞孝萱《刘禹锡年谱》，中华书局1966年版，第59-60页","卞孝萱校订《刘禹锡集》卷40第596页，中华书局1990年版",,,"洪迎华"
"唐","刘禹锡","宪宗元和七年壬辰","812","7",,"41","","江南西道","朗州","武陵",,"湖南","常德市",,"111.704994","29.037723","朗州司马","在朗州司马任。秋七月，顾彖卒。作墓表","顾彖","《绝编生墓表》","Article","绝编生墓表
顾彖。吴郡人。食力于武陵沅水上。以读易闻。病且死。饬其子曰。吾年十有五而受易于师。积六十三年于兹。未尝一日不吟乎系象。里中儿从吾读。其文多矣。死则必葬吾于党庠之侧。尚其有知。且闻吾书。君子曰。若彖者。可谓志笃于学矣。因以绝编生谥之。且表其墓。后之读功令者或采焉。予既谪居是邦。始至之日。问能道古语可与言者。邑子以生为对。既而执贽请见。之生危冠大袂。阔视雅拜。及门知让。候肃而后入。又肃而跻阶。心存圣言。润彻眉睫。有野态而亡苟容。问其所执。曰幼学易。老而尤嗜。问安学。曰始闻于师。晚熟于心。自尼父兼三才。绌八索。系辞焉以通微言。与伏羲文王并行。犹天三辰同丽太极。秦脱大患。完文显行。汉之田丁京刘。而东京有马郑。魏之何荀两王。而吴有韦陆。前者导源。后者洒之。沨融混合。百派奔凑。唐兴。沙门一行。方泄天机以探古人。神友造物。智斟人事。制动也有柅。变道也亡方。向之支流。委输于我。其它䌷绎祖述。三十有馀家。朱蓝之朴。斲之为羽翼。为鼓吹。畴咨天人之际。旁魄上下。骛精于捃摭。匮巧于穿凿。犹制氏之于乐。铿锵而已。徐氏之于礼。善容而已。然而前修之尽心也。得以味腴搴芳焉。手胝于运管。目胝于临烛。而气耗于咏呻。家居亡訾。不能与计偕。地偏且远。亡有能晤语者。心愈苦而迹愈卑。寒肤嗛腹。以至于耋老。微夫子之问。持是安施乎。它日。予造其室庐。瓢箪在左。污尊在右。有龟枵然。有筴甚泽。予擪蓍指骨而讯之曰。是亹亹者。曾不予欺乎。生攸尔而对云。古先圣人知道之妙。不可搏而得也。故设象以致意。梯有以取亡。取当其粗。用当其精。夫权衡所以揣轻重。不为捶钩者设也。寻尺所以商远迩。不为运斤者设也。龟筴所以决群疑。不为知几者设也。几存乎人。是则以天时为卦体。以地理为爻位。外附人事以象焉。内取诸身以彖焉。得枢于寰中。迎数于象外。自然之理。不知其然。虽欲强名。措说亡地。彼枯茎朽壳。安能与于此乎。今夫揲之以至刓。灼之以殆尽。徒与夫蚩蚩者问歉穰。占熊虺。起讼需食。亡羊丧牛之间耳。资其握粟。以糊予口。乌足为夫子道哉。予以斯言邃于易。故书。噫。国有大学。学有馆。以延颛门。若生者。苦形役志。如是其颛也。茹经于腹。湮灭粪壤。壁水汤汤。不闻其声。摧藏朴遫。与山木同朽。岂地远然耶。彼文甲綷毛。剽筋寿革。岭峤之华实。炎溟之蜃虾。飞苞驿篚。所至而贵。夫岂贵迩也哉。悦者众故也。生之死在元和七年秋七月。由死之日。推而上求。直治生之辰。得四百有七十甲子。葬在征渚西右矶上。其坟可隐东望里塾。尚行其志云。","卞孝萱《刘禹锡年谱》，中华书局1966年版，第59-60页","卞孝萱校订《刘禹锡集》卷40第597页，中华书局1990年版",,,"洪迎华"
"唐","刘禹锡","宪宗元和七年壬辰","812",,,"41","","江南西道","朗州","武陵",,"湖南","常德市",,"111.704994","29.037723","朗州司马","在朗州司马任。与朗州刺史窦常宴游唱和","窦常",,"","","卞孝萱《刘禹锡年谱》，中华书局1966年版，第59-60页",,,,"洪迎华"
"唐","刘禹锡","宪宗元和七年壬辰","812",,,"41","","江南西道","朗州","武陵",,"湖南","常德市",,"111.704994","29.037723","朗州司马","在朗州司马任。丘绛遇害，禹锡作诗伤悼","丘绛","《伤丘中丞并引》","Poem","伤丘中丞
邺下杀才子，苍茫冤气凝。枯杨映漳水，野火上西陵。马鬣今无所，龙门昔共登。何人为吊客，唯是有青蝇。","卞孝萱《刘禹锡年谱》，中华书局1966年版，第60-61页","卞孝萱校订《刘禹锡集》卷30第409页，中华书局1990年版",,,"洪迎华"
"唐","刘禹锡","宪宗元和七年壬辰","812",,,"41","","江南西道","朗州","武陵",,"湖南","常德市",,"111.704994","29.037723","朗州司马","在朗州司马任。作诗送别","僧元暠","《送僧元暠东游并序》","Poem","送僧元皓东游
宝书翻译学初成，振锡如飞白足轻。彭泽因家凡几世，灵山预会是前生。传灯已悟无为理，濡露犹怀罔极情。从此多逢大居士，何人不愿解珠璎。","卞孝萱《刘禹锡年谱》，中华书局1966年版，第61页","卞孝萱校订《刘禹锡集》卷29第392页，中华书局1990年版",,,"洪迎华"
"唐","刘禹锡","宪宗元和七年壬辰","812",,,"41","","江南西道","朗州","武陵",,"湖南","常德市",,"111.704994","29.037723","朗州司马","在朗州司马任。感伤作赋","","《伤往赋并序》","Article","伤往赋
叹独处之悒悒兮。愤伊人之我遗。情可杀而犹毒。境当欢而复悲。人或朝叹而暮息。夫何越月而踰时。太极运乎三辰。转寒暑而下驰。有归于无兮。盛复于衰。犹昧爽之必暮。又安得而怨咨。我今怨夫若人兮。曾旭旦而潜晖。飘零日及之萼。倏忽蜉蝣之衣。川走下而不还。露迎阳而易晞。恩已甚兮难绝。见无期兮永思。我行其野。农民桑者。举桉来馌。亦在林下。我观于途。裨贩之夫。同荷均挈。荆钗布襦。羽毛之蕃。鳞介之微。和鸣灌丛。双泳涟漪。薨薨伊虫。蠢蠢伊豸。游空穴深。两两相比。何动类之万殊。必雄雌而与俱。物莫失俪以孤处。我方踽踽而焉如。我复虚室。目凄凉兮心伊郁。心伊郁兮将语谁。坐匡床兮抚婴儿。何所丐沐兮何从仰饴。襦裤在身兮昔围蹉跌。鞶囊附臂兮馀馥葳蕤。诚天性之潜感。顾童心兮如疑。哓然有难继之慕。漠然减好弄之姿。指遗袿兮能认。愬空帷兮欲归。我入寝宫。痛人亡兮物改其容。宝瑟僵兮弦柱绝。瑶台倾兮镜奁空。寒炉委灰。虚幌多风。隙驹晨转。窗蟾夜通。步摇昏兮网粘翡翠。芳褥掩兮尘化蚷蛩。阅刀尺之馀泽。见巾箱之故封。玩服俨兮犹具。繁华谢兮焉从。想翩翻于是非。求𭔎𡨧与冥蒙。信奇术之可致。嗟此生兮不逢。徒注视以寂听。恍神疲而目穷。还抱影以独出。纷百哀而攻中。系曰。龙门风霜苦。别鹤哀鸣夜。衔羽吴江波浪深。雌剑一去无遗音。悲之来兮愦予心。汹如行波荐浸淫。怅缘情而莫极。思执礼以自箴。已焉哉。苒苒生死。悠悠古今。乘彼一气兮。聚散相寻。或鼓而兴。或罢而沈。以无涯之情爱。悼不驻之光阴。谅自迷其有分。徒终怨于匪忱。彼蒙庄兮何人。予独累叹而长吟。","陶敏、陶红雨《刘禹锡全集编年校注》，岳麓书社2003年版，第957页","卞孝萱校订《刘禹锡集》卷1第9页，中华书局1990年版",,,"洪迎华"
"唐","刘禹锡","宪宗元和七年壬辰","812",,,"41","","江南西道","朗州","武陵",,"湖南","常德市",,"111.704994","29.037723","朗州司马","在朗州司马任。本年或稍前，有诗伤友房启良伎卒","房启","《伤秦姝行并引》","Poem","伤秦姝行
长安二月花满城，插花女儿弹银筝。南宫仙郎下朝晚，曲头驻马闻新声。马蹄逶迟心荡漾，高楼已远犹频望。此时意重千金轻，鸟传消息绀轮迎。芳筵银烛一相见，浅笑低鬟初目成。蜀弦铮摐指如玉，皇帝弟子韦家曲。青牛文梓赤金簧，玫瑰宝柱秋雁行。敛蛾收袂凝清光，抽弦缓调怨且长。八鸾锵锵渡银汉，九雏威凤鸣朝阳。曲终韵尽意不足，馀思悄绝愁空堂。从郎镇南别城阙，楼船理曲潇湘月。冯夷蹁跹舞渌波，鲛人出听停绡梭。北池含烟瑶草短，万松亭下清风满。秦声一曲此时闻，岭泉呜咽南云断。来自长陵小市东，蕣华零落瘴江风。侍儿掩泣收银甲，鹦鹉不言愁玉笼。博山炉中香自灭，镜奁尘暗同心结。从此东山非昔游，长嗟人与弦俱绝。","陶敏、陶红雨《刘禹锡全集编年校注》，岳麓书社2003年版，第123页","卞孝萱校订《刘禹锡集》卷30第413页，中华书局1990年版",,,"洪迎华"
"唐","刘禹锡","宪宗元和七年壬辰","812",,,"41","","江南西道","朗州","武陵",,"湖南","常德市",,"111.704994","29.037723","朗州司马","在朗州司马任。有诗和李景俭","李景俭","《和李六侍御文宣王庙释奠作》","Poem","和李六侍御文宣王庙释奠作
叹息鲁先师，生逢周室卑。有心律天道，无位救陵夷。历聘不能用，领徒空尔为。儒风正礼乐，旅象入蓍龟。西狩非其应，中都安足施。世衰由我贱，泣下为人悲。遗教光文德，兴王叶梦期。土田封后胤，冕服饰虚仪。钟鼓胶庠荐，牲牢郡邑祠。闻君喟然叹，偏在上丁时。","陶敏、陶红雨《刘禹锡全集编年校注》，岳麓书社2003年版，第98页","卞孝萱校订《刘禹锡集》卷35第512页，中华书局1990年版",,,"洪迎华"
"唐","刘禹锡","宪宗元和八年癸巳","813",,,"42","","江南西道","朗州","武陵",,"湖南","常德市",,"111.704994","29.037723","朗州司马","在朗州司马任。朝廷原有诏，以禹锡等为远郡刺史，因武元衡等反对而中止","武元衡",,"","","卞孝萱《刘禹锡年谱》，中华书局1966年版，第61页","武元衡本年二月入中书，其反对禹锡等为远郡刺史一事，当在本年二月以后",,,"洪迎华"
"唐","刘禹锡","宪宗元和八年癸巳","813",,,"42","","江南西道","朗州","武陵",,"湖南","常德市",,"111.704994","29.037723","朗州司马","在朗州司马任。致书于李绛，求迁于近地","李绛","《上中书李相公启》","Article","上中书李相公启
某启。去年国子主簿杨归厚致书相庆。伏承相公言及废锢。悯色甚深。哀仲翔之久谪。恕元直之方寸。思振淹之道。广锡类之仁。远聆一言。如受华衮。伏自不窥墙仞。九年于兹。高卑邈殊。礼数悬绝。虽身居废地。而心恃至公。伏以相公久以吁谟。参于宥密。材既为时而出。道以得君而专。令发于流水之源。化行犹偃草之易。习强伉者。自纳于轨物。困杼轴者。咸跻于仁寿。六辔在手。平衡居心。运思于陶冶之间。宣猷于鱼水之际。然能轸念废物。远哀穷途。嗟哉小生。有足悲者。内无手足之助。外乏强近之亲。为学苦心。本求荣养。得罪由已。翻乃贻忧。扪躬自劾。愧入肌骨。祸起飞语。刑极沦胥。心因病怯。气以愁耗。近者否运将泰。仁人持衡。伏惟推曾闵之怀。怜乌鸟之志。处夔龙之位。伤屈贾之心。沛然垂光。昭振幽蛰。言出口吻。泽濡寰区。昔者行苇勿伤。枯骼犹掩。哀老以出弊。悯穷而开怀。无情异类。尚或婴虑。顾惟江干逐客。曾是相府故人。言念材能。诚无所取。譬诸飞走。庸或知恩。呜呼。以不驻之光阴。抱无涯之忧悔。当可封之至理。为永废之穷人。闻弦尚惊。危心不定。垂耳斯久。长鸣孔悲。肠回泪尽。言不宣意。谨启。","卞孝萱《刘禹锡年谱》，中华书局1966年版，第61-62页","卞孝萱校订《刘禹锡集》卷18第216页，中华书局1990年版",,,"洪迎华"
"唐","刘禹锡","宪宗元和八年癸巳","813",,,"42","","江南西道","朗州","武陵",,"湖南","常德市",,"111.704994","29.037723","朗州司马","在朗州司马任。致书于武元衡，求迁于近地","武元衡","《上门下武相公启》","Article","上门下武相公启
某启。去年本州吏人自蜀还。伏奉示问。兼赐衣服缯䌽等。云水路遥。缄縢贶厚。恭承惠下之旨。重以念旧之怀。熙如阳和。列在缃简。苦心多感。危涕自零。惊神驿思。若侍颖杖。伏以圣上注意理本。锐求国桢。念外台报政之功。追宣室前席之事。重下丹诏。再升黄枢。群情合符。和气来应。况八柄所在。三人同心。叶台座之精。膺俊杰之数。谈笑于规随之际。从容于陶冶之间。物皆由仪。人识所措。某久罹宪网。兀若枯株。当万类咸悦之辰。抱穷途终恸之苦。清朝无绛灌之列。至理绝椒兰之嫌。此时不遇。可以言命。嗟乎。一身主祀。万里望枌榆之乡。高堂有亲。九年居蛮貊之地。从坐之典。固有等差。同类之中。又寻牵复。顷在台日。获奉准绳。指吏途于桉谳。遵文律于章奏。藻鉴之下。难逃陋容。炎凉载移。足见真态。自违间左右。沈沦遐荒。岁月滋深。艰贞弥厉。缅想受谴之始。他人不知。属山园事繁。孱懦力竭。本使有内嬖之吏。供司有恃宠之臣。言涉猜嫌。动碍关束。城社之势。函矢纷然。弥缝其间。崎岖备尽。始虑罪因事阙。宁虞谤逐迹生。智乏周身。又谁咎也。伏以赵国公顷承顾遇之重。高邑公夙荷见知之深。虽提挈不忘。而显白无自。盖以永贞之际。皆在外方。虽得传闻。莫详本末。特哀党锢。亟形话言。自前岁振淹。命行中止。或闻舆论。亦悯重伤。伏遇相公秉钧。辄已自贺。傥重言一发。清议攸同。使圣朝无锢人。大冶无废物。自新之路既广。好生之德远彰。群蛰应南山之雷。穷鳞得西江之水。指顾之内。生成可期。伏惟发肤寸之阴。成弥天之泽。回一瞬之念。致再造之恩。诚无补于多事之时。庶有助于阴施之德。无任恳悃之至。谨启。","卞孝萱《刘禹锡年谱》，中华书局1966年版，第61-62页","卞孝萱校订《刘禹锡集》卷18第214页，中华书局1990年版",,,"洪迎华"
"唐","刘禹锡","宪宗元和八年癸巳","813",,,"42","","江南西道","朗州","武陵",,"湖南","常德市",,"111.704994","29.037723","朗州司马","在朗州司马任。作诗寄杨归厚","杨归厚","《寄杨八拾遗》","Poem","寄杨八拾遗
闻君前日独庭争，汉帝偏知白马生。忽领簿书游太学，宁劳侍从厌承明。洛阳本自宜才子，海内而今有直声。为谢同僚老博士，范云来岁即公卿。","卞孝萱《刘禹锡年谱》，中华书局1966年版，第63页","卞孝萱校订《刘禹锡集》卷35第516页，中华书局1990年版",,,"洪迎华"
"唐","刘禹锡","宪宗元和八年癸巳","813","4",,"42","","江南西道","朗州","武陵",,"湖南","常德市",,"111.704994","29.037723","朗州司马","四月，窦群迁邕容经略使。禹锡代作谢上表","窦群","《为容州窦中丞谢上表》","Article","为容州窦中丞谢上表
臣某言。伏奉某月日制书。授臣容州刺史兼御史中丞。充本管经略招讨等使。臣发开州日。已差某官某乙奉表陈谢。伏以道途遐阻。水陆萦纡。臣以今月某日到本任上讫。谨宣圣旨。慰谕远人。臣某中谢。臣本书生。素无吏术。顷因多幸。贲自丘园。累沐圣慈。骤居清贯。识昧通变。动乖事宜。惭无善状。以塞公责。伏惟睿圣文武皇帝陛下凝旒穆清。洞照寰海。推共理之义。分寄股肱。念蒸人之勤。溥沾遐迩。察臣前任事实。恕臣本性朴愚。赐以恩辉。拔于废弃。远辞偏郡。重委方隅。捧印绶以为荣。望阙庭而增恋。虽到官之始。惠未及人。而率下之诚。务先克己。凡施政教。皆禀诏条。参以土宜。遂其物性。可行必守。有弊必除。使蛮夷生梗之风。慕臣子尽忠之道。力诚不足。心实在兹。伏乞圣明。俯赐昭鉴。无任感戴屏营之至。","卞孝萱《刘禹锡年谱》，中华书局1966年版，第62页","卞孝萱校订《刘禹锡集》卷14第165页，中华书局1990年版",,,"洪迎华"
"唐","刘禹锡","宪宗元和八年癸巳","813","4",,"42","","江南西道","朗州","武陵",,"湖南","常德市",,"111.704994","29.037723","朗州司马","在朗州司马任。寒食日，与窦常诗文唱和","窦常","《酬窦员外使君寒食日途次松滋渡先寄示四韵》","Poem","酬窦员外使君寒食日途次松滋渡先寄示四韵
楚乡寒食橘花时，野渡临风驻䌽旗。草色连云人去住，水纹如縠燕差池。朱轮尚忆群飞雉，青绶初县左顾龟。非是湓城旧司马，水曹何事与新诗。","卞孝萱《刘禹锡年谱》，中华书局1966年版，第63页","卞孝萱校订《刘禹锡集》卷35第515页，中华书局1990年版",,,"洪迎华"
"唐","刘禹锡","宪宗元和八年癸巳","813","4",,"42","","江南西道","朗州","武陵",,"湖南","常德市",,"111.704994","29.037723","朗州司马","四月，窦群迁邕容经略使。由开州赴容州，途经朗州，与禹锡相会","窦群",,"","","卞孝萱《刘禹锡年谱》，中华书局1966年版，第62页",,,,"洪迎华"
"唐","刘禹锡","宪宗元和八年癸巳","813","4",,"42","","江南西道","朗州","武陵",,"湖南","常德市",,"111.704994","29.037723","朗州司马","在朗州司马任。与窦常诗文唱和","窦常","《酬窦员外旬休早凉见示诗》","Poem","谢窦员外旬休早凉见示诗
新秋十日浣朱衣，铃阁无声公吏归。风韵渐高梧叶动，露光初重槿花稀。四时苒苒催容鬓，三爵油油忘是非。更报明朝池上酌，人知太守字玄晖。","卞孝萱《刘禹锡年谱》，中华书局1966年版，第63页","卞孝萱校订《刘禹锡集》卷35第517页，中华书局1990年版",,,"洪迎华"
"唐","刘禹锡","宪宗元和八年癸巳","813","4",,"42","","江南西道","朗州","武陵",,"湖南","常德市",,"111.704994","29.037723","朗州司马","在朗州司马任。与窦常宴，唱和诗文","窦常","《酬窦员外郡斋宴客偶命柘枝因见寄兼呈张十一院长元九侍御》","","酬窦员外郡斋宴客偶命柘枝因见寄兼呈张十一院长元九侍御
分忧馀刃又从公，白羽胡床啸咏中。䌽笔谕戎矜倚马，华堂留客看惊鸿。渚宫油幕方高步，澧浦甘棠有几丛。若问骚人何处所，门临寒水落江枫。","卞孝萱《刘禹锡年谱》，中华书局1966年版，第63页","卞孝萱校订《刘禹锡集》卷35第516页，中华书局1990年版",,,"洪迎华"
"唐","刘禹锡","宪宗元和八年癸巳","813","4",,"42","","江南西道","朗州","武陵",,"湖南","常德市",,"111.704994","29.037723","朗州司马","在朗州司马任。与窦常宴，观柘枝舞，作诗","窦常","《观柘枝舞二首》","Poem","观柘枝舞二首 其一
胡服何葳蕤，仙仙登绮墀。神飙猎红蕖，龙烛映金枝。垂带覆纤腰，安钿当妩眉。翘袖中繁鼓，倾眸溯华榱。燕秦有旧曲，淮南多冶词。欲见倾城处，君看赴节时。
观柘枝舞二首 其二
山鸡临清镜，石燕赴遥津。何如上客会，长袖入华裀。体轻似无骨，观者皆耸神。曲尽回身处，层波犹注人。","卞孝萱《刘禹锡年谱》，中华书局1966年版，第64页","卞孝萱校订《刘禹锡集》卷25第322页，中华书局1990年版",,,"洪迎华"
"唐","刘禹锡","宪宗元和八年癸巳","813",,,"42","","江南西道","朗州","武陵",,"湖南","常德市",,"111.704994","29.037723","朗州司马","在朗州司马任。仲秋，作诗寄荆南严司空绶","严绶","《元和癸巳岁仲秋诏发江陵偏师问罪蛮徼后命宣慰释兵归降凯旋之辰率尔成咏寄荆南严司空》","Poem","元和癸巳岁仲秋诏发江陵偏师问罪蛮徼后命宣慰释兵归降凯旋之辰率尔成咏寄荆南严司空
蛮水阻朝宗，兵符下渚宫。前筹得上策，无战已成功。汉使星飞入，夷心草偃同。歌谣开竹栈，拜舞戢桑弓。就日知冰释，投人念鸟穷。网罗三面解，章奏九门通。卉服联操袂，雕题尽鞠躬。降幡秋练白，驿骑昼尘红。火号休传警，机桥罢亘空。登山不见虏，振旆自生风。江远烟波静，军回气色雄。伫看闻喜后，金石赐元戎。","卞孝萱《刘禹锡年谱》，中华书局1966年版，第64页","卞孝萱校订《刘禹锡集》卷22第276页，中华书局1990年版",,,"洪迎华"
"唐","刘禹锡","宪宗元和八年癸巳","813",,,"42","","江南西道","朗州","武陵",,"湖南","常德市",,"111.704994","29.037723","朗州司马","在朗州司马任。窦群离朗州后，与禹锡作诗唱和","窦群","《和窦中丞晚入容江作》","Poem","和窦中丞晚入容江作
汉郡三十六，郁林东南遥。人伦选清臣，天外颁诏条。桂水步秋浪，火山凌雾朝。分圻辨风物，入境闻讴谣。莎岸见长亭，烟林隔丽谯。日落舟益驶，川平旗自飘。珠浦远明灭，金沙晴动摇。一吟道中作，离思悬层霄。","卞孝萱《刘禹锡年谱》，中华书局1966年版，第64页","卞孝萱校订《刘禹锡集》卷35第515页，中华书局1990年版",,,"洪迎华"
"唐","刘禹锡","宪宗元和八年癸巳","813",,,"42","","江南西道","朗州","武陵",,"湖南","常德市",,"111.704994","29.037723","朗州司马","在朗州司马任。与元稹诗文唱和","元稹","《赠元九侍御文石枕以诗奖之》","Poem","赠元九侍御文石枕以诗奖之
文章似锦气如虹，宜荐华簪绿殿中。纵使凉飙生旦夕，犹堪拂拭愈头风。","卞孝萱《刘禹锡年谱》，中华书局1966年版，第64页","卞孝萱校订《刘禹锡集》卷35第511页，中华书局1990年版",,,"洪迎华"
"唐","刘禹锡","宪宗元和八年癸巳","813",,,"42","","江南西道","朗州","武陵",,"湖南","常德市",,"111.704994","29.037723","朗州司马","在朗州司马任。与元稹诗文唱和","元稹","《酬元九侍御赠壁竹鞭长句》","Poem","酬元九侍御赠璧竹鞭长句
碧玉孤根生在林，美人相赠比双金。初开郢客缄封后，想见巴山冰雪深。多节本怀端直性，露青犹有岁寒心。何时策马同归去，关树扶疏敲镫吟。","卞孝萱《刘禹锡年谱》，中华书局1966年版，第64页","卞孝萱校订《刘禹锡集》卷35第511页，中华书局1990年版",,,"洪迎华"
"唐","刘禹锡","宪宗元和八年癸巳","814",,,"43","","江南西道","朗州","武陵",,"湖南","常德市",,"111.704994","29.037723","朗州司马","在朗州司马任。与元稹诗文唱和","元稹","《酬元九院长自江陵见寄》","Poem","酬元九院长自江陵见寄
无事寻花至仙境，等闲栽树比封君。金门通籍真多士，黄纸除书每日闻。","卞孝萱《刘禹锡年谱》，中华书局1966年版，第64页","卞孝萱校订《刘禹锡集》卷35第512页，中华书局1990年版",,,"洪迎华"
"唐","刘禹锡","宪宗元和九年甲午","814",,,"43","","江南西道","朗州","武陵",,"湖南","常德市",,"111.704994","29.037723","朗州司马","禹锡谪朗州九年余。与密友通讯、论学外，惟从事于写作。柳宗元是刘禹锡通讯最多、论学最契之人","柳宗元",,"","","卞孝萱《刘禹锡年谱》，中华书局1966年版，第65页",,,,"洪迎华"
"唐","刘禹锡","宪宗元和九年甲午","814",,,"43","","江南西道","朗州","武陵",,"湖南","常德市",,"111.704994","29.037723","朗州司马","在朗州司马任。与僧友远源、元暠、仲剬、鸿举、慧则、景玄等交游","僧远源，僧元暠，僧仲剬，僧鸿举，僧慧则，僧景玄",,"","","卞孝萱《刘禹锡年谱》，中华书局1966年版，第66页",,,,"洪迎华"
"唐","刘禹锡","宪宗元和九年甲午","814",,,"43","","江南西道","朗州","武陵",,"湖南","常德市",,"111.704994","29.037723","朗州司马","在朗州司马任。谪居九年，作赋伤怀","","《谪九年赋》","Article","谪九年赋
古称思妇。已历九秋。未必有是。举为深愁。莫高者天。莫浚者泉。推以极数。无踰九年。伊我之谪。至于数极。长沙之悲。三倍其时。廷尉不调。行当跂而。天有寒暑。闰馀三变。朝有考绩。明幽三见。顾尧之民兮。亦昏垫而有叹。叹息兮徜徉。登高高兮望苍苍。突弁之夫。我来始黄。合抱之木。我来犹芒。山增昔容。水改故坊。童者郁郁兮。涸者洋洋。天覆地生。蓊兮无伤。彼族而居。向之投荒。彼轩而游。昨日桁杨。信及泽濡。俄然复常。稽天道与人纪。咸一偾而一起。去无久而不还。棼无久而不理。何吾道之一穷兮。贯九年而犹尔。噫不可得而知。庸讵得而悲。苟变化之莫及兮。又安用夫肖天地之形为。","卞孝萱《刘禹锡年谱》，中华书局1966年版，第67页","卞孝萱校订《刘禹锡集》卷1第13页，中华书局1990年版",,,"洪迎华"
"唐","刘禹锡","宪宗元和九年甲午","814",,,"43","","江南西道","朗州","武陵",,"湖南","常德市",,"111.704994","29.037723","朗州司马","在朗州司马任。武陵北亭建成，作记文","","《武陵北亭记》","Article","武陵北亭记
郡北有短亭。繇旧也。亭孤其名。地藏其胜。前此二千石全然见之。建言而莫践。去之日。率遗恨焉。七年冬。诏书以竹使符授尚书水曹外郎窦公常曰。命尔为武陵守。莅止三月。以硕画佐元侯。平裔夷。降渠魁。又三月。以顺令率蒸民。增水坊。表火道。是岁大穰。明年政成。农缘亩以勇劝。工执技以思贾。因民之馀力。乘日之多暇。乃顾其属曰。郊道有候亭。示宾以不慁也。虽闻兹地。韬美未发。岂有待邪。自吾之治于斯也。购徒庀材。大起堙废。未尝植私庭。砻燕寝。役必先公。人不余瑕。调赋幸均矣。城池幸完矣。而重浃辰之役。掠苟简之问。卒使胜躅冒没。犹璞而不攻。惧换符之日。遂复赍恨。无乃遗诮于来者乎。言得其宜。智愚同赞。于是撤故材以移用。相便地而居要。去凡木以显珍茂。汰污池以通沦涟。自天而胜者。列于骋望。由我而美者。生于颐指。箕张筵楹。股引房栊。斧斤息响。风物异态。大道出乎左藩。澄湖浸乎前垠。仙舟祖軷。繇是区处。九月壬午。工告休。亭长受成。赤车威迟。于以落之。肃宾而入。圜视有适。沈水北澳。阳山南麓。𪐦焉蘧蘧。雄殿郊隅。前轩舒阳。朱槛环之。舞衣回旋。乐簴参差。北庑延阴。外阿旁注。芊眠清泚。罗入洞户。初筵修平。彫俎静嘉。林风天籁。与金奏合。亦既醉止。州从事举白而言曰。室成于私。古有发焉。矧成于公。庸敢无词。观乎棼楣有严。丹雘相宣。象公之文律。煜然而光也。望之宏深。即之坦夷。象公之酒德。温然而达也。庭芳万本。跗萼交映。如公之家。肥炽而昌也。门辟户阖。连机弛张。似公之政经。便而通也。因高而基。因下而池。跻其高。可以广吾视。泳其清。可以濯吾缨。俯于逵。惟行旅讴吟是采。瞰于野。惟稼穑艰难是知。云山多状。昏旦异候。百壶先韦之饯迎。退食私辰之宴嬉。观民风于啸咏之际。展宸恋于天云之末。动合于谊。匪唯写忧。公曰。夫言之必可书者。公言也。从事不以私视予。予从而让之。是自远也。其可乎。乃授简于放臣。俾书以示后。后之思公者。虽灌丛葽草。尚勿剪拜。矧翚飞之革然。石刻之隐然欤。","卞孝萱《刘禹锡年谱》，中华书局1966年版，第67页","卞孝萱校订《刘禹锡集》卷9第114页，中华书局1990年版",,,"洪迎华"
"唐","刘禹锡","宪宗元和九年甲午","814",,,"43","","江南西道","朗州","武陵",,"湖南","常德市",,"111.704994","29.037723","朗州司马","在朗州司马任。夏，作诗送别，因寄友人","熊孺登，裴堪","《送湘阳熊判官孺登府罢归钟陵因寄呈江西裴中丞二十三兄》","Poem","送湘阳熊判官孺登府罢归钟陵因寄呈江西裴中丞二十三兄
射策志未就，从事岁云除。箧留马卿赋，袖有刘弘书。忽见夏木深，怅然忆吾庐。复持州民刺，归谒专城居。君家诚易知，胜绝倾里闾。人言北郭生，门有卿相舆。钟陵霭千里，带郭西江水。朱槛照河宫，旗亭绿云里。前年初缺守，慎简由宸扆。临轩弄郡章，得人方付此。是时左冯翊，天下第一理。贵臣持牙璋，优诏发青纸。迎风奸吏免，先令疲人喜。何武劾腐儒，陈蕃礼高士。昔升君子堂，腰下绶犹黄。汾阴有宝气，赤堇多奇铓。束简下曲台，佩鞬来历阳。绮筵陪一笑，兰室袭馀芳。风水忽异势，江湖遂相忘。因君倘借问，为话老沧浪。","卞孝萱《刘禹锡年谱》，中华书局1966年版，第67-68页","卞孝萱校订《刘禹锡集》卷28第373页，中华书局1990年版",,,"洪迎华"
"唐","刘禹锡","宪宗元和九年甲午","814",,,"43","","江南西道","朗州","武陵",,"湖南","常德市",,"111.704994","29.037723","朗州司马","在朗州司马任。秋，窦常见示唱和诗文，禹锡因命同作","窦常","《窦朗州见示与澧州元郎中早秋赠答（一作作）命同作（一作答）》","Poem","窦朗州见示与澧州元郎中早秋赠荅命同作
邻境诸侯同舍郎，芷江兰浦恨无梁。秋风门外旌旗动，晓露庭中橘柚香。玉簟微凉宜白昼，金笳入暮应清商。骚人昨夜闻鶗鴂，不叹流年惜众芳。","卞孝萱《刘禹锡年谱》，中华书局1966年版，第68页","卞孝萱校订《刘禹锡集》卷24第303页，中华书局1990年版",,,"洪迎华"
"唐","刘禹锡","宪宗元和九年甲午","814",,,"43","","江南西道","朗州","武陵",,"湖南","常德市",,"111.704994","29.037723","朗州司马","在朗州司马任。秋，闰八月，作诗送僧友鸿举法师赴江陵","鸿举","《秋日过鸿举法师寺院便送归江陵并引》","Poem","秋日过鸿举法师寺院便送归江陵
看画长廊遍，寻僧一径幽。小池兼鹤净，古木带蝉秋。客至茶烟起，禽归讲席收。浮杯明日去，相望水悠悠。","卞孝萱《刘禹锡年谱》，中华书局1966年版，第68页","卞孝萱校订《刘禹锡集》卷29第394页，中华书局1990年版",,,"洪迎华"
"唐","刘禹锡","宪宗元和九年甲午","814",,,"43","","江南西道","朗州","武陵",,"湖南","常德市",,"111.704994","29.037723","朗州司马","在朗州司马任。秋，闰八月，作诗送僧友鸿举法师赴江陵","鸿举","《重送鸿举师赴江陵谒马逢侍御》","Poem","重送鸿举师赴江陵谒马逢侍御
西北秋风凋蕙兰，洞庭波上碧云寒。茂陵才子江陵住，乞取新诗合掌看。","卞孝萱《刘禹锡年谱》，中华书局1966年版，第68页","卞孝萱校订《刘禹锡集》卷29第395页，中华书局1990年版",,,"洪迎华"
"唐","刘禹锡","宪宗元和九年甲午","814",,,"43","","江南西道","朗州","武陵",,"湖南","常德市",,"111.704994","29.037723","朗州司马","在朗州司马任。作诗答谢友人佳赠","徐放","《衢州徐员外使君遗以缟纻兼竹书箱因成一篇用答佳贶》","","衢州徐员外使君遗以缟纻兼竹书箱因成一篇用答佳贶
烂柯山下旧仙郎，列宿来添婺女光。远放歌声分白纻，知传家学与青箱。水朝沧海何时去，兰在幽林亦自芳。闻说天台有遗爱，人将琪树比甘棠。","陶敏、陶红雨《刘禹锡全集编年校注》，岳麓书社2003年版，第146页","卞孝萱校订《刘禹锡集》卷24第303页，中华书局1990年版",,,"洪迎华"
"唐","刘禹锡","宪宗元和九年甲午","814",,,"43","","江南西道","朗州","武陵",,"湖南","常德市",,"111.704994","29.037723","朗州司马","在朗州司马任。本年有书答窦群","窦群","《答容州窦中丞书》","Article","答容州窦中丞书
健步刘子良至。猥奉书教。以愚为希儒之徒。重言一发。华衮非贵。世之服儒衣冠道古语居学官者为不鲜矣。求其知所以然者几何人。借曰有之。未必不诟病耳。今夫挟弓注矢溯空而发者。人自以为皆羿可矣。移之于泽宫。则噤而不敢言。何哉。有的不可欺故也。今夫儒者。函矢相攻。蜩螗相喧。不啻于彀弓射空矢者。孰为其的哉。异日兄道大行。则言益重。使儒者之的。悬于舌端。不得让也。由是知辱教之喜。可胜既乎。间承得一二易生。列侍绛帐。荒服之外。持经鼎来。争捐珠玑。以易编简。不疾而速。其君子之德风欤。而裔憬俗已丕变矣。顾其风候。非民和可移。地泄恒燠。冬无严气。其在啬神以佐药。兼味以御祲。所谓养贤以及万民。颐之时义。不可不顺。苟以有待及物为心。则养巳与养民。非二道也。矧群情之禺禺乎。禹锡再拜。","陶敏、陶红雨《刘禹锡全集编年校注》，岳麓书社2003年版，第971页","卞孝萱校订《刘禹锡集》卷10第126页，中华书局1990年版",,,"洪迎华"
"唐","刘禹锡","宪宗元和九年甲午","814",,,"43","","江南西道","朗州","武陵",,"湖南","常德市",,"111.704994","29.037723","朗州司马","在朗州司马任。约于本年，旧游段平仲卒，有诗伤悼","段平仲","《遥伤段右丞》","Poem","伤段右丞
江海多豪气，朝廷有直声。何言马蹄下，一旦是佳城。","陶敏、陶红雨《刘禹锡全集编年校注》，岳麓书社2003年版，第149页","卞孝萱校订《刘禹锡集》卷30第409页，中华书局1990年版",,,"洪迎华"
"唐","刘禹锡","宪宗元和九年甲午","814",,,"43","","江南西道","朗州","武陵",,"湖南","常德市",,"111.704994","29.037723","朗州司马","在朗州司马任。元和八年或九年，灵澈上人见寄二首，有诗敬酬","僧灵澈","《敬酬彻公见寄二首》","Poem","敬酬微公见寄二首 其一
凄凉沃州僧，憔悴柴桑宰。别来二十年，唯馀两心在。
敬酬微公见寄二首 其二
越江千里镜，越岭四时雪。中有逍遥人，夜深观水月。","陶敏、陶红雨《刘禹锡全集编年校注》，岳麓书社2003年版，第147页","卞孝萱校订《刘禹锡集》卷35第512页，中华书局1990年版",,,"洪迎华"
"唐","刘禹锡","宪宗元和九年甲午","814",,,"43","","江南西道","朗州","武陵",,"湖南","常德市",,"111.704994","29.037723","朗州司马","在朗州司马任。作赋遣怀","","《望赋》","Article","望赋
邈不语兮临风。境自外兮感从中。晦明转续兮八极鸿蒙。上下交气兮群生异容。发孤照于寸眸。骛遐情乎太空。物乘化兮多象。人遇时兮不同。嗟乎。有目者必骋望以尽意。当望者必缘情而感时。有待者瞿瞿。忘怀者熙熙。虑深者瞠然若丧。乐极者冲然无违。外徙倚其如一。中糺纷兮若斯。望如何其望最乐。睎庆霄兮溯阿阁。如云兮天颜咫尺。如草兮臣心踊跃。扇交翟兮葳蕤。旗升龙兮蠖略。日转黄道。天开碧落。凝瑞景于庭树。掬非烟于殿幕。望如何其望且欢。登灞岸兮见长安。纷扰扰兮红尘合。郁葱葱兮佳气盘。池象汉兮昭回。城依斗兮阑干。避御史之骢马。逐倖臣之金丸。望如何其望攸好。宗万灵兮越四隩。汉帝仙台兮秦皇海峤。霓裳踊于河上。马迹穷乎越徼。紫气度关而斐亹。神光属天而照耀。皖眷眷以驰情。耸专专而观妙。望如何其望有形。视蠢蠢兮穷冥冥。楚塞氛恶兮萧关燧明。晕笼孤月兮角奋长庚。沙多似雪。碛有疑城。烟云非女子之气。草木尽王者之兵。审曳柴之虚警。破来骑之先声。信有得于风鸟。示无言于旆旌。望如何其望且慕。恩意隔兮年光度。雕辇已辞兮金屋何处。长信草生兮长门日暮。徯翠华之傥来。仰元天以自诉。况复湘水无还。漳河空注。泪染枝叶。香馀纨素。风萧萧兮北渚波。烟漠漠兮西陵树。夫不归兮江上石。子可见兮秦原墓。拍琴翻朔塞之音。挟瑟指邯郸之路。望如何其望最伤。俟环玦兮思帝乡。龙门不见兮云雾苍苍。乔木何许兮山高水长。春之气兮悦万族。独含嚬兮千里目。秋之景兮悬清光。偏结愤兮九回肠。羡环拱于白榆。惜驰晖于落棠。谅冲斗兮谁见。伊戴盆兮何望。岂止苏武在胡。管宁浮海。送飞鸿之灭没。附阴火之光彩。鹤颈长引。乌头未改。恨已极兮平原空。起何时兮东山在。永望如何。伤怀孔多。降将有依风之感。宫人成忆月之歌。歌曰。张衡侧身愁思久。王粲登楼日回首。不作渭滨垂钓臣。羞为洛阳拜尘友。","卞孝萱《刘禹锡年谱》，中华书局1966年版，第68页","卞孝萱校订《刘禹锡集》卷1第14页，中华书局1990年版",,,"洪迎华"
"唐","刘禹锡","宪宗元和九年甲午","814",,,"43","","江南西道","朗州","武陵",,"湖南","常德市",,"111.704994","29.037723","朗州司马","在朗州司马任。作赋遣怀","","《何卜赋》","Article","何卜赋
余既幼惑力命之说兮。身久放而愈疑。心回穴其莫晓兮。将取质夫秉龟。楚人俗巫而好术兮。叟有鬻卜而来思。乃招而讯之曰。嘻。人莫不塞。有时而通。伊我兮久而愈穷。人莫不病。有时而閒。伊我兮久而滋蔓。吾闻人肖五行。动止有则。四时转续。变于所极。一岁之旱。人斯具舟。三月之热。人斯具裘。极必反焉。其犹合符。子首圆而足方。子腹阴而背阳。胡形象之有肖。而变化之殊常。经曰剥极则贲。居贲而未尝剥者其谁。否极受泰。居否而未尝泰者又其谁。鹤胡不截。凫胡不裨。夔何罚而踸踔。蚿何功而扶持。纷纭恣睢。交作舛驰。似与似夺。似信似欺。孰主张之。问于子龟。卜者曰。招我以粗。问我以微。有天下之是非。有仁人之是非。在此为美兮。在彼为蚩。或昔而成。或今而亏。君问曷由。主张其时。时乎时乎。去不可邀。来不可逃。淹兮□孰舍孰操。豕喙之毒堇。鸡首之贱毛。各于其时。而伯其曹。屠龙之伎。非曰不伟。时无所用。莫若履狶。作俑之工。非曰可珍。时有所用。贵于斲轮。络首縻足兮骥不能跬。前无所阻兮跛鳖千里。同涉于川。其时在风。沿者之吉。溯者之凶。同艺于野。其时在泽。伊穜之利。乃穋之厄。故曰是耶非耶。主者时耶。谅淑恶之同出兮。顾所卜之若何。夫如是。得非我美。失非我耻。其去曷思。其来曷期。姑蹈常而俟之。夫何卜为。言讫。执龟而起。予退而作何卜赋。于是蹈道之心一。而俟时之志坚。内视群疑。犹冰释然。","卞孝萱《刘禹锡年谱》，中华书局1966年版，第68页","卞孝萱校订《刘禹锡集》卷1第11页，中华书局1990年版",,,"洪迎华"
"唐","刘禹锡","宪宗元和九年甲午","814",,,"43","","江南西道","朗州","武陵",,"湖南","常德市",,"111.704994","29.037723","朗州司马","在朗州司马任。作赋遣怀","","《砥石赋并序》","Article","砥石赋
我有利金兮。以利为佩。遭土卑而慝作兮。雄芒为之潜晦。如景昏而蚀既兮。与肌漆而为厉。顾秋蓬之不可刜兮。尚何游乎髋髀之外。利物蒙蔽。材人惆怅。俾百汰之至精。蟠一检而多恙。岂害气之独然兮。将久不试而然。彼屠者之刀兮。猎者之鋋。不灌不淬兮。糅错衔铅。日鼓月挥兮。刲腴击鲜。睨㸌𤐰以耀芒。滃淫夷而腾膻。岂不以涉暑而蒙沴兮。鼎用之而成妍。有客自东。遗予越砥。圭形石质。苍色腻理。刬其鳞皴。滑以滫瀡。如衣浣垢。如鼎出否。雾尽披天。萍开见水。拭寒燄以破眦。击清音而振耳。故态复还。宝心再起。既赋形而终用。一蒙垢焉何耻感利钝之有时兮。寄雄心于瞪视。嗟乎。石以砥焉。化钝为利。法以砥焉。化愚为智。武王得之。商俗以厚。高帝得之。杰才以奏。得既有自。失岂无因。汉氏已还。三光景分。随道阔狭。用之得人。五百馀年。唐风始振。悬此大砥。以砻兆民。播生在天。成器在君。天为物天。君为人天。安有执砺世之具。而患乎无贤欤。","卞孝萱《刘禹锡年谱》，中华书局1966年版，第69页","卞孝萱校订《刘禹锡集》卷1第4页，中华书局1990年版",,,"洪迎华"
"唐","刘禹锡","宪宗元和九年甲午","814",,,"43","","江南西道","朗州","武陵",,"湖南","常德市",,"111.704994","29.037723","朗州司马","在朗州司马任。作赋遣怀","","《楚望赋并序》","Article","楚望赋
翼轸之野。祝融所司。阴迫而专。专实生沴。天濡而雺。土泄而泥。气罕淑清兮。淫氛曀曀。中人支体兮。为瘥为瘵。以旷涤烦兮。利居高于物外。我卜我居。于城之隅。宛在藩落。丽谯渠渠。四阿垂空。洞户发枢。眸子不运。坐陵虚无。岁更周流。时极惨舒。万象起灭。森来贶予。棂轩之外。群山巃嵷。冈陵靡陁。势若相拱。出云见怪。窈蔚森耸。露夕霞朝。望如飞动。檐庑之下。大江澒洞。支流合输。泄入云梦。羲和望舒。出没两涯。涵泳之族。聱耴𣤮呀。秋水灌盈。漩石飘沙。流蘖轩昂。舞于盘涡。逮及收潦。澹如醁醽。白石磷磷。倒影罗生。蘋末风起。有文无声。悠远烟绵。与空苍然。湘沅之春。先令而行。腊月寒尽。温风发荣。土膏如濡。言鸟嘤嘤。三星嘒其晓中。植物飒以飘英。云归高唐。草蔽洞庭。目与天尽。神将化并。圆方相函。游气杳冥。熙熙蔼蔼。藻饰群形。蘖树童邱。积空凝青。环洲曲塘。含景曜明。恢台之气。发于春季。涉夏如铄。逮秋愈炽。土山焦熬。止水瀵沸。翔禽跕堕。呀喙垂翅。曦赫歊蒸。阳极召阴。二仪交精。下上相歆。云兴天际。歘若车盖。凝矑未瞬。弥漫霮䨴。惊雷出火。乔木糜碎。殷地爇空。万夫皆废。悬霤绠缒。日中见昧。移晷而收。野无完块。少阴之中。景物澄鲜。丹叶星房。烛耀川原。夕月既望。曜于丹泉。上镜下冰。湔尘濯烟。宿丽潜芒。独行高躔。皓一气之悠悠。洁有形而溢清。元杳微明以斐亹。想游目于化先。夜无眹以徂征。金霞晕乎海壖。明星方扬。斜汉西悬。璿柄如堕。半沈层澜。鸡啁唽而晨鸣兮。日荏苒以腾晶。动植瞭兮已分。山川郁乎不平。复人寰之諠卑。汹浩浩以营营。追向时之景光。不可骤得以再更。意华胥之梦还。犹仿像而驰精。日次于房。天未降霜。百卉犹泽。水泉收脉。故道朘削。衍为广斥。水禽嬉戏。引吭伸翮。纷惊鸣而决起。拾䌽翠于砂砾。于时北风。振槁扬埃。萧条边声。与雁俱来。寒氛委积。万窍交激。楚云改容。飞雨凝滴。洒林递响。淅沥梢槭。飞电照雪以腾光。柔蔬傲霜而透坼。躔次殊气。川谷异宜。民生其间。俗鬼言夷。招三闾以成谣。德伏波而构祠。投粔籹以鼓楫。豢鳣鲂而如牺。蟠木靓深。孽妖凭之。祈年去厉。蠲敬祗威。击鼓肆筵。河旁水湄。荐诚致祝。却略躨跜。渚居鲜食。大掩水物。罟张饵啖。不可遁伏。显举潜缒。昼撞夜触。设机沈深。如拾于陆。彼游鯈之琐类。咸跳脱于窘束。虽三趾与六眸。时或加乎一目。亦有轻舟。轩轾汎浮。拖纶往复。驯鸥相逐。暮夜澄寂。啸歌群族。伧音俚态。幽怨委曲。逗疏柝于江城。引哀猿于山木。巢山之徒。抨木开田。灼龟伺泽。兆食而蟠。郁攸起于岩阿。腾绛气而蔽天。熏歇雨濡。颖垂林颠。盗天和而藉地势。谅无劳而有年。罢士闲人。逸为末作。求金渚涘。淘汰瀺灂。流注瀢沱。繁光熠爚。贪贾来贸。发于怀握。无翼而飞。润于丰屋。哂耘耕之悒悒。徒胼胝以自鞠。我处层轩。日星回环。阅天数而视民风。百态变见乎其间。非耳剽以臆说兮。固幽求而纵观。观物之馀。遂观我生。何广覆与厚载。岂有形而无情。高莫高兮九阍。远莫远兮故园。舟有楫兮车有辖。江山坐兮不可越。吾又安知其所如。恍临高以观物。","卞孝萱《刘禹锡年谱》，中华书局1966年版，第69页","卞孝萱校订《刘禹锡集》卷1第6页，中华书局1990年版",,,"洪迎华"
"唐","刘禹锡","宪宗元和九年甲午","814",,,"43","","江南西道","朗州","武陵",,"湖南","常德市",,"111.704994","29.037723","朗州司马","在朗州司马任。与饶州元使君通书论政理","元洪","《答饶州元使君书》","Article","答饶州元使君书
传使至。蒙致书一函。辱示政事与治兵之要。明体以及用。通经以知权。视阴阳惨舒之节。取震虩泽濡之象。知天而不泥于神怪。知人而不遗于委琐。先乡社之治。以浃于举郡。首队伍之法。以及于成师。犹言数者起一而至万。操律者本黄钟以极八音。诚通人之说。章章必可行者也。鄙生涉吏日浅。尝耳剽老成人之言熟矣。今研覈至论。渊乎有味。非游言架空之徒。喜未尝不至抃也。故杨榷所见。以累下执事云。盖丰荒异政。系乎时也。夷夏殊法。牵乎俗也。因时在乎善相。因俗在乎便安。不知发叙重轻之道。虽岁有顺成。犹水旱也。不知日用乐成之义。虽俗方阜安。犹荡析也。徙木之信必行。则民不惑。此政之先也。置水之清必励。则人知敬。此政之本也。缿筒之机或行。则奸不敢欺。此政之助也。则有以其弛张雄雌。唯变所适。古之贤而治者。称谓各异。非至当有二也。顾遭时不同耳。夫民足则怀安。安则自重而畏法。乏则思滥。滥则迫利而轻禁。故文景之民厚其生。为吏者率以仁恕显。武宣之民亟于役。为吏者率以武健称。其宽猛迭用。犹质文循环。必稽其弊而矫之。是宜审其救夺耳。太史公云。身修者官未尝乱也。然则修身而不能及治者有矣。未有不自已而能及民者。今之号为有志于治者。咸能知民困于杼柚。罢于征徭。则曰司牧之道。莫先于简廉奉法而已。其或材拘于局促。智限于罢懦。不能斟酌盈虚。使人不倦。以不知事为简。以清一身为廉。以守旧弊为奉法。是心清于枨闑之内。而柄移于胥吏之手。岁登事简。偷可理也。岁札理丛。则溃然携矣。故曰身修而不及理者有矣。若执事之言政。诣理切情。斥去迂缓。简而通。和而毅。其修整非止乎一身。必将及物也。其程督非务乎一切。必将经远也。坊民之理甚周。而不至皎察。字民之方甚裕。而不使侵牟。知革故之有悔。审料民之多挠。厚发奸之赏。峻欺下之诛。调赋之权。不关于猾吏。逋亡之责。不迁于丰室。因有年之利以补败。汰不急之用以啬财。为邦之要。深切著明。若此其悉也。推是言桉是理而笃行之。乌有不及治耶。古称言之必可行。非乐垂空文耳。有人民社稷。固可践其言也。濒江之郡饶为大。履番君之故地。渐瓯越之遗俗。馀干有亩钟之地。武林有千章之材。其民牟利斗力。狃于轻悍。故用暴虐闻。重以山茂槚楛。金丰镣铣。齐民往往投镃錤而即铲铸。损丝枲而工搴撷。乘时诡求。其息倍称。间闻主分土者。尽笼其利而斡之。坐簿书舛错。为中执法所劾。事下三府。以受赇论。其刑甚渥。于今列郡。不寒而慄。彼邦人聆其风声。固曰彼浚民者。上罪之若此。其念民也至矣。今二千石以前失职非其罪。执事者即人心而用之。彼邦人是必翘然须其至而安矣。以思治之民。遇习治之守。欲不至于富庶。得乎。昌黎韩宣英。好实蹈中之士也。前为司封郎。以馀刃鄟剧于计曹。号无逋事。能承其家法而绍明之。庭坚仲容之族也。坐事为彼郡司马。更闰馀者再焉。是必能知风俗之良窳。采寮之善否。盍尝问焉。足为群疑之宝龟也。至于否臧文律戢玩之戒。均权以制动。函隶以稔勇。平居使不堕。萃聚使不哗。坐作疾徐。心和气振。诚纤悉于所示也。故置之以须执事。异日承进律之命。握兽符而驾寅车。然后贡其瞽言。重晓左右耳。","卞孝萱《刘禹锡年谱》，中华书局1966年版，第69页","卞孝萱校订《刘禹锡集》卷10第123页，中华书局1990年版",,,"洪迎华"
"唐","刘禹锡","宪宗元和九年甲午","814",,,"43","","江南西道","朗州","武陵",,"湖南","常德市",,"111.704994","29.037723","朗州司马","在朗州司马任。作文自伤","","《伤我马词》","Article","","卞孝萱《刘禹锡年谱》，中华书局1966年版，第69页","卞孝萱校订《刘禹锡集》卷20第241页，中华书局1990年版",,,"洪迎华"
"唐","刘禹锡","宪宗元和九年甲午","814",,,"43","","江南西道","朗州","武陵",,"湖南","常德市",,"111.704994","29.037723","朗州司马","在朗州司马任。与友柳宗元论学","柳宗元","《天论》","Article","","卞孝萱《刘禹锡年谱》，中华书局1966年版，第69页","卞孝萱校订《刘禹锡集》卷5第67页，中华书局1990年版",,,"洪迎华"
"唐","刘禹锡","宪宗元和九年甲午","814",,,"43","","江南西道","朗州","武陵",,"湖南","常德市",,"111.704994","29.037723","朗州司马","在朗州司马任。作文论学","","《辩迹论》","Article","辩迹论
客有能通本朝之雅故者。曰时之污隆。视辅臣之用否。房与杜。迹何观焉。建官取士之制。地徵口赋之令。礼乐刑罚之章。因隋而已矣。二公奚施为。余愀然曰。三王之道。犹夫循环。非必变焉。审所当救而已。隋之过。岂制置名数之间耶。顾名与事乖耳。因之何害焉。夫上材之道。非务所举。必的然可使户晓为迹也。吾观梁公之迹。章章如县宇矣。曷然哉。请借一以明之。史不云乎。初太宗怒浑戎之横于塞也。度诸将不足以必取。当宁而叹曰。得李靖为师。快哉。靖时告老且病矣。梁公虚其心以起之。靖忘老与病。一举虏其君。郡县其地而还。夫非伐国之难能。起靖之难能也。靖非不克之为虑。居功之为虑也。古之为将。度柄轻不足以遂事。重则嫌生焉。是以有辞第以见志。有多产以取信。有子质以灭贰。有嬖监以虞谤。其多患也如是。若靖者。名既成。位既崇。重失畏偪。其患又甚焉。微梁公之能尽才。能捍患。能去忌。能照私。彼姑藉旧劳。居素贵足矣。恶乎起哉。夫岂感空言而起耶。心相见久矣。夫岂饰小信而要耶。道相笼久矣。其后敬元擅能。失材臣而败随之。林甫自便。进蕃将而乱随之。由是而言。固相万矣。子方规规然窥上材以户晓之迹。此吾之所不取也。若杜莱公者。在相位日浅。将史失其传。然以梁公之鉴裁。自天策府遂以王佐材许之。则是又能以道笼房公者矣。房之许与。迹孰甚焉。客无以应而作。子刘子曰。观书者当观其志。慕贤者当慕其心。循迹而求。虽博寡要。信矣。","卞孝萱《刘禹锡年谱》，中华书局1966年版，第70页","卞孝萱校订《刘禹锡集》卷5第63页，中华书局1990年版",,,"洪迎华"
"唐","刘禹锡","宪宗元和九年甲午","814",,,"43","","江南西道","朗州","武陵",,"湖南","常德市",,"111.704994","29.037723","朗州司马","在朗州司马任。作文论学","","《明贽论》","Article","明贽论
古之人动必有以将意。故执贽之道。自天子达焉。夫芬芳在上。臭达于下。而温粹无择。有似乎圣人者。鬯也。故用于天子。清越而瑕不自掩。洁白而物莫能污。内坚刚而外温润。有似乎君子者。玉也。故用乎诸侯。执之不鸣。刑之不嗥。似死义者。乳必能跪。似知礼者。羔也。故卿执焉。在人之上。而有先后行列者。雁也。故大夫执焉。耿介而一志者。雉也。故士执焉。视其所执而知其任。是故食愈重而志愈卑。位弥尊而道弥广。耿介之志。惟士得以行之。何也。务细而所试者寡。齿卑而所蔽者众。言未足以动听。故必激发以取异。行未足以应远。故必砥砺以沽闻。借令由士为大夫。舍雉而执雁。其志也随之。故耿介之名。不施于大夫矣。况其上乎。然则为士也不思雉之介。为卿也能思羔之礼欤。今夫或者不明分推理而观之。则曰此居下而嗜直者。是必得志而稔其讦矣。彼当介而务宏者。是必处高而肥其德矣。曾不知讦当其分。则地易而自迁。宏非其所。则志遂而无制矣。于戏。责士以卿大夫之善。犹喻君以士之行耳。余以执贽之道得其分。苟推分明矣。求刑罚之僭滥。得乎。","卞孝萱《刘禹锡年谱》，中华书局1966年版，第70页","卞孝萱校订《刘禹锡集》卷5第66页，中华书局1990年版",,,"洪迎华"
"唐","刘禹锡","宪宗元和九年甲午","814",,,"43","","江南西道","朗州","武陵",,"湖南","常德市",,"111.704994","29.037723","朗州司马","在朗州司马任。作文论学","","《华佗论》","Article","华佗论
史称华佗以恃能厌事为曹公所怒。荀文若请曰。佗术实工。人命系焉。宜议能以宥。曹公曰。忧天下无此鼠辈耶。遂考竟佗。至苍舒病且死。见医不能生。始有悔之之叹。嗟乎。以操之明略见几。然犹轻杀材能如是。文若之智力地望。以的然之理攻之。然犹不能反其恚。执柄者之恚。真可畏诸。亦可慎诸。原夫史氏之书于册也。是使后之人宽能者之刑。纳贤者之喻。而惩暴者之轻杀。故自恃能至有悔。悉书焉。后之惑者。复用是为口实。悲哉。夫贤能不能无过。苟寘于理矣。或必有宽之之请。彼壬人皆曰。忧天下无材耶。曾不知悔之日。方痛材之不可多也。或必有惜之之叹。彼壬人皆曰。譬彼死矣。将若何。曾不知悔之日。方痛生之不可再也。可不谓大哀乎。夫以佗之不宜杀。昭昭然不足言也。独病夫史书之义。是将推此而广耳。吾观自曹魏以来。执死生之柄者。用一恚而杀材能众矣。又焉用书佗之事为。呜呼。前事之不忘。期有劝且惩也。而暴者复藉口以快意。孙权则曰。曹孟德杀孔文举矣。孤于虞翻何如。而孔融亦以应泰山杀孝廉自譬。仲谋近霸者。文举有高名。然犹以可惩为故事。矧他人哉。","卞孝萱《刘禹锡年谱》，中华书局1966年版，第70页","卞孝萱校订《刘禹锡集》卷5第66页，中华书局1990年版",,,"洪迎华"
"唐","刘禹锡","宪宗元和九年甲午","814",,,"43","","江南西道","朗州","武陵",,"湖南","常德市",,"111.704994","29.037723","朗州司马","在朗州司马任。感当地风俗，作诗","","《蛮子歌》","Poem","蛮子歌
蛮语钩辀音，蛮衣斑斓布。熏狸掘沙鼠，时节祠盘瓠。忽逢乘马客，恍若惊麇顾。腰斧上高山，意行无旧路。","卞孝萱《刘禹锡年谱》，中华书局1966年版，第70-71页","卞孝萱校订《刘禹锡集》卷26第343页，中华书局1990年版",,,"洪迎华"
"唐","刘禹锡","宪宗元和九年甲午","814",,,"43","","江南西道","朗州","武陵",,"湖南","常德市",,"111.704994","29.037723","朗州司马","在朗州司马任。作诗送友","韦道冲","《送韦秀才道冲赴制举》","Poem","送韦秀才道冲赴制举
惊禽一辞巢，栖息无少安。秋扇一离手，流尘蔽霜纨。故侣不可追，凉风日已寒。远逢杜陵士，别尽平生欢。逐客无印绶，楚江多芷兰。因居暇时游，长铗不复弹。阅书南轩霁，絙瑟清夜阑。万境身外寂，一杯腹中宽。伊昔玄宗朝，冬卿冠鸳鸾。肃穆升内殿，从容领儒冠。游夏无措词，阳秋垂不刊。至今群玉府，学者空纵观。世人希德门，揭若攀峰峦。之子尚明训，锵如振琅玕。一旦西上书，斑衣拂征鞍。荆台宿暮雨，汉水浮春澜。君门起天中，多士如星攒。烟霞覆双阙，抃舞罗千官。清漏滴铜壶，仙厨下雕槃。荧煌仰金榜，错落濡飞翰。古来才杰士，所嗟遭时难。一鸣从此始，相望青云端。","卞孝萱《刘禹锡年谱》，中华书局1966年版，第71页","卞孝萱校订《刘禹锡集》卷28第374页，中华书局1990年版",,,"洪迎华"
"唐","刘禹锡","宪宗元和九年甲午","814",,,"43","","江南西道","朗州","武陵",,"湖南","常德市",,"111.704994","29.037723","朗州司马","在朗州司马任。读《张九龄文集》，感而作诗","","《读张曲江集作并引》","Poem","读张曲江集作
圣言贵忠恕，至道重观身。法在何所恨，色相斯为仁。良时难久恃，阴谪岂无因。寂寞韶阳庙，魂归不见人。","卞孝萱《刘禹锡年谱》，中华书局1966年版，第71页","卞孝萱校订《刘禹锡集》卷21第263页，中华书局1990年版",,,"洪迎华"
"唐","刘禹锡","宪宗元和九年甲午","814",,,"43","","江南西道","朗州","武陵",,"湖南","常德市",,"111.704994","29.037723","朗州司马","在朗州司马任。登临古城，感而作诗","","《登司马错古城》","Poem","登司马错古城
将军将秦师，西南奠遐服。故垒清江上，苍烟晦乔木。登临直萧辰，周览壮前躅。堑平陈叶满，墉高秋蔓绿。废井抽寒菜，毁台生鲁谷。耕人得古器，宿雨多遗镞。楚塞郁重叠，蛮溪纷诘曲。留此数仞基，几人伤远目。","卞孝萱《刘禹锡年谱》，中华书局1966年版，第71页","卞孝萱校订《刘禹锡集》卷23第288页，中华书局1990年版",,,"洪迎华"
"唐","刘禹锡","宪宗元和九年甲午","814",,,"43","","江南西道","朗州","武陵",,"湖南","常德市",,"111.704994","29.037723","朗州司马","在朗州司马任。往柱山谒禅师，作诗","","《谒柱山会禅师》","Poem","谒柱山会禅师
我本山东人，平生多感慨。弱冠游咸京，上书金马外。结交当世贤，驰声溢四塞。勉修贵及早，狃捷不知退。锱铢扬芬馨，寻尺招瑕颣。淹留郢南都，摧颓羽翰碎。安能咎往事，且欲去沈痗。吾师得真如，寄在人寰内。哀我堕名网，有如翾飞辈。瞳瞳揭智烛，照使出昏昧。静见玄关启，歆然初心会。夙尚一何微，今得信可大。觉路明證入，便门通忏悔。悟理言自忘，处屯道犹泰。色身岂吾宝，慧性非形碍。思此灵山期，未卜何年载。","卞孝萱《刘禹锡年谱》，中华书局1966年版，第71页","卞孝萱校订《刘禹锡集》卷23第289页，中华书局1990年版",,,"洪迎华"
"唐","刘禹锡","宪宗元和九年甲午","814",,,"43","","江南西道","朗州","武陵",,"湖南","常德市",,"111.704994","29.037723","朗州司马","在朗州司马任。至柱山善卷坛，作诗","","《善卷坛下作》","Poem","善卷坛下作
先生见尧心，相与去九有。斯民既已治，我得安林薮。道为自然贵，名是无穷寿。瑶坛在此山，识者常回首。","卞孝萱《刘禹锡年谱》，中华书局1966年版，第71页","卞孝萱校订《刘禹锡集》卷23第289页，中华书局1990年版",,,"洪迎华"
"唐","刘禹锡","宪宗元和九年甲午","814",,,"43","","江南西道","朗州","武陵",,"湖南","常德市",,"111.704994","29.037723","朗州司马","在朗州司马任。观火，作诗","","《武陵观火诗》","Poem","武陵观火诗
楚乡祝融分，炎火常为虞。是时直突烟，发自晨炊徒。盲风扇其威，白昼曛阳乌。操绠不暇汲，循墙还避踰。怒如列缺光，迅与芬轮俱。联延掩四远，赫奕成洪炉。汹疑云涛翻，飒若鬼神趋。当前迎焮郝，是物同膏腴。金乌入梵天，赤龙游玄都。腾烟透窗户，飞焰生栾栌。火山摧半空，星雨洒中衢。瑶坛被髹漆，宝树攒珊瑚。光县与琴焦，旗亭无酒濡。市人委百货，邑令遗双凫。馀势下隈隩，长熛烘舳舻。吹焚照水府，炙浪愁天吴。灾罢云日晚，心惊视听殊。高灰辨廪庾，黑土连闉阇。众烬合星罗，游氛铄人肤。厚地藏宿热，遥林呈骤枯。火德资生人，庸可一日无。御之失其道，敲石弥天隅。晋库走龙剑，吴宫伤燕雏。五行有沴气，先哲垂吁谟。宋郑同日起，时当贤大夫。无苛自可乐，弭患非所图。贤守恤人瘼，临烟驻骊驹。吊场色惨忸，颜失词劬愉。下令蠲里布，指期轻市租。闬垣适未立，苫盖自相娱。山木行剪伐，江泥宜墐途。邑臣不必曾，何用徵越巫。","卞孝萱《刘禹锡年谱》，中华书局1966年版，第72页","卞孝萱校订《刘禹锡集》卷23第290页，中华书局1990年版",,,"洪迎华"
"唐","刘禹锡","宪宗元和九年甲午","814",,,"43","","江南西道","朗州","武陵",,"湖南","常德市",,"111.704994","29.037723","朗州司马","在朗州司马任。游桃源，作诗","","《游桃源一百韵》","Poem","游桃源一百韵
沅江清悠悠，连山郁岑寂。回流抱绝巘，皎镜含虚碧。昏旦递明媚，烟岚分委积。香蔓垂绿潭，暴龙照孤碛。渊明著前志，子骥思远蹠。寂寂无何乡，密尔天地隔。金行太元岁，渔者偶探赜。寻花得幽踪，窥洞穿闇隙。依微闻鸡犬，豁达值阡陌。居人互将迎，笑语如平昔。广乐虽交奏，海禽心不怿。挥手一来归，故溪无处觅。绵绵五百载，市朝几迁革。有路在壶中，无人知地脉。皇家感至道，圣祚自天锡。金阙传本枝，玉函留宝历。禁山开秘宇，复户洁灵宅。蕊检香氛氲，醮坛烟幂幂。我来尘外躅，莹若朝星析。崖转对翠屏，水穷留画鹢。三休俯乔木，千级扳峭壁。旭日闻撞钟，䌽云迎蹑屐。遂登最高顶，纵目还楚泽。平湖见草青，远岸连霞赤。幽寻如梦想，绵思属空阒。夤缘且忘疲，耽玩近成癖。清猿伺晓发，瑶草凌寒坼。祥禽舞葱茏，珠树摇玓瓅。羽人顾我笑，劝我税归轭。霓裳何飘飖，童颜洁白皙。重岩是藩屏，驯鹿受羁靮。楼居弥清霄，萝茑成翠帟。仙翁遗竹杖，王母留桃核。姹女飞丹砂，青童护金液。宝气浮鼎耳，神光生剑脊。虚无天乐来，僁窣鬼兵役。丹丘肃朝礼，玉札工䌷绎。枕中淮南方，床下阜乡舄。明灯坐遥夜，幽籁听淅沥。因话近世仙，耸然心神惕。乃言瞿氏子，骨状非凡格。往事黄先生，群儿多侮剧。謷然不屑意，元气贮肝膈。往往游不归，洞中观博弈。言高未易信，犹复加诃责。一旦前致辞，自云仙期迫。言师有道骨，前事常被谪。如今三山上，名字在真籍。悠然谢主人，后岁当来觌。言毕依庭树，如烟去无迹。观者皆失次，惊追纷络绎。日暮山径穷，松风自萧槭。适逢脩蛇见，瞋目光激射。如严三清居，不使恣搜索。唯馀步纲势，八趾在沙砾。至今东北隅，表以坛上石。列仙徒有名，世人非目击。如何庭庑际，白日振飞翮。洞天岂幽远，得道如咫尺。一气无死生，三光自迁易。因思人间世，前路何狭窄。瞥然此生中，善祝期满百。大方播群类，秀气肖翕辟。性静本同和，物牵成阻厄。是非斗方寸，荤血昏精魄。遂令多夭伤，犹喜见斑白。喧喧车马驰，苒苒桑榆夕。共安缇绣荣，不悟泥途适。纷吾本孤贱，世业在逢掖。九流宗指归，百氏旁捃摭。公卿偶慰荐，乡曲缪推择。居安白社贫，至傲玄纁辟。功名希自取，簪组俟扬历。书府蚤怀铅，射宫曾发的。起草香生帐，坐曹乌集柏。赐燕聆箫韶，侍祠阅琮璧。尝闻履忠信，可以行蛮貊。自述希古心，忘恃干时画。巧言忽成锦，苦志徒食檗。平地生峰峦，深心有矛戟。层波一震荡，弱植忽沦溺。北渚吊灵均，长岑思亭伯。祸来昧几兆，事去空叹息。尘累与时深，流年随漏滴。才能疑木雁，报施迷夷蹠。楚奏絷钟仪，商歌劳宁戚。禀生非悬解，对镜方感激。自从婴网罗，每事问龟策。王正降雷雨，环玦赐迁斥。倘伏夷平人，誓将依羽客。买山构精舍，领徒开讲席。冀无身外忧，自有闲中益。道芽期日就，尘虑乃冰释。且欲遗姓名，安能慕竹帛。长生尚学致，一溉岂虚掷。芝朮资糇粮，烟霞拂巾帻。黄石履看堕，洪崖肩可拍。聊复嗟蜉蝣，何烦哀虺蜴。青囊既深味，琼葩亦屡摘。纵无西山资，犹免长戚戚。","卞孝萱《刘禹锡年谱》，中华书局1966年版，第72页","卞孝萱校订《刘禹锡集》卷23第293页，中华书局1990年版",,,"洪迎华"
"唐","刘禹锡","宪宗元和九年甲午","814",,,"43","","江南西道","朗州","武陵",,"湖南","常德市",,"111.704994","29.037723","朗州司马","谪居朗州，作诗悼往","","《谪居悼往二首》","Poem","谪居悼往二首 其一
邑邑何邑邑，长沙地卑湿。楼上见春多，花前恨风急。猿愁肠断叫，鹤病翘趾立。牛衣独自眠，谁哀仲卿泣。
谪居悼往二首 其二
郁郁何郁郁，长安远如日。终日念乡关，燕来鸿复还。潘岳岁寒思，屈平憔悴颜。殷勤望归路，无雨即登山。","卞孝萱《刘禹锡年谱》，中华书局1966年版，第72页","卞孝萱校订《刘禹锡集》卷30第408页，中华书局1990年版",,,"洪迎华"
"唐","刘禹锡","宪宗元和九年甲午","814",,,"43","","江南西道","朗州","武陵",,"湖南","常德市",,"111.704994","29.037723","朗州司马","在朗州司马任，作诗","","《桃源行》","Poem","桃源行
渔舟何招招，浮在武陵水。拖纶掷饵信流去，误入桃源行数里。清源寻尽花绵绵，踏花觅径至洞前。洞门苍黑烟雾生，暗行数步逢虚明。俗人毛骨惊仙子，争来致词何至此。须臾皆破冰雪颜，笑言委曲问人间。因嗟隐身来种玉，不知人世如风烛。筵羞石髓劝客餐，灯爇松脂留客宿。鸡声犬声遥相闻，晓色葱茏开五云。渔人振衣起出户，满庭无路花纷纷。翻然恐失乡悬处，一息不肯桃源住。桃花满溪水似镜，尘心如垢洗不去。仙家一出寻无踪，至今流水山重重。","卞孝萱《刘禹锡年谱》，中华书局1966年版，第72页","卞孝萱校订《刘禹锡集》卷26第346页，中华书局1990年版",,,"洪迎华"
"唐","刘禹锡","宪宗元和九年甲午","814",,,"43","","江南西道","朗州","武陵",,"湖南","常德市",,"111.704994","29.037723","朗州司马","在朗州司马任。作诗","","《洞庭秋月行》","Poem","洞庭秋月行
洞庭秋月生湖心，层波万顷如镕金。孤轮徐转光不定，游气濛濛隔寒镜。是时白露三秋中，湖平月上天地空。岳阳楼头暮角绝，荡漾已过君山东。山城苍苍夜寂寂，水月逶迤绕城白。荡桨巴童歌竹枝，连樯估客吹羌笛。势高夜久阴力全，金气肃肃开星躔。浮云野马归四裔，遥望星斗当中天。天鸡相呼曙霞出，敛影含光让朝日。日出喧喧人不闲，夜来清景非人间。","卞孝萱《刘禹锡年谱》，中华书局1966年版，第72页","卞孝萱校订《刘禹锡集》卷26第344页，中华书局1990年版",,,"洪迎华"
"唐","刘禹锡","宪宗元和九年甲午","814",,,"43","","江南西道","朗州","武陵",,"湖南","常德市",,"111.704994","29.037723","朗州司马","在朗州司马任，作诗","","《泰娘歌并引》","Poem","泰娘歌
泰娘家本阊门西，门前绿水环金堤。有时妆成好天气，走上皋桥折花戏。风流太守韦尚书，路傍忽见停隼旟。斗量明珠鸟传意，绀幰迎入专城居。长鬟如云衣似雾，锦茵罗荐承轻步。舞学惊鸿水榭春，歌传上客兰堂暮。从郎西入帝城中，贵游簪组香帘栊。低鬟缓视抱明月，纤指破拔生胡风。繁华一旦有消歇，题剑无光履声绝。洛阳旧宅生草莱，杜陵萧萧松柏哀。妆奁虫网厚如茧，博山炉侧倾寒灰。蕲州刺史张公子，白马新到铜驼里。自言买笑掷黄金，月堕云中从此始。安知鵩鸟座隅飞，寂寞旅魂招不归。秦嘉镜有前时结，韩寿香销故箧衣。山城少人江水碧，断雁哀猿风雨夕。朱弦已绝为知音，云鬓未秋私自惜。举目风烟非旧时，梦寻归路乡多参差。如何将此千行泪，更洒湘江斑竹枝。","卞孝萱《刘禹锡年谱》，中华书局1966年版，第72页","卞孝萱校订《刘禹锡集》卷27第350页，中华书局1990年版",,,"洪迎华"
"唐","刘禹锡","宪宗元和九年甲午","814",,,"43","","江南西道","朗州","武陵",,"湖南","常德市",,"111.704994","29.037723","朗州司马","在朗州司马任，作诗","","《龙阳县歌》","Poem","龙阳县歌
县门白日无尘土，百姓县前挽鱼罟。主人引客登大堤，小儿纵观黄犬怒。鹧鸪惊鸣绕篱落，橘柚垂芳照窗户。沙平草绿见吏稀，寂历斜阳照县鼓。","卞孝萱《刘禹锡年谱》，中华书局1966年版，第72-73页","卞孝萱校订《刘禹锡集》卷27第352页，中华书局1990年版",,,"洪迎华"
"唐","刘禹锡","宪宗元和九年甲午","814",,,"43","","江南西道","朗州","武陵",,"湖南","常德市",,"111.704994","29.037723","朗州司马","在朗州司马任，作诗","","《竞渡曲》","Poem","竞渡曲
沅江五月平堤流，邑人相将浮䌽舟。灵均何年歌已矣，哀谣振楫从此起。杨桴击节雷阗阗，乱流齐进声轰然。蛟龙得雨鬐鬣动，螮蝀饮河形影联。刺史临流褰翠帏，揭竿命爵分雄雌。先鸣馀勇争鼓舞，未至衔枚颜色沮。百胜本自有前期，一飞由来无定所。风俗如狂重此时，纵观云委江之湄。䌽旂夹岸照蛟室，罗袜凌波呈水嬉。曲终人散空愁暮，招屈亭前水东注。","卞孝萱《刘禹锡年谱》，中华书局1966年版，第73页","卞孝萱校订《刘禹锡集》卷26第341页，中华书局1990年版",,,"洪迎华"
"唐","刘禹锡","宪宗元和九年甲午","814",,,"43","","江南西道","朗州","武陵",,"湖南","常德市",,"111.704994","29.037723","朗州司马","在朗州司马任，送僧友东游，作诗以别","僧仲剬，僧灵澈","《送僧仲剬东游兼寄呈灵澈上人》","Poem","送僧仲剬东游兼寄呈灵澈上人
释子道成神气闲，住持曾上清凉山。晴空礼拜见真像，金毛五髻卿云间。西游长安隶僧籍，本寺门前曲江碧。松间白月照宝书，竹下香泉洒瑶席。前时学得经论成，奔驰象马开禅扃。高筵谈柄一麾拂，讲下门徒如醉醒。旧闻南方多长老，次第来入荆门道。荆州本自重弥天，南朝塔庙犹依然。宴坐东阳枯树下，经行居止故台边。忽忆遗民社中客，为我衡阳驻飞锡。讲罢同寻相鹤经，闲来共蜡登山屐。一旦扬眉望沃州，自言王谢许同游。凭将杂拟三十首，寄与江南汤慧休。","卞孝萱《刘禹锡年谱》，中华书局1966年版，第73页","卞孝萱校订《刘禹锡集》卷29第391页，中华书局1990年版",,,"洪迎华"
"唐","刘禹锡","宪宗元和九年甲午","814",,,"43","","江南西道","朗州","武陵",,"湖南","常德市",,"111.704994","29.037723","朗州司马","在朗州司马任。某年八月十五日夜，玩月作诗","","《八月十五日夜桃源玩月》","Poem","八月十五日夜桃源玩月
尘中见月心亦闲，况是清秋仙府间。凝光悠悠寒露坠，此时立在最高山。碧虚无云风不起，山上长松山下水。群动翛然一顾中，天高地平千万里。少君引我升玉坛，礼空遥请真仙官。云軿欲下星斗动，天乐一声肌骨寒。金霞昕昕渐东上，轮欹影促犹频望。绝景良时难再并，他年此日应惆怅。","卞孝萱《刘禹锡年谱》，中华书局1966年版，第73页","卞孝萱校订《刘禹锡集》卷38第569页，中华书局1990年版",,,"洪迎华"
"唐","刘禹锡","宪宗元和九年甲午","814",,,"43","","江南西道","朗州","武陵",,"湖南","常德市",,"111.704994","29.037723","朗州司马","在朗州司马任。感当地采菱风俗，作诗","","《采菱行并引》","Poem","采菱行
白马湖平秋日光，紫菱如锦彩鸳翔。荡舟游女满中央，采菱不顾马上郎。争多逐胜纷相向，时转兰桡破轻浪。长鬟弱袂动参差，钗影钏文浮荡漾。笑语哇咬顾晚晖，蓼花缘岸扣舷归。归来共到市桥步，野蔓系船萍满衣。家家竹楼临广陌，下有连樯多估客。携觞荐芰夜经过，醉踏大堤相应歌。屈平祠下沅江水，月照寒波白烟起。一曲南音此地闻，长安北望三千里。","卞孝萱《刘禹锡年谱》，中华书局1966年版，第73页","卞孝萱校订《刘禹锡集》卷26第342页，中华书局1990年版",,,"洪迎华"
"唐","刘禹锡","宪宗元和九年甲午","814",,,"43","","江南西道","朗州","武陵",,"湖南","常德市",,"111.704994","29.037723","朗州司马","在朗州司马任，作诗","","《清湘词二首》","Poem","清湘词二首 其一
湘水流，湘水流，九疑云物至今愁。君问二妃何处所，零陵香草雨中收。
清湘词二首 其二
斑竹枝，斑竹枝，泪痕点点寄相思。楚客欲听瑶瑟怨，潇湘深夜月明时。","卞孝萱《刘禹锡年谱》，中华书局1966年版，第73页","不见卞孝萱校订《刘禹锡集》收录",,,"洪迎华"
"唐","刘禹锡","宪宗元和九年甲午","814",,,"43","","江南西道","朗州","武陵",,"湖南","常德市",,"111.704994","29.037723","朗州司马","在朗州司马任。闲游作诗","","《步出武陵东亭临江寓（一作偶）望》","Poem","步出武陵东亭临江寓望
鹰至感风候，霜馀变林麓。孤帆带日来，寒江转沙曲。戍摇旗影动，津晚橹声促。月上彩霞收，渔歌远相续。","卞孝萱《刘禹锡年谱》，中华书局1966年版，第73页","卞孝萱校订《刘禹锡集》卷25第323页，中华书局1990年版",,,"洪迎华"
"唐","刘禹锡","宪宗元和九年甲午","814",,,"43","","江南西道","朗州","武陵",,"湖南","常德市",,"111.704994","29.037723","朗州司马","在朗州司马任。某年元日，感怀作诗","","《元日感怀》","Poem","元日感怀
振蛰春潜至，湘南人未归。身加一日长，心觉去年非。燎火委虚烬，儿童衒彩衣。异乡无旧识，车马到门稀。","卞孝萱《刘禹锡年谱》，中华书局1966年版，第74页","卞孝萱校订《刘禹锡集》卷38第574页，中华书局1990年版",,,"洪迎华"
"唐","刘禹锡","宪宗元和九年甲午","814",,,"43","","江南西道","朗州","武陵",,"湖南","常德市",,"111.704994","29.037723","朗州司马","在朗州司马任，南中书来，感而作诗","","《南中书来》","Poem","南中书来
君书问风俗，此地接炎州。淫祀多青鬼，居人少白头。旅情偏在夜，乡思岂唯秋。每羡朝宗水，门前尽日流。","卞孝萱《刘禹锡年谱》，中华书局1966年版，第74页","卞孝萱校订《刘禹锡集》卷38第575页，中华书局1990年版",,,"洪迎华"
"唐","刘禹锡","宪宗元和九年甲午","814",,,"43","","江南西道","朗州","武陵",,"湖南","常德市",,"111.704994","29.037723","朗州司马","在朗州司马任。作诗","","《题招隐寺》","Poem","题招隐寺
隐士遗尘在，高僧精舍开。地形临渚断，江势触山回。楚野花多思，南禽声例哀。殷勤最高顶，闲即望乡来。","卞孝萱《刘禹锡年谱》，中华书局1966年版，第74页","卞孝萱校订《刘禹锡集》卷38第575页，中华书局1990年版",,,"洪迎华"
"唐","刘禹锡","宪宗元和九年甲午","814",,,"43","","江南西道","朗州","武陵",,"湖南","常德市",,"111.704994","29.037723","朗州司马","在朗州司马任。作诗","","《送春词》","Poem","送春词
昨来楼上迎春处，今日登楼又送归。兰蕊残妆含露泣，柳条长袖向风挥。佳人对镜容颜改，楚客临江心事违。万古至今同此恨，无如一醉尽忘机。","卞孝萱《刘禹锡年谱》，中华书局1966年版，第74页","卞孝萱校订《刘禹锡集》卷26第349页，中华书局1990年版",,,"洪迎华"
"唐","刘禹锡","宪宗元和九年甲午","814",,,"43","","江南西道","朗州","武陵",,"湖南","常德市",,"111.704994","29.037723","朗州司马","在朗州司马任。送僧友慧则法师，作诗以别","僧慧则","《送慧则法师归上都因呈广宣上人并引》","Poem","送慧则法师归上都因呈广宣上人
昨日东林看讲时，都人象马蹋琉璃。雪山童子应前世，金粟如来是本师。一锡言归九城路，三衣曾拂万年枝。休公久别如相问，楚客逢秋心更悲。","卞孝萱《刘禹锡年谱》，中华书局1966年版，第74页","卞孝萱校订《刘禹锡集》卷29第393页，中华书局1990年版",,,"洪迎华"
"唐","刘禹锡","宪宗元和九年甲午","814",,,"43","","江南西道","朗州","武陵",,"湖南","常德市",,"111.704994","29.037723","朗州司马","在朗州司马任。送僧友景玄法师，作诗以别","僧景玄","《送景玄师东归并引》","Poem","送景玄师东归
东林寺里一沙弥，心爱当时才子诗。山下偶随流水出，秋来却赴白云期。滩头蹑屐挑沙菜，路上停舟读古碑。想到旧房抛锡杖，小松应有过檐枝。","卞孝萱《刘禹锡年谱》，中华书局1966年版，第74页","卞孝萱校订《刘禹锡集》卷29第402页，中华书局1990年版",,,"洪迎华"
"唐","刘禹锡","宪宗元和九年甲午","814",,,"43","","江南西道","朗州","武陵",,"湖南","常德市",,"111.704994","29.037723","朗州司马","在朗州司马任。登临怀古，作诗","","《汉寿城春望》","Poem","汉寿城春望
汉寿城边野草春，荒祠古墓对荆榛。田中牧竖烧刍狗，陌上行人看石麟。华表半空经霹雳，碑文才见满埃尘。不知何日东瀛变，此地还成要路津。","卞孝萱《刘禹锡年谱》，中华书局1966年版，第74页","卞孝萱校订《刘禹锡集》卷24第301页，中华书局1990年版",,,"洪迎华"
"唐","刘禹锡","宪宗元和九年甲午","814",,,"43","","江南西道","朗州","武陵",,"湖南","常德市",,"111.704994","29.037723","朗州司马","在朗州司马任。至阳山庙观赛神，作诗","","《阳山庙观赛神》","Poem","阳山庙观赛神
汉家都尉旧征蛮，血食如今配此山。曲盖幽深苍桧下，洞箫愁绝翠屏间。荆巫脉脉传神语，野老娑娑起醉颜。日落风生庙门外，几人连蹋竹歌还。","卞孝萱《刘禹锡年谱》，中华书局1966年版，第74页","卞孝萱校订《刘禹锡集》卷24第301页，中华书局1990年版",,,"洪迎华"
"唐","刘禹锡","宪宗元和九年甲午","814",,,"43","","江南西道","朗州","武陵",,"湖南","常德市",,"111.704994","29.037723","朗州司马","在朗州司马任。晚岁登武陵城，感而作诗","","《晚岁登武陵城顾望水陆怅然有作》","Poem","晚岁登武陵城顾望水陆怅然有作
星象承乌翼，蛮陬想犬牙。俚人祠竹节，仙洞闭桃花。城基历汉魏，江源自賨巴。华表廖王墓，菜地黄琼家。霜轻菊秀晚，石浅水纹斜。樵音绕故垒，汲路明寒沙。清风稍改叶，卢橘始含葩。野桥过驿骑，丛祠发迥笳。跳鳞避举网，倦鸟寄行楂。路尘高出树，山火远连霞。夕曛转赤岸，浮霭起苍葭。轧轧渡水桨，连连赴林鸦。叫阍道非远，赐环期自赊。孤臣本危涕，乔木在天涯。","卞孝萱《刘禹锡年谱》，中华书局1966年版，第75页","卞孝萱校订《刘禹锡集》卷25第324页，中华书局1990年版",,,"洪迎华"
"唐","刘禹锡","宪宗元和九年甲午","814",,,"43","","江南西道","朗州","武陵",,"湖南","常德市",,"111.704994","29.037723","朗州司马","在朗州司马任。经伏波神祠堂，作诗","","《经伏波神祠》","Poem","经伏波神祠
蒙蒙篁竹下，有路上壶头。汉垒麇鼯斗，蛮溪雾雨愁。怀人敬遗像，阅世指东流。自负霸王略，安知恩泽侯。乡园辞石柱，筋力尽炎洲。一以功名累，翻思马少游。","卞孝萱《刘禹锡年谱》，中华书局1966年版，第75页","卞孝萱校订《刘禹锡集》卷22第279页，中华书局1990年版",,,"洪迎华"
"唐","刘禹锡","宪宗元和九年甲午","814",,,"43","","江南西道","朗州","武陵",,"湖南","常德市",,"111.704994","29.037723","朗州司马","在朗州司马任。听琴，感而作诗","","《听琴》（一作《听僧弹琴》）","Poem","","卞孝萱《刘禹锡年谱》，中华书局1966年版，第75页","卞孝萱校订《刘禹锡集》诗文补遗卷第632页，中华书局1990年版",,,"洪迎华"
"唐","刘禹锡","宪宗元和九年甲午","814",,,"43","","江南西道","朗州","武陵",,"湖南","常德市",,"111.704994","29.037723","朗州司马","在朗州司马任。作诗伤友","","《伤桃源薛道士（一作尊师）》","Poem","伤桃源薛道士
坛边松在鹤巢空，白鹿闲行旧径中。手植红桃千树发，满山无主任春风。","卞孝萱《刘禹锡年谱》，中华书局1966年版，第75页","卞孝萱校订《刘禹锡集》卷30第409页，中华书局1990年版",,,"洪迎华"
"唐","刘禹锡","宪宗元和九年甲午","814",,,"43","","江南西道","朗州","武陵",,"湖南","常德市",,"111.704994","29.037723","朗州司马","在朗州司马任。尝茶，作诗","","《尝茶》","Poem","尝茶
生拍芳丛鹰觜芽，老郎封寄谪仙家。今宵更有湘江月，照出菲菲满碗花。","卞孝萱《刘禹锡年谱》，中华书局1966年版，第75页","卞孝萱校订《刘禹锡集》卷38第573页，中华书局1990年版",,,"洪迎华"
"唐","刘禹锡","宪宗元和九年甲午","814",,,"43","","江南西道","朗州","武陵",,"湖南","常德市",,"111.704994","29.037723","朗州司马","在朗州司马任。望洞庭，感而作诗","","《望洞庭》","Poem","望洞庭
湖光秋月两相和，潭面无风镜未磨。遥望洞庭山水翠，白银盘里一青螺。","卞孝萱《刘禹锡年谱》，中华书局1966年版，第75页","卞孝萱校订《刘禹锡集》卷38第576页，中华书局1990年版",,,"洪迎华"
"唐","刘禹锡","宪宗元和九年甲午","814",,,"43","","江南西道","朗州","武陵",,"湖南","常德市",,"111.704994","29.037723","朗州司马","在朗州司马任。作诗","","《团扇歌》","Poem","团扇诗
团扇复团扇，奉君清暑殿。秋风入庭树，从此不相见。上有乘鸾女，苍苍虫网遍。明年入怀袖，别是机中练。","卞孝萱《刘禹锡年谱》，中华书局1966年版，第76页","卞孝萱校订《刘禹锡集》卷26第337页，中华书局1990年版",,,"洪迎华"
"唐","刘禹锡","宪宗元和九年甲午","814",,,"43","","江南西道","朗州","武陵",,"湖南","常德市",,"111.704994","29.037723","朗州司马","在朗州司马任。作诗","","《葡萄歌》","Poem","葡萄歌
野田生葡萄，缠绕一枝高。移来碧墀下，张王日日高。分岐浩繁缛，脩蔓蟠诘曲。扬翘向庭柯，意思如有属。为之立长檠，布濩当轩绿。米液溉其根，理疏看渗漉。繁葩组绶结，悬实珠玑蹙。马乳带轻霜，龙鳞曜初旭。有客汾阴至，临堂瞪双目。自言我晋人，种此如种玉。酿之成美酒，令人饮不足。为君持一斗，往取凉州牧。","卞孝萱《刘禹锡年谱》，中华书局1966年版，第76页","卞孝萱校订《刘禹锡集》卷27第354页，中华书局1990年版",,,"洪迎华"
"唐","刘禹锡","宪宗元和九年甲午","814",,,"43","","江南西道","朗州","武陵",,"湖南","常德市",,"111.704994","29.037723","朗州司马","在朗州司马任。作诗遣怀","","《壮士行》","Poem","杂曲歌辞 壮士行
阴风振寒郊，猛虎正咆哮。徐行出烧地，连吼入黄茆。壮士走马去，镫前弯玉弰。叱之使人立，一发如铍交。悍睛忽星坠，飞血溅林梢。彪炳为我席，膻腥充我庖。里中欣害除，贺酒纷号呶。明日长桥上，倾城看斩蛟。","卞孝萱《刘禹锡年谱》，中华书局1966年版，第76页","卞孝萱校订《刘禹锡集》卷27第358页，中华书局1990年版",,,"洪迎华"
"唐","刘禹锡","宪宗元和九年甲午","814",,,"43","","江南西道","朗州","武陵",,"湖南","常德市",,"111.704994","29.037723","朗州司马","在朗州司马任。作诗","","《抛毬乐词》","Poem","抛毬乐 其一
五色绣团圆，登君玳瑁筵。最宜红烛下，偏称落花前。上客如先起，应须赠一船。","卞孝萱《刘禹锡年谱》，中华书局1966年版，第76页","卞孝萱校订《刘禹锡集》卷27第363页，中华书局1990年版",,,"洪迎华"
"唐","刘禹锡","宪宗元和九年甲午","814",,,"43","","江南西道","朗州","武陵",,"湖南","常德市",,"111.704994","29.037723","朗州司马","在朗州司马任。作诗","","《送春曲三首》","Poem","送春曲三首 其一
春向晚，春晚思悠哉。风云日已改，花叶自相摧。漠漠空中去，何时天际来。
送春曲三首 其二
春已暮，冉冉如人老。映叶见残花，连天是青草。可怜桃与李，从此同桑枣。
送春曲三首 其三
春景去，此去何时回。游人千万恨，落日上高台。寂寞繁花尽，流莺归莫来。","卞孝萱《刘禹锡年谱》，中华书局1966年版，第76页","卞孝萱校订《刘禹锡集》卷26第348页，中华书局1990年版",,,"洪迎华"
"唐","刘禹锡","宪宗元和九年甲午","814",,,"43","","江南西道","朗州","武陵",,"湖南","常德市",,"111.704994","29.037723","朗州司马","在朗州司马任。作诗","","《初夏曲三首》","Poem","初夏曲三首 其一
铜壶方促夜，斗柄暂南回。稍嫌单衣重，初怜北户开。西园花已尽，新月为谁来。
初夏曲三首 其二
时节过繁华，阴阴千万家。巢禽命子戏，园果坠枝斜。寂寞孤飞蝶，窥丛觅晚花。
初夏曲三首 其三
绿水风初暖，青林露早晞。麦陇雉朝雊，桑野人暮归。百舌悲花尽，平芜来去飞。","卞孝萱《刘禹锡年谱》，中华书局1966年版，第76页","卞孝萱校订《刘禹锡集》卷26第348页，中华书局1990年版",,,"洪迎华"
"唐","刘禹锡","宪宗元和九年甲午","814",,,"43","","江南西道","朗州","武陵",,"湖南","常德市",,"111.704994","29.037723","朗州司马","在朗州司马任。作诗","","《捣衣曲》","Poem","捣衣曲
爽砧应秋律，繁杵含凄风。一一远相续，家家音不同。户庭凝露清，伴侣明月中。长裾委襞积，轻佩垂璁珑。汗馀衫更馥，钿移麝半空。报寒惊边雁，促思闻候虫。天狼正芒角，虎落定相攻。盈箧寄何处，征人如转蓬。","卞孝萱《刘禹锡年谱》，中华书局1966年版，第77页","卞孝萱校订《刘禹锡集》卷27第352页，中华书局1990年版",,,"洪迎华"
"唐","刘禹锡","宪宗元和九年甲午","814",,,"43","","江南西道","朗州","武陵",,"湖南","常德市",,"111.704994","29.037723","朗州司马","在朗州司马任。作诗","","《鶗鴂吟》","Poem","鶗鴂吟
朝阳有鸣凤，不闻千万祀。鶗鴂摧众芳，晨间先入耳。秋风白露晞，从是尔啼时。如何上春日，唧唧满庭飞。","卞孝萱《刘禹锡年谱》，中华书局1966年版，第77页","卞孝萱校订《刘禹锡集》卷27第355页，中华书局1990年版",,,"洪迎华"
"唐","刘禹锡","宪宗元和九年甲午","814",,,"43","","江南西道","朗州","武陵",,"湖南","常德市",,"111.704994","29.037723","朗州司马","在朗州司马任。作诗","","《养鸷词》","Poem","养鸷词
养鸷非玩形，所资击鲜力。少年昧其理，日日哺不息。探雏网黄口，旦暮有馀食。宁知下鞲时，翅重飞不得。毰毸止林表，狡兔自南北。饮啄既已盈，安能劳羽翼。","卞孝萱《刘禹锡年谱》，中华书局1966年版，第77页","卞孝萱校订《刘禹锡集》卷21第261页，中华书局1990年版",,,"洪迎华"
"唐","刘禹锡","宪宗元和九年甲午","814",,,"43","","江南西道","朗州","武陵",,"湖南","常德市",,"111.704994","29.037723","朗州司马","在朗州司马任。作诗","","《学阮公体三首》","Poem","学阮公体三首 其一
少年负志气，信道不从时。只言绳自直，安知室可欺。百胜难虑敌，三折乃良医。人生不失意，焉能慕知己。
学阮公体三首 其二
朔风悲老骥，秋霜动鸷禽。出门有远道，平野多层阴。灭没驰绝塞，振迅拂华林。不因感衰节，安能激壮心。
学阮公体三首 其三
昔贤多使气，忧国不谋身。目览千载事，心交上古人。侯门有仁义，灵台多苦辛。不学腰如磬，徒使甑生尘。","卞孝萱《刘禹锡年谱》，中华书局1966年版，第77页","卞孝萱校订《刘禹锡集》卷21第258页，中华书局1990年版",,,"洪迎华"
"唐","刘禹锡","宪宗元和九年甲午","814",,,"43","","江南西道","朗州","武陵",,"湖南","常德市",,"111.704994","29.037723","朗州司马","在朗州司马任。作诗","","《贾客词并引》","Poem","贾客词
贾客无定游，所游唯利并。眩俗杂良苦，乘时取重轻。心计析秋毫，摇钩侔悬衡。锥刀既无弃，转化日已盈。邀福祷波神，施财游化城。妻约雕金钏，女垂贯珠缨。高赀比封君，奇货通倖卿。趋时鸷鸟思，藏镪盘龙形。大艑浮通川，高楼次旗亭。行止皆有乐，关梁自无征。农夫何为者，辛苦事寒耕。","卞孝萱《刘禹锡年谱》，中华书局1966年版，第77页","卞孝萱校订《刘禹锡集》卷21第262页，中华书局1990年版",,,"洪迎华"
"唐","刘禹锡","宪宗元和九年甲午","814",,,"43","","江南西道","朗州","武陵",,"湖南","常德市",,"111.704994","29.037723","朗州司马","在朗州司马任。作诗","","《调瑟词并引》","Poem","调瑟词
调瑟在张弦，弦平音自足。朱弦二十五，缺一不成曲。美人爱高张，瑶轸再三促。上弦虽独响，下应不相属。日暮声未和，寂寥一枯木。却顾膝上弦，流泪难相续。","卞孝萱《刘禹锡年谱》，中华书局1966年版，第77页","卞孝萱校订《刘禹锡集》卷21第262页，中华书局1990年版",,,"洪迎华"
"唐","刘禹锡","宪宗元和九年甲午","814",,,"43","","江南西道","朗州","武陵",,"湖南","常德市",,"111.704994","29.037723","朗州司马","在朗州司马任。作诗","","《偶作二首》","Poem","偶作二首 其一
终朝对尊酒，嗜兴非嗜甘。终日偶众人，纵言不纵谈。世情闲静见，药性病多谙。寄谢嵇中散，予无甚不堪。
偶作二首 其二
万卷堆床书，学者识其真。万里长江水，征夫渡要津。养生非但药，悟佛不因人。燕石何须辨，逢时即至珍。","卞孝萱《刘禹锡年谱》，中华书局1966年版，第78页","卞孝萱校订《刘禹锡集》卷21第259页，中华书局1990年版",,,"洪迎华"
"唐","刘禹锡","宪宗元和九年甲午","814",,,"43","","江南西道","朗州","武陵",,"湖南","常德市",,"111.704994","29.037723","朗州司马","在朗州司马任。作诗","","《昏镜词并引》","Poem","昏镜词
昏镜非美金，漠然丧其晶。陋容多自欺，谓若他镜明。瑕疵既不见，妍态随意生。一日四五照，自言美倾城。饰带以纹绣，装匣以琼瑛。秦宫岂不重，非适乃为轻。","卞孝萱《刘禹锡年谱》，中华书局1966年版，第78页","卞孝萱校订《刘禹锡集》卷21第260页，中华书局1990年版",,,"洪迎华"
"唐","刘禹锡","宪宗元和九年甲午","814",,,"43","","江南西道","朗州","武陵",,"湖南","常德市",,"111.704994","29.037723","朗州司马","在朗州司马任。作诗","","《磨镜篇》","Poem","磨镜篇
流尘翳明镜，岁久看如漆。门前负局人，为我一磨拂。萍开绿池满，晕尽金波溢。白日照空心，圆光走幽室。山神妖气沮，野魅真形出。却思未磨时，瓦砾来唐突。","卞孝萱《刘禹锡年谱》，中华书局1966年版，第78页","卞孝萱校订《刘禹锡集》卷21第270页，中华书局1990年版",,,"洪迎华"
"唐","刘禹锡","宪宗元和九年甲午","814",,,"43","","江南西道","朗州","武陵",,"湖南","常德市",,"111.704994","29.037723","朗州司马","在朗州司马任。作诗","","《有獭吟》","Poem","有獭吟
有獭得嘉鱼，自谓天见怜。先祭不敢食，捧鳞望青玄。人立寒沙上，心专眼悁悁。渔翁以为妖，举块投其咽。呼儿贯鱼归，与獭同烹煎。关关黄金鹗，大翅摇江烟。下见盈寻鱼，投身擘洪连。攫拿隐鳞去，哺雏林岳巅。鸱乌欲伺隙，遥噪莫敢前。长居青云路，弹射无由缘。何地无江湖，何水无鲔鳣。天意不宰割，菲祭徒虔虔。空馀知礼重，载在淹中篇。","卞孝萱《刘禹锡年谱》，中华书局1966年版，第78页","卞孝萱校订《刘禹锡集》卷21第271页，中华书局1990年版",,,"洪迎华"
"唐","刘禹锡","宪宗元和九年甲午","814",,,"43","","江南西道","朗州","武陵",,"湖南","常德市",,"111.704994","29.037723","朗州司马","在朗州司马任。作诗","","《萋兮吟》","Poem","萋兮吟
天涯浮云生，争蔽日月光。穷巷秋风起，先摧兰蕙芳。万货列旗亭，恣心注明珰。名高毁所集，言巧智难防。勿谓行大道，斯须成太行。莫吟萋兮什，徒使君子伤。","卞孝萱《刘禹锡年谱》，中华书局1966年版，第78页","卞孝萱校订《刘禹锡集》卷21第265页，中华书局1990年版",,,"洪迎华"
"唐","刘禹锡","宪宗元和九年甲午","814",,,"43","","江南西道","朗州","武陵",,"湖南","常德市",,"111.704994","29.037723","朗州司马","在朗州司马任。作诗","","《武夫词并引》","Poem","武夫词
武夫何洸洸，衣紫袭绛裳。借问胡为尔，列校在鹰扬。依倚将军势，交结少年场。探丸害公吏，抽刃妒名倡。家产既不事，顾盼自生光。酣歌高楼上，袒裼大道傍。昔为编户人，秉耒甘哺糠。今来从军乐，跃马饫膏粱。犹思风尘起，无种取侯王。","卞孝萱《刘禹锡年谱》，中华书局1966年版，第79页","卞孝萱校订《刘禹锡集》卷21第261页，中华书局1990年版",,,"洪迎华"
"唐","刘禹锡","宪宗元和九年甲午","814",,,"43","","江南西道","朗州","武陵",,"湖南","常德市",,"111.704994","29.037723","朗州司马","在朗州司马任。作诗","","《白鹭儿》","Poem","白鹭儿
白鹭儿，最高格。毛衣新成雪不敌，众禽喧呼独凝寂。孤眠芊芊草，久立潺潺石。前山正无云，飞去入遥碧。","卞孝萱《刘禹锡年谱》，中华书局1966年版，第79页","卞孝萱校订《刘禹锡集》卷27第358页，中华书局1990年版",,,"洪迎华"
"唐","刘禹锡","宪宗元和九年甲午","814",,,"43","","江南西道","朗州","武陵",,"湖南","常德市",,"111.704994","29.037723","朗州司马","在朗州司马任。作诗","","《聚蚊谣》","Poem","聚蚊谣
沈沈夏夜兰堂开，飞蚊伺暗声如雷。嘈然歘起初骇听，殷殷若自南山来。喧腾鼓舞喜昏黑，昧者不分听者惑。露花滴沥月上天，利觜迎人著不得。我躯七尺尔如芒，我孤尔众能我伤。天生有时不可遏，为尔设幄潜匡床。清商一来秋日晓，羞尔微形饲丹鸟。","卞孝萱《刘禹锡年谱》，中华书局1966年版，第79页","卞孝萱校订《刘禹锡集》卷21第266页，中华书局1990年版",,,"洪迎华"
"唐","刘禹锡","宪宗元和九年甲午","814",,,"43","","江南西道","朗州","武陵",,"湖南","常德市",,"111.704994","29.037723","朗州司马","在朗州司马任。作诗","","《百舌吟》","Poem","百舌吟
晓星寥落春云低，初闻百舌间关啼。花树满空迷处所，摇动繁英坠红雨。笙簧百啭音韵多，黄鹂吞声燕无语。东方朝日迟迟升，迎风弄景如自矜。数声不尽又飞去，何许相逢绿杨路。绵蛮宛转似娱人，一心百舌何纷纷。酡颜侠少停歌听，坠珥妖姬和睡闻。可怜光景何时尽，谁能低回避鹰隼。廷尉张罗自不关，潘郎挟弹无情损。天生羽族尔何微，舌端万变乘春晖。南方朱鸟一朝见，索漠无言蒿下飞。","卞孝萱《刘禹锡年谱》，中华书局1966年版，第79页","卞孝萱校订《刘禹锡集》卷21第267页，中华书局1990年版",,,"洪迎华"
"唐","刘禹锡","宪宗元和九年甲午","814",,,"43","","江南西道","朗州","武陵",,"湖南","常德市",,"111.704994","29.037723","朗州司马","在朗州司马任。作诗","","《飞鸢操》","Poem","飞鸢操
鸢飞杳杳青云里，鸢鸣萧萧风四起。旗尾飘扬势渐高，箭头砉划声相似。长空悠悠霁日悬，六翮不动凝风烟。游鹍翔雁出其下，庆云清景相回旋。忽闻饥乌一噪聚，瞥下云中争腐鼠。腾音砺吻相喧呼，仰天大吓疑鹓雏。畏人避犬投高处，俛啄无声犹屡顾。青鸟自爱玉山禾，仙禽徒贵华亭露。朴遬危巢向暮时，毰毸饱腹蹲枯枝。游童挟弹一麾肘，臆碎羽分人不悲。天生众禽各有类，威凤文章在仁义。鹰隼仪形蝼蚁心，虽能戾天何足贵。","卞孝萱《刘禹锡年谱》，中华书局1966年版，第79页","卞孝萱校订《刘禹锡集》卷21第268页，中华书局1990年版",,,"洪迎华"
"唐","刘禹锡","宪宗元和九年甲午","814",,,"43","","江南西道","朗州","武陵",,"湖南","常德市",,"111.704994","29.037723","朗州司马","在朗州司马任。作诗","","《秋萤引》","Poem","秋萤引
汉陵秦苑遥苍苍，陈根腐叶秋萤光。夜空寥寂金气净，千门九陌飞悠扬。纷纶晖映互明灭，金炉星喷镫花发。露华洗濯清风吹，低昂不定招摇垂。高丽罘罳照蛛网，斜历璇题舞罗幌。曝衣楼上拂香裙，承露台前转仙掌。槐市诸生夜读书，北窗分明辨鲁鱼。行子东山起征思，中郎骑省悲秋气。铜雀人归自入帘，长门帐开来照泪。谁言向晦常自明，儿童走步娇女争。天生有光非自衒，远近低昂暗中见。撮蚊妖鸟亦夜起，翅如车轮而已矣。","卞孝萱《刘禹锡年谱》，中华书局1966年版，第79页","卞孝萱校订《刘禹锡集》卷21第269页，中华书局1990年版",,,"洪迎华"
"唐","刘禹锡","宪宗元和九年甲午","814",,,"43","","江南西道","朗州","武陵",,"湖南","常德市",,"111.704994","29.037723","朗州司马","在朗州司马任。作诗","","《白鹰》","Poem","白鹰
毛羽斒斓白纻裁，马前擎出不惊猜。轻抛一点入云去，喝杀三声掠地来。绿玉觜攒鸡脑破，玄金爪擘兔心开。都缘解搦生灵物，所以人人道俊哉。","卞孝萱《刘禹锡年谱》，中华书局1966年版，第80页","卞孝萱校订《刘禹锡集》诗文补遗卷第631页，中华书局1990年版",,,"洪迎华"
"唐","刘禹锡","宪宗元和九年甲午","814",,,"43","","江南西道","朗州","武陵",,"湖南","常德市",,"111.704994","29.037723","朗州司马","在朗州司马任。作诗","","《秋词二首》","Poem","秋词二首 其一
自古逢秋悲寂寥，我言秋日胜春朝。晴空一鹤排云上，便引诗情到碧霄。
秋词二首 其二
山明水净夜来霜，数树深红出浅黄。试上高楼清入骨，岂如春色嗾人狂。","卞孝萱《刘禹锡年谱》，中华书局1966年版，第80页","卞孝萱校订《刘禹锡集》卷26第349页，中华书局1990年版",,,"洪迎华"
"唐","刘禹锡","宪宗元和九年甲午","814",,,"43","","江南西道","朗州","武陵",,"湖南","常德市",,"111.704994","29.037723","朗州司马","在朗州司马任。作诗","","《秋扇词》","Poem","秋扇词
莫道恩情无重来，人间荣谢递相催。当时初入君怀袖，岂念寒炉有死灰。","卞孝萱《刘禹锡年谱》，中华书局1966年版，第80页","卞孝萱校订《刘禹锡集》卷27第351页，中华书局1990年版",,,"洪迎华"
"唐","刘禹锡","宪宗元和九年甲午","814",,,"43","","江南西道","朗州","武陵",,"湖南","常德市",,"111.704994","29.037723","朗州司马","在朗州司马任。作诗咏梅寄友人","","《庭梅咏寄人》","Poem","咏庭梅寄人
蚤花常犯寒，繁实常苦酸。何事上春日，坐令芳意阑。夭桃定相笑，游妓肯回看。君问调金鼎，方知正味难。","陶敏、陶红雨《刘禹锡全集编年校注》，岳麓书社2003年版，第156页","卞孝萱校订《刘禹锡集》卷21第264页，中华书局1990年版",,,"洪迎华"
"唐","刘禹锡","宪宗元和九年甲午","814",,,"43","","江南西道","朗州","武陵",,"湖南","常德市",,"111.704994","29.037723","朗州司马","在朗州司马任。作诗赠友","高霞寓","《赠澧州高大夫司马霞寓》","Poem","赠澧州高大夫司马霞寓
前年牧锦城，马蹋血泥行。千里追戎首，三军许勇名。残兵疑鹤唳，空垒辩乌声。一误云中级，南游湘水清。","陶敏、陶红雨《刘禹锡全集编年校注》，岳麓书社2003年版，第158页","卞孝萱校订《刘禹锡集》卷22第280页，中华书局1990年版",,,"洪迎华"
"唐","刘禹锡","宪宗元和九年甲午","814",,,"43","","江南西道","朗州","武陵",,"湖南","常德市",,"111.704994","29.037723","朗州司马","在朗州司马任。宿朗州枉山禅师山房，题诗","","《宿诚禅师山房题赠二首》","Poem","宿诚禅师山房题赠二首 其一
宴坐白云端，清江直下看。来人望金刹，讲席绕香坛。虎啸夜林动，鼍鸣秋涧寒。众音徒起灭，心在净中观。
宿诚禅师山房题赠二首 其二
不出孤峰上，人间四十秋。视身如传舍，阅世似东流。法为因缘立，心从次第修。中宵问真偈，有住是吾忧。","陶敏、陶红雨《刘禹锡全集编年校注》，岳麓书社2003年版，第159页","卞孝萱校订《刘禹锡集》卷22第280页，中华书局1990年版",,,"洪迎华"
"唐","刘禹锡","宪宗元和九年甲午","814",,,"43","","江南西道","朗州","武陵",,"湖南","常德市",,"111.704994","29.037723","朗州司马","在朗州司马任。有诗","","《秋风引》","Poem","琴曲歌辞 秋风引
何处秋风至？萧萧送雁群。朝来入庭树，孤客最先闻。","陶敏、陶红雨《刘禹锡全集编年校注》，岳麓书社2003年版，第186页","卞孝萱校订《刘禹锡集》卷26第343页，中华书局1990年版",,,"洪迎华"
"唐","刘禹锡","宪宗元和九年甲午","814",,,"43","","江南西道","朗州","武陵",,"湖南","常德市",,"111.704994","29.037723","朗州司马","在朗州司马任。有诗赠别僧友","僧君素","《赠别君素上人并引》","Poem","赠别君素上人诗
穷巷唯秋草，高僧独扣门。相欢如旧识，问法到无言。水为风生浪，珠非尘可昏。悟来皆是道，此别不销魂。","陶敏、陶红雨《刘禹锡全集编年校注》，岳麓书社2003年版，第191页","卞孝萱校订《刘禹锡集》卷29第389页，中华书局1990年版",,,"洪迎华"
"唐","刘禹锡","宪宗元和九年甲午","814",,,"43","","江南西道","朗州","武陵",,"湖南","常德市",,"111.704994","29.037723","朗州司马","在朗州司马任。某年秋，作诗送客","","《秋日送客至潜水驿》","Poem","秋日送客至潜水驿
候吏立沙际，田家连竹溪。枫林社日鼓，茅屋午时鸡。鹊噪晚禾地，蝶飞秋草畦。驿楼宫树近，疲马再三嘶。","陶敏、陶红雨《刘禹锡全集编年校注》，岳麓书社2003年版，第176页","卞孝萱校订《刘禹锡集》卷25第323页，中华书局1990年版",,,"洪迎华"
"唐","刘禹锡","宪宗元和九年甲午","814",,,"43","","江南西道","朗州","武陵",,"湖南","常德市",,"111.704994","29.037723","朗州司马","在朗州司马任。有诗咏潇湘神","","《潇湘神二首》","Poem","清湘词二首 其一
湘水流，湘水流，九疑云物至今愁。君问二妃何处所，零陵香草雨中收。
清湘词二首 其二
斑竹枝，斑竹枝，泪痕点点寄相思。楚客欲听瑶瑟怨，潇湘深夜月明时。","陶敏、陶红雨《刘禹锡全集编年校注》，岳麓书社2003年版，第190页","卞孝萱校订《刘禹锡集》卷27第362页，中华书局1990年版",,,"洪迎华"
"唐","刘禹锡","宪宗元和九年甲午","814",,,"43","","江南西道","朗州","武陵",,"湖南","常德市",,"111.704994","29.037723","朗州司马","在朗州司马任。有诗感怀","","《视刀环歌》","Poem","视刀环歌
常恨言语浅，不如人意深。今朝两相视，脉脉万重心。","陶敏、陶红雨《刘禹锡全集编年校注》，岳麓书社2003年版，第180页","卞孝萱校订《刘禹锡集》卷26第339页，中华书局1990年版",,,"洪迎华"
"唐","刘禹锡","宪宗元和九年甲午","814",,,"43","","江南西道","朗州","武陵",,"湖南","常德市",,"111.704994","29.037723","朗州司马","在朗州司马任。友人来访，喜而有诗","康将军","《喜康将军见访》","Poem","喜康将军见访
谪君愁寂似幽栖，百草当门茅舍低。夜猎将军忽相访，鹧鸪惊起绕篱啼。","陶敏、陶红雨《刘禹锡全集编年校注》，岳麓书社2003年版，第196页","卞孝萱校订《刘禹锡集》卷38第572页，中华书局1990年版",,,"洪迎华"
"唐","刘禹锡","宪宗元和九年甲午","814",,,"43","","江南西道","朗州","武陵",,"湖南","常德市",,"111.704994","29.037723","朗州司马","在朗州司马任。有诗咏梁国祠","","《梁国祠》","Poem","梁国祠
梁国三郎威德尊，女巫箫鼓走乡村。万家长见空山上，雨气苍茫生庙门。","陶敏、陶红雨《刘禹锡全集编年校注》，岳麓书社2003年版，第197页","卞孝萱校订《刘禹锡集》卷38第573页，中华书局1990年版",,,"洪迎华"
"唐","刘禹锡","宪宗元和九年甲午","814",,,"43","","江南西道","朗州","武陵",,"湖南","常德市",,"111.704994","29.037723","朗州司马","在朗州司马任。九日登高，作诗书怀","","《九日登高》","Poem","九日登高
世路山河险，君门烟雾深。年年上高处，未省不伤心。","陶敏、陶红雨《刘禹锡全集编年校注》，岳麓书社2003年版，第197页","卞孝萱校订《刘禹锡集》卷38第574页，中华书局1990年版",,,"洪迎华"
"唐","刘禹锡","宪宗元和九年甲午","814","12",,"43","","江南西道","朗州","武陵",,"湖南","常德市",,"111.704994","29.037723",,"十二月，有诏召回刘禹锡、柳宗元、元稹等","柳宗元，元稹",,"","","卞孝萱《刘禹锡年谱》，中华书局1966年版，第66页",,,,"洪迎华"
"唐","刘禹锡","宪宗元和十年乙未","815","1",,"44","","江南西道","朗州","武陵",,"湖南","常德市",,"111.704994","29.037723",,"年初，赴长安前，窦群见示唱和诗文，禹锡作诗继和","","《朗州窦员外见示与澧州元郎中郡斋赠答长句二篇因以继和》","Poem","朗州窦员外见示与澧州元郎中郡斋赠答长句二篇因以继和
鸳鹭差池出建章，䌽旗朱户蔚相望。新恩共理犬牙地，昨日同含鸡舌香。白芷江边分驿路，山桃蹊外接甘棠。应怜一罢金闺籍，枉渚逢春十度伤。","卞孝萱《刘禹锡年谱》，中华书局1966年版，第84页","卞孝萱校订《刘禹锡集》卷24第302页，中华书局1990年版",,,"洪迎华"
"唐","刘禹锡","宪宗元和十年乙未","815","1",,"44","","江南西道","朗州","武陵",,"湖南","常德市",,"111.704994","29.037723",,"年初，赴长安前，早春对雪，作诗寄澧州元郎中","","《早春对雪奉寄澧州元郎中》","Poem","早春对雪奉寄澧州元郎中
新赐鱼书墨未乾，贤人暂出远人安。朝驱旌旆行时令，夜见星辰忆旧官。梅蕊覆阶铃阁暖，雪峰当户戟枝寒。宁知楚客思公子，北望长吟澧有兰。","卞孝萱《刘禹锡年谱》，中华书局1966年版，第84页","卞孝萱校订《刘禹锡集》卷24第303页，中华书局1990年版",,,"洪迎华"
"唐","刘禹锡","宪宗元和十年乙未","815","1",,"44","","江南西道","朗州","武陵",,"湖南","常德市",,"111.704994","29.037723",,"早春，赴长安前在朗州作诗送张苕","张苕","《送华阴尉张苕赴邕府使幕》","Poem","送华阴尉张苕赴邕府使幕
昔忝南宫郎，往来东观频。尝披燕公传，耸若窥三辰。翊圣崇国本，像贤正朝伦。高视缅今古，清风夐无邻。兰锜照通衢，一家十朱轮。酂国嗣侯绝，韦卿世业贫。夫子承大名，少年振芳尘。青袍仙掌下，矫首凌烟旻。公冶本非罪，潘郎一为民。风霜苦摇落，坚白无缁磷。一旦逢良时，天光烛幽沦。重为长裾客，佐彼观风臣。分野穷禹画，人烟过虞巡。不言此行远，所乐相知新。雨起巫山阳，鸟鸣湘水滨。离筵出苍莽，别曲多悲辛。今朝一杯酒，明日千里人。从此孤舟去，悠悠天海春。","陶敏、陶红雨《刘禹锡全集编年校注》，岳麓书社2003年版，第149页","卞孝萱校订《刘禹锡集》卷28第372页，中华书局1990年版",,,"洪迎华"
"唐","刘禹锡","宪宗元和十年乙未","815","2",,"44","","山南东道","襄州","率道",,"湖北","襄阳市","宜城市","112.264371","31.72543",,"赴京途中，过襄州淳于髡墓，感而题诗","","《题淳于髡墓》","Poem","题淳于髡墓
生为齐赘婿，死作楚先贤。应以客卿葬，故临官道边。寓言本多兴，放意能合权。我有一石酒，置君坟树前。","卞孝萱《刘禹锡年谱》，中华书局1966年版，第84-85页","卞孝萱校订《刘禹锡集》卷37第554页，中华书局1990年版",,,"洪迎华"
"唐","刘禹锡","宪宗元和十年乙未","815","2",,"44","","山南东道",,,,,,,"0","0",,"赴京途中，作诗怀友","","《元和甲午岁诏书尽征江湘逐客余自武陵赴京宿于都亭有怀续来诸君子》","Poem","元和甲午岁诏书尽徵江湘逐客余自武陵赴京宿于都亭有怀续来诸君子
雷雨江山起卧龙，武陵樵客蹑仙踪。十年楚水枫林下，今夜初闻长乐钟。","卞孝萱《刘禹锡年谱》，中华书局1966年版，第85页","卞孝萱校订《刘禹锡集》卷24第306页，中华书局1990年版",,,"洪迎华"
"唐","刘禹锡","宪宗元和十年乙未","815","2",,"44","","山南东道",,,,,,,"0","0",,"赴京途中，闻友独孤郁以疾不起，禹锡作诗伤悼","独孤郁","《伤独孤舍人并引》","Poem","伤独孤舍人
昔别矜年少，今悲丧国华。远来同社燕，不见早梅花。","卞孝萱《刘禹锡年谱》，中华书局1966年版，第85页","卞孝萱校订《刘禹锡集》卷30第410页，中华书局1990年版",,,"洪迎华"
"唐","刘禹锡","宪宗元和十年乙未","815","2",,"44","","京畿道","京兆府","长安",,"陕西","西安市",,"108.946306","34.347436",,"二月，抵长安","",,"","","卞孝萱《刘禹锡年谱》，中华书局1966年版，第80页",,,,"洪迎华"
"唐","刘禹锡","宪宗元和十年乙未","815","2",,"44","","京畿道","京兆府","长安",,"陕西","西安市",,"108.946306","34.347436",,"至京后，二三月间，感玄都观看花事，作诗，姑系于此","","《元和十年自朗州召至京戏赠看花诸君子》","Poem","元和十年自朗州召至京戏赠看花诸君子
紫陌红尘拂面来，无人不道看花回。玄都观里桃千树，尽是刘郎去后栽。","卞孝萱《刘禹锡年谱》，中华书局1966年版，第85页","卞孝萱校订《刘禹锡集》卷24第308页，中华书局1990年版",,,"洪迎华"
"唐","刘禹锡","宪宗元和十年乙未","815","2",,"44","","京畿道","京兆府","长安",,"陕西","西安市",,"108.946306","34.347436",,"至京后，二三月间，杨凭见寄诗篇，禹锡作诗酬答，姑系于此","杨凭","《酬杨侍郎凭见寄二首》","Poem","酬杨侍郎凭见寄
翔鸾阙底谢皇恩，缨上沧浪旧水痕。疏傅挥金忽相忆，远擎长句与招魂。
酬杨侍郎凭见寄
十年毛羽催颓，一旦天书召回。看看瓜时欲到，故侯也好归来。","卞孝萱《刘禹锡年谱》，中华书局1966年版，第85-86页","卞孝萱校订《刘禹锡集》卷35第517页，中华书局1990年版",,,"洪迎华"
"唐","刘禹锡","宪宗元和十年乙未","815","2",,"44","","京畿道","京兆府","长安",,"陕西","西安市",,"108.946306","34.347436",,"至京后，二三月间，作诗呈好友柳宗元，姑系于此","柳宗元","《阙下口号呈柳仪曹》","Poem","阙下口号呈柳仪曹
䌽仗神旗猎晓风，鸡人一唱鼓蓬蓬。铜壶漏水何时歇，如此相催即老翁。","卞孝萱《刘禹锡年谱》，中华书局1966年版，第86页","卞孝萱校订《刘禹锡集》卷24第306页，中华书局1990年版",,,"洪迎华"
"唐","刘禹锡","宪宗元和十年乙未","815","2",,"44","","京畿道","京兆府","长安",,"陕西","西安市",,"108.946306","34.347436",,"至京后，二三月间，见旧友，感而作诗，姑系于此","","《征还京师见旧番官冯叔达》","Poem","徵还京师见旧番官冯叔达
前者匆匆襆被行，十年憔悴到京城。南宫旧吏来相问，何处淹留白发生。","卞孝萱《刘禹锡年谱》，中华书局1966年版，第86页","卞孝萱校订《刘禹锡集》卷24第307页，中华书局1990年版",,,"洪迎华"
"唐","刘禹锡","宪宗元和十年乙未","815","2",,"44","","京畿道","京兆府","长安",,"陕西","西安市",,"108.946306","34.347436",,"至京后，二三月间，作诗和友严休复，姑系于此","严休复","《和严给事闻唐昌观玉蘂花下有游仙（一作仙游）二绝》","Poem","和严给事闻唐昌观玉蕊花下有游仙二绝 其一
玉女来看玉蕊花，异香先引七香车。攀枝弄雪时回顾，惊怪人间日易斜。
和严给事闻唐昌观玉蕊花下有游仙二绝 其二
雪蕊琼丝满院春，衣轻步步不生尘。君平帘下徒相问，长伴吹箫别有人。","卞孝萱《刘禹锡年谱》，中华书局1966年版，第86页","卞孝萱校订《刘禹锡集》卷31第432页，中华书局1990年版",,,"洪迎华"
"唐","刘禹锡","宪宗元和十年乙未","815","3",,"44","","京畿道","京兆府","长安",,"陕西","西安市",,"108.946306","34.347436","播州刺史","三月，因武元衡等排挤，禹锡复出为播州刺史，柳宗元复出为柳州刺史","武元衡，柳宗元",,"","","卞孝萱《刘禹锡年谱》，中华书局1966年版，第81页",,,,"洪迎华"
"唐","刘禹锡","宪宗元和十年乙未","815","3",,"44","","京畿道","京兆府","长安",,"陕西","西安市",,"108.946306","34.347436","连州刺史","柳宗元因禹锡母老，播州远，愿以柳易播。时裴度为禹锡奏请，得改连州刺史","柳宗元，裴度",,"","","卞孝萱《刘禹锡年谱》，中华书局1966年版，第82页",,,,"洪迎华"
"唐","刘禹锡","宪宗元和十年乙未","815","3",,"44","","京畿道","京兆府","长安",,"陕西","西安市",,"108.946306","34.347436","连州刺史","三月，离京时，殷尧藩有诗送别","",,"","","卞孝萱《刘禹锡年谱》，中华书局1966年版，第83页","殷尧藩诗为《送刘禹锡侍御出刺连州》",,,"洪迎华"
"唐","刘禹锡","宪宗元和十年乙未","815",,,"44","","京畿道","京兆府","云阳","崇陵","陕西","咸阳市","泾阳县","108.848999","34.533407","连州刺史","赴连州途中，作诗寄友","张贾","《赴连山途次德宗山陵寄张员外》","Poem","赴连山途次德宗山陵寄张员外
常时并冕奉天颜，委佩低簪彩仗间。今日独来张乐地，万重云水望桥山。","卞孝萱《刘禹锡年谱》，中华书局1966年版，第87页","卞孝萱校订《刘禹锡集》卷38第573页，中华书局1990年版",,,"洪迎华"
"唐","刘禹锡","宪宗元和十年乙未","815",,,"44","","都畿道","河南府","洛阳",,"河南","洛阳市",,"112.460033","34.624376","连州刺史","赴连州途中，经洛阳，友置酒相送，张员外贾以诗见赠，禹锡作诗酬答","张贾","《赴连州途径洛阳诸公置酒相送张员外贾以诗见赠率尔酬之》","Poem","赴连州途经洛阳诸公置酒相送张员外贾以诗见赠率尔酬之
谪在三湘最远州，边鸿不到水南流。如今暂寄樽前笑，明日辞君步步愁。","卞孝萱《刘禹锡年谱》，中华书局1966年版，第87页","卞孝萱校订《刘禹锡集》卷35第511页，中华书局1990年版",,,"洪迎华"
"唐","刘禹锡","宪宗元和十年乙未","815",,,"44","","江南西道","潭州","长沙",,"湖南","长沙市",,"112.945333","28.233971","连州刺史","赴连州途中经长沙，作诗赠僧友","","《赠长沙讃头陀》","Poem","赠长沙赞头陀
外道邪山千万重，真言一发尽摧峰。有时明月无人夜，独向昭潭制恶龙。","陶敏、陶红雨《刘禹锡全集编年校注》，岳麓书社2003年版，第212页","卞孝萱校订《刘禹锡集》卷29第393页，中华书局1990年版",,,"洪迎华"
"唐","刘禹锡","宪宗元和十年乙未","815",,,"44","","江南西道","衡州","衡阳",,"湖南","衡阳市",,"112.578397","26.899517","连州刺史","赴连州途中，至衡阳，作诗答柳宗元赠别","柳宗元","《再授连州至衡阳酬柳柳州赠别》","Poem","再授连州至衡阳酬柳柳州赠别
去国十年同赴召，渡湘千里又分岐。重临事异黄丞相，三黜名惭柳士师。归目并随回雁尽，愁肠正遇断猿时。桂江东过连山下，相望长吟有所思。","卞孝萱《刘禹锡年谱》，中华书局1966年版，第87页","卞孝萱校订《刘禹锡集》卷37第553页，中华书局1990年版",,,"洪迎华"
"唐","刘禹锡","宪宗元和十年乙未","815",,,"44","","江南西道","衡州","衡阳",,"湖南","衡阳市",,"112.578397","26.899517","连州刺史","赴连州途中，至衡阳，作诗答柳宗元赠别","柳宗元","《重答柳柳州》","Poem","重荅柳柳州
弱冠同怀长者忧，临岐回想尽悠悠。耦耕若便遗身老，黄发相看万事休。","卞孝萱《刘禹锡年谱》，中华书局1966年版，第87页","卞孝萱校订《刘禹锡集》诗文补遗卷第632页，中华书局1990年版",,,"洪迎华"
"唐","刘禹锡","宪宗元和十年乙未","815",,,"44","","江南西道","衡州","衡阳",,"湖南","衡阳市",,"112.578397","26.899517","连州刺史","赴连州途中，至衡阳，作诗答柳宗元赠别","柳宗元","《答柳子厚》","Poem","荅柳子厚
年方伯玉早，恨比四愁多。会待休车骑，相随出罻罗。","卞孝萱《刘禹锡年谱》，中华书局1966年版，第87页","卞孝萱校订《刘禹锡集》诗文补遗卷第631页，中华书局1990年版",,,"洪迎华"
"唐","刘禹锡","宪宗元和十年乙未","815",,,"44","","江南西道","衡州","衡阳","衡山","湖南","衡阳市",,"112.578397","26.899517","连州刺史","赴连州途中，望衡山，感而作诗","","《望衡山》","Poem","望衡山
东南倚盖卑，维岳资柱石。前当祝融居，上拂朱鸟翮。青冥结精气，磅礴宣地脉。还闻肤寸阴，能致弥天泽。","卞孝萱《刘禹锡年谱》，中华书局1966年版，第87页","卞孝萱校订《刘禹锡集》卷23第293页，中华书局1990年版",,,"洪迎华"
"唐","刘禹锡","宪宗元和十年乙未","815",,,"44","","江南西道","连州","桂阳","桂岭","广东","清远市","连州市","112.383343","24.785648","连州刺史","赴连州途中，度桂岭，感而作诗","","《度桂岭歌》","Poem","度桂岭歌
桂阳岭，下下复高高。人稀鸟兽骇，地远草木豪。寄言千金子，知余歌者劳。","卞孝萱《刘禹锡年谱》，中华书局1966年版，第87页","卞孝萱校订《刘禹锡集》卷27第353页，中华书局1990年版",,,"洪迎华"
"唐","刘禹锡","宪宗元和十年乙未","815","5","11","44","","江南西道","连州","桂阳",,"广东","清远市","连州市","112.383343","24.785648","连州刺史","抵任连州，作《谢上表》呈上","","《连州刺史谢上表》","Article","连州刺史谢上表
臣某言。伏奉去年三月七日制。授臣使持节连州刺史。恭承睿旨。跪奉诏书。皇恩重于邱山。圣泽深于雨露。抃舞失次。神魂再扬。臣某诚欢诚惧顿首顿首。臣性本愚拙。谬学文词。幸遇休明。累登科第。出身入仕。并不因人。德宗临御之时。臣忝御史。陛下龙飞之日。臣忝郎官。恭守章程。勤修职业。权臣奏用。盖闻虚名。实非曲求。可以覆视。迹卑易枉。无路自明。亦缘臣有微才。所以嫉臣者众。竞生口语。广肆加诬。伏赖陛下至仁。特从宽典。举以缘坐。贬佐遐藩。屡易星霜。频经恩赦。犬马怀恋。寝兴匪宁。惟读佛经。愿延圣算。昨蒙诏命。追赴上都。随例授官。俾居远郡。在臣之分。荣幸已多。伏荷陛下孝理宏深。皇明照烛。哀臣老母羸疾。闵臣一身零丁。特降新恩。移臣善郡。光荣广被。母子再生。凡在人臣。皆感圣德。凡为人子。皆荷圣慈。岂惟贱臣。独蒙恩造。不觉喜极。至于涕零。昔殷王俯念于前禽。且闻解网。汉帝有哀于少女。爰命罢刑。方之圣朝。不足多尚。感召和气。慰安群生。非臣殒越。所能上报。伏以南方疠疾。多在夏中。自发郴州。便染瘴疟。扶策在道。不敢停留。即以今月十一日到州上讫。谨宣圣旨。以示远人。恭述诏条。所期安复。无任感恩恋阙之至。","卞孝萱《刘禹锡年谱》，中华书局1966年版，第83-84页","卞孝萱校订《刘禹锡集》卷39第582页，中华书局1990年版",,,"洪迎华"
"唐","刘禹锡","宪宗元和十年乙未","815","5",,"44","","江南西道","连州","桂阳",,"广东","清远市","连州市","112.383343","24.785648","连州刺史","抵任连州，作谢启呈门下省武相公","武元衡","《谢门下武相公启》","Article","谢门下武相公启
某启。某一坐飞语。废锢十年。昨蒙徵还。重罹不幸。诏命始下。周章失图。吞声咋舌。显白无路。岂谓乌鸟微志。恻于深仁。恤然动拯溺之怀。煦然存道旧之旨。言念觳觫。慰安苍黄。推以恕心。期于造膝。重言一发。睿听克从。回阳曜于肃杀之辰。沃天波于蹭蹬之际。俾移善地。获奉安舆。率土知孝治之源。群生识人伦之厚。感召和气。发扬皇风。岂惟匹夫。独受其赐。某即以今月十一日到州上讫。守在要荒。拘于印绶。巾鞲诣谢。有志莫从。诚知微生。不足酬德。捐躯之外。无地寄言。效节肃屏。虔然心祷。无任恳悃屏营之至。谨勒军事衙官守左威卫慈州吉昌府别将员外置同正员常恳奉启起居。不宣。谨启。","卞孝萱《刘禹锡年谱》，中华书局1966年版，第84页","卞孝萱校订《刘禹锡集》卷18第217页，中华书局1990年版",,,"洪迎华"
"唐","刘禹锡","宪宗元和十年乙未","815","5",,"44","","江南西道","连州","桂阳",,"广东","清远市","连州市","112.383343","24.785648","连州刺史","抵任连州，作谢启呈中书省张弘靖相公","张弘靖","《谢中书张相公启》","Article","谢中书张相公启
某启。某智乏周身。动必招侮。一坐飞语。如冲骇机。昨者诏书始下。惊惧失次。叫阍无路。挤壑是虞。草木贱躯。诚不足惜。乌鸟微志。实有可哀。伏蒙圣慈。遽寝前命。移莅善部。载形纶言。凡在人臣。皆感至德。凡为人子。同荷至仁。岂惟鲰生。独受其赐。伏以相公心符上德。道冠如仁。一夫不获。戚见于色。密旨未下。叹形于言。竟回三舍之光。能拔九泉之厄。袁公之平楚狱。不忍锢人。晏子之哀越石。仍伸知己。所以庆垂允祚。言成春秋。神理孔昭。报应斯必。身侔蝉翼。何以受恩。死轻鸿毛。固得其所。卑守有限。拜谢末由。无任感激兢惶之至。谨勒军事衙官守左威卫慈州吉昌府别将员外置同正员常恳奉启起居。不宣。谨启。","卞孝萱《刘禹锡年谱》，中华书局1966年版，第84页","卞孝萱校订《刘禹锡集》卷18第218页，中华书局1990年版",,,"洪迎华"
"唐","刘禹锡","宪宗元和十年乙未","815","5",,"44","","江南西道","连州","桂阳",,"广东","清远市","连州市","112.383343","24.785648","连州刺史","在连州刺史任。夏五月，南海泛潮，感而作诗","","《踏潮歌》","Poem","踏潮歌
屯门积日无回飙，沧波不归成踏潮。轰如鞭矻石且摇，亘空欲驾鼋鼍桥。惊湍蹙缩悍而骄，大陵高岸失岧峣。四边无阻音响调，背负元气掀重霄。介鲸得性方逍遥，仰鼻嘘吸扬朱翘。海人狂顾迭相招，罽衣髽首声哓哓。征南将军登丽谯，赤旗指麾不敢嚣。翌日风回沴气消，归涛纳纳景昭昭。乌泥白沙复满海，海色不动如青瑶。","卞孝萱《刘禹锡年谱》，中华书局1966年版，第88页","卞孝萱校订《刘禹锡集》卷27第356页，中华书局1990年版",,,"洪迎华"
"唐","刘禹锡","宪宗元和十年乙未","815","6",,"44","","江南西道","连州","桂阳",,"广东","清远市","连州市","112.383343","24.785648","连州刺史","在连州刺史任。本年六月，武元衡被刺，禹锡听闻感而作诗","武元衡","《代靖安佳人怨二首并引》","Poem","代靖安佳人怨二首 其一
宝马鸣珂踏晓尘，鱼文匕首犯车茵。适来行哭里门外，昨夜华堂歌舞人。
代靖安佳人怨二首 其二
秉烛朝天遂不回，路人弹指望高台。墙东便是伤心地，夜夜流萤飞去来。","卞孝萱《刘禹锡年谱》，中华书局1966年版，第88页","卞孝萱校订《刘禹锡集》卷30第411页，中华书局1990年版",,,"洪迎华"
"唐","刘禹锡","宪宗元和十年乙未","815","6",,"44","","江南西道","连州","桂阳",,"广东","清远市","连州市","112.383343","24.785648","连州刺史","在连州刺史任。本年六月，武元衡被刺，禹锡听闻感而作诗","武元衡","《有感》","Poem","有感
死且不自觉，其馀安可论。昨宵凤池客，今日雀罗门。骑吏尘未息，铭旌风已翻。平生红粉爱，惟解哭黄昏。","卞孝萱《刘禹锡年谱》，中华书局1966年版，第88页","卞孝萱校订《刘禹锡集》卷38第562页，中华书局1990年版",,,"洪迎华"
"唐","刘禹锡","宪宗元和十年乙未","815",,,"44","","江南西道","连州","桂阳",,"广东","清远市","连州市","112.383343","24.785648","连州刺史","在连州刺史任，柳州刺史柳宗元以诗见赠，禹锡作诗酬答","柳宗元","《酬柳柳州家鸡之赠》","Poem","酬柳柳州家鸡之赠
日日临池弄小雏，还思写论付官奴。柳家新样元和脚，且尽畺芽敛手徒。","卞孝萱《刘禹锡年谱》，中华书局1966年版，第88页","卞孝萱校订《刘禹锡集》卷37第552页，中华书局1990年版",,,"洪迎华"
"唐","刘禹锡","宪宗元和十年乙未","815",,,"44","","江南西道","连州","桂阳",,"广东","清远市","连州市","112.383343","24.785648","连州刺史","在连州刺史任，柳州刺史柳宗元以诗见赠，禹锡作诗酬答","柳宗元","《答前篇》","Poem","荅前篇
小儿弄笔不能嗔，涴壁书窗且当勤。闻彼梦熊犹未兆，女中谁是卫夫人。","卞孝萱《刘禹锡年谱》，中华书局1966年版，第89页","卞孝萱校订《刘禹锡集》卷37第552页，中华书局1990年版",,,"洪迎华"
"唐","刘禹锡","宪宗元和十年乙未","815",,,"44","","江南西道","连州","桂阳",,"广东","清远市","连州市","112.383343","24.785648","连州刺史","在连州刺史任，柳州刺史柳宗元以诗见赠，禹锡作诗酬答","柳宗元","《答后篇》","Poem","荅后篇
昔日慵工记姓名，远劳辛苦写西京。近来渐有临池兴，为报元常欲抗行。","卞孝萱《刘禹锡年谱》，中华书局1966年版，第89页","卞孝萱校订《刘禹锡集》卷37第552页，中华书局1990年版",,,"洪迎华"
"唐","刘禹锡","宪宗元和十年乙未","815",,,"44","","江南西道","连州","桂阳",,"广东","清远市","连州市","112.383343","24.785648","连州刺史","在连州刺史任，建吏隐亭，作文以记","","《吏隐亭述》","Article","吏隐亭述
元和十五年。再牧于连州。作吏隐亭海阳湖壖。入自外间。不知藏山。历级东望。恍非人寰。前有四榭。隔水相鲜。凝霭苍苍。淙流布悬。架险通蹊。有梁如蜺。轻泳徐转。有舟如翰。澄霞漾月。若在天汉。视彼广轮。千亩之半。翠丽于是。与世殊贯。澄明峭绝。藿靡葱茜。炎景有宜。昏旦迭变。疑昔神鳌。负山而忭。摧其别岛。置此高岸。海阳之名。自元先生。先生元结。有铭其碣。元维假符。余维左迁。其间相距。十五馀年。对境怀人。其犹比肩。天下山水。非无美好。地偏人远。空乐鱼鸟。谢公开山。涉月忘还。岂曰无娱。伊险且艰。溪山尤物。城池为伍。却倚佛寺。左联仙府。势拱台殿。光含厢庑。窈如壶中。别见天宇。石坚不老。水流不腐。不知何人。为今为古。坚焉终泐。流焉终竭。不知何时。再融再结。","卞孝萱《刘禹锡年谱》，中华书局1966年版，第84页","卞孝萱校订《刘禹锡集》卷39第585页，中华书局1990年版",,,"洪迎华"
"唐","刘禹锡","宪宗元和十一年丙申","816","7","24","45","","江南西道","连州","桂阳",,"广东","清远市","连州市","112.383343","24.785648","连州刺史","在连州刺史任。七月二十四日，作厅壁记文","","《连州刺史厅壁记》","Article","连州刺史厅壁记
此郡于天文与荆州同星分。田壤制与番禺相犬牙。观民风与长沙同祖习。故尝隶三府。中而别合。乃今最久而安。得人统也。桉宋高祖世。始析郴之桂阳为小桂郡。后以州统县。更名如今。其制谊也。郡从岭。州从山。而县从其郡。邑东之望曰顺山。由顺以降。无名而相钦者以万数。回环郁绕。迭高争秀。西北朝拱于九疑。城下之浸曰湟水。由湟之外交流而合输以百数。沦涟汨潏。擘山为渠。东南入于海。山秀而高。灵液渗漉。故石钟乳为天下甲。岁贡三百铢。原鲜而膴。卉物柔泽。故纻蕉为三服贵。岁贡十笥。林富桂桧。土宜陶旊。故候居以壮闻。石侔琅玕。水孕金碧。故境物以丽闻。环峰密林。激清储阴。海风驱温。交战不胜。触石转柯。化为凉飔。城压赭冈。踞高负阳。土伯嘘湿。抵坚而散。袭山逗谷。化为鲜云。故罕罹呕泄之患。亟有华皓之齿。信荒服之善部。而炎裔之凉地也。永贞元年。予始以尚书员外郎坐党累。出补兹郡。居无何。吏议以是迁也。不足偿其责。故道贬为朗州司马。后十年。诏书徵还。抵京师。俄复前命。佩故印绶而南。曩之骑竹马北向相徯者。咸仕郡县。巾鞲来迎。下车之日。私唁且笑。既视事。得前二千石名姓于壁端。宰臣王晙倖卿刘晃儒官严士元闻人韩泰佥拜焉。或久于其治。功利存乎人民。或不之厥官。翘禺载于歌谣。余不佞。从群公之后。肇武德距于今。凡五十有七人。所举者四君子。犹振裘之于领袖焉。元和十一年七月二十四日。刺史中山刘某记。","卞孝萱《刘禹锡年谱》，中华书局1966年版，第89页","卞孝萱校订《刘禹锡集》卷8第108页，中华书局1990年版",,,"洪迎华"
"唐","刘禹锡","宪宗元和十一年丙申","816",,,"45","","江南西道","连州","桂阳",,"广东","清远市","连州市","112.383343","24.785648","连州刺史","在连州刺史任。郴州刺史杨於陵初至任，即事书情寄刘禹锡，禹锡作诗以和","杨於陵","《和杨侍郎初至郴州纪事书情题郡斋八韵》","Poem","和杨侍郎初至郴州纪事书情题郡斋八韵
旌节下朝台，分圭从北回。城头鹤立处，驿树凤栖来。旧路芳尘在，新恩驲骑催。里闾风偃草，鼓舞抃成雷。吏散山禽啭，庭香夏蕊开。郡斋堪四望，壁记有三台。人讶徵黄晚，文非吊屈哀。一吟梁甫曲，知是卧龙才。","卞孝萱《刘禹锡年谱》，中华书局1966年版，第89页","卞孝萱校订《刘禹锡集》卷35第519页，中华书局1990年版",,,"洪迎华"
"唐","刘禹锡","宪宗元和十一年丙申","816",,,"45","","江南西道","连州","桂阳",,"广东","清远市","连州市","112.383343","24.785648","连州刺史","在连州刺史任。郴州刺史杨於陵玩花作诗以寄，禹锡遥相唱和","杨於陵","《和郴州杨侍郎玩郡斋紫薇花十四韵》","Poem","和郴州杨侍郎玩郡斋紫薇花十四韵
几年丹霄上，出入金华省。暂别万年枝，看花桂阳岭。南方足奇树，公府成佳境。绿阴交广除，明艳透萧屏。雨馀人吏散，燕语帘栊静。懿此含晓芳，翛然忘簿领。紫茸垂组缕，金缕攒锋颖。露溽暗传香，风轻徐就影。苒弱多意思，从容占光景。得地在侯家，移根近仙井。开尊好凝睇，倚瑟仍回颈。游蜂驻䌽冠，舞鹤迷烟顶。兴生红药后，爱与甘棠并。不学夭桃姿，浮荣在俄顷。","卞孝萱《刘禹锡年谱》，中华书局1966年版，第90页","卞孝萱校订《刘禹锡集》卷35第519页，中华书局1990年版",,,"洪迎华"
"唐","刘禹锡","宪宗元和十一年丙申","816",,,"45","","江南西道","连州","桂阳",,"广东","清远市","连州市","112.383343","24.785648","连州刺史","在连州刺史任。岭南节度使马总寄诗，禹锡酬和","马总","《和南海马大夫闻杨侍郎出守郴州因有寄上之作》","Poem","和南海马大夫闻杨侍郎出守郴州因有寄上之作
忽惊金印驾枝轓，遂别鸣珂听晓猿。碧落仙来虽暂谪，赤泉侯在是深恩。玉环庆远瞻台坐，铜柱勋高压海门。一咏琼瑶百忧散，何劳更树北堂萱。","卞孝萱《刘禹锡年谱》，中华书局1966年版，第90页","卞孝萱校订《刘禹锡集》卷35第520页，中华书局1990年版",,,"洪迎华"
"唐","刘禹锡","宪宗元和十一年丙申","816",,,"45","","江南西道","连州","桂阳",,"广东","清远市","连州市","112.383343","24.785648","连州刺史","在连州刺史任。与岭南节度使马总诗文唱和","马总","《南海马大夫远示著述兼酬拙诗辄著微诚再有长句时蔡戎未弭故见于篇末》","Poem","南海马大夫远示著述兼酬拙诗辄著微诚再有长句时蔡戎未弭故见于篇末
汉家旄节付雄才，百越南溟统外台。身在绛纱传六艺，腰悬青绶亚三台。连天浪静长鲸息，映日帆多宝舶来。闻道楚氛犹未灭，终须旌旆扫云雷。","卞孝萱《刘禹锡年谱》，中华书局1966年版，第90页","卞孝萱校订《刘禹锡集》卷35第518页，中华书局1990年版",,,"洪迎华"
"唐","刘禹锡","宪宗元和十一年丙申","816",,,"45","","江南西道","连州","桂阳",,"广东","清远市","连州市","112.383343","24.785648","连州刺史","在连州刺史任。岭南节度使马总见示诗文，禹锡因命同作","马总","《马大夫见示浙西王侍御赠答诗因命同作并序》","Poem","马大夫见示浙西王侍御赠答诗因命同作
忆逐羊车凡几时，今来旧府统戎师。象筵照室会词客，铜鼓临轩舞海夷。百越酋豪称故吏，十洲风景助新诗。秣陵从事何年别，一见琼章如素期。","卞孝萱《刘禹锡年谱》，中华书局1966年版，第90页","卞孝萱校订《刘禹锡集》卷35第521页，中华书局1990年版",,,"洪迎华"
"唐","刘禹锡","宪宗元和十一年丙申","816",,,"45","","江南西道","连州","桂阳",,"广东","清远市","连州市","112.383343","24.785648","连州刺史","在连州刺史任。作诗谢岭南节度使马总","马总","《南海马大夫见惠著述三通勒成四帙上自邃古达于国朝采其菁华至简如富钦受嘉贶诗以谢之》","Poem","南海马大夫见惠著述三通勒成四帙上自邃古达于国朝采其菁华至简如富钦受嘉贶诗以谢之
红旗阅五兵，绛帐领诸生。味道轻鼎食，退公犹笔耕。青箱传学远，金匮纳书成。一瞬见前事，九流当抗行。编蒲曾苦思，垂竹愧无名。今日承芳讯，谁言赠衮荣。","卞孝萱《刘禹锡年谱》，中华书局1966年版，第90页","卞孝萱校订《刘禹锡集》卷35第518页，中华书局1990年版",,,"洪迎华"
"唐","刘禹锡","宪宗元和十一年丙申","816",,,"45","","江南西道","连州","桂阳",,"广东","清远市","连州市","112.383343","24.785648","连州刺史","在连州刺史任。岭南节度使马总离任回朝，以诗寄别，禹锡酬答","马总","《酬马大夫以愚献通草茇葜酒感通拔二字因而寄别之作》","Poem","詶马大夫以愚献通草茇葜酒感通拔二字因而寄别之作
泥沙难振拔，谁复问穷通。莫讶提壶赠，家传枕曲风。成谣独酌后，深意片言中。不进终无已，应须荀令公。","卞孝萱《刘禹锡年谱》，中华书局1966年版，第90-91页","卞孝萱校订《刘禹锡集》卷35第522页，中华书局1990年版",,,"洪迎华"
"唐","刘禹锡","宪宗元和十一年丙申","816",,,"45","","江南西道","连州","桂阳",,"广东","清远市","连州市","112.383343","24.785648","连州刺史","在连州刺史任。岭南节度使马总赴京，途中寄诗，禹锡酬答","马总","《酬马大夫登洭口戌见寄》","Poem","酬马大夫登洭口戍见寄
新辞将印拂朝缨，临水登山四体轻。犹念天涯未归客，瘴云深处守孤城。","卞孝萱《刘禹锡年谱》，中华书局1966年版，第91页","卞孝萱校订《刘禹锡集》卷35第522页，中华书局1990年版",,,"洪迎华"
"唐","刘禹锡","宪宗元和十一年丙申","816","11",,"45","","江南西道","连州","桂阳",,"广东","清远市","连州市","112.383343","24.785648","连州刺史","在连州刺史任。十一月，作诗送别","曹璩","《送曹璩归越中旧隐诗并引》","Poem","送曹璩归越中旧隐诗
行尽潇湘万里馀，少逢知己忆吾庐。数间茅屋閒临水，一盏秋灯夜读书。地远何当随计吏，策成终自诣公车。剡中若问连州事，唯有千山画不如。","卞孝萱《刘禹锡年谱》，中华书局1966年版，第91页","卞孝萱校订《刘禹锡集》卷38第568页，中华书局1990年版",,,"洪迎华"
"唐","刘禹锡","宪宗元和十一年丙申","816",,,"45","","江南西道","连州","桂阳",,"广东","清远市","连州市","112.383343","24.785648","连州刺史","在连州刺史任。作诗送别僧友","方及","《送僧方及南谒柳员外并引》","Poem","送僧方及南谒柳员外
昔事庐山远，精舍虎溪东。朝阳照瀑水，楼阁虹霓中。骋望羡游云，振衣若秋蓬。旧房闭松月，远思吟江风。古寺历头陀，奇峰扳祝融。南登小桂岭，却望归塞鸿。衣裓贮文章，自言学雕虫。抢榆念陵厉，覆篑图穹崇。远郡多暇日，有诗访禅宫。石门耸峭绝，竹院含空濛。幽响滴岩溜，晴芳飘野丛。海云悬飓母，山果属狙公。忽忆吴兴郡，白蘋正葱茏。愿言挹风采，邈若窥华嵩。桂水夏澜急，火山宵焰红。三衣濡菌露，一锡飞烟空。勿谓翻译徒，不为文雅雄。古来赏音者，燋爨得孤桐。","卞孝萱《刘禹锡年谱》，中华书局1966年版，第91页","卞孝萱校订《刘禹锡集》卷29第395页，中华书局1990年版",,,"洪迎华"
"唐","刘禹锡","宪宗元和十一年丙申","816",,,"45","","江南西道","连州","桂阳",,"广东","清远市","连州市","112.383343","24.785648","连州刺史","在连州刺史任。和夔州刺史窦常悼妓诗","窦常","《夔州窦员外使君见示悼妓诗顾余赏识之因命同作》","Poem","夔州窦员外使君见示悼妓诗顾余尝识之因命同作
前年曾见两鬟时，今日惊吟悼妓诗。凤管学成知有籍，龙媒欲换叹无期。空廊月照常行地，后院花开旧折枝。寂寞鱼山青草里，何人更立智琼祠。","陶敏、陶红雨《刘禹锡全集编年校注》，岳麓书社2003年版，第236页","卞孝萱校订《刘禹锡集》卷30第414页，中华书局1990年版",,,"洪迎华"
"唐","刘禹锡","宪宗元和十二年丁酉","817","9",,"46","","江南西道","连州","桂阳",,"广东","清远市","连州市","112.383343","24.785648","连州刺史","在连州刺史任。九月，与柳宗元通信讨论文学、医学","柳宗元","《与柳子厚书》","Article","与柳子厚书
间发书。得筝郭师墓志一篇。以为其工。独得于天姿。使木声丝声。均其所自出。抑折愉绎。学者无能如。繁休伯之言薛访车子。不能曲尽如此。能令鄙夫冲然南望。如闻善音。如见其师。寻文寤事。神骛心得。倘佯伊郁。久而不能平。嗟夫。郭师与不可传者死矣。弦张柱差。枵然貌存。中有至音。含糊弗闻。噫。人亡而器存。布方册者是已。予之伊郁也。岂独为郭师发耶。想足下因仆书。重有慨耳。不宣。禹锡白。","卞孝萱《刘禹锡年谱》，中华书局1966年版，第92页","卞孝萱校订《刘禹锡集》卷10第128页，中华书局1990年版",,,"洪迎华"
"唐","刘禹锡","宪宗元和十二年丁酉","817",,,"46","","江南西道","连州","桂阳",,"广东","清远市","连州市","112.383343","24.785648","连州刺史","在连州刺史任。与薛景晦通信讨论“书仪”","薛景晦","《答连州薛郎中论书仪书》","Article","答连州薛郎中论书仪书
吾兄不知愚无似。猥以书见攻其非。且曰。我与子中外属。当为伯仲。其抵我书。执礼太卑。桉旧仪。凡兄姊之齿。有唯无伏。它以是为衰。其于匹敌。即前云愿后云白而已。大历初。李赞皇贾常侍犹守之无渝。二公何人也。我与子何人也。乌有从末俗以姑息为礼。而不虞识者所窥耶。其旨云尔。愚得书。退而思惟。愀然自贺曰。在恒人为宜。而在愚为过。岂不能幸欤。故尽言于兄。期有以相畅耳。夫礼之文为著定。宜尊宜卑。犹四方上下左右前后。称谓一立。古先圣贤所不敢移。管敬仲不敢当命卿之飨。虞人不敢承士之招。先礼而后身也。汲黯不为大将军而亏九卿。王祥不为录尚书而屈三公。先道而后时也。是则非据之荣。虽君命有所不受。非道之利。虽众尚有所不为。兄长于大历初。尝接前辈游。故其风采。去承平时不甚相远。愚长于贞元中。所与游皆后来诸生。然犹于稠人广坐。时闻老成人之说。灌注耳目。斑斑然不绝如线。其后为御史。四方诸侯悉以书来贺。校其礼皆駮不同。唯洪州牧李常侍巽潭州牧杨中丞凭始言执事。其它如仪。而同在宪司者。咸以二牧为不逊。愚时与其寮柳宗元昌言于众曰。监察八品也。当衣碧。言执事为宜。不当经怪。众咸听然而咍。复谓愚云。子奚不碧其服耶。其不堪执事色深不可以言解。及谪官十年。居僻陋不闻世论。所以书相问讯。皆眤亲密友。不容变更。而时态高下。无从知耳。前年祗召抵京师。偶故人席夔谈。因及是事。乃知与十年前大殊。至有同姓属尊。致书于属卑而贵者。其纸尾言起居新妇。夔独窃笑之而已。然犹不敢显言诋之。今有人谓东为西者。一言发则凡人嗤为騃且狂。苟不众非之。则东西易位久矣。尊卑失其仪。恬而不怪。安得使人如东西不敢易之哉。曾子有云。君子之爱人也以德。细人之爱人也以姑息。谓古人悉朴且贤。则斯言不当发于洙泗间耳。盖三代之尚。未尝无弊。由野以至僿。岂一日之为。渐靡使之然也。嫉其弊而救之。以归于中道。以俟乎荐绅先生德与位并者。揭然建明之。斯易也。语曰。俟自直之箭。则百代无一矢。俟自圆之木。则千岁无一轮。执矫揉之器者。视之灌丛。无非良材耳。窃观今之人。于文章无不慕古。甚者或失于野。于书疏独陋古而汨于浮。二者同出于言而背驰。非不能尽如古也。盖为古文者得名声。为今书者无悔吝。如水走□为□。","卞孝萱《刘禹锡年谱》，中华书局1966年版，第92-93页","卞孝萱校订《刘禹锡集》卷10第131页，中华书局1990年版",,,"洪迎华"
"唐","刘禹锡","宪宗元和十二年丁酉","817","12","23","46","","江南西道","连州","桂阳",,"广东","清远市","连州市","112.383343","24.785648","连州刺史","在连州刺史任。十二月二十三日，闻收蔡州，上表以贺","","《贺收蔡州表》","Article","贺收蔡州表
臣某言。伏见诏书。以唐州节度使李愬生擒逆贼吴元济献俘。文武百僚于兴安门列班称贺者。天威远被。元恶就诛。一方既平。万国咸庆。中贺。伏惟睿圣文武皇帝陛下德超邃古。道合上元。临御以来。天人协赞。削平吴蜀。扫荡塞垣。车书大同。夷狄来贡。蕞尔元济。敢怀野心。辄聚犬羊。苟偷时月。陛下圣谟独运。睿感潜通。天助神兵。人生勇气。既擒凶逆。爰正刑书。伏三纪之逋诛。成九衢之壮观。宗社昭告。华夷式瞻。行吊伐而在礼无违。烜威声而何城不尅。楚氛改色。淮水安流。汉上疲人。尽沾雨露。汝南遗老。重睹升平。凡在具臣。孰不欣抃。臣久辞朝列。忝守遐藩。不获称庆阙庭。陈露丹悃。仰瞻宸极。倍万群情。无任踊跃庆快之至。","卞孝萱《刘禹锡年谱》，中华书局1966年版，第93页","卞孝萱校订《刘禹锡集》卷14第167页，中华书局1990年版",,,"洪迎华"
"唐","刘禹锡","宪宗元和十二年丁酉","817",,,"46","","江南西道","连州","桂阳",,"广东","清远市","连州市","112.383343","24.785648","连州刺史","在连州刺史任。闻平蔡州、斩吴元济，感而作诗","吴元济","《城西行》","Poem","城西行
城西簇簇三叛族，叛者为谁蔡吴蜀。中使提刀出禁来，九衢车马轰如雷。临刑与酒杯未覆，雠家白官先请肉。守吏能然董卓脐，饥乌来觇桓玄目。城西人散泰阶平，雨洗血痕春草生。","卞孝萱《刘禹锡年谱》，中华书局1966年版，第93页","卞孝萱校订《刘禹锡集》卷25第328页，中华书局1990年版",,,"洪迎华"
"唐","刘禹锡","宪宗元和十二年丁酉","817",,,"46","","江南西道","连州","桂阳",,"广东","清远市","连州市","112.383343","24.785648","连州刺史","在连州刺史任。闻平蔡州、斩吴元济，感而作诗","吴元济","《平蔡州三首》","Poem","平蔡州三首 其一
蔡州城中众心死，妖星夜落照壕水。汉家飞将下天来，马箠一挥门洞开。贼徒崩腾望旗拜，有若群蛰惊春雷。狂童面缚登槛车，太白夭矫垂捷书。相公从容来镇抚，常侍郊迎负文弩。四人归业闾里闲，小儿跳浪健儿舞。
平蔡州三首 其二
汝南晨鸡喔喔鸣，城头鼓角音和平。路傍老人忆旧事，相与感激皆涕零。老人收泣前致辞，官军入城人不知。忽惊元和十二载，重见天宝承平时。
平蔡州三首 其三
九衢车马浑浑流，使臣来献淮西囚。四夷闻风失匕箸，天子受贺登高楼。妖童擢发不足数，血污城西一抔土。南峰无火楚泽闲，夜行不锁穆陵关。策勋礼毕天下泰，猛士按剑看恒山。","卞孝萱《刘禹锡年谱》，中华书局1966年版，第93页","卞孝萱校订《刘禹锡集》卷25第326页，中华书局1990年版",,,"洪迎华"
"唐","刘禹锡","宪宗元和十二年丁酉","817",,,"46","","江南西道","连州","桂阳",,"广东","清远市","连州市","112.383343","24.785648","连州刺史","在连州刺史任。与白居易同作诗和元稹","白居易，元稹","《同乐天和微之深春二十首》","Poem","同乐天和微之深春二十首 其一
何处深春好，春深万乘家。宫门皆映柳，辇路尽穿花。池色连天汉，城形象帝车。旌旗暖风里，猎猎向西斜。
同乐天和微之深春二十首 其二
何处深春好，春深阿母家。瑶池长不夜，珠树正开花。桥峻通星渚，楼暄近日车。层城十二阙，相对日西斜。
同乐天和微之深春二十首 其三
何处深春好，春深执政家。恩光贪捧日，贵重不看花。玉馔堂交印，沙堤柱碍车。多门一已闭，直道更无斜。
同乐天和微之深春二十首 其四
何处深春好，春深大镇家。前旌光照日，后骑蹙成花。节院收衙队，毬场簇看车。广筵歌舞散，书号夕阳斜。
同乐天和微之深春二十首 其五
何处深春好，春深贵戚家。枥嘶无价马，庭发有名花。欲进宫人食，先薰命妇车。晚归长带酒，冠盖任倾斜。
同乐天和微之深春二十首 其六
何处深春好，春深恩泽家。炉添龙脑炷，绶结虎头花。宾客珠成履，婴孩锦缚车。画堂帘幕外，来去燕飞斜。
同乐天和微之深春二十首 其七
何处深春好，春深京兆家。人眉新柳叶，马色醉桃花。盗息无鸣鼓，朝回自走车。能令帝城外，不敢径由斜。
同乐天和微之深春二十首 其八
何处深春好，春深刺史家。夜阑犹命乐，雨甚亦寻花。傲客多凭酒，新姬苦上车。公门吏散后，风摆戟衣斜。
同乐天和微之深春二十首 其九
何处深春好，春深羽客家。芝田绕舍色，杏树满山花。云是淮王宅，风为列子车。古坛操简处，一径入林斜。
同乐天和微之深春二十首 其十
何处深春好，春深小隐家。芟庭留野菜，撼树去狂花。醉酒一千日，贮书三十车。雉衣从露体，不敢有馀斜。
同乐天和微之深春二十首 其十一
何处深春好，春深富室家。唯多贮金帛，不拟负莺花。国乐呼联辔，行厨载满车。归来看理曲，灯下宝钗斜。
同乐天和微之深春二十首 其十二
何处深春好，春深豪士家。多沽味浓酒，贵买色深花。已臂鹰随马，连催妓上车。城南踏青处，村落逐原斜。
同乐天和微之深春二十首 其十三
何处深春好，春深贵胄家。迎呼偏熟客，拣选最多花。饮馔开华幄，笙歌出钿车。兴酣樽易罄，连泻酒瓶斜。
同乐天和微之深春二十首 其十四
何处深春好，春深唱第家。名传一纸榜，兴管九衢花。荐听诸侯乐，来随计吏车。杏园抛曲处，挥袖向风斜。
同乐天和微之深春二十首 其十五
何处深春好，春深少妇家。能偷新禁曲，自剪入时花。追逐同游伴，平章贵价车。从来不堕马，故遣髻鬟斜。
同乐天和微之深春二十首 其十六
何处深春好，春深幼女家。双鬟梳顶髻，两面绣裙花。妆坏频临镜，身轻不占车。鞦韆争次第，牵拽䌽绳斜。
同乐天和微之深春二十首 其十七
何处深春好，春深兰若家。当香收柏叶，养蜜近梨花。野径宜行乐，游人尽驻车。菜园篱落短，遥见桔槔斜。
同乐天和微之深春二十首 其十八
何处深春好，春深老宿家。小栏围蕙草，高架引藤花。四字香书印，三乘壁画车。迟回听句偈，双树晚阴斜。
同乐天和微之深春二十首 其十九
何处深春好，春深种莳家。分畦十字水，接树两般花。栉比栽篱槿，咿哑转井车。可怜高处望，棋布不曾斜。
同乐天和微之深春二十首 其二十
何处春深好，春深稚子家。争骑一竿竹，偷折四邻花。笑击羊皮鼓，行牵犊颔车。中庭贪夜戏，不觉玉绳斜。","卞孝萱《刘禹锡年谱》，中华书局1966年版，第93页","卞孝萱校订《刘禹锡集》卷32第434页，中华书局1990年版",,,"洪迎华"
"唐","刘禹锡","宪宗元和十二年丁酉","817",,,"46","","江南西道","连州","桂阳",,"广东","清远市","连州市","112.383343","24.785648","连州刺史","在连州刺史任。与郑馀庆诗文唱和","郑馀庆","《奉和郑相公以考功十弟山姜花俯赐篇咏》","Poem","奉和郑相公以考功十弟山姜花俯赐篇咏
采撷黄姜蕊，封题青琐闱。共闻调膳日，正是退朝归。响为纤筵发，情随䌽翰飞。故将天下宝，万里与光辉。","卞孝萱《刘禹锡年谱》，中华书局1966年版，第94页","卞孝萱校订《刘禹锡集》卷35第520页，中华书局1990年版",,,"洪迎华"
"唐","刘禹锡","宪宗元和十二年丁酉","817",,,"46","","江南西道","连州","桂阳",,"广东","清远市","连州市","112.383343","24.785648","连州刺史","在连州刺史任。酬和夔州刺史窦常忆故姬吹笙诗","窦常","《窦夔州见寄寒食日忆故姬小红吹笙因和之》","Poem","窦夔州见寄寒食日忆故姬小红吹笙因和之
鸾声窈眇管参差，清韵初调众乐随。幽院妆成花下弄，高楼月好夜深吹。忽惊暮雨飘零尽，唯有朝云梦想期。闻道今年寒食日，东山旧路独行迟。","陶敏、陶红雨《刘禹锡全集编年校注》，岳麓书社2003年版，第238页","卞孝萱校订《刘禹锡集》卷30第414页，中华书局1990年版",,,"洪迎华"
"唐","刘禹锡","宪宗元和十二年丁酉","817",,,"46","","江南西道","连州","桂阳",,"广东","清远市","连州市","112.383343","24.785648","连州刺史","在连州刺史任。约于本年，有诗赠刘景登第","刘景","《赠刘景擢第》","Poem","赠刘景擢第
湘中才子是刘郎，望在长沙住桂阳。昨日鸿都新上第，五陵年少让清光。","陶敏、陶红雨《刘禹锡全集编年校注》，岳麓书社2003年版，第239页","卞孝萱校订《刘禹锡集》卷38第572页，中华书局1990年版",,,"洪迎华"
"唐","刘禹锡","宪宗元和十三年戊戌","818","1",,"47","","江南西道","连州","桂阳",,"广东","清远市","连州市","112.383343","24.785648","连州刺史","在连州刺史任。因淮西平，正月，朝廷大赦，作表贺","","《连州贺赦表》","Article","连州贺赦表
臣某言。伏奉今月一日制书。大赦天下者。盛德广运。浃于华夷。天光下临。照被幽蛰。臣某诚欢诚跃顿首顿首。伏惟睿圣文武皇帝陛下神扶宝祚。天赞鸿猷。意有所之。事无不尅。当淮甸凯旋之后。是域中庆幸之时。顺阳和以发生。施霈泽于寰海。网开三面。危疑者许以自新。耳达四聪。瑕累者期于录用。求硕画于庶位。虑遗材于放臣。旌忠烈之家。赏勋庸之允。仁及枯骨。无隔于寇戎。荣加显亲。普沾于存殁。恤刑己责。实廪蠲徭。颁锡彰有客之诗。崇儒叶宗予之望。岳渎咸秩。耆艾饮和。大僚承任子之恩。武旅荷赐金之宠。斯皆禹汤文武之遗美。高祖太宗之耿光。集于圣朝。然后大备。德音所至。和气随之。欢谣上彻于九天。福祚永延于亿载。能使远夷屈膝。岂惟小丑革心。率土人臣。不胜大庆。臣久辞阙下。恪守海隅。犬马之诚。倍百恒品。无任抃跃屏营之至。","卞孝萱《刘禹锡年谱》，中华书局1966年版，第95页","卞孝萱校订《刘禹锡集》卷14第168页，中华书局1990年版",,,"洪迎华"
"唐","刘禹锡","宪宗元和十三年戊戌","818","1",,"47","","江南西道","连州","桂阳",,"广东","清远市","连州市","112.383343","24.785648","连州刺史","在连州刺史任。因淮西平，正月，朝廷大赦，作牋贺皇太子","","《贺赦牋》","Article","贺赦笺
使持节连州诸军事守连州刺史刘某惶恐叩头。伏见今月一日制书。大赦天下者。伏以献岁布和。皇恩远降。乾坤交泰。寰宇廓清。伏惟皇太子殿下道贯元良。德兼忠孝。承颜拜庆。荣耀古今。某职守有限。不获随例称贺宫庭。无任欣悦之至。","卞孝萱《刘禹锡年谱》，中华书局1966年版，第95页","卞孝萱校订《刘禹锡集》卷14第169页，中华书局1990年版",,,"洪迎华"
"唐","刘禹锡","宪宗元和十三年戊戌","818","1",,"47","","江南西道","连州","桂阳",,"广东","清远市","连州市","112.383343","24.785648","连州刺史","在连州刺史任。裴度主持平淮西役有功，正月，刘禹锡上表贺裴度","裴度","《贺门下裴相公启》","Article","贺门下裴相公启
某启。伏以相公含道杰出。降神挺生。坐筹以弼睿谟。秉钺以行天讨。风云助气。山岳效灵。制胜于樽俎之间。指踪于鞲緤之末。萧斧既定。衮衣以归。君心如鱼水。人望如风草。一德交畅。万方和平。运神思于洪炉。纳生灵于寿域。文武丕绩。冠于古今。某恪守遐荒。不获随例拜贺。瞻望欣跃。无任下情。","卞孝萱《刘禹锡年谱》，中华书局1966年版，第95页","卞孝萱校订《刘禹锡集》卷18第219页，中华书局1990年版",,,"洪迎华"
"唐","刘禹锡","宪宗元和十三年戊戌","818","1",,"47","","江南西道","连州","桂阳",,"广东","清远市","连州市","112.383343","24.785648","连州刺史","在连州刺史任。韩愈于平淮西役有功，迁官刑部侍郎。正月，刘禹锡致书以贺","韩愈","《与刑部韩侍郎书》","Article","与刑部韩侍郎书
退之从丞相平戎还。以功为第一官。然犹议者嗛然。如未迁陟。此非特用文章学问有以当众心也。乃在恢廓器度。以推贤尽材为孜孜。故人心乐其道行。行必及物故耳。前日赦书下。郡国有弃过之目。以大国材富而失职者多。千钧之机。固省度而释。岂鼷鼠所宜承当。然譬诸蛰虫。坯户而俯者。与夫槁死无以异矣。春雷一振。必歆然翘首。与生为徒。况有吹律者。召东风以薰之。其化也益速。雷且奋矣。其知风之自乎。既得位。当行之无忽。禹锡再拜。","卞孝萱《刘禹锡年谱》，中华书局1966年版，第95页","卞孝萱校订《刘禹锡集》卷10第130页，中华书局1990年版",,,"洪迎华"
"唐","刘禹锡","宪宗元和十三年戊戌","818",,,"47","","江南西道","连州","桂阳",,"广东","清远市","连州市","112.383343","24.785648","连州刺史","在连州刺史任。春，作诗答谢友人遗赠山姜花","崔元受","《崔元受少府自贬所还遗山姜花以诗答之》","Poem","崔元受少府自贬所还遗山姜花以诗答之
故人博罗尉，遗我山姜花。采从碧海上，来自谪仙家。云涛润孤根，阴火照晨葩。静摇扶桑日，艳对瀛洲霞。世人爱芳辛，搴撷忘幽遐。传名入帝里，飞驿辞天涯。王济本尚味，石崇方斗奢。雕盘多不识，绮席乃增华。驿马损筋骨，贵人滋齿牙。顾予藜藿士，持此重咨嗟。","陶敏、陶红雨《刘禹锡全集编年校注》，岳麓书社2003年版，第248页","卞孝萱校订《刘禹锡集》卷23第291页，中华书局1990年版",,,"洪迎华"
"唐","刘禹锡","宪宗元和十三年戊戌","818",,,"47","","江南西道","连州","桂阳",,"广东","清远市","连州市","112.383343","24.785648","连州刺史","在连州刺史任。春，循州刺史浑镐卒，作诗伤之","浑镐","《伤循州浑尚书》","Poem","伤循州浑尚书
贵人沦落路人衰，碧海连天丹旐回。遥想长安此时节，朱门深巷百花开。","陶敏、陶红雨《刘禹锡全集编年校注》，岳麓书社2003年版，第250页","卞孝萱校订《刘禹锡集》卷30第414页，中华书局1990年版",,,"洪迎华"
"唐","刘禹锡","宪宗元和十三年戊戌","818",,,"47","","江南西道","连州","桂阳",,"广东","清远市","连州市","112.383343","24.785648","连州刺史","在连州刺史任。上表贺朝廷雪镇州","","《贺雪镇州表》","Article","贺雪镇州表
臣某言。伏见四月二十七日德音。以王承宗效顺著明。复其官爵。所献二郡。别置藩垣。圣德动天。鸿恩及物。瑕累咸涤。蒸黎永安。伏惟睿圣文武皇帝陛下自承宝位。克振皇纲。既以四海为家。每念一夫不获。昨因大庆。爰降殊私。广宥过之科。开自新之路。纶言一发。神圣潜通。遂令迷误之徒。顿释忧危之虑。命允子以入侍。献名都以效诚。臣心既明。天网为解。因析四郡。别为一方。惟怀永图。尽去前弊。大河以北。化为礼乐之乡。率土之滨。重见升平之日。臣恪居官次。遐守岭隅。不获称庆阙庭。无任踊跃屏营之至。","卞孝萱《刘禹锡年谱》，中华书局1966年版，第96页","卞孝萱校订《刘禹锡集》卷14第169页，中华书局1990年版",,,"洪迎华"
"唐","刘禹锡","宪宗元和十三年戊戌","818",,,"47","","江南西道","连州","桂阳",,"广东","清远市","连州市","112.383343","24.785648","连州刺史","在连州刺史任。与薛景晦通信讨论医方及焙药法。因景晦之请，编集《传信方》二卷","薛景晦","《答道州薛侍郎论方书书》","Article","答道州薛侍郎论方书书
禹锡再拜。初兄出中台。守江华。人咸曰。函牛之鼎。以之烹小鲜。惜乎馀地澶漫而无庸也。愚独心有慨焉。以为君子受乾阳健行之气。不可以息。苟吾位不足以充吾道。是宜寄馀术百艺以泄神用。其无暇日。与得位同。久欲以是理求有得于兄。而未有路。会崔生来。辱书教。果惠以所著奇方十通。商古今之宜。而去其并猥。以一物足以了病者居多。非累试辄效。不在是族。或取诸屑近。亦以捃拾。虑恒人多怠忽不省。必建言显白。扬其功于已然。其它立论。率以弭病于将然为先。而攻治为后。言君臣必以时。言宣补必以性。言砭火必本其输荣。言祓禳必因其风俗。齐和之宜。炮剔之良。暴炙有阴阳之候。煎烹有少多之取。挠劳以制驶。露置以养洁。味有所走。薰有所归。存诸孅悉。易则生患。非博极遐览之士。孰能知其所从来哉。愚少多病。犹省为童儿时。夙具襦裤。保姆抱之以如医巫家。针烙灌饵。咺然啼号。巫妪辄阳阳满志。引手直求。竟未知何等方何等药饵。及壮。见里中儿年齿比者。必睨然武健可爱。羞已之不如。遂从世医号富于术者。借其书伏读之。得小品方。于群方为最古。又得药对。知本草之所自出。考素问。识荣卫经络百骸九窍之相成。学切脉以探表候。而天机昏浅。布指于位。不能分累菽之重轻。第知息至而已。然于药石。不为懵矣。尔来垂三十年。其术足以自卫。或行乎门内。疾辄良已。家之婴儿。未尝诣医门求治者。顷因欲编次已试者为一家方书。顾力不足。今兄能我先。所以辱贶之喜。信踰拱璧。有以赏音适道耳。常思世人居平不读一方。病则委千金于庸夫之手。至于甚殆。而曰不幸。岂真不幸耶。甚者或乘少壮之气。笑人言医。以为非急。昌言曰。饴口饱腹。药其如我何。所承之气有时而既。于祷神佞佛。遂甘心焉。兄以愚言覆观之。其人固比肩耳。前蒙示药焙法。谨如教。地之慝果不能伤。虽茈胡水泻喜速朽者。率久居而无害。万物不可以无法。谓生不由养致。其诬乎。山川匪遐。事使之远。形不接而谕者。莫贤乎书。临纸怊怅。不宣。禹锡再拜。","卞孝萱《刘禹锡年谱》，中华书局1966年版，第94页","卞孝萱校订《刘禹锡集》卷10第128页，中华书局1990年版",,,"洪迎华"
"唐","刘禹锡","宪宗元和十三年戊戌","818","6","8","47","","江南西道","连州","桂阳",,"广东","清远市","连州市","112.383343","24.785648","连州刺史","在连州刺史任。六月八日，与薛景晦通信讨论医方及焙药法。因景晦之请，编集《传信方》，并作文记述","薛景晦","《传信方述》","Article","传信方述
余为连州四年。江华守河东薛景晦。以所著古今集验方十通为赠。其志在于拯物。余故申之以书。异日。景晦复寄声相谢。且咨所以补前方之阙。医拯道贵广。庸可以学浅为辞。遂于箧中得已试者五十馀方。用塞长者之问。皆有所自。故以传信为目云。元和十三年六月八日。中山刘禹锡述。","卞孝萱《刘禹锡年谱》，中华书局1966年版，第96页","卞孝萱校订《刘禹锡集》卷39第587页，中华书局1990年版",,,"洪迎华"
"唐","刘禹锡","宪宗元和十三年戊戌","818",,,"47","","江南西道","连州","桂阳",,"广东","清远市","连州市","112.383343","24.785648","连州刺史","在连州刺史任。与薛景晦通信讨论医方及焙药法。因景晦之请，作文","薛景晦","《含辉洞述》","Article","含辉洞述
河东薛公景晦。以文无害为尚书刑部郎中。以讪为道州刺史。居郡大理。至于无事。清机羡溢。尽付山水。一旦以书来誇曰。吾得异境于近郊。自城西门并南山。俯江水。有石穹然如夏屋。其左右前后。又如回廊曲房。藻绣彫彤之象。云生日入。怪状迭发。水石卉木。杳非人寰。意其当为食霞御气者之所游息。委蜕而去。不知其几千百年。逮今得诸黄冠野夫。及请而往。因名其地曰含辉洞。盖诗家流所谓山水含清辉者是已。吾子常以词雄于世。盍为我志焉。愚得书。退而深惟。若薛公者。少居江湖间。游名山。东探禹穴。历四明句曲金华阳羡。南过九江。薄匡庐以涉彭蠡。天下山水之籍。存乎胸中。第其高下。铢两不失。及是而口呿不能名。顾谓奇信矣。若江华者。九疑三湘之佳丽地也。前此二千石御史中执法河南元次山。谏议大夫北平阳亢宗。司刑大夫东平吕和叔。皆硕人也。考槃招隐之致。恒汲汲然。卒使兹境贵于异日。岂地爱其宝。有时而发耶。顾谓异。信矣。夫物之有作。俟言而远。故述焉以书于洞阴曰。营阳郁郁。山水第一。洞有含辉。游人忘归。忘归孔乐。请言其朔。先是斯境。翳于榛薄。天姿孤绝。凡目所忽。閟其清光。有待而发。公之来思。探异玩奇。茇野憩林。而民悦之。既悦其至。益知所嗜。扪陉历岘。来适公志。偶得奇绝。聿来告公。驾言从之。谷岸溟濛。有石如门。又如垣墉。樛蔓交木。似纶似组。乃芟乃治。乃可布武。伸脰掉臂。空洞无阻。左右回环。俨若廊庑。飞泉出窦。练缒花吐。触石吹沙。佩摇弦抚。侧径寅缘。豁然见天。有石如堂。度之五筵。东西二门。与日明昏。奥者如室。宣者如轩。因其高下。爰构亭榭。匠生于心。随指如化。开山剪木。役以私属。结构塈茨。子来嬉嬉。无事而就。邦人不知。淑清之辰。休浣之时。雅步幅巾。琴壶以随。前无俗人。与白云期。耳目尽适。形神不羁。元气颢然。观吾朵颐。遵渚之鸿。有时而飞。石门之下。可以栖迟。此谷而盈。彼邱而夷。维公之羭。迹永在斯。","卞孝萱《刘禹锡年谱》，中华书局1966年版，第96页","卞孝萱校订《刘禹锡集》卷39第583页，中华书局1990年版",,,"洪迎华"
"唐","刘禹锡","宪宗元和十三年戊戌","818","6",,"47","","江南西道","连州","桂阳",,"广东","清远市","连州市","112.383343","24.785648","连州刺史","在连州刺史任。六月，湖南观察使袁滋卒，刘禹锡作诗以悼","袁滋","《湖南观察使故相国袁公挽歌三首》","Poem","河南观察使故相国袁公挽歌三首 其三
返葬三千里，荆衡达帝畿。逢人即故吏，拜奠尽沾衣。地得青乌相，宾惊白鹤飞。五公碑尚在，今日亦同归。","卞孝萱《刘禹锡年谱》，中华书局1966年版，第97页","卞孝萱校订《刘禹锡集》卷30第411页，中华书局1990年版",,,"洪迎华"
"唐","刘禹锡","宪宗元和十三年戊戌","818","8",,"47","","江南西道","连州","桂阳",,"广东","清远市","连州市","112.383343","24.785648","连州刺史","在连州刺史任。八月，燕国公于頔卒，刘禹锡作诗以悼","于頔","《故相国燕国公于司空挽歌二首》","Poem","故相国燕国公于司空挽歌二首 其一
彫弓封旧国，黑弰继前功。十年镇南雍，九命作司空。池台乐事尽，箫鼓葬仪雄。一代英豪气，晓散白杨风。
故相国燕国公于司空挽歌二首 其二
阴山贵公子，来葬五陵西。前马悲无主，犹带朔风嘶。汉水晋山郭，襄杨白铜鞮。至今有遗爱，日暮人悽悽。","卞孝萱《刘禹锡年谱》，中华书局1966年版，第97页","卞孝萱校订《刘禹锡集》卷30第407页，中华书局1990年版",,,"洪迎华"
"唐","刘禹锡","宪宗元和十三年戊戌","818","9","27","47","","江南西道","连州","桂阳",,"广东","清远市","连州市","112.383343","24.785648","连州刺史","在连州刺史任。九月二十七日，智严大师卒，刘禹锡应其弟子之请作碑文","僧智俨","《唐故衡岳律大师湘潭唐兴寺俨公碑》","Article","唐故衡岳律大师湘潭唐兴寺俨公碑
佛法在九州间。随其方而化。中夏之人汨于荣利。破荣莫若妙觉。故言禅寂者宗嵩山。北方之人锐以武力。摄武莫若示现。故言神通者宗清凉山。南方之人剽而轻。制轻莫若威仪。故言律藏者宗衡山。是三名山。为庄严国。必有达者。与山比崇。南岳律门。以津公为上首。津之后。云峰證公承之。證公之后。湘潭俨公承之。星月丽天。珠玑同贯。由其门者。为正法焉。公号智俨。曹氏子。世为柳之右姓。兆形在孕。母不嗜荤。成童在侣。独不嗜戏。其夙植固厚者欤。生九年。乐为僧。父不能夺其志。抱经笥入岣嵝山。从名师执业。凡进品受具。闻经传印。皆当时大长老。我入名门。不住诸乘。我得觉路。径入智地。居室方丈。名闻大千。护法大臣。多所宾礼。嗣曹王皋之镇湖南。请为人师。自是登坛莅事。三十有八载。由我得度者。万有馀人。人持宝衣解璎珞为礼。公色受之。谓门弟子曰。彼以有相求我。我以有为应之。凡建宝幢。修废寺。饰大像。皆极其工。应物故也。元和十三年九月二十七日中夜。具汤沐。剃颐顶。与门人告别。既即寂而视身与色。无有坏相。呜呼。岂生能全吾真。故死不速朽。将有愿力耶。予不得而知也。问年八十二。问腊六十一。葬于寺东北隅。传律弟子中巽道准。传经弟子圆皎贞璨。与其徒圆静文外惠荣明素存政等。欲其师之道光且远。故咨予乞辞。乃作长句。以偈铭之曰。祝融灵山禹所治。非夫有道不可止。中有毗尼出尘士。以津视俨犹孙子。登坛人师四十纪。南方学徒宗奥旨。幼无童心至儿齿。识灭形全异凡死。长沙潭西逾五里。陶侃故居石头寺。门前一带湘江水。吁嗟律席之名兮。与湘流而不已。","卞孝萱《刘禹锡年谱》，中华书局1966年版，第96页","卞孝萱校订《刘禹锡集》卷4第53页，中华书局1990年版",,,"洪迎华"
"唐","刘禹锡","宪宗元和十四年己亥","819",,,"48","","江南西道","连州","桂阳",,"广东","清远市","连州市","112.383343","24.785648","连州刺史","在连州刺史任。与僧方及、中巽等交游","方及，中巽等",,"","","卞孝萱《刘禹锡年谱》，中华书局1966年版，第97-98页",,,,"洪迎华"
"唐","刘禹锡","宪宗元和十四年己亥","819",,,"48","","江南西道","连州","桂阳",,"广东","清远市","连州市","112.383343","24.785648","连州刺史","在连州刺史任。裴昌禹来访","裴昌禹",,"","","卞孝萱《刘禹锡年谱》，中华书局1966年版，第98页",,,,"洪迎华"
"唐","刘禹锡","宪宗元和十四年己亥","819","3","24","48","","江南西道","连州","桂阳",,"广东","清远市","连州市","112.383343","24.785648","连州刺史","在连州刺史任。二月，淄青平。三月二十四日，上表贺","","《贺平淄青表》","Article","贺平淄青表
臣某言。伏见制旨。魏博节度使所奏逆贼李师道并男二人并枭斩讫。以二月十六日御宣政殿受贺者。圣德元运。兵威神速。旬月之内。鲸鲵就诛。泰岳既宁。登封有日。伏惟睿圣文武皇帝陛下有征必克。举意无违。天地协神算之期。雷霆助成师之气。蠢尔孽竖。敢生野心。萧斧一临。妖氛自灭。皆由圣慈广被。睿略潜通。献俘者尽许生还。得地者复令安堵。感我仁化。激其深衷。凡是胁从。尽思效节。五纪巢穴。一朝荡夷。遂使齐鲁之乡。复归仁寿之域。捷书既至。传首继来。备文物于明庭。告殊勋于清庙。百郡陈贺。万方会同。从此止戈。所以为武。西周士庶。方观饮至之容。东岳烟云。已望告成之礼。臣恪居远服。尝忝班行。庆快之诚。倍万群品。无任踊跃屏营之至。","卞孝萱《刘禹锡年谱》，中华书局1966年版，第99页","卞孝萱校订《刘禹锡集》卷14第170页，中华书局1990年版",,,"洪迎华"
"唐","刘禹锡","宪宗元和十四年己亥","819",,,"48","","江南西道","连州","桂阳",,"广东","清远市","连州市","112.383343","24.785648","连州刺史","在连州刺史任。二月，淄青平。有感作诗","","《平齐行二首》","Poem","平齐行二首 其一
胡尘昔起蓟北门，河南地属平卢军。貂裘代马绕东岳，峄阳孤桐削为角。地形十二虏意骄，恩泽含容历四朝。鲁人皆解带弓箭，齐人不复闻箫韶。今朝天子圣神武，手握玄符平九土。初哀狂童袭故事，文告不来方振怒。去秋诏下诛东平，官军四合犹婴城。春来群乌噪且惊，气如坏山堕其庭。牙门大将有刘生，夜半射落欃枪星。帐中虏血流满地，门外三军舞连臂。驿骑函首过黄河，城中无贼天气和。朝廷侍郎来慰抚，耕夫满野行人歌。
平齐行二首 其二
泰山沈寇六十年，旅祭不享生愁烟。今逢圣君欲封禅，神使阴兵来阻战。妖氛扫尽河水清，日观杲杲卿云见。开元黄帝东封时，百神受职争奔驰。千钧猛簴顺流下，洪波涵淡浮熊罴。侍臣燕公秉文笔，玉检告天无愧词。当今睿孙承圣祖，岳神望幸河宗舞。青门大道属车尘，共待葳蕤翠华举。","卞孝萱《刘禹锡年谱》，中华书局1966年版，第99-100页","卞孝萱校订《刘禹锡集》卷25第327页，中华书局1990年版",,,"洪迎华"
"唐","刘禹锡","宪宗元和十四年己亥","819",,,"48","","江南西道","连州","桂阳",,"广东","清远市","连州市","112.383343","24.785648","连州刺史","在连州刺史任。继柳宗元撰碑后，为大鉴禅师作第二碑","","《曹溪六祖大鉴禅师第二碑》","Article","曹溪六祖大鉴禅师第二碑
至人之生。无有种类。同人者形。出人者智。蠢蠢南裔。降生杰异。父乾母坤。独肖元气。一言顿悟。不践初地。五师相承。授以宝器。宴坐曹溪。世号南宗。学徒爰来。如水之东。饮以妙药。瘥其瘖聋。诏不能致。许为法雄。去佛日远。群言积亿。著空执有。各走其域。我立真筌。揭起南国。无修而修。无得而得。能使学者。还其天识。如黑而迷。仰见斗极。得之自然。竟不可传。口传手付。则碍于有。留衣空堂。得者天授。","卞孝萱《刘禹锡年谱》，中华书局1966年版，第99页","卞孝萱校订《刘禹锡集》卷4第51页，中华书局1990年版",,,"洪迎华"
"唐","刘禹锡","宪宗元和十四年己亥","819",,,"48","","江南西道","连州","桂阳",,"广东","清远市","连州市","112.383343","24.785648","连州刺史","在连州刺史任。有铭文","","《佛衣铭并序》","Article","佛衣铭
佛言不行，佛衣乃争。忽近贵远，古今常情。尼父之生，土无一里。梦奠之后，履存千祀。惟昔有梁，如象之狂。达摩救世，来为医王。以言不痊，因物乃迁。如执符节，行乎复关。民不知官，望车而畏。俗不知佛，得衣为贵。坏色之衣，道不在兹。由之信道，所以为宝。六祖未彰，其出也微。既还狼㬻，憬俗蚩蚩。不有信器，众生曷归。是开便门，非止传衣。初必有终，传岂无已。物必归尽，衣胡久恃。先终知终，用乃不穷。我道无朽，衣于何有。其用已陈，孰非刍狗。","卞孝萱《刘禹锡年谱》，中华书局1966年版，第99页","卞孝萱校订《刘禹锡集》卷4第52页，中华书局1990年版",,,"洪迎华"
"唐","刘禹锡","宪宗元和十四年己亥","819",,,"48","","江南西道","连州","桂阳",,"广东","清远市","连州市","112.383343","24.785648","连州刺史","在连州刺史任。作诗赠别僧友","僧约师","《赠别约师并引》","Poem","赠别约师
师逢吴兴守，相伴住禅扃。春雨同栽树，秋灯对讲经。庐山曾结社，桂水远扬舲。话旧还惆怅，天南望柳星。","卞孝萱《刘禹锡年谱》，中华书局1966年版，第100页","卞孝萱校订《刘禹锡集》卷29第399页，中华书局1990年版",,,"洪迎华"
"唐","刘禹锡","宪宗元和十四年己亥","819",,,"48","","江南西道","连州","桂阳",,"广东","清远市","连州市","112.383343","24.785648","连州刺史","在连州刺史任。作诗赠别僧友","僧浩初","《海阳湖别浩初师并引》","Poem","海阳湖别浩初师
近郭看殊境，独游常鲜欢。逢君驻缁锡，观貌称林峦。湖满景方霁，野香春未阑。爱泉移席近，闻石辍棋看。风止松犹韵，花繁露未乾。桥形出树曲，岩影落池寒。别路千嶂里，诗情暮云端。他年买山处，似此得隳官。","卞孝萱《刘禹锡年谱》，中华书局1966年版，第100页","卞孝萱校订《刘禹锡集》卷29第397页，中华书局1990年版",,,"洪迎华"
"唐","刘禹锡","宪宗元和十四年己亥","819",,,"48","","江南西道","连州","桂阳",,"广东","清远市","连州市","112.383343","24.785648","连州刺史","在连州刺史任。有诗酬国子博士崔立之","崔立之","《酬国子崔博士立之见寄》","Poem","詶国子崔博士立之见寄
健笔高科早绝伦，后来无不揖芳尘。遍看今日乘轩客，多是昔年呈卷人。胄子执经瞻讲坐，郎官共食接华茵。烦君远寄相思曲，慰问天南一逐臣。","陶敏、陶红雨《刘禹锡全集编年校注》，岳麓书社2003年版，第267页","卞孝萱校订《刘禹锡集》卷35第527页，中华书局1990年版",,,"洪迎华"
"唐","刘禹锡","宪宗元和十四年己亥","819",,,"48","","江南西道","连州","桂阳",,"广东","清远市","连州市","112.383343","24.785648","连州刺史","在连州刺史任。作赋抒怀","","《问大钧赋并序》","Article","问大钧赋
圆方相函兮。浩其无垠。窅冥翕辟兮。走三辰以腾振。孰主张是兮。有工其神。迎随不见兮。强名之曰大钧。欹以临下兮。巍乎雄尊。天为独阳。高不可问。工居其中。与人差近。身执其权。心平其运。循名想像。或可以讯。曰嘻。蒙之未生。其犹泥耳。落乎埏埴。惟钧所指。忽然为人。为幸大矣。工赋其形。七情与俱。啬智不受。之以愚。坦坦之衢。万人所趋。蒙一布武。化为畏途。人或誉之。百说徒虚。人或排之。半言有馀。物壮则老。乃惟其常。否终则倾。亦不可长。老先期而骤至兮。否踰数而叵量。虽一夫之不获兮。亦大化之攸病。谨荐诚上问兮。俛伏以听。是夕寝熟。梦游乎无何有之乡。抗陛级乎重霄兮。异人间之景光。中有威神。巾金甲而炜煌。命之使前兮。其音琅琅。曰吾大化之一工也。居上临下。廉其不平。汝今有辞。吾一以听。播形肖貌。生类积亿。橐籥圈匡。镕鍊消息。我之司智。初不尔啬。不守以愚。覆为汝贼。既赋汝形。辅之聪明。盍求世师。资适攸宜。胡然抗志。遐想前烈。倚梯青冥。举足斯跌。韬尔智斧。无为自伐。凿窍太繁。天和乃泄。利径前诱。多逢覆辙。名肠内煎。外火非热。今哀汝穷。将厚汝愚。剔去刚健。纳之柔濡。塞前窍之伤痍兮。招太和而与居。贳以待人兮。急以自拘。道存壸奥。无示四隅。轧物之势不作兮。见伤之机自无。汝不善用。吾焉啬乎。且夫贞而腾气者膴膴。健而垂精者昊昊。我居其中。犹轮是蹈。以不息为体。以日新为道。裸鳞蜚走。灌莽苞皂。乃牙乃甲。乃殈乃剖。阳荣阴悴。生濡死槁。各乘气化。不以意造。赋大运兮无有淑恶。彼多方兮自生丑好。尔奚不德余以骤壮。姑尤我以速老耶。观汝百为。又或不然。赤子哇哇。忽其能言。亦既名物。几时蹁跹。春耕其邱。投种之日。释耒而叹。何时实栗。望所未至。谓余舒舒。欲其久留。谓我瞥如。我一子二。谁之曲与。彼蒹葭之苍苍兮。霜霰苦而中坚。松竹之皲皴索箨兮。不若榯笋之可怜。纳材苇而构明堂兮。固容消而力完。扬且之皙兮。不可以常然。当锡尔以老成。苍眉皓髯。山立时行。去敌气与矜色兮。噤危言以端诚。俾人望之。侮黩不生。尔之所得。孰与壮多。不善处老。问余而何。授教而回。蘧蘧形开。向之威神。孰为来哉。乃遽衣促盥。端虑涤想。委佩低簪。持簿叩颡而言曰。楚臣天问不詶。今臣过幸。一献三售。始厚以愚。终期以寿。忘上问之罪。濯已然之咎。心增故术。腹饱新授。驰神清元。拜手稽首。","卞孝萱《刘禹锡年谱》，中华书局1966年版，第100页","卞孝萱校订《刘禹锡集》卷1第1页，中华书局1990年版",,,"洪迎华"
"唐","刘禹锡","宪宗元和十四年己亥","819",,,"48","","江南西道","连州","桂阳",,"广东","清远市","连州市","112.383343","24.785648","连州刺史","在连州刺史任。感事作诗","","《莫徭歌》","Poem","莫猺歌
莫猺自生长，名字无符籍。市易杂鲛人，婚姻通木客。星居占泉眼，火种开山脊。夜渡千仞溪，含沙不能射。","卞孝萱《刘禹锡年谱》，中华书局1966年版，第101页","卞孝萱校订《刘禹锡集》卷26第343页，中华书局1990年版",,,"洪迎华"
"唐","刘禹锡","宪宗元和十四年己亥","819",,,"48","","江南西道","连州","桂阳",,"广东","清远市","连州市","112.383343","24.785648","连州刺史","在连州刺史任。感事作诗","","《插田歌并引》","Poem","插田歌
冈头花草齐，燕子东西飞。田塍望如线，白水光参差。农妇白纻裙，农父绿蓑衣。齐唱郢中歌，嘤儜如竹枝。但闻怨响音，不辨俚语词。时时一大笑，此必相嘲嗤。水平苗漠漠，烟火生墟落。黄犬往复还，赤鸡鸣且啄。路旁谁家郎，乌帽衫袖长。自言上计吏，年幼离帝乡。田夫语计吏，君家侬定谙。一来长安道，眼大不相参。计吏笑致辞，长安真大处。省门高轲峨，侬入无度数。昨来补卫士，唯用筒竹布。君看二三年，我作官人去。","卞孝萱《刘禹锡年谱》，中华书局1966年版，第101页","卞孝萱校订《刘禹锡集》卷27第353页，中华书局1990年版",,,"洪迎华"
"唐","刘禹锡","宪宗元和十四年己亥","819",,,"48","","江南西道","连州","桂阳",,"广东","清远市","连州市","112.383343","24.785648","连州刺史","在连州刺史任。感事作诗","","《连州腊日观莫徭猎西山》","Poem","连州腊日观莫徭腊西山
海天杀气薄，蛮军步伍嚣。林红叶尽变，原黑草初烧。围合繁钲息，禽兴大旆摇。张罗依道口，嗾犬上山腰。猜鹰虑奋迅，惊鹿时跼跳。瘴云四面起，腊雪半空消。箭头馀鹄血，鞍傍见雉翘。日暮还城邑，金笳发丽谯。","卞孝萱《刘禹锡年谱》，中华书局1966年版，第101页","卞孝萱校订《刘禹锡集》卷25第321页，中华书局1990年版",,,"洪迎华"
"唐","刘禹锡","宪宗元和十四年己亥","819",,,"48","","江南西道","连州","桂阳",,"广东","清远市","连州市","112.383343","24.785648","连州刺史","在连州刺史任。作诗咏古以寄怀","","《咏古二首有所寄》","Poem","咏古二首有所寄 其一
车音想辚辚，不见綦下尘。可怜平阳第，歌舞娇青春。金屋容色在，文园词赋新。一朝复得幸，应知失意人。
咏古二首有所寄 其二
寂寥照镜台，遗基古南阳。真人昔来游，翠凤相随翔。目成在桑野，志遂贮椒房。岂无三千女，初心不可忘。","卞孝萱《刘禹锡年谱》，中华书局1966年版，第101页","卞孝萱校订《刘禹锡集》卷21第264页，中华书局1990年版",,,"洪迎华"
"唐","刘禹锡","宪宗元和十四年己亥","819",,,"48","","江南西道","连州","桂阳",,"广东","清远市","连州市","112.383343","24.785648","连州刺史","在连州刺史任。作诗赠别僧友","","《观棋歌送儇师西游》","Poem","观棋歌送儇师西游
长沙男子东林师，闲读艺经工弈棋。有时凝思如入定，暗覆一局谁能知。今年访予来小桂，方袍袖中贮新势。山人无事秋日长，白昼懵懵眠匡床。因君临局看斗智，不觉迟景沈西墙。自从仙人遇樵子，直到开元王长史。前身后身付馀习，百变千化无穷已。初疑磊落曙天星，次见搏击三秋兵。雁行布陈众未晓，虎穴得子人皆惊。行尽三湘不逢敌，终日饶人损机格。自言台阁有知音，悠然远起西游心。商山夏木阴寂寂，好处徘徊驻飞锡。忽思争道画平沙，独笑无言心有适。蔼蔼京城在九天，贵游豪士足华筵。此时一行出人意，赌取声名不要钱。","卞孝萱《刘禹锡年谱》，中华书局1966年版，第101页","卞孝萱校订《刘禹锡集》卷29第398页，中华书局1990年版",,,"洪迎华"
"唐","刘禹锡","宪宗元和十四年己亥","819",,,"48","","江南西道","连州","桂阳",,"广东","清远市","连州市","112.383343","24.785648","连州刺史","在连州刺史任。作诗寄友","杨归厚","《寄杨八寿州》","Poem","寄杨八寿州
风猎红旗入寿春，满城歌舞向朱轮。八公山下清淮水，千骑尘中白面人。桂岭雨馀多鹤迹，茗园晴望似龙鳞。圣朝方用敢言者，次第应须旧谏臣。","卞孝萱《刘禹锡年谱》，中华书局1966年版，第101-102页","卞孝萱校订《刘禹锡集》卷24第313页，中华书局1990年版",,,"洪迎华"
"唐","刘禹锡","宪宗元和十四年己亥","819",,,"48","","江南西道","连州","桂阳",,"广东","清远市","连州市","112.383343","24.785648","连州刺史","在连州刺史任。后辈赴举，作诗以送","周鲁儒","《送周鲁儒赴举诗并引》","Poem","送周鲁儒赴举诗
宋日营阳内史孙，因家占得九疑村。童心便有爱书癖，手指今馀把笔痕。自握蛇珠辞白屋，欲凭鸡卜谒金门。若逢广坐问羊酪，从此知名在一言。","卞孝萱《刘禹锡年谱》，中华书局1966年版，第102页","卞孝萱校订《刘禹锡集》卷38第566页，中华书局1990年版",,,"洪迎华"
"唐","刘禹锡","宪宗元和十四年己亥","819",,,"48","","江南西道","连州","桂阳","海阳湖","广东","清远市","连州市","112.383343","24.785648","连州刺史","在连州刺史任。有诗咏海阳湖，和迁客裴侍御","裴侍御","《海阳十咏并引》","Poem","海阳十咏 其一 吏隐亭
结构得奇势，朱门交碧浔。外来始一望，写尽平生心。日轩漾波影，月砌镂松阴。几度欲归去，回眸情更深。
海阳十咏 其二 切云亭
迥破林烟出，俯窥石潭空。波摇杏梁日，松韵碧窗风。隔水生别岛，带桥如断虹。九疑南面事，尽入寸眸中。
海阳十咏 其十 月窟
溅溅漱幽石，注入团圆处。有如常满杯，承彼清夜露。岩曲月斜照，林寒春晚煦。游人不敢触，恐有蛟龙护。
海阳十咏 其三 云英潭
芳幄覆云屏，石奁开碧镜。支流日飞洒，深处自疑莹。潜去不见迹，清音常满听。有时病朝酲，来此心神醒。
海阳十咏 其五 裴溪
楚客忆关中，疏溪想汾水。萦纡非一曲，意态如千里。倒影罗文动，微波笑颜起。君今赐环归，何人承玉趾。
海阳十咏 其九 双溪
流水绕双岛，碧溪相并深。浮花拥曲处，远影落中心。闲鹭久独立，曝龟惊复沈。蘋风有时起，满谷箫韶音。
海阳十咏 其六 飞练瀑
晶晶掷岩端，洁光如可把。琼枝曲不折，云片晴犹下。石坚激清响，叶动承馀洒。前时明月中，见是银河泻。
海阳十咏 其七 蒙池
潆渟幽壁下，深净如无力。风起不成文，月来同一色。地灵草木瘦，人远烟霞逼。往往疑列仙，围棋在岩侧。
海阳十咏 其四 玄览亭
潇洒青林际，夤缘碧潭隈。淙流冒石下，轻波触砌回。香风逼人度，幽花覆水开。故令无四壁，晴夜月光来。
海阳十咏 其八 棼丝瀑
飞流透嵌隙，喷洒如丝棼。含晕迎初旭，翻光破夕曛。馀波绕石去，碎响隔溪闻。却望琼沙际，逶迤见脉分。","陶敏、陶红雨《刘禹锡全集编年校注》，岳麓书社2003年版，第263页","卞孝萱校订《刘禹锡集》卷38第563页，中华书局1990年版",,,"洪迎华"
"唐","刘禹锡","宪宗元和十四年己亥","819",,,"48","","江南西道","连州","桂阳",,"广东","清远市","连州市","112.383343","24.785648","连州刺史","在连州刺史任。母卒，年近九十岁。禹锡奉柩返洛阳","卢氏（刘禹锡母）",,"","","卞孝萱《刘禹锡年谱》，中华书局1966年版，第98页",,,,"洪迎华"
"唐","刘禹锡","宪宗元和十四年己亥","819","11",,"48","","江南西道","衡州","衡阳",,"湖南","衡阳市",,"112.578397","26.899517",,"十一月，扶母柩途次衡阳，闻柳宗元卒。禹锡既丧慈母，又失良朋，悲痛已极，作诗以悼","柳宗元","《重至衡阳伤柳仪曹并引》","Poem","重至衡阳伤柳仪曹
忆昨与故人，湘江岸头别。我马映林嘶，君帆转山灭。马嘶循古道，帆灭如流电。千里江蓠春，故人今不见。","卞孝萱《刘禹锡年谱》，中华书局1966年版，第100页","卞孝萱校订《刘禹锡集》卷30第407页，中华书局1990年版",,,"洪迎华"
"唐","刘禹锡","宪宗元和十四年己亥","819",,,"48","",,,,,,,,"0","0",,"为柳宗元料理身后事","柳宗元",,"","","卞孝萱《刘禹锡年谱》，中华书局1966年版，第98页",,,,"洪迎华"
"唐","刘禹锡","宪宗元和十五年庚子","820",,,"49","","都畿道","河南府","洛阳",,"河南","洛阳市",,"112.460033","34.624376",,"在洛阳丁母忧","",,"","","卞孝萱《刘禹锡年谱》，中华书局1966年版，第102页",,,,"洪迎华"
"唐","刘禹锡","宪宗元和十五年庚子","820","1",,"49","","都畿道","河南府","洛阳",,"河南","洛阳市",,"112.460033","34.624376",,"正月，有文祭友柳宗元","柳宗元","《祭柳员外文》","Article","祭柳员外文
维元和十五年岁次庚子正月戊戌朔日。孤子刘禹锡衔哀扶力。谨遣所使黄孟苌具清酌庶羞之奠。敬祭于亡友柳君之灵。呜呼子厚。我有一言。君其闻否。惟君平昔。聪明绝人。今虽化去。夫岂无物。意君所死。乃形质耳。魂气何托。听予哀辞。呜呼痛哉。嗟予不天。甫遭闵凶。未离所部。三使来吊。忧我衰病。谕以苦言。情深礼至。款密重复。期以中路。更申愿言。途次衡阳。云有柳使。谓复前约。忽承讣书。惊号大叫。如得狂病。良久问故。百哀攻中。涕洟迸落。魂魄震越。伸纸穷竟。得君遗书。绝弦之音。悽怆彻骨。初托遗嗣。知其不孤。末言归輤。从祔先域。凡此数事。职在吾徒。永言素交。索居多远。鄂渚差近。表臣分深。想其闻讣。必勇于义。巳命所使。持书径行。友道尚终。当必加厚。退之承命。改牧宜阳。亦驰一函。候于便道。勒石垂后。属于伊人。安平宣英。会有还使。悉已如礼。形于其书。呜呼子厚。此是何事。朋友凋落。从古所悲。不图此言。乃为君发。自君失意。沈伏远郡。近遇国士。方伸眉头。亦见遗草。恭辞旧府。志气相感。必踰常伦。顾予负衅。营奉方重。犹冀前路。望君铭旌。古之达人。朋友则服。今有所厌。其礼莫申。朝晡临后。出就别次。南望桂水。哭我故人。孰云宿草。此恸何极。呜呼子厚。卿真死矣。终我此生。无相见矣。何人不达。使君终否。何人不老。使君夭死。皇天后土。胡宁忍此。知悲无益。奈恨无已。君之不闻。予心不理。含酸执笔。辄复中止。誓使周六。同于己子。魂兮来思。知我深旨。呜呼哀哉。尚飨。","卞孝萱《刘禹锡年谱》，中华书局1966年版，第103页","卞孝萱校订《刘禹锡集》卷40第600页，中华书局1990年版",,,"洪迎华"
"唐","刘禹锡","宪宗元和十五年庚子","820","6",,"49","","都畿道","河南府","洛阳",,"河南","洛阳市",,"112.460033","34.624376",,"六月，有文重祭柳宗元","柳宗元","《重祭柳员外文》","Article","重祭柳员外文
呜呼。自君之没。行已八月。每一念至。忽忽犹疑。今以丧来。使我临哭。安知世上。真有此事。既不可赎。翻哀独生。呜呼。出人之才。竟无施为。炯炯之气。戢于一木。形与人等。今既如斯。识与人殊。今复何托。生有高名。没为众悲。异服同志。异音同欢。唯我之哭。非吊非伤。来与君言。不成言哭。千哀万恨。寄以一声。唯识真者。乃相知耳。庶几傥言。君傥闻乎。呜呼哀哉。君有遗美。其事多梗。桂林旧府。感激生持。俾君内弟。得以义胜。平昔所念。今则无违。旅魂克归。崔生实主。幼稚甬上。故人抚之。敦诗退之。各展其分。安平来赗。礼成而归。其他赴告。咸复于素。一以诚告。君傥闻乎。呜呼痛哉。君为已矣。予为苟生。何以言别。长号数声。冀乎异日。展我哀诚。呜呼痛哉。尚飨。","卞孝萱《刘禹锡年谱》，中华书局1966年版，第103页","卞孝萱校订《刘禹锡集》卷40第602页，中华书局1990年版",,,"洪迎华"
"唐","刘禹锡","宪宗元和十五年庚子","820","8",,"49","","都畿道","河南府","洛阳",,"河南","洛阳市",,"112.460033","34.624376",,"本年正月，宪宗为宦官陈弘志所杀，穆宗即位。八月，令狐楚贬为衡州刺史，途经洛阳，与刘禹锡会面","令狐楚",,"","","卞孝萱《刘禹锡年谱》，中华书局1966年版，第102页",,,,"洪迎华"
"唐","刘禹锡","宪宗元和十五年庚子","820",,,"49","","都畿道","河南府","洛阳",,"河南","洛阳市",,"112.460033","34.624376",,"为鄂岳观察使李程代作祭文悼柳宗元","柳宗元，李程","《为鄂州李大夫祭柳员外文》","Article","为鄂州李大夫祭柳员外文
呜呼。至人以在生为传舍。以轩冕为傥来。达于理者。未尝惑此。昔予与君。论之详熟。孔氏四科。罕能相备。惟公特立秀出。几于全器。才之何丰。运之何否。大川未济。乃失巨舰。长途始半。而丧良骥。缙绅之伦。孰不堕泪。昔者与君。交臂相得。一言一笑。未始有极。驰声日下。骛名天衢。射策差池。高科齐驱。携手书殿。分曹蓝曲。心志谐同。追欢相续。或秋月衔觞。或春日驰毂。甸服载期。同升宪府。察视之烈。斯焉接武。君迁外郎。予侍内闱。出处虽閒。音尘不亏。势变时移。遭罹多故。中复赐环。上京良遇。曾不踰月。君又即路。远持郡符。柳江之壖。居陋行道。疲人歌焉。予来夏口。忽复三年。离索则久。音贶屡传。箧盈草隶。架满文篇。钟索继美。班扬差肩。贾谊赋鵩。屈原问天。自古有死。奚论后先。痛君未老。美志莫宣。邅回世路。奄忽下泉。呜呼哀哉。令妻早谢。稚子四岁。天丧斯文。而君永逝。翩翩丹旐。来自遐裔。闻君旅榇。既及岳阳。寝门一恸。贯裂衷肠。执绋礼乖。出疆路阻。故人奠觞。莫克亲举。驰神假梦。冀获寤语。平生密怀。愿君遣吐。遗孤之才与不才。敢同己子之相许。呜呼哀哉。尚飨。","卞孝萱《刘禹锡年谱》，中华书局1966年版，第103页","卞孝萱校订《刘禹锡集》卷40第603页，中华书局1990年版",,,"洪迎华"
"唐","刘禹锡","穆宗长庆元年辛丑","821",,,"50","","都畿道","河南府","洛阳",,"河南","洛阳市",,"112.460033","34.624376",,"应故友吕温之子请，为吕温文集作序","吕温","《唐故衡州刺史吕君集序》","Article","唐故衡州刺史吕君集序
五行秀气。得之居多者为隽人。其色潋滟于颜间。其声发而为文章。天之所与。有物来相。彼由学而致者。如工人染夏以视羽畎。有生死之殊矣。初贞元中。天子之文章。焕乎垂光。庆霄在上。万物五色。天下文人。为气所召。其生乃蕃。灵芝萐莆。与百果齐圻。然煌煌翘翘。出乎其类。终为伟人者几希矣。东平吕和叔。实生是时。而绝人甚远。始以文章振三川。三川守以为贡士之冠。名声四驰。速如羽檄。长安中诸生。咸避其锋。两科连中。铓刃愈出。德宗闻其名。自集贤殿校书郎擢为左拾遗。明年。犬戎请和。上问能使绝域者。君以奇表有专对材膺选。转殿内史。锡之银章。还拜尚书户部员外郎。转司封。迁刑部郎中兼侍御史。副治书之职。会中执法左迁。缘坐出为道州刺史。以善政闻。改衡州。年四十而殁。后十年。其子安衡。泣奉遗草来谒。咨余叙之。成一家言。凡二百篇。勒成十卷。和叔名温。别字化光。祖考皆以文章至大官。早闻诗礼于先侍郎。又师吴郡陆贽。通春秋。从安定梁肃学文章。勇于艺能。咸有所祖。年益壮。志益大。遂拨去文章。与隽贤交。重气概。覈名实。歆然以致君及物为大欲。每与其徒讲疑考要皇王富强之术。臣子忠孝之道。出入上下百千年间。诋诃角逐。謺发连中。得一善辄盱衡击节。扬袂顿足。信容得色。舞于眉端。以为桉是言。循是理。合乎心而气将之。昭昭然若揭日月而行。孰能阏其势而争夫光者乎。呜呼。言可信而时异。道甚长而命窄。精气为物。其有所归乎。古之为书者。先立言而后体物。贾生之书首过秦。而荀卿亦后其赋。和叔年少遇君。而卒以谪似贾生。能明王道似荀卿。故余所先后视二书。断自人文化成论至诸葛武侯庙记为上篇。其他咸有为而为之。始学左氏书。故其文微为富艳。夫羿之关弓。惟巴蛇九日乃能尽其彀。而回注鴳爵。亦要失中于寻常之间。非羿之手弓有能有不能。所遇然也。后之达解者推而广之。知余之素交。不相索于文字之内而已。","卞孝萱《刘禹锡年谱》，中华书局1966年版，第104页","卞孝萱校订《刘禹锡集》卷19第234页，中华书局1990年版",,,"洪迎华"
"唐","刘禹锡","穆宗长庆元年辛丑","821",,,"50","","都畿道","河南府","洛阳",,"河南","洛阳市",,"112.460033","34.624376",,"作诗伤悼故友柳宗元","柳宗元","《伤愚溪三首并引》","Poem","伤愚溪三首 其一
溪水悠悠春自来，草堂无主燕飞回。隔帘惟见中庭草，一树山榴依旧开。
伤愚溪三首 其二
草圣数行留坏壁，木奴千树属邻家。唯见里门通德榜，残阳寂寞出樵车。
伤愚溪三首 其三
柳门竹巷依依在，野草青苔日日多。纵有邻人解吹笛，山阳旧侣更谁过。","卞孝萱《刘禹锡年谱》，中华书局1966年版，第104页","卞孝萱校订《刘禹锡集》卷30第412页，中华书局1990年版",,,"洪迎华"
"唐","刘禹锡","穆宗长庆元年辛丑","821",,,"50","","都畿道","河南府","洛阳",,"河南","洛阳市",,"112.460033","34.624376",,"与白居易诗文唱和","白居易","《白舍人见酬拙诗因以寄谢》","Poem","白舍人见酬拙诗因以寄谢
虽陪三品散班中，资历从来事不同。名姓也曾镌石柱，诗篇未得上屏风。甘陵旧党凋零尽，魏阙新知礼数崇。烟水五湖如有伴，犹应堪作钓鱼翁。","卞孝萱《刘禹锡年谱》，中华书局1966年版，第105页","卞孝萱校订《刘禹锡集》卷31第419页，中华书局1990年版",,,"洪迎华"
"唐","刘禹锡","穆宗长庆元年辛丑","821",,,"50","","都畿道","河南府","洛阳",,"河南","洛阳市",,"112.460033","34.624376",,"在洛阳与宴，作诗呈诸友","","《河南王少尹宅燕张常侍白舍人兼呈卢郎中李员外二副使》","Poem","河南王少尹宅燕张常侍白舍人兼呈卢郎中李员外二副使
将星夜落使星来，三省清臣到外台。事重各衔天子诏，礼成同把故人杯。捲帘松竹雪初霁，满院池塘春欲回。第一林亭迎好客，殷勤莫惜玉山颓。","卞孝萱《刘禹锡年谱》，中华书局1966年版，第105页","卞孝萱校订《刘禹锡集》卷31第424页，中华书局1990年版",,,"洪迎华"
"唐","刘禹锡","穆宗长庆元年辛丑","821",,,"50","","都畿道","河南府","洛阳",,"河南","洛阳市",,"112.460033","34.624376","夔州刺史","冬，除夔州刺史","",,"","","卞孝萱《刘禹锡年谱》，中华书局1966年版，第103页",,,,"洪迎华"
"唐","刘禹锡","穆宗长庆元年辛丑","821",,,"50","","江南西道","鄂州","江夏",,"湖北","武汉市","武昌区","114.322539","30.559627","夔州刺史","由洛阳赴夔州任所，经鄂州，与李程相会","李程",,"","","卞孝萱《刘禹锡年谱》，中华书局1966年版，第103页",,,,"洪迎华"
"唐","刘禹锡","穆宗长庆元年辛丑","821",,,"50","","江南西道","鄂州","江夏",,"湖北","武汉市","武昌区","114.322539","30.559627","夔州刺史","离鄂州时，作诗留别李程","李程","《鄂渚留别李二十六表臣大夫》","Poem","鄂渚留别李二十一表臣大夫
高樯起行色，促柱动离声。欲问江深浅，应如远别情。","卞孝萱《刘禹锡年谱》，中华书局1966年版，第105页","卞孝萱校订《刘禹锡集》卷35第523页，中华书局1990年版",,,"洪迎华"
"唐","刘禹锡","穆宗长庆元年辛丑","821",,,"50","","江南西道","鄂州","江夏",,"湖北","武汉市","武昌区","114.322539","30.559627","夔州刺史","离鄂州时，作诗答李程赠别","李程","《答表臣赠别二首》","Poem","荅表臣赠别二首 其一
昔为瑶池侣，飞舞集蓬莱。今作江汉别，风雪一徘徊。
荅表臣赠别二首 其二
嘶马立未还，行舟路将转。江头瞑色深，挥袖依稀见。","卞孝萱《刘禹锡年谱》，中华书局1966年版，第105页","卞孝萱校订《刘禹锡集》卷35第523页，中华书局1990年版",,,"洪迎华"
"唐","刘禹锡","穆宗长庆元年辛丑","821",,,"50","","江南西道","鄂州","江夏",,"湖北","武汉市","武昌区","114.322539","30.559627","夔州刺史","离鄂州时，作诗寄李程","李程","《始发鄂渚寄表臣二首》","Poem","始发鄂渚寄表臣二首 其一
祖帐管弦绝，客帆西风生。回车已不见，犹听马嘶声。
始发鄂渚寄表臣二首 其二
晓发柳林戍，遥城闻五鼓。忆与故人眠，此时犹晤语。","卞孝萱《刘禹锡年谱》，中华书局1966年版，第105页","卞孝萱校订《刘禹锡集》卷35第523页，中华书局1990年版",,,"洪迎华"
"唐","刘禹锡","穆宗长庆元年辛丑","821",,,"50","","江南西道","鄂州","江夏",,"湖北","武汉市","武昌区","114.322539","30.559627","夔州刺史","离鄂州时，作诗怀李程","李程","《出鄂州界怀表臣二首》","Poem","出鄂州界怀表臣二首 其一
离席一挥杯，别愁今尚醉。迟迟有情处，却恨江帆驶。
出鄂州界怀表臣二首 其二
梦觉疑连榻，舟行忽千里。不见黄鹤楼，寒沙雪相似。","卞孝萱《刘禹锡年谱》，中华书局1966年版，第105页","卞孝萱校订《刘禹锡集》卷35第524页，中华书局1990年版",,,"洪迎华"
"唐","刘禹锡","穆宗长庆元年辛丑","821",,,"50","","江南西道","鄂州","江夏",,"湖北","武汉市","武昌区","114.322539","30.559627","夔州刺史","离鄂州时，重作诗寄李程","李程","《重寄表臣二首》","Poem","重寄表臣二首 其一
对酒临流奈别何，君今已醉我蹉跎。分明记取星星鬓，他日相逢应更多。
重寄表臣二首 其二
世间人事有何穷，过后思量尽是空。早晚同归洛阳陌，卜邻须近祝鸡翁。","卞孝萱《刘禹锡年谱》，中华书局1966年版，第106页","卞孝萱校订《刘禹锡集》卷35第524页，中华书局1990年版",,,"洪迎华"
"唐","刘禹锡","穆宗长庆元年辛丑","821",,,"50","","山南东道","江陵府","松滋",,"湖北","荆州市","松滋市","111.774012","30.175338","夔州刺史","赴夔州途中，经松滋渡，作诗","","《松滋渡望峡中》","Poem","松滋渡望峡中
渡头轻雨洒寒梅，云际溶溶雪水来。梦渚草长迷楚望，夷陵土黑有秦灰。巴人泪应猿声落，蜀客船从鸟道回。十二碧峰何处所，永安宫外是荒台。","卞孝萱《刘禹锡年谱》，中华书局1966年版，第106页","卞孝萱校订《刘禹锡集》卷24第305页，中华书局1990年版",,,"洪迎华"
"唐","刘禹锡","穆宗长庆元年辛丑","821",,,"50","","山南东道","江陵府","松滋","碧涧寺","湖北","荆州市","松滋市","111.774012","30.175338","夔州刺史","赴夔州途中，经松滋碧涧寺，见元稹诗，题壁以和","元稹","《碧涧寺见元九侍御和展上人诗有三生之句因以和》","Poem","碧涧寺见元九侍御和展上人诗有三生之句因以和
廊下题诗满壁尘，塔前松树已皴鳞。古来唯有王文度，重见平生竺道人。","卞孝萱《刘禹锡年谱》，中华书局1966年版，第106页","卞孝萱校订《刘禹锡集》卷30第412页，中华书局1990年版",,,"洪迎华"
"唐","刘禹锡","穆宗长庆二年壬寅","822","1",,"51","","山南东道","夔州","奉节",,"四川","重庆直辖县行政区划","奉节县","109.470533","31.024561","夔州刺史","正月，到夔州。作谢表上呈","","《夔州刺史谢上表》","Article","夔州刺史谢上表
臣某言。伏奉某月日制书。授臣使持节都督夔州诸军事守夔州刺史。跪受天诏。神魂震惊。伏惟文武孝德皇帝陛下垂衣穆清。睿鉴旁达。三统交泰。百神降祥。浃于华夷。尽致仁寿。臣家本儒素。业在艺文。贞元年中。三忝科第。德宗皇帝记其姓名。知无党援。擢为御史。在台三载。例迁省官。权臣奏用。分判钱谷。竟坐连累。贬在遐方。先朝追还。方念淹滞。又遭谗嫉。出牧远州。家祸所钟。沈伏草土。礼经有制。羸疾仅存。甘于畎亩。以乐皇化。伏遇陛下大明御宇。照烛无私。念以残生。举其彝典。获居善部。伏感天慈。臣即以今月二日到任上讫。硖水千里。巴山万重。空怀向日之心。未有朝天之路。无任感恩恋阙之至。","卞孝萱《刘禹锡年谱》，中华书局1966年版，第106-107页","卞孝萱校订《刘禹锡集》卷14第171页，中华书局1990年版",,,"洪迎华"
"唐","刘禹锡","穆宗长庆二年壬寅","822",,,"51","","山南东道","夔州","奉节",,"四川","重庆直辖县行政区划","奉节县","109.470533","31.024561","夔州刺史","在夔州刺史任。春，韦绚自襄阳来谒，求在左右学问。刘禹锡允之","韦绚",,"","","卞孝萱《刘禹锡年谱》，中华书局1966年版，第107页",,,,"洪迎华"
"唐","刘禹锡","穆宗长庆二年壬寅","822",,,"51","","山南东道","夔州","奉节",,"四川","重庆直辖县行政区划","奉节县","109.470533","31.024561","夔州刺史","在夔州刺史任。春，朗州刺史温造因谪至，刘禹锡寄诗","温造","《寄朗州温右史曹长》","Poem","寄朗州温右史曹长
暂别瑶墀鸳鹭行，䌽旗双引到沅湘。城边流水桃花过，帘外春风杜若香。史笔枉将书纸尾，朝缨不称濯沧浪。云台公业家声在，徵诏何时出建章。","卞孝萱《刘禹锡年谱》，中华书局1966年版，第110页","卞孝萱校订《刘禹锡集》卷35第525页，中华书局1990年版",,,"洪迎华"
"唐","刘禹锡","穆宗长庆二年壬寅","822","3",,"51","","山南东道","夔州","奉节",,"四川","重庆直辖县行政区划","奉节县","109.470533","31.024561","夔州刺史","三月，杜佑子杜式方卒于桂州。“柩过渚宫”，刘禹锡遣使前往祭奠，有祭文","杜式方",,"","","卞孝萱《刘禹锡年谱》，中华书局1966年版，第107页","此祭文已佚",,,"洪迎华"
"唐","刘禹锡","穆宗长庆二年壬寅","822","3",,"51","","山南东道","夔州","奉节",,"四川","重庆直辖县行政区划","奉节县","109.470533","31.024561","夔州刺史","在夔州刺史任。三月，裴度复入中书知政事，刘禹锡上启以贺","裴度","《上门下裴相公启》","Article","上门下裴相公启
某启。向者淮右逋诛。即戎岁久。天子斋戒。以命元臣。登坛之日。上略前定。从九天而下。纵以神兵。分六符之光。扫其长彗。授钺于西颢之半。策勋于北陆之初。功成偃节。复执大柄。君臣相遇。播于乐章。山河启封。载在盟府。上方注意。人益具瞻。因鱼水之叶符。极夔龙之事业。时属四始。恩覃万方。致君及物。其德两大。古先俊贤所未备者。我从容而保之。殆非人事。抑有幽赞。夫异同之论。我以独见剖之。文武之道。我以全材统之。崇高之位。我以大功居之。造物之权。我以虚心运之。然持盈之术。古所难也。实在阴施拯物。厚其德基。以左右功庸。而百禄是荷。人所欣戴。久而愈宜。昔袁太尉不忍锢人。而楚狱衰息。一言之庆。而子孙丕承。以今日将明之材。行前修博施之义。笔端肤寸。泽及九垠。犹夫疾耕。必有滞穗。某顷堕危厄。常受厚恩。谊盟于心。要之自效。常惧废死荒服。永孤愿言。敢因贺笺。一寄丹恳。顾非奇理。不足以萦于冲襟。然利于行者。固在乎常谈。而卓诡孤特之言。未必利于行也。伏惟以愚言与贤者参之。谨启。","卞孝萱《刘禹锡年谱》，中华书局1966年版，第108页","卞孝萱校订《刘禹锡集》卷18第220页，中华书局1990年版",,,"洪迎华"
"唐","刘禹锡","穆宗长庆二年壬寅","822","5","1","51","","山南东道","夔州","奉节",,"四川","重庆直辖县行政区划","奉节县","109.470533","31.024561","夔州刺史","在夔州刺史任。五月一日，作厅壁记","","《夔州刺史厅壁记》","Article","夔州刺史厅壁记
夔在春秋为子国。楚并为楚九县之一。秦为鱼复。汉为固陵。蜀为巴东。梁为信州。初城于瀼西。后周大总管龙门王公述登白帝。叹曰。此奇势可居。遂移府于今治所。是岁建德五年。隋初杨素以越公领总管。又张大之。唐兴。武德二年诏书。其以信州为夔州。七年增名都督府。督黔巫一十九郡。开元中犹领七州。天宝初罢州置郡。号云安。至德二年。命嗣道王鍊为太守。赐之旌节。统峡中五郡军事。乾元初复为州。偃节于有司。第以防御使为称。寻罢。以支郡隶江陵。桉版图。方轮不足当通邑。而今秩与上郡齿。特以带蛮夷故也。故相国安阳公乾曜尝参军事。修图经言风俗甚备。今以郡国更名之所以然。著于壁云。凡名殊必以国。事建必以年。谨始也。长庆二年五月一日。刺史中山刘禹锡记。","卞孝萱《刘禹锡年谱》，中华书局1966年版，第108页","卞孝萱校订《刘禹锡集》卷9第107页，中华书局1990年版",,,"洪迎华"
"唐","刘禹锡","穆宗长庆二年壬寅","822",,,"51","","山南东道","夔州","奉节",,"四川","重庆直辖县行政区划","奉节县","109.470533","31.024561","夔州刺史","在夔州刺史任。与韩愈、白居易诗文唱和","韩愈，白居易","《始至云安寄兵部韩侍郎中书白舍人二公近曾远守故有属焉》","Poem","始至云安寄兵部韩侍郎中书白舍人二公近曾远守故有属焉
天外巴子国，山头白帝城。波清蜀柹尽，云散楚台倾。迅濑下哮吼，两岸势争衡。阴风鬼神过，暴雨蛟龙生。硖断见孤邑，江流照飞甍。蛮军击严鼓，笮马引双旌。望阙遥拜舞，分庭备将迎。铜符一以合，文墨纷来萦。暮色四山起，愁猿数处声。重关群吏散，静视寒灯明。故人青霞意，飞舞集蓬瀛。昔曾在池籞，应知鱼鸟情。","卞孝萱《刘禹锡年谱》，中华书局1966年版，第109页","卞孝萱校订《刘禹锡集》卷31第417页，中华书局1990年版",,,"洪迎华"
"唐","刘禹锡","穆宗长庆二年壬寅","822",,,"51","","山南东道","夔州","奉节",,"四川","重庆直辖县行政区划","奉节县","109.470533","31.024561","夔州刺史","在夔州刺史任。感俗作诗","","《竹枝词九首并引》","Poem","杂曲歌辞 其一 竹枝
白帝城头春草生，白盐山下蜀江清。南人上来歌一曲，北人莫上动乡情。
杂曲歌辞 其二 竹枝
山桃红花满上头，蜀江春水拍江流。花红易衰似郎意，水流无限似侬愁。
杂曲歌辞 其三 竹枝
江上朱楼新雨晴，瀼西春水縠文生。桥东桥西好杨柳，人来人去唱歌行。
杂曲歌辞 其四 竹枝
日出三竿春雾消，江头蜀客驻兰桡。凭寄狂夫书一纸，家住成都万里桥。
杂曲歌辞 其五 竹枝
两岸山花似雪开，家家春酒满银杯。昭君坊中多女伴，永安宫外踏青来。
杂曲歌辞 其八 竹枝
城西门前滟滪堆，年年波浪不能摧。懊恼人心不如石，少时东去复西来。
杂曲歌辞 其六 竹枝
瞿塘嘈嘈十二滩，此中道路古来难。长恨人心不如水，等闲平地起波澜。
杂曲歌辞 其七 竹枝
巫峡苍苍烟雨时，清猿啼在最高枝。个里愁人肠自断，由来不是此声悲。
杂曲歌辞 其九 竹枝
山上层层桃李花，云间烟火是人家。银钏金钗来负水，长刀短笠去烧畬。","卞孝萱《刘禹锡年谱》，中华书局1966年版，第109页","卞孝萱校订《刘禹锡集》卷27第358页，中华书局1990年版",,,"洪迎华"
"唐","刘禹锡","穆宗长庆二年壬寅","822",,,"51","","山南东道","夔州","奉节",,"四川","重庆直辖县行政区划","奉节县","109.470533","31.024561","夔州刺史","在夔州刺史任。作诗和东川节度使王涯","王涯","《和东川王相公新涨驿池八韵》","Poem","和东川王相公新涨驿池八韵
今日池塘上，初移造物权。苞藏成别岛，沿浊致清涟。变化生言下，蓬瀛落眼前。泛觞惊翠羽，开幕对红莲。远写风光入，明含气象全。渚烟笼驿树，波日漾宾筵。曲岸留缇骑，中流转䌽船。无因接元礼，共载比神仙。","卞孝萱《刘禹锡年谱》，中华书局1966年版，第110页","卞孝萱校订《刘禹锡集》卷35第526页，中华书局1990年版",,,"洪迎华"
"唐","刘禹锡","穆宗长庆二年壬寅","822",,,"51","","山南东道","夔州","奉节",,"四川","重庆直辖县行政区划","奉节县","109.470533","31.024561","夔州刺史","在夔州刺史任。本年，裴昌禹至夔州来访","裴昌禹",,"","","卞孝萱《刘禹锡年谱》，中华书局1966年版，第108页",,,,"洪迎华"
"唐","刘禹锡","穆宗长庆三年癸卯","823","1",,"52","","山南东道","夔州","奉节",,"四川","重庆直辖县行政区划","奉节县","109.470533","31.024561","夔州刺史","在夔州刺史任。正月日，上表贺册皇太子","","《贺册皇太子表》","Article","贺册皇太子表
臣某言。伏见制书。以十二月二十日册皇太子。盛礼斯毕。德音遐宣。万国以贞。庶类咸说。中贺。伏惟文武孝德皇帝陛下体元立极。垂训御时。既阐王猷。思安国本。前星位定。拱宸极以昭彰。苍震气宣。与天地而长久。礼光匕鬯。泽被华夷。宗祏有无疆之休。生灵怀莫大之庆。臣恪居官次。遐守巴南。不获称庆阙庭。无任踊跃屏营之至。","卞孝萱《刘禹锡年谱》，中华书局1966年版，第110页","卞孝萱校订《刘禹锡集》卷14第172页，中华书局1990年版",,,"洪迎华"
"唐","刘禹锡","穆宗长庆三年癸卯","823","1",,"52","","山南东道","夔州","奉节",,"四川","重庆直辖县行政区划","奉节县","109.470533","31.024561","夔州刺史","在夔州刺史任。正月日，上牋贺皇太子","","《贺皇太子牋》","Article","贺皇太子笺
使持节都督夔州刺史刘某叩头。伏惟皇太子殿下祗膺诏册。光启储闱。展至性于三朝。承本枝于百代。宗祏永固。神人以和。四岳仰维嵩之高。百川承少海之润。某限以职守。不获随例称庆宫庭。无任抃跃之至。","卞孝萱《刘禹锡年谱》，中华书局1966年版，第111页","卞孝萱校订《刘禹锡集》卷14第174页，中华书局1990年版",,,"洪迎华"
"唐","刘禹锡","穆宗长庆三年癸卯","823",,,"52","","山南东道","夔州","奉节",,"四川","重庆直辖县行政区划","奉节县","109.470533","31.024561","夔州刺史","在夔州刺史任。当地始兴寺修大殿，移铁像，作文以记","","《夔州始兴寺移铁像记》","Article","夔州始兴寺移铁像记
佛薪尽于乾竺。而像教东行。是法平等。故所至为净土。是身应供。故随念如降生。先是鱼复人有以利金为弥勒像者。重千钧。睟容瑞相。人天两足。凫氏卒事。而他工未备。故寓于西偏。不知其几年矣。寺僧法照。瞻礼发信。赤肩白足。入诸大城。乃至聚落。无空过者。积十馀年。得信财无量。繇是购工以尝巧。募徒而毕力。四辈增增。工麾以肱。中枢外脉。阴转阳动。歘如地涌。岌如山行。大匠无言。尊容向明。青莲承趺。金兽捧持。藻井花鬘。葱茏四垂。邑人膜拜。如佛出世。法照以愿力能就。泣于佛前。因持片石。乞词以示后。桉此寺始于宇文周。初濒江埤庳。皇唐神龙中为水所坏。有波那赖耶国僧广照。浮海而至。顿锡不去。遂移于今道场所。山曰磨刀。岭曰虎冈。其经始与克终。皆蕃僧是力。后之有志者。岂无人哉。法照夔人。姓穆氏。年十有五出家。依江陵名僧受具。肇自贞元二十年甲申归此寺。愿崇建有为。凡修大殿立菩萨。大弟子侍佛左右。逮长庆癸卯有成。其善植德本者欤。","卞孝萱《刘禹锡年谱》，中华书局1966年版，第111页","卞孝萱校订《刘禹锡集》卷4第59页，中华书局1990年版",,,"洪迎华"
"唐","刘禹锡","穆宗长庆三年癸卯","823",,,"52","","山南东道","夔州","奉节",,"四川","重庆直辖县行政区划","奉节县","109.470533","31.024561","夔州刺史","在夔州刺史任。有记文","","《机汲记》","Article","机汲记
濒江之俗。不饮于凿。而皆饮之流。余谪居之明年。主人授馆于百雉之内。江水茫茫。周墉閒之。一旦。有工爰来。思以技自贾。且曰。观今之室庐。及江之涯。閒不容亩。顾积块峙焉而前耳。请用机以汲。俾矗然之状。莫我遏已。余方异其说。且命之饬力焉。工也储思环视。相面势而经营之。由是比竹以为畚。寘于流中。中植数尺之臬。辇石以壮其趾。如建标焉。索绹以为縆。縻于标垂。上属数仞之端。亘空以峻其势。如张弦焉。锻铁为器。外廉如鼎耳。内键如乐鼓。牝牡相函。转于两端。走于索上。且受汲具。及泉而修绠下缒。盈器而圆轴上引。其往有建瓴之驶。其来有推毂之易。瓶繘不羸。如搏而升。枝长澜出。高岸拂林。杪踰峻防。刳蟠木以承澍。贯修筠以达脉。走下潺潺。声寒空中。通洞环折。唯用所在。周除而沃盥以蠲。入爨而锜釜以盈。饪餗之馀。移用于汤沐。涑浣之末。泄注于圃畦。虽瀵涌于庭。莫尚其霈洽也。昔余尝登陴然。念悬流之莫可遽挹。方勉保庸督臧获。而挈之。至于裂肩龟手。然犹家人视水如酒醪之贵。今也一任人之智。又从而信之。机发于冥冥。而形于用物。浩溔东流。赴海为期。斡而迁焉。逐我颐指。向之所谓阻且艰者。莫能高其高而深其深也。观夫流水之应物。植木之善建。绳以柔而有立。金以刚而无固。轴卷而能舒。竹圆而能通。合而同功。斯所以然也。今之工咸盗其古先工之遗法。故能成之。不能知所以为我也。智尽于一端。功止于一名而已。噫。彼经始者。其取诸小过欤。","卞孝萱《刘禹锡年谱》，中华书局1966年版，第111页","卞孝萱校订《刘禹锡集》卷8第109页，中华书局1990年版",,,"洪迎华"
"唐","刘禹锡","穆宗长庆三年癸卯","823",,,"52","","山南东道","夔州","奉节",,"四川","重庆直辖县行政区划","奉节县","109.470533","31.024561","夔州刺史","在夔州刺史任。春，礼部放榜，禹锡与友诗文唱和","僧宣，王起","《宣上人远寄贺礼部王侍郎放榜后诗因而继和》","Poem","宣上人远寄和礼部王侍郎放榜后诗因而继和
礼闱新榜动长安，九陌人人走马看。一日声名遍天下，满城桃李属春官。自吟白雪诠词赋，指示青云借羽翰。借问至公谁印可，支郎天眼定中观。","卞孝萱《刘禹锡年谱》，中华书局1966年版，第112页","卞孝萱校订《刘禹锡集》卷24第313页，中华书局1990年版",,,"洪迎华"
"唐","刘禹锡","穆宗长庆三年癸卯","823",,,"52","","山南东道","夔州","奉节",,"四川","重庆直辖县行政区划","奉节县","109.470533","31.024561","夔州刺史","在夔州刺史任。作诗酬和国子司业杨巨源","杨巨源","《酬杨司业巨源见寄》","Poem","詶杨司业巨源见寄
辟雍流水近灵台，中有诗篇绝世才。渤海归人将集去，梨园弟子请词来。琼枝未识魂空断，宝匣初临手自开。莫道专城管云雨，其如心似不然灰。","卞孝萱《刘禹锡年谱》，中华书局1966年版，第113页","卞孝萱校订《刘禹锡集》卷35第526页，中华书局1990年版",,,"洪迎华"
"唐","刘禹锡","穆宗长庆三年癸卯","823",,,"52","","山南东道","夔州","奉节",,"四川","重庆直辖县行政区划","奉节县","109.470533","31.024561","夔州刺史","在夔州刺史任。作诗寄友杨归厚","杨归厚","《寄唐州杨八归厚》","Poem","寄唐州杨八归厚
淮安古地拥州师，画角金铙旦夕吹。浅草遥迎鹔鹴马，春风乱飐辟邪旗。谪仙年月今应满，戆谏声名众所知。何况迁乔旧同伴，一双先入凤凰池。","卞孝萱《刘禹锡年谱》，中华书局1966年版，第113页","卞孝萱校订《刘禹锡集》卷35第524页，中华书局1990年版",,,"洪迎华"
"唐","刘禹锡","穆宗长庆三年癸卯","823",,,"52","","山南东道","夔州","奉节",,"四川","重庆直辖县行政区划","奉节县","109.470533","31.024561","夔州刺史","在夔州刺史任。春日，作诗寄友杨归厚","杨归厚","《春日寄杨八唐州二首》","Poem","春日寄杨八唐州二首 其一
淮西春草长，淮水逶迤光。燕入新村落，人耕旧战场。可怜行春守，立马看斜桑。
春日寄杨八唐州二首 其二
漠漠淮上春，莠苗生故垒。梨花方城路，荻笋萧陂水。高斋有谪仙，坐啸清风起。","卞孝萱《刘禹锡年谱》，中华书局1966年版，第113页","卞孝萱校订《刘禹锡集》卷35第525页，中华书局1990年版",,,"洪迎华"
"唐","刘禹锡","穆宗长庆三年癸卯","823",,,"52","","山南东道","夔州","奉节",,"四川","重庆直辖县行政区划","奉节县","109.470533","31.024561","夔州刺史","在夔州刺史任。作诗寄友杨归厚","杨归厚","《重寄绝句》","Poem","重寄绝句
淮西既是平安地，鸦路今无羽檄飞。闻道唐州最清静，战场耕尽野花稀。","卞孝萱《刘禹锡年谱》，中华书局1966年版，第114页","卞孝萱校订《刘禹锡集》卷35第525页，中华书局1990年版",,,"洪迎华"
"唐","刘禹锡","穆宗长庆三年癸卯","823",,,"52","","山南东道","夔州","奉节",,"四川","重庆直辖县行政区划","奉节县","109.470533","31.024561","夔州刺史","在夔州刺史任。六月后，唐扶将游寺诗及与沈传师、姚合唱和之作寄禹锡，禹锡继和","唐扶","《唐侍御寄游道林岳麓二寺诗并沈中丞姚员外所和见征继作》","Poem","唐侍御寄游道林岳麓二寺诗并沈中丞姚员外所和见徵继作
湘西古刹双蹲蹲，群峰朝拱如骏奔。青松步障深五里，龙宫黯黯神为阍。高殿呀然压苍巘，俯瞰长江疑欲吞。橘洲泛浮金实动，水郭缭绕朱楼骞。语馀百响入天籁，众奇引步轻翩翻。泉清石布博棋子，萝密鸟韵如簧言。回廊架险高且曲，新径穿林明复昏。浅流忽浊山兽过，古木半空天火痕。星使双飞出禁垣，元侯饯之游石门。紫髯翼从红袖舞，竹风松雪香温黁。远持清琐照巫峡，一戛惊断三声猿。灵山会中身不预，吟想峭绝愁精魂。恨无黄金千万饼，布地买取为丘园。","卞孝萱《刘禹锡年谱》，中华书局1966年版，第114页","卞孝萱校订《刘禹锡集》卷36第528页，中华书局1990年版",,,"洪迎华"
"唐","刘禹锡","穆宗长庆三年癸卯","823",,,"52","","山南东道","夔州","奉节",,"四川","重庆直辖县行政区划","奉节县","109.470533","31.024561","夔州刺史","在夔州刺史任。八月后，白居易自杭州寄诗，禹锡戏酬，兼寄浙东元稹","白居易，元稹","《白舍人自杭州寄新诗有柳色春藏苏小家之句因而戏酬兼寄浙东元相公》","Poem","白舍人自杭州寄新诗有柳色春藏苏小家之句因而戏酬兼寄浙东元相公
钱塘山水有奇声，暂谪仙官领百城。女妓还闻名小小，使君谁许唤卿卿。鳌惊震海风雷起，蜃斗嘘天楼阁成。莫道骚人在三楚，文星今向斗牛明。","卞孝萱《刘禹锡年谱》，中华书局1966年版，第112-113页","卞孝萱校订《刘禹锡集》卷31第418页，中华书局1990年版",,,"洪迎华"
"唐","刘禹锡","穆宗长庆三年癸卯","823","11","7","52","","山南东道","夔州","奉节",,"四川","重庆直辖县行政区划","奉节县","109.470533","31.024561","夔州刺史","在夔州刺史任。十一月七日，有文","","《夔州论利害第一表》","Article","夔州论利害第一表
臣某言。伏准元和十二年四月十八日敕。诸州刺史如有利害可言者。不限时节。任自上表闻奏者。臣伏见贞观中。诏许群臣各上书言利便。马周时一布衣。遂因中郎将常何献策二十馀事。太宗深奇之。尽行其言。擢周为御史。至龙朔中。璧州刺史邓宏庆进平素看精四字。堪为酒令。高宗嘉之。亦行其言。迁宏庆为朗州刺史。则知苟有所见。虽布衣之贱。远守之微。亦可施用。况臣早受国恩。德宗朝忝为御史。逮今历事四圣。频领藩条。当陛下至明之时。是微臣竭节之日。伏以守在遐郡。不敢广有所陈。准敕上利害及当州公务。各具别状奏闻。伏乞圣慈。俯赐昭鉴。无任感激屏营之至。谨差当州军事衙官守易州安义府别将员外置同正员云骑尉冯随谨奉表以闻。","卞孝萱《刘禹锡年谱》，中华书局1966年版，第111页","卞孝萱校订《刘禹锡集》卷14第178页，中华书局1990年版",,,"洪迎华"
"唐","刘禹锡","穆宗长庆三年癸卯","823",,,"52","","山南东道","夔州","奉节",,"四川","重庆直辖县行政区划","奉节县","109.470533","31.024561","夔州刺史","在夔州刺史任。作诗寄友杨归厚","杨归厚","《李贾二大谏拜命后寄杨八寿州》","Poem","李贾二大夫谏拜命后寄杨八寿州
谏省新登二直臣，万方惊喜捧丝纶。则知天子明如日，肯放淮南高卧人。","陶敏、陶红雨《刘禹锡全集编年校注》，岳麓书社2003年版，第295页","卞孝萱校订《刘禹锡集》卷24第313页，中华书局1990年版",,,"洪迎华"
"唐","刘禹锡","穆宗长庆三年癸卯","823",,,"52","","山南东道","夔州","奉节",,"四川","重庆直辖县行政区划","奉节县","109.470533","31.024561","夔州刺史","在夔州刺史任。有诗送友","周载","《送周使君罢渝州归郢州别墅》","Poem","送周使君罢渝州归郢州别墅
君思郢上吟归去，故自渝南掷郡章。野戍岸边留画舸，绿萝阴下到山庄。池荷雨后依香起，庭草春深绶带长。只恐鸣驺催上道，不容待得晚菘尝。","陶敏、陶红雨《刘禹锡全集编年校注》，岳麓书社2003年版，第299页","卞孝萱校订《刘禹锡集》卷28第369页，中华书局1990年版",,,"洪迎华"
"唐","刘禹锡","穆宗长庆三年癸卯","823",,,"52","","山南东道","夔州","奉节",,"四川","重庆直辖县行政区划","奉节县","109.470533","31.024561","夔州刺史","在夔州刺史任。有诗酬杨敬之赴湖南幕府途中作","杨敬之","《酬杨八副使将赴湖南途中见寄一绝》","Poem","酬杨八副使将赴湖南途中见寄一绝
知逐征南冠楚材，远劳书信到阳台。明朝若上君山上，一道巴江自此来。","陶敏、陶红雨《刘禹锡全集编年校注》，岳麓书社2003年版，第294页","卞孝萱校订《刘禹锡集》卷35第526页，中华书局1990年版",,,"洪迎华"
"唐","刘禹锡","穆宗长庆四年甲辰","824","2",,"53","","山南东道","夔州","奉节",,"四川","重庆直辖县行政区划","奉节县","109.470533","31.024561","夔州刺史","在夔州刺史任。正月，穆宗卒，敬宗即位。二月日，上表贺","穆宗，敬宗","《贺登极表》","Article","贺登极表
臣某言。伏见诏书。正月二十六日皇帝陛下嗣登宝位。万国同欢。日月继明。乾坤交泰。中贺。伏惟皇帝陛下钦承顾命。惟怀永图。以大孝奉宗祧。以至仁苏品物。洞照寰海。统和神人。圣祚延长。从今无极。群生鼓舞。自此大宁。臣限守遐藩。恪居官次。不获奔驰拜舞。称贺阙庭。无任抃跃屏营之至。","卞孝萱《刘禹锡年谱》，中华书局1966年版，第117页",,,,"洪迎华"
"唐","刘禹锡","穆宗长庆四年甲辰","824","2",,"53","","山南东道","夔州","奉节",,"四川","重庆直辖县行政区划","奉节县","109.470533","31.024561","夔州刺史","在夔州刺史任。正月，穆宗卒，敬宗即位。二月日，上表慰国哀","穆宗，敬宗","《慰国哀表》","Article","慰国哀表
臣某言。上天降祸。大行皇帝奄弃万国。奉讳号擗。糜溃五情。伏惟皇帝陛下孝思至性。攀号罔极。臣恭守所部。不获陪位西宫。伏增感慕之至。谨奉表陈慰以闻。","卞孝萱《刘禹锡年谱》，中华书局1966年版，第117页","卞孝萱校订《刘禹锡集》卷14第172页，中华书局1990年版",,,"洪迎华"
"唐","刘禹锡","穆宗长庆四年甲辰","824","2",,"53","","山南东道","夔州","奉节",,"四川","重庆直辖县行政区划","奉节县","109.470533","31.024561","夔州刺史","在夔州刺史任。二月，上表贺册太皇太后","太皇太后","《贺册太皇太后表》","Article","贺册太皇太后表
臣某言。伏见制书。以二月十八日册立太皇太后。徽章克备。庆赐远行。荣冠古今。泽周寰海。伏惟皇帝陛下缵承列圣。欢奉两宫。太皇太后含饴保和。重光謺庆。汉仪盛于长信。周祚兴于大任。方之圣朝。彼有惭德。臣远守巴峡。不获称贺阙庭。无任抃跃屏营之至。","卞孝萱《刘禹锡年谱》，中华书局1966年版，第118页","卞孝萱校订《刘禹锡集》卷14第175页，中华书局1990年版",,,"洪迎华"
"唐","刘禹锡","穆宗长庆四年甲辰","824","2",,"53","","山南东道","夔州","奉节",,"四川","重庆直辖县行政区划","奉节县","109.470533","31.024561","夔州刺史","在夔州刺史任。二月，上表贺册皇太后","皇太后","《贺册皇太后表》","Article","贺册皇太后表
臣某言。伏见制书。以二月二十五日册立皇太后。盛礼毕陈。德音远被。一人有庆。万国同欢。中贺。伏惟皇太后禀灵作合。诞圣表祥。徽号极域中之尊。至仁为天下之母。陛下君临有国。子道无违。长乐宫中。永献南山之寿。濯龙门上。再扬东汉之风。率土臣子。不胜欢抃。臣远守荒服。不获称庆阙庭。无任踊跃屏营之至。","卞孝萱《刘禹锡年谱》，中华书局1966年版，第118页","卞孝萱校订《刘禹锡集》卷14第176页，中华书局1990年版",,,"洪迎华"
"唐","刘禹锡","穆宗长庆四年甲辰","824","2",,"53","","山南东道","夔州","奉节",,"四川","重庆直辖县行政区划","奉节县","109.470533","31.024561","夔州刺史","在夔州刺史任。二月，太子即帝位，上表贺","太子","《贺龙飞表》","Article","","陶敏、陶红雨《刘禹锡全集编年校注》，岳麓书社2003年版，第1076页","卞孝萱校订《刘禹锡集》卷14第173页，中华书局1990年版",,,"洪迎华"
"唐","刘禹锡","穆宗长庆四年甲辰","824","3","27","53","","山南东道","夔州","奉节",,"四川","重庆直辖县行政区划","奉节县","109.470533","31.024561","夔州刺史","在夔州刺史任。三月，朝廷大赦，上表贺","","《贺赦表》","Article","","卞孝萱《刘禹锡年谱》，中华书局1966年版，第118页","卞孝萱校订《刘禹锡集》卷14第174页，中华书局1990年版",,,"洪迎华"
"唐","刘禹锡","穆宗长庆四年甲辰","824","3",,"53","","山南东道","夔州","奉节",,"四川","重庆直辖县行政区划","奉节县","109.470533","31.024561","夔州刺史","在夔州刺史任。三月，诏书征贤良。有诗送裴昌禹应制举","裴昌禹","《送裴处士应制举诗并引》","Poem","送裴处士应制举诗
裴生久在风尘里，气劲言高少知己。注书曾学郑司农，历国多于孔夫子。往年访我到连州，无穷绝境终日游。登山雨中试蜡屐，入洞夏里披貂裘。白帝城边又相遇，敛翼三年不飞去。忽然结束如秋蓬，自称对策明光宫。人言策中说何事，掉头不答看飞鸿。彤庭翠松迎晓日，凤衔金榜云间出。中贵腰鞭立倾酒，宰臣委佩观摇笔。古称射策如弯弧，一发偶中何时无。由来草泽无忌讳，努力满挽当亨衢。忆得当年识君处，嘉禾驿后联墙住。垂钩钓得王馀鱼，踏芳共登苏小墓。此事今同梦想间，相看一笑且开颜。老大希逢旧邻里，为君扶病到方山。","卞孝萱《刘禹锡年谱》，中华书局1966年版，第114页","卞孝萱校订《刘禹锡集》卷28第378页，中华书局1990年版",,,"洪迎华"
"唐","刘禹锡","穆宗长庆四年甲辰","824",,,"53","","山南东道","夔州","奉节",,"四川","重庆直辖县行政区划","奉节县","109.470533","31.024561","夔州刺史","在夔州刺史任。四月前，作诗送别张盥赴举","张盥","《送张盥赴举诗并引》","Poem","送张盥赴举诗
尔生始悬弧，我作座上宾。引箸举汤饼，祝词天麒麟。今成一丈夫，坎坷愁风尘。长裾来谒我，自号庐山人。道旧与抚孤，悄然伤我神。依依见眉睫，嘿嘿含悲辛。永怀同年友，追想出谷晨。三十二君子，齐飞凌烟旻。曲江一会时，后会已凋沦。况今三十载，阅世难重陈。盛时一已过，来者日日新。不如摇落树，重有明年春。火后见琮璜，霜馀识松筠。肃风乃独秀，武部亦绝伦。尔今持我诗，西见二重臣。成贤必念旧，保贵在安贫。清时为丞郎，气力侔陶钧。乞取斗升水，因之云汉津。","卞孝萱《刘禹锡年谱》，中华书局1966年版，第119页","卞孝萱校订《刘禹锡集》卷28第377页，中华书局1990年版",,,"洪迎华"
"唐","刘禹锡","穆宗长庆四年甲辰","824",,,"53","","山南东道","夔州","奉节",,"四川","重庆直辖县行政区划","奉节县","109.470533","31.024561","夔州刺史","禹锡在夔州两年余，为柳宗元编辑遗集，撰集纪","柳宗元","《唐故尚书礼部员外郎柳君集序》","Article","唐故尚书礼部员外郎柳君文集序
八音与政通。而文章与时高下。三代之文。至战国而病。涉秦汉复起。汉之文。至列国而病。唐兴复起。夫政厖而土裂。三光五岳之气分。太音不完。故必混一而后大振。初贞元中。上方向文章。昭回之光。下饰万物。天下文士。争执所长。与时而奋。粲焉如繁星丽天。而芒寒色正。人望而敬者。五行而已。河东柳子厚。斯人望而敬者欤。子厚始以童子有奇名于贞元初。至九年为名进士。十有九年为材御史。二十有一年以文章称首。入尚书为礼部员外郎。是岁以疏隽少检获讪。出牧邵州。又谪佐永州。居十年。诏书徵不用。遂为柳州刺史。五岁不得召。病且革。留书抵其友中山刘禹锡曰。我不幸卒以谪死。以遗草累故人。禹锡执书以泣。遂编次为三十二通行于世。子厚之丧。昌黎韩退之志其墓。且以书来吊曰。哀哉若人之不淑。吾尝评其文。雄深雅健似司马子长。崔蔡不足多也。安定皇甫湜。于文章少所推让。亦以退之言为然。凡子厚名氏与仕与年。暨行已之大方。有退之之志若祭文在。今附于第一通之末云。","卞孝萱《刘禹锡年谱》，中华书局1966年版，第115页","卞孝萱校订《刘禹锡集》卷19第236页，中华书局1990年版",,,"洪迎华"
"唐","刘禹锡","穆宗长庆四年甲辰","824",,,"53","","山南东道","夔州","奉节",,"四川","重庆直辖县行政区划","奉节县","109.470533","31.024561","夔州刺史","在夔州刺史任。少逢宾客，勤于写作","",,"","","卞孝萱《刘禹锡年谱》，中华书局1966年版，第115页",,,,"洪迎华"
"唐","刘禹锡","穆宗长庆四年甲辰","824","5","14","53","","山南东道","夔州","奉节",,"四川","重庆直辖县行政区划","奉节县","109.470533","31.024561","夔州刺史","在夔州刺史任。五月十四日，有文","","《夔州论利害第二表》","Article","夔州论利害第二表
臣某言。伏准今年四月五日德音。宜令诸道观察使刺史各具当处利害附驿以闻者。伏惟皇帝陛下睿哲自天。缵承列圣。善述先志。发扬德音。率土人臣。不胜庆幸。臣虔奉诏旨。宣示蒸黎。伏以华夏不同。事宜各异。详求利病。谨具奏闻。伏乞圣慈。俯赐昭鉴。臣伏览国史。窃见开元十八年朝集使至京。玄宗临轩。亲问利害。时宣州刺史裴耀卿上便宜事。论转运甚详。竟不行下。至二十一年耀卿为京兆尹。再以前奏论。方见允纳。比及三年。漕运七百万石。省脚费三十馀万贯。当耀卿前不见纳。必有人非之。及后数年。方展其效。臣僻守远郡。敢望言行。祗奉诏书。或冀万一。伏惟明主择之。无任恳悃屏营之至。","卞孝萱《刘禹锡年谱》，中华书局1966年版，第118页","卞孝萱校订《刘禹锡集》卷14第179页，中华书局1990年版",,,"洪迎华"
"唐","刘禹锡","穆宗长庆四年甲辰","824",,,"53","","山南东道","夔州","奉节",,"四川","重庆直辖县行政区划","奉节县","109.470533","31.024561","夔州刺史","在夔州刺史任。有诗和白居易","白居易","《和乐天柘枝》","Poem","和乐天柘枝
柘枝本出楚王家，玉面添娇舞态奢。松鬓改梳鸾凤髻，新衫别识斗鸡纱。鼓催残拍腰身软，汗透罗衣雨点花。画筵曲罢辞归去，便随王母上烟霞。","陶敏、陶红雨《刘禹锡全集编年校注》，岳麓书社2003年版，第304页","卞孝萱校订《刘禹锡集》卷32第457页，中华书局1990年版",,,"洪迎华"
"唐","刘禹锡","穆宗长庆四年甲辰","824",,,"53","","山南东道","夔州","奉节",,"四川","重庆直辖县行政区划","奉节县","109.470533","31.024561","夔州刺史","在夔州刺史任。有诗和白居易","白居易","《和乐天题真娘墓》","Poem","和乐天题真娘墓
薝卜林中黄土堆，罗襦绣黛已成灰。芳魂虽死人不怕，蔓草逢春花自开。幡盖向风疑舞袖，镜灯临晓似妆台。吴王娇女坟相近，一片行云应往来。","陶敏、陶红雨《刘禹锡全集编年校注》，岳麓书社2003年版，第303页","卞孝萱校订《刘禹锡集》卷32第458页，中华书局1990年版",,,"洪迎华"
"唐","刘禹锡","穆宗长庆四年甲辰","824",,,"53","","山南东道","夔州","奉节",,"四川","重庆直辖县行政区划","奉节县","109.470533","31.024561","夔州刺史","在夔州刺史任。有文发论","","《因论七篇》","Article","因论七篇 其一 鉴药
刘子閒居。有负薪之忧。食精良弗知其旨。血气交沴。炀然焚如。客有谓予。子病。病积日矣。乃今我里有方士。沦迹于医。厉者造焉而美肥。蹶者造焉而善驰。矧常病也。将子诣诸。予然之。之医所。切脉观色。聆声参合。而后言曰。子之病。其兴居之节舛衣食之齐乖所由致也。今夫藏鲜能安谷。府鲜能母气。徒为美疹之囊橐耳。我能功之。乃出药一丸。可兼方寸。以授予曰。服是。足以瀹昏烦而锄蕴结。消蛊慝而归耗气。然中有毒。须其疾瘳而止。过当则伤和。是以微其齐也。予受药以饵。过信而腿能轻。痹能和。涉旬而疴养绝焉。抑搔罢焉。踰月而视分纤。听察微。蹈危如平。嗜粝如精。或闻而庆予。且閧言曰。子之获是药几神乎。诚难遭已。顾医之态。多啬术以自贵。遗患以要财。盍重求之。所至益深矣。予昧者也。泥通方而狃既效。猜至诚而惑剿说。卒行其言。逮再饵半旬。厥毒果肆。岑岑周体。如痁作焉。悟而走诸医。医大吒曰。吾固知夫子未达也。促和蠲毒者投之。滨于殆而有喜。异日进和药乃复初。刘子慨然曰。善哉医乎。用毒以攻疹。用和以安神。易则两踬明矣。苟循往以御变。昧于节宣。奚独吾侪小人理身之弊而已。
因论七篇 其二 讯氓
刘子如京师。过徐之右鄙。其道旁午。有氓增增。扶班白。絜羁角。赍生器。荷农用。摩肩而西。仆夫告予曰。斯宋人梁人亳人颍人之逋者。今复矣。予愕而讯云。予闻陇西公畅毂之止。方踰月矣。今尔曹之来也。欣欣然似恐后者。其间有劳来之簿欤。蠲复之条欤。赈赡之恩欤。硕鼠亡欤。瘈狗逐欤。曰。皆未闻也。且夫浚都。吾政之上游也。自巨盗间衅。而武臣颛焉。牧守由将校以授。皆虎而冠。子男由胥徒以出。皆鹤而轩。故其上也。子视卒而芥视民。其下也。鸷其理而蛑其赋。民弗堪命。是轶于他土。然咸重迁也。非阽危挤壑。
因论七篇 其三
不能违之。曩者虽归欤成谣。而故态相沿。莫我敢复。今闻吾帅故为丞相也。能清静画一。必能以仁苏我矣。其佐尝宰京邑也。能诛锄豪右。必能以法卫我矣。奉斯二必而来归。恶待事实之及也。予因浩叹曰。行积于彼。而化行于此。实未至而声先驰。声之感人。若是之速欤。然而民知至至矣。政在终终也。试尝论声实之先后曰。民黠政烦。须理而后劝。斯实先声后也。民离政乱。须感而后化。斯声先实后也。立实以致声。则难在经始。由声以循实。则难在克终。操其柄者。能审是理。俾先后始终之不失。斯诱民孔易也。
因论七篇 其四 叹牛
刘子行其野。有叟牵跛牛于蹊。偶问焉。何形之瑰欤。何足之病欤。今觳觫然将安之欤。叟揽縻而对云。瑰其形。饭之至也。病其足。役之过也。请为君毕词焉。我僦车以自给。常驱是牛引千钧。北登太行。南并商岭。掣以回之。叱以耸之。虽涉淖跻高。毂如蓬而辀不偾。及今废矣。顾其足虽伤而肤尚腯。以畜豢之则无用。以庖视之则有赢。伊禁焉。莫敢尸也。甫闻邦君飨士。卜刚日矣。是往也。将要售于宰夫。予尸之曰。以叟言之则利。以牛言之则悲。若之何。予方窭。且无长物。愿解裘以赎。将置诸丰草之乡可乎。叟冁然咍曰。我之沽是。屈指计其直。可以持醪而齧肥。饴子而衣妻。若是之逸也。奚事裘为。且昔之厚其生。非爱之也。利其力。今之致其死。非恶之也。利其财。子乌乎落吾事。刘子度是叟不可用辞屈。乃以杖叩牛角而叹曰。所求尽矣。所利移矣。是以员能霸吴属镂赐。斯既帝秦五刑具。长平威震杜邮死。陔下敌擒钟室诛。皆用尽身残。功成祸归。可不悲哉。可不悲哉。呜呼。执不匮之用而应夫无方。使时宜之。莫吾害也。苟拘于形器。用极则忧。明矣。
因论七篇 其五 儆舟
刘子浮于汴。涉淮而东。亦既释绋纚。榜人告予曰。方今湍悍而舟盬。宜谨其具以虞焉。予闻言若厉。繇是袽以窒之。灰以墐之。以乾之。仆怠而躬行。夕惕而昼勤。景霾晶而莫进。风异响而遄止。兢兢然累辰。是用获济。偃樯弭棹。次于淮阴。于是舟之工咸霈然。自暇自逸。或游肆而觞矣。或拊桥而歌矣。隶也休役以尚寝矣。吾曹无虞以宴息矣。逮夜分而窾隙潜澍。涣然阴溃。至乎淹箦濡荐。方卒愕传呼。跣跳登墟。仅以身脱。目未及瞬。而楼倾轴垫。抵于泥沙。力莫能支也。刘子缺然自视而言曰。乡予兢惕也。汨洪波而无害。今予宴安也。蹈常流而致危。畏之途果无常所哉。不生于所畏。而生于所易也。是以越子膝行吴君忽。晋宣尸居魏臣怠。白公厉剑子西哂。李园养士春申易。至于覆国夷族。可不警哉。呜呼。祸福之胚胎也。其动甚微。倚伏之矛楯也。其理甚明。困而后儆。斯弗及已。
因论七篇 其六 原力
刘子于迈。舟次泗滨。维䋏迩之于传。传吏适传呼曰。乘驿者方来。谁何之。则曰力人也。雅以力闻于吴楚间。中贵人器之。谓宜为爪士。献言于上。有旨趣如京师。顷其至。则仡焉五辈。咸硕其体。毅其容。动睛煜如。曳趾岌如。顾瞻迟回。饮啜有声。泗滨守伾。由将授也。说而劳之。飨以太牢。饮以百壶。酒酣气振。求试自矜。傍如无人。中若有凭。有荡舟如沿者。抉鼎如飞者。绹键如麻者。开两弧而脉不偾者。屣巨石而齐如流者。异哉。果以力骇世而闻于上也。异日。话于儒家者流。有客悱然自奋曰。斯诚力矣。上之不过夸胡人而戏角抵。次之不过倅期门而振袀服。我之力异。然以道用之。可以格三苗而宾左衽。以威用之。可以系六骡而断右臂。由是而言。彼力也。长雄于匹夫。然由驿其騑。饩其食。我力也。无敌于天下。亦当蒲其轮。鹤其书矣。予诘之曰。彼之力。用于形者也。子之力。用于心者也。形近而易见。心远而难明。理乎而言。则子之力大矣。时乎而言。则彼之力大矣。且夫小大迭用曷常哉。彼固有小矣。子固有大矣。予所不能齐也。客于邑垂涕洟。刘子解之曰。屠羊于肆。适味于众口也。攻玉于山。俟知于独见也。贪日得则鼓刀利。要岁计而韫椟多。客闻之破涕曰。吾方俟多于岁计也。岁欤岁欤。其吾与欤。
因论七篇 其七 说骥
伯氏佐戎于朔陲。获良马以遗予。予不知其良也。秣之稊秕。饮之污池。厩枥也。上痹而下蒸。羁络也。缀索而续韦。其易之如此。予方病且窭。求沽于肆。肆之驵亦不知其良也。评其价六十缗。将剂矣。有裴氏子。赢其二以求之。谓善价也。卒与裴氏。裴所善李生。雅挟相术。于马也尤工。睹之周体。眙然视。听然笑。既而抃随之。且曰。久矣吾不睹于是也。是何柔心劲骨。奇精妍态。宛如锵如。煜如翔如之备耶。今夫马之德也全然矣。顾其为驹。藏锐于内。且秣之乖方。是用不说于常目。须其齿备而气振。则众美灼见。上可以献帝闲。次可以鬻千金。裴也闻言竦焉。遂儆其仆。蠲其皂。筐其恶。蜃其溲。⿰以美荐。秣以芗粒。起之居之。澡之挋之。无分阴之怠。斯以马养。养马之至分也。居无何。果以骥德闻。客有唁予以丧其宝。且讥其所贸也微。予洒然曰。始予有是马也。予常马畜之。今予鬻是马也。彼宝马畜之。宝与常在所遇耳。且夫昔之翘陆也。谓将蹄将齧。抵以挝策。不知其籋云也。昔之嘘吸也。谓为疵为厉。投以药石。不知其喷玉也。夫如是。则虽旷日历月。将至顿踣。曾何宝之有焉。繇是而言。方之于士。则八十其缗也。不犹愈于五羖皮乎。客谡而竦。予遂言马之德也。存乎形者也。可以目取。然犹违之若此。矧德蕴于心者乎。斯从古之叹。予不敢叹。","卞孝萱《刘禹锡年谱》，中华书局1966年版，第123页","卞孝萱校订《刘禹锡集》卷6第76页，中华书局1990年版",,,"洪迎华"
"唐","刘禹锡","穆宗长庆四年甲辰","824",,,"53","","山南东道","夔州","奉节",,"四川","重庆直辖县行政区划","奉节县","109.470533","31.024561","夔州刺史","在夔州刺史任。作文论学事上奏丞相","","《奏记丞相府论学事》","Article","奏记丞相府论学事
十一月七日。使持节都督夔州诸军事夔州刺史刘某。谨奏记相公閤下。凡今能言者。皆谓天下少士。而不知养材之道。郁堙而不扬。非天不生材也。亦犹不耕者不叹廪庾之无馀。非地不产百谷也。伏以贞观中增筑学舍千二百区。生徒三千馀人。时外夷上疏。请遣子弟入附于三雍者五国。虽菁菁者莪。育材之道。不足比也。今之胶庠。不闻弦歌。而室庐圯废。生徒衰少。非学官不欲振学也。病无赀财以给其用。鲰生今有一见。使大学立富。幸遇相公在位。可以索言之。礼云。凡学官春释奠于其先师。斯礼止于辟廱頖宫。非及天下也。今四海郡县。咸以春秋上丁有事孔子庙。其礼不应于古。且非孔子意也。炎汉初定。群臣皆起屠贩为公卿。故孝惠高后之间。置原庙于郡国。逮孝元时。韦元成以硕儒为丞相。遂建议罢之。夫以子孙尚不敢违礼以飨其祖。况后学师先圣之道。而首违之乎。祭义曰。祭不欲数。语云。祭神如神在。与其烦于旧飨。孰若行其教道。今夫子之教日颓靡。而以非礼之祀媚之。斯儒者所宜愤悱也。窃观历代。无有是事。皇家武德二年。诏于国学立周公孔子庙。四时致祭。贞观十一年。又诏修宣尼庙于兖州。至二十年。许敬宗等奏。乃遣天下诸州县置三献官。其他如方社。敬宗非通儒。不能稽典礼。开元中。玄宗飨学。与儒臣议。繇是发德音。其罢郡县释奠牲牢。唯酒脯以荐。后数年定令。时王孙林甫为宰相。不涉学。委御史中丞王敬从校刊之。敬从非文儒。遂以明衣牲牢编在学令。是首失于敬宗。而终失于林甫。习以为常。罕有敢非之者。谨桉本州四县。一岁释奠物之直。缗钱十六万有奇。举天下之郡县。当千七百不啻。羁縻者不在数中。凡岁中所出。于经费过四千万。适资三献官饰衣裳饴妻子而已。于尚学之道。无有补焉。前日诏书许列郡守臣得以上言便事。今谨条奏。某乞下礼官博士详议典制。罢天下县邑牲牢衣币。如有生徒。春秋依开元敕旨。用酒醴腶脩腒䐹榛栗。示敬其事。而州府许如故仪。然后籍其资。半附益所隶州。使增学校。其半率归国庠。犹不下万计。筑学室。具器用。丰篹食。增掌固。以备使令。凡儒官各加稍食。其纸笔铅黄。视所出州率令折入。学徒既备。明经日课缮书若干纸。进士命雠校亦如之。则贞观之风。粲然不殊。其它郡国。皆立程督。投绂怀玺。棫朴菁莪。良可咏矣。伏惟相公发迹。咸自诸生。其尊素王之道。仪刑四方。宜在今日。是以小生敢沿故事。以奏记于左右。姑举其大较。至于證据纤悉。条奏具之。章下之日。乞留神省察。不胜大愿。惶恐拜手稽首。","卞孝萱《刘禹锡年谱》，中华书局1966年版，第123页","卞孝萱校订《刘禹锡集》卷20第252页，中华书局1990年版",,,"洪迎华"
"唐","刘禹锡","穆宗长庆四年甲辰","824",,,"53","","山南东道","夔州","奉节",,"四川","重庆直辖县行政区划","奉节县","109.470533","31.024561","夔州刺史","在夔州刺史任。感俗作诗","","《畬田行》","Poem","畬田行
何处好畬田，团团缦山腹。钻龟得雨卦，上山烧卧木。惊麇走且顾，群雉声咿喔。红焰远成霞，轻煤飞入郭。风引上高岑，猎猎度青林。青林望靡靡，赤光低复起。照潭出老蛟，爆竹惊山鬼。夜色不见山，孤明星汉间。如星复如月，俱逐晓风灭。本从敲石光，遂至烘天热。下种暖灰中，乘阳拆牙孽。苍苍一雨后，苕颖如云发。巴人拱手吟，耕耨不关心。由来得地势，径寸有馀金。","卞孝萱《刘禹锡年谱》，中华书局1966年版，第123页","卞孝萱校订《刘禹锡集》卷27第353页，中华书局1990年版",,,"洪迎华"
"唐","刘禹锡","穆宗长庆四年甲辰","824",,,"53","","山南东道","夔州","奉节",,"四川","重庆直辖县行政区划","奉节县","109.470533","31.024561","夔州刺史","在夔州刺史任。作诗酬别","","《酬冯十七舍人宿卫赠别五韵》","Poem","詶冯十七舍人宿卫赠别五韵
少年为别日，隋宫杨柳阴。白首相逢处，巴江烟浪深。使星上三蜀，春雨沾衣襟。王程促速意，夜语殷勤心。却归天上去，遗我云间音。","卞孝萱《刘禹锡年谱》，中华书局1966年版，第123页","卞孝萱校订《刘禹锡集》卷35第527页，中华书局1990年版",,,"洪迎华"
"唐","刘禹锡","穆宗长庆四年甲辰","824",,,"53","","山南东道","夔州","奉节",,"四川","重庆直辖县行政区划","奉节县","109.470533","31.024561","夔州刺史","在夔州刺史任。作诗咏古","","《蜀先主庙》","Poem","蜀先主庙
天地英雄气，千秋尚凛然。势分三足鼎，业复五铢钱。得相能开国，生儿不象贤。凄凉蜀故妓，来舞魏宫前。","卞孝萱《刘禹锡年谱》，中华书局1966年版，第123页","卞孝萱校订《刘禹锡集》卷22第273页，中华书局1990年版",,,"洪迎华"
"唐","刘禹锡","穆宗长庆四年甲辰","824",,,"53","","山南东道","夔州","奉节",,"四川","重庆直辖县行政区划","奉节县","109.470533","31.024561","夔州刺史","在夔州刺史任。作诗咏古","","《观八阵图》","Poem","观八阵图
轩皇传上略，蜀相运神机。水落龙蛇出，沙平鹅鹳飞。波涛无动势，鳞介避馀威。会有知兵者，临流指是非。","卞孝萱《刘禹锡年谱》，中华书局1966年版，第124页","卞孝萱校订《刘禹锡集》卷22第273页，中华书局1990年版",,,"洪迎华"
"唐","刘禹锡","穆宗长庆四年甲辰","824",,,"53","","山南东道","夔州","奉节",,"四川","重庆直辖县行政区划","奉节县","109.470533","31.024561","夔州刺史","在夔州刺史任。作诗咏古","","《鱼复江中》","Poem","鱼复江中
扁舟尽室贫相逐，白发藏冠镊更加。远水自澄终日绿，晴林长落过春花。客情浩荡逢乡语，诗意留连重物华。风樯好住贪程去，斜日青帘背酒家。","卞孝萱《刘禹锡年谱》，中华书局1966年版，第124页","卞孝萱校订《刘禹锡集》卷38第576页，中华书局1990年版",,,"洪迎华"
"唐","刘禹锡","穆宗长庆四年甲辰","824",,,"53","","山南东道","夔州","奉节",,"四川","重庆直辖县行政区划","奉节县","109.470533","31.024561","夔州刺史","在夔州刺史任。作诗咏古","","《巫山神女庙》","Poem","巫山神女庙
巫山十二郁苍苍，片石亭亭号女郎。晓雾乍开疑卷幔，山花欲谢似残妆。星河好夜闻清佩，云雨归时带异香。何事神仙九天上，人间来就楚襄王。","卞孝萱《刘禹锡年谱》，中华书局1966年版，第124页","卞孝萱校订《刘禹锡集》卷38第557页，中华书局1990年版",,,"洪迎华"
"唐","刘禹锡","穆宗长庆四年甲辰","824",,,"53","","山南东道","夔州","奉节",,"四川","重庆直辖县行政区划","奉节县","109.470533","31.024561","夔州刺史","在夔州刺史任。观风俗，听民歌，感而作诗","","《纥那曲词二首》","Poem","杂曲歌辞 其一 纥那曲
杨柳郁青青，竹枝无限情。周郎一回顾，听唱纥那声。
杂曲歌辞 其二 纥那曲
蹋曲兴无穷，调同辞不同。愿郎千万寿，长作主人翁。","卞孝萱《刘禹锡年谱》，中华书局1966年版，第124页","卞孝萱校订《刘禹锡集》卷27第364页，中华书局1990年版",,,"洪迎华"
"唐","刘禹锡","穆宗长庆四年甲辰","824",,,"53","","山南东道","夔州","奉节",,"四川","重庆直辖县行政区划","奉节县","109.470533","31.024561","夔州刺史","在夔州刺史任。观风俗，听民歌，感而作诗","","《杨柳枝词二首》","Poem","杂曲歌辞 其二 杨柳枝
南陌东城春早时，相逢何处不依依。桃红李白皆誇好，须得垂杨相发辉。","卞孝萱《刘禹锡年谱》，中华书局1966年版，第124页","卞孝萱校订《刘禹锡集》卷27第363页，中华书局1990年版",,,"洪迎华"
"唐","刘禹锡","穆宗长庆四年甲辰","824",,,"53","","山南东道","夔州","奉节",,"四川","重庆直辖县行政区划","奉节县","109.470533","31.024561","夔州刺史","在夔州刺史任。观风俗，听民歌，感而作诗","","《竹枝词二首》","Poem","杂曲歌辞 其十 竹枝
杨柳青青江水平，闻郎江上唱歌声。东边日出西边雨，道是无情还有情。
杂曲歌辞 其十一 竹枝
楚水巴山江雨多，巴人能唱本乡歌。今朝北客思归去，回入纥那披绿罗。","卞孝萱《刘禹锡年谱》，中华书局1966年版，第124页","卞孝萱校订《刘禹锡集》卷27第364页，中华书局1990年版",,,"洪迎华"
"唐","刘禹锡","穆宗长庆四年甲辰","824",,,"53","","山南东道","夔州","奉节",,"四川","重庆直辖县行政区划","奉节县","109.470533","31.024561","夔州刺史","在夔州刺史任。观风俗，听民歌，感而作诗","","《堤上行三首》","Poem","堤上行三首 其一
酒旗相望大堤头，堤下连樯堤上楼。日暮行人争渡急，桨声幽轧满中流。
堤上行三首 其二
江南江北望烟波，入夜行人相应歌。桃叶传情竹枝怨，水流无限月明多。
堤上行三首 其三
春堤缭绕水徘徊，酒舍旗亭次第开。日晚上楼招估客，轲峨大艑落帆来。","卞孝萱《刘禹锡年谱》，中华书局1966年版，第125页","卞孝萱校订《刘禹锡集》卷26第341页，中华书局1990年版",,,"洪迎华"
"唐","刘禹锡","穆宗长庆四年甲辰","824",,,"53","","山南东道","夔州","奉节",,"四川","重庆直辖县行政区划","奉节县","109.470533","31.024561","夔州刺史","在夔州刺史任。观风俗，听民歌，感而作诗","","《踏歌词（一作行）四首》","Poem","踏歌词四首 其一
春江月出大堤平，堤上女郎连袂行。唱尽新词欢不见，红霞映树鹧鸪鸣。
踏歌词四首 其二
桃蹊柳陌好经过，灯下妆成月下歌。为是襄王故宫地，至今犹自细腰多。
踏歌词四首 其三
新词宛转递相传，振袖倾鬟风露前。月落乌啼云雨散，游童陌上拾花钿。
踏歌词四首 其四
日暮江头闻竹枝，南人行乐北人悲。自从雪里唱新曲，直到三春花尽时。","卞孝萱《刘禹锡年谱》，中华书局1966年版，第125页","卞孝萱校订《刘禹锡集》卷26第344页，中华书局1990年版",,,"洪迎华"
"唐","刘禹锡","穆宗长庆四年甲辰","824",,,"53","","山南东道","夔州","奉节",,"四川","重庆直辖县行政区划","奉节县","109.470533","31.024561","夔州刺史","在夔州刺史任。观风俗，听民歌，感而作诗","","《浪淘沙词九首》","Poem","杂曲歌辞 其一 浪淘沙
九曲黄河万里沙，浪淘风簸自天涯。如今直上银河去，同到牵牛织女家。
杂曲歌辞 其二 浪淘沙
洛水桥边春日斜，碧流清浅见琼砂。无端陌上狂风急，惊起鸳鸯出浪花。
杂曲歌辞 其三 浪淘沙
汴水东流虎眼纹，清淮晓色鸭头春。君看渡口淘沙处，渡却人间多少人。
杂曲歌辞 其四 浪淘沙
鹦鹉洲头浪飐沙，青楼春望日将斜。衔泥燕子争归舍，独自狂夫不忆家。
杂曲歌辞 其五 浪淘沙
濯锦江边两岸花，春风吹浪正淘沙。女郎剪下鸳鸯锦，将向中流疋晚霞。
杂曲歌辞 其六 浪淘沙
日照澄洲江雾开，淘金女伴满江隈。美人首饰侯王印，尽是沙中浪底来。
杂曲歌辞 其七 浪淘沙
八月涛声吼地来，头高数丈触山回。须臾却入海门去，卷起沙堆似雪堆。
杂曲歌辞 其八 浪淘沙
莫道谗言如浪深，莫言迁客似沙沉。千淘万漉虽辛苦，吹尽狂沙始到金。
杂曲歌辞 其九 浪淘沙
流水淘沙不暂停，前波未灭后波生。令人忽忆潇湘渚，回唱迎神三两声。","卞孝萱《刘禹锡年谱》，中华书局1966年版，第125页","卞孝萱校订《刘禹锡集》卷27第361页，中华书局1990年版",,,"洪迎华"
"唐","刘禹锡","穆宗长庆四年甲辰","824",,,"53","","山南东道","夔州","奉节",,"四川","重庆直辖县行政区划","奉节县","109.470533","31.024561","夔州刺史","在夔州刺史任。作诗送僧友鸿举游江西","僧鸿举","《送鸿举师游江西》","Poem","送鸿举游江西
禅客学禅兼学文，出山初似无心云。从风卷舒来何处，缭绕巴山不得去。山州古寺好闲居，读尽龙王宫里书。使君滩头拣石砚，白帝城边寻野蔬。忽然登高心瞥起，又欲浮杯信流水。烟波浩淼鱼鸟情，东去三千三百里。荆门峡断无盘涡，湘平汉阔清光多。庐山雾开见瀑布，江西月净闻渔歌。钟陵八郡多名守，半是西方社中友。与师相见便谈空，想得高斋狮子吼。","陶敏、陶红雨《刘禹锡全集编年校注》，岳麓书社2003年版，第306页","卞孝萱校订《刘禹锡集》卷29第400页，中华书局1990年版",,,"洪迎华"
"唐","刘禹锡","穆宗长庆四年甲辰","824",,,"53","","山南东道","夔州","奉节",,"四川","重庆直辖县行政区划","奉节县","109.470533","31.024561","夔州刺史","在夔州刺史任。作诗送僧友还黔州","僧义舟","《送义舟师却还黔南并引》","Poem","送义舟师却还黔南
黔江秋水浸云霓，独泛慈航路不迷。猿狖窥斋林叶动，蛟龙闻咒浪花低。如莲半偈心常悟，问菊新诗手自携。常说摩围似灵鹫，却将山屐上丹梯。","陶敏、陶红雨《刘禹锡全集编年校注》，岳麓书社2003年版，第308页","卞孝萱校订《刘禹锡集》卷29第401页，中华书局1990年版",,,"洪迎华"
"唐","刘禹锡","穆宗长庆四年甲辰","824",,,"53","","山南东道","夔州","奉节",,"四川","重庆直辖县行政区划","奉节县","109.470533","31.024561","和州刺史","夏，转和州刺史","",,"","","卞孝萱《刘禹锡年谱》，中华书局1966年版，第116页",,,,"洪迎华"
"唐","刘禹锡","穆宗长庆四年甲辰","824",,,"53","","山南东道","夔州","奉节",,"四川","重庆直辖县行政区划","奉节县","109.470533","31.024561","和州刺史","离夔州时，作诗别","","《别夔州官吏》","Poem","别夔州官吏
三年楚国巴城守，一去扬州扬子津。青帐联延喧驿步，白头俯伛到江滨。巫山暮色常含雨，峡水秋来不恐人。惟有九歌词数首，里中留与赛蛮神。","卞孝萱《刘禹锡年谱》，中华书局1966年版，第120页","卞孝萱校订《刘禹锡集》卷38第571页，中华书局1990年版",,,"洪迎华"
"唐","刘禹锡","穆宗长庆四年甲辰","824",,,"53","","山南东道","夔州","巫山",,"四川","重庆直辖县行政区划","巫山县","109.885346","31.080436","和州刺史","离夔州时，于巫山神女庙，遍览古今题诗，从一千多首中，选出四首绝唱","",,"","","卞孝萱《刘禹锡年谱》，中华书局1966年版，第116页",,,,"洪迎华"
"唐","刘禹锡","穆宗长庆四年甲辰","824",,,"53","","山南东道","江陵府","江陵",,"湖北","荆州市",,"112.24722","30.340606","和州刺史","赴和州途中，沿途游览名胜古迹。初秋，过江陵，作诗","","《自江陵沿流道中》","Poem","自江陵沿流道中
三千三百西江水，自古如今要路津。月夜歌谣有渔父，风天气色属商人。沙村好处多逢寺，山叶红时觉胜春。行到南朝征战地，古来名将尽为神。","卞孝萱《刘禹锡年谱》，中华书局1966年版，第120页","卞孝萱校订《刘禹锡集》卷38第571页，中华书局1990年版",,,"洪迎华"
"唐","刘禹锡","穆宗长庆四年甲辰","824",,,"53","","江南西道","鄂州","武昌","西塞山","湖北","武汉市","武昌区","114.322539","30.559627","和州刺史","赴和州途中，沿途游览名胜古迹。过武昌西塞山，作诗怀古","","《西塞山怀古》","Poem","西塞山怀古
西晋楼船下益州，金陵王气黯然收。千寻铁锁沈江底，一片降幡出石头。人世几回伤往事，山形依旧枕江流。今逢四海为家日，故垒萧萧芦荻秋。","卞孝萱《刘禹锡年谱》，中华书局1966年版，第120页","卞孝萱校订《刘禹锡集》卷24第300页，中华书局1990年版",,,"洪迎华"
"唐","刘禹锡","穆宗长庆四年甲辰","824",,,"53","","江南西道","鄂州","武昌",,"湖北","武汉市","武昌区","114.322539","30.559627","和州刺史","赴和州途中，沿途游览名胜古迹。过武昌，感事作诗","","《武昌老人说笛歌》","Poem","武昌老人说笛歌
武昌老人七十馀，手把庾令相问书。自言少小学吹笛，早事曹王曾赏激。往年镇戍到蕲州，楚山萧萧笛竹秋。当时买材恣搜索，典却身上乌貂裘。古苔苍苍封老节，石上孤生饱风雪。商声五音随指发，水中龙应行云绝。曾将黄鹤楼上吹，一声占尽秋江月。如今老去语尤迟，音韵高低耳不知。气力已微心尚在，时时一曲梦中吹。","卞孝萱《刘禹锡年谱》，中华书局1966年版，第121页","卞孝萱校订《刘禹锡集》卷25第329页，中华书局1990年版",,,"洪迎华"
"唐","刘禹锡","穆宗长庆四年甲辰","824",,,"53","","江南西道","江州","浔阳","清晖楼","江西","九江市",,"116.007993","29.711328","和州刺史","赴和州途中，沿途游览名胜古迹。登江州清晖楼，作诗","","《登清辉楼》","Poem","登清晖楼
浔阳江色潮添满，彭蠡秋声雁送来。南望庐山千万仞，共誇新出栋梁材。","卞孝萱《刘禹锡年谱》，中华书局1966年版，第121页","卞孝萱校订《刘禹锡集》卷37第555页，中华书局1990年版",,,"洪迎华"
"唐","刘禹锡","穆宗长庆四年甲辰","824",,,"53","",,,,"西江",,,,"0","0","和州刺史","赴和州途中，泊舟西江，夜闻筝，有诗","","《夜闻商人船中筝》","Poem","夜闻商人船中筝
大艑高帆一百尺，新声促柱十三弦。扬州市里商人女，来占江西明月天。","陶敏、陶红雨《刘禹锡全集编年校注》，岳麓书社2003年版，第336页","卞孝萱校订《刘禹锡集》卷38第571页，中华书局1990年版",,,"洪迎华"
"唐","刘禹锡","穆宗长庆四年甲辰","824",,,"53","","江南西道","宣州","秋浦","九华山","安徽","池州市","青阳县","117.853922","30.645681","和州刺史","赴和州途中，沿途游览名胜古迹。过九华山，作诗","","《九华山歌并引》","Poem","九华山歌
奇峰一见惊魂魄，意想洪垆始开辟。疑是九龙夭矫欲攀天，忽逢霹雳一声化为石。不然何至今，悠悠亿万年，气势不死如腾仙。云含幽兮月添冷，月凝晖兮江漾影。结根不得要路津，迥秀长在无人境。轩皇封禅登云亭，大禹会寄临东溟。乘樏不来广乐绝，独与猿鸟愁青荧。君不见敬亭之山黄索漠，兀如断岸无棱角。宣城谢守一首诗，遂使声名齐五岳。九华山，九华山。自是造化一尤物，焉能籍甚乎人间。","卞孝萱《刘禹锡年谱》，中华书局1966年版，第121页","卞孝萱校订《刘禹锡集》卷26第347页，中华书局1990年版",,,"洪迎华"
"唐","刘禹锡","穆宗长庆四年甲辰","824",,,"53","","江南西道","宣州","宣城",,"安徽","宣城市",,"118.765196","30.946576","和州刺史","赴和州途中，应宣歙观察使崔群之邀，至宣州宴游","崔群",,"","","卞孝萱《刘禹锡年谱》，中华书局1966年版，第116页",,,,"洪迎华"
"唐","刘禹锡","穆宗长庆四年甲辰","824",,,"53","","江南西道","宣州","宣城",,"安徽","宣城市",,"118.765196","30.946576","和州刺史","赴和州途中，至宣州与崔群会。作诗谢赠马","崔群","《谢宣州崔相公赐马》","Poem","谢宣州崔相公赐马
浮云金络膝，昨日别朱轮。衔草如怀恋，嘶风尚意频。曾将此君子，不是换佳人。从此西归路，应容蹑后尘。","卞孝萱《刘禹锡年谱》，中华书局1966年版，第122页","卞孝萱校订《刘禹锡集》卷38第574页，中华书局1990年版",,,"洪迎华"
"唐","刘禹锡","穆宗长庆四年甲辰","824",,,"53","","江南西道","宣州","宣城",,"安徽","宣城市",,"118.765196","30.946576","和州刺史","赴和州途中，至宣州与崔群会。早发作诗","","《秋江早发》","Poem","秋江早发
轻阴迎晓日，霞霁秋江明。草树含远思，襟怀有馀清。凝睇万象起，郎吟孤愤平。渚鸿未矫翼，而我已遐征。因思市朝人，方听晨鸡鸣。昏昏恋衾枕，安见元气英。纳爽耳目变，玩奇筋骨轻。沧洲有奇趣，浩然吾将行。","卞孝萱《刘禹锡年谱》，中华书局1966年版，第122页","卞孝萱校订《刘禹锡集》卷23第297页，中华书局1990年版",,,"洪迎华"
"唐","刘禹锡","穆宗长庆四年甲辰","824",,,"53","","江南西道","宣州","宣城",,"安徽","宣城市",,"118.765196","30.946576","和州刺史","赴和州途中，至宣州与崔群会。晚泊作诗","","《秋江晚泊》","Poem","秋江晚泊
长泊起秋色，空江涵霁晖。暮霞千万状，宾鸿次第飞。古戍见旗迥，荒村闻犬稀。轲峨艑上客，劝酒夜相依。","卞孝萱《刘禹锡年谱》，中华书局1966年版，第122页","卞孝萱校订《刘禹锡集》卷25第323页，中华书局1990年版",,,"洪迎华"
"唐","刘禹锡","穆宗长庆四年甲辰","824",,,"53","","江南西道","宣州","当涂","牛渚山","安徽","马鞍山市","当涂县","118.504404","31.575549","和州刺史","赴和州途中，至宣州与崔群会。泊宣州牛渚，作诗","","《晚泊牛渚》","Poem","晚泊牛渚
芦苇晚风起，秋江鳞甲生。残霞忽变色，游雁有馀声。戍鼓音响绝，渔家灯火明。无人能咏史，独自月中行。","卞孝萱《刘禹锡年谱》，中华书局1966年版，第122页","卞孝萱校订《刘禹锡集》卷22第281页，中华书局1990年版",,,"洪迎华"
"唐","刘禹锡","穆宗长庆四年甲辰","824","8","26","53","","淮南道","和州","历阳",,"安徽","马鞍山市","和县","118.293882","31.716472","和州刺史","八月二十六日，抵和州，替段平仲。作谢表以上","段平仲","《和州刺史谢上表》","Article","和州刺史谢上表
臣某言。伏奉制书。授臣使持节和州诸军事守和州刺史。臣自理巴賨。不闻善政。恩私忽降。庆抃失容。臣某中谢。伏惟皇帝陛下丕承宝祚。光阐鸿猷。有汉武天人之姿。禀周成睿哲之德。发言合古。举意通神。委用得人。动植咸悦。理平之速。从古无伦。微臣何幸。获睹昌运。臣业在词学。早岁策名。德宗尚文。擢为御史。出入中外。事五朝。累承恩光。三换符竹。在分忧之寄。禄秩非轻。而素蓄所长。效用无日。臣闻一物失所。前王轸怀。今逢圣朝。岂患无位。臣即以今月二十六日到所任上讫。伏以地在江淮。俗参吴楚。灾旱之后。绥抚诚难。谨当奉宣皇风。慰彼黎庶。久于其道。冀彼知方。伏乞圣慈。俯赐昭鉴。臣远守藩服。不获拜舞阙庭。无任恳悃屏营之至。谨差当州军事衙官章兴奉表陈谢以闻。","卞孝萱《刘禹锡年谱》，中华书局1966年版，第116页","卞孝萱校订《刘禹锡集》卷14第176页，中华书局1990年版",,,"洪迎华"
"唐","刘禹锡","穆宗长庆四年甲辰","824",,,"53","","淮南道","和州","历阳",,"安徽","马鞍山市","和县","118.293882","31.716472","和州刺史","在和州刺史任。有表谢差中使","","《谢差中使谢上表》","Article","谢差中使送上表
臣某言。中使吐突仕晓至。奉宣圣旨慰谕。并送臣至本任者。深山远郡。忽降王人。跪受恩荣。仰瞻宸极。伏以发自巴峡。至于南荒。涉水陆湍险之途。当炎夏郁蒸之候。山川萦转。晨夜奔驰。幸无他疾。得至本管。九重结恋。遥倾捧日之心。万里获安。皆荷自天之祐。无任感戴屏营之至。","卞孝萱《刘禹锡年谱》，中华书局1966年版，第116；118页","卞孝萱校订《刘禹锡集》卷14第166页，中华书局1990年版",,,"洪迎华"
"唐","刘禹锡","穆宗长庆四年甲辰","824","9","23","53","","淮南道","和州","历阳",,"安徽","马鞍山市","和县","118.293882","31.716472","和州刺史","在和州刺史任。九月二十三日，有文记亭","","《洗心亭记》","Article","洗心亭记
天下闻寺数十辈。而吉祥尤彰彰。蹲名山。俯大江。荆吴云水。交错如绣。始余以不到为恨。今方弭所恨而充所望焉。既周览赞叹。于竹石间最奇处得新亭。彤焉如巧人画鳌背上物。即之四顾。远迩细大。杂然陈乎前。引人目去。求瞬不得。徵其经始。曰僧义然。啸侣为工。即山求材。槃高孕虚。万景坌来。词人处之。思出常格。禅子处之。遇境而寂。忧人处之。百虑冰息。鸟思猿情。绕梁历榱。月来松间。彫缕轩墀。石列笋簴。藤蟠蛟螭。修竹万竿。夏含凉飔。斯亭之实录云尔。然上人举如意挹我曰。既志之。盍名之以行乎远夫。余始以是亭圜视无不适。始适乎目而方寸为清。故名洗心。长庆四年九月二十三日。刘某记。","卞孝萱《刘禹锡年谱》，中华书局1966年版，第119页","卞孝萱校订《刘禹锡集》卷9第111页，中华书局1990年版",,,"洪迎华"
"唐","刘禹锡","穆宗长庆四年甲辰","824",,,"53","","淮南道","和州","历阳",,"安徽","马鞍山市","和县","118.293882","31.716472","和州刺史","在和州刺史任。和州值旱灾之后，禹锡颇关心人民疾苦","",,"","","卞孝萱《刘禹锡年谱》，中华书局1966年版，第117页",,,,"洪迎华"
"唐","刘禹锡","穆宗长庆四年甲辰","824",,,"53","","淮南道","和州","历阳",,"安徽","马鞍山市","和县","118.293882","31.716472","和州刺史","在和州刺史任。与李德裕唱和","李德裕",,"","","卞孝萱《刘禹锡年谱》，中华书局1966年版，第117页",,,,"洪迎华"
"唐","刘禹锡","穆宗长庆四年甲辰","824",,,"53","","淮南道","和州","历阳",,"安徽","马鞍山市","和县","118.293882","31.716472","和州刺史","在和州刺史任。作诗","","《历阳书事七十韵并引》","Poem","历阳书事七十韵
一夕为湖地，千年列郡名。霸王迷路处，亚父所封城。汉置东南尉，梁分肘腋兵。本吴风俗剽，兼楚语音伧。沸井今无涌，乌江旧有名。土台游柱史，石室隐彭铿。曹操祠犹在，濡须坞未平。海潮随月大，江水应春生。忆昨深山里，终朝看火耕。鱼书来北阙，鹢首下南荆。云雨巫山暗，蕙兰湘水清。章华树已失，鄂渚草来迎。庐阜香炉出，湓城粉堞明。雁飞彭蠡暮，鸦噪大雷晴。平野分风使，恬和趁夜程。贵池登陆峻，舂谷渡桥鸣。骆驿主人问，悲欢故旧情。几年方一面，卜昼便三更。助喜杯盘盛，忘机笑语訇。管清疑警鹤，弦巧似娇莺。炽炭烘蹲兽，华茵织斗鲸。回裾飘雾雨，急节堕琼英。敛黛凝愁色，施钿耀翠晶。容华本南国，妆束学西京。日落方收鼓，天寒更炙笙。促筵交履舄，痛饮倒簪缨。谑浪容优孟，娇怜许智琼。蔽明添翠帟，命烛拄金茎。坐久罗衣皱，杯频粉面骍。兴来从请曲，意堕即飞觥。令急重须改，欢冯醉尽呈。诘朝还选胜，来日又寻盟。道别殷勤惜，邀筵次第争。唯闻嗟短景，不复有馀酲。众散扃朱户，相携话素诚。晤言犹亹亹，残漏自丁丁。出祖千夫拥，行厨五熟烹。离亭临野水，别思入哀筝。接境人情洽，方冬馔具精。中流为界道，隔岸数飞甍。沙浦王浑镇，沧洲谢朓城。望夫人化石，梦帝日环营。半渡趋津吏，缘堤簇郡氓。场黄堆晚稻，篱碧见冬菁。里社争来献，壶浆各自擎。鸱夷倾底写，粔籹斗□成。采石风传柝，新林暮击钲。茧纶牵拨剌，犀焰照澄泓。露冕观原野，前驱抗旆旌。分庭展宾主，望阙拜恩荣。比屋茕嫠辈，连年水旱并。遐思常后已，下令必先庚。远岫低屏列，支流曲带萦。湖鱼香胜肉，官酒重于饧。忆昔泉源变，斯须地轴倾。鸡笼为石颗，龟眼入泥坑。事系人风重，官从物论轻。江春俄澹荡，楼月几亏盈。柳长千丝宛，田塍一线絣。游鱼将婢从，野雉见媒惊。波净攒凫鹊，洲香发杜蘅。一钟菰葑米，千里水葵羹。受谴时方久，分忧政未成。比琼虽碌碌，于铁尚铮铮。早忝登三署，曾闻奏六英。无能甘负弩，不慎在提衡。口语成中遘，毛衣阻上征。时闻关利钝，智亦有聋盲。昔愧山东妙，今惭海内兄。后来登甲乙，早已在蓬瀛。心托秦明镜，才非楚白珩。齿衰亲药物，宦薄傲公卿。捧日皆元老，宣风尽大彭。好令朝集使，结束赴新正。","卞孝萱《刘禹锡年谱》，中华书局1966年版，第122页","卞孝萱校订《刘禹锡集》卷38第577页，中华书局1990年版",,,"洪迎华"
"唐","刘禹锡","穆宗长庆四年甲辰","824",,,"53","","淮南道","和州","历阳",,"安徽","马鞍山市","和县","118.293882","31.716472","和州刺史","在和州刺史任。作诗和汴州刺史令狐楚","令狐楚","《和汴州令狐相公到镇改月偶书所怀二十二韵》","Poem","和汴州令狐相公到镇改月偶书所怀
受脤新梁苑，和羹旧傅岩。援毫动星宿，垂钓取韬钤。赫奕三川至，欢呼百姓瞻。绿油貔虎拥，青纸凤皇衔。外垒曾无警，中厨亦罢监。推诚人自服，去杀令逾严。赳赳容皆饰，幡幡口尽钳。为兄怜庾翼，选婿得萧咸。郁倔咽喉地，骈臻水陆兼。度桥鸣绀幰，入肆飏云帆。端月当中气，东风应远占。管弦喧夜景，灯烛掩寒蟾。酒每倾三雅，书能发百函。词人羞布鼓，远客献貂襜。歌榭白团扇，舞筵金缕衫。旌旗遥一簇，舄履近相搀。花树当朱阁，晴河逼翠帘。衣风飘叆叇，烛泪滴巉岩。玉斝虚频易，金炉暖更添。映镮窥艳艳，隔袖见纤纤。谢傅何由接，桓伊定不凡。应怜郡斋老，旦夕镊霜髯。","卞孝萱《刘禹锡年谱》，中华书局1966年版，第122页","卞孝萱校订《刘禹锡集》卷31第420页，中华书局1990年版",,,"洪迎华"
"唐","刘禹锡","穆宗长庆四年甲辰","824","11",,"53","","淮南道","和州","历阳",,"安徽","马鞍山市","和县","118.293882","31.716472","和州刺史","在和州刺史任。冬十一月，作诗送惟良上人","僧惟良","《送惟良上人并引》","Poem","送惟良上人
高斋洒寒水，是夕山僧至。玄牝无关锁，琼书舍文字。灯明香满室，月午霜凝地。语到不言时，世间人尽睡。","卞孝萱《刘禹锡年谱》，中华书局1966年版，第122-123页","卞孝萱校订《刘禹锡集》卷29第403页，中华书局1990年版",,,"洪迎华"
"唐","刘禹锡","敬宗宝历元年乙巳","825","2","16","54","","淮南道","和州","历阳",,"安徽","马鞍山市","和县","118.293882","31.716472","和州刺史","在和州刺史任。正月改元，大赦。二月十六日，上表贺","","《贺改元赦表》","Article","贺改元赦表
臣某言。伏见今月七日制书。大赦天下者。帝游出震。圣泽如春。神人以和。天地交泰。伏惟皇帝陛下丕承鸿业。光阐睿图。吉日展严配之仪。告天陈太平之盛。九庙成礼。百神降祥。銮辂旋衡。风云改色。殊私广被。再宏莫大之恩。宝历惟新。更启无疆之祚。两宫承庆。四海永宁。率土臣子。上千万寿。臣恪居官次。不获称贺阙庭。无任屏营之至。谨差当州军事衙官试慈州吉昌府别将徐伦奉表陈贺以闻。","卞孝萱《刘禹锡年谱》，中华书局1966年版，第126页","卞孝萱校订《刘禹锡集》卷14第177页，中华书局1990年版",,,"洪迎华"
"唐","刘禹锡","敬宗宝历元年乙巳","825",,,"54","","淮南道","和州","历阳",,"安徽","马鞍山市","和县","118.293882","31.716472","和州刺史","在和州刺史任。春，有诗书怀寄洛阳好友白居易与杨归厚","白居易，杨归厚","《春日书怀寄东洛白二十二杨八二庶子》","Poem","春日书怀寄东洛白二十二杨八二庶子
曾向空门学坐禅，如今万事尽忘筌。眼前名利同春梦，醉里风情敌少年。野草芳菲红锦地，游丝撩乱碧罗天。心知洛下闲才子，不作诗魔即酒颠。","陶敏、陶红雨《刘禹锡全集编年校注》，岳麓书社2003年版，第357页","卞孝萱校订《刘禹锡集》卷31第418页，中华书局1990年版",,,"洪迎华"
"唐","刘禹锡","敬宗宝历元年乙巳","825","6","21","54","","淮南道","和州","历阳",,"安徽","马鞍山市","和县","118.293882","31.716472","和州刺史","在和州刺史任。六月二十一日，作厅壁记","","《和州刺史厅壁记》","Article","和州刺史厅壁记
历阳古扬州之邑。于天文直南斗魁下。在春秋实句吴之封。后为楚所取。秦并天下。以隶九江。而亦为九江治所。晋平吴。复隶淮南。至永兴初。自析为郡。益之以乌江。宋台建。目为南豫州。又益之以龙亢。梁之亡也。北齐图霸功。拥贞阳侯以归。王僧辩来迎。会于兹地。二国和协。故更名和州。陈隋间无所革。国朝因隋武德中更龙亢为含山。初开元诏书以口算第郡县为三品。是为下州。元和中复命有司参校之。遂进品第一。桉见户万八千有奇。输缗钱十六万。岁贡纤纻二篚。吴牛苏二钧。糁鲟九瓮茅蒐七千两。镇曰梁山。浸曰历湖。田蓺四谷。豢全六扰。庐有旨酒。庖有腴鱼。神仙故事。在郊在薮。元元有台。彭铿有洞。名山曰鸡笼。名坞曰濡须。异有血阃。祥有沸井。城高而坚。亚父所营。州师五百。环峙于东南。濒江划中流为水疆。揭旗树蕝。十有六戍。自孙权距陈。出入六代。常为宿兵之地。多以材能人处之。本朝混一。号为善部。然用人差轻。非复曩时之比也。始余以尚书郎得谴刺连山。今也由巴东来牧。考前二邦之籍与版图。才什五六。而地征三之。究其所从来。生植有本。女工尚完坚。一经一纬。无文章交错之奇。男夫尚垦辟。功苦恋本。无即山近盬之逸。市无嗤眩。工无彫彤。无游人异物以迁其志。副徵令者。率非外求。凡百为一出于农桑故也。繇是而言。瘠天下者。其在多巧乎。宝历元年六月二十一日。刺史中山刘某记。","卞孝萱《刘禹锡年谱》，中华书局1966年版，第126页","卞孝萱校订《刘禹锡集》卷8第102页，中华书局1990年版",,,"洪迎华"
"唐","刘禹锡","敬宗宝历元年乙巳","825",,,"54","","淮南道","和州","历阳",,"安徽","马鞍山市","和县","118.293882","31.716472","和州刺史","在和州刺史任。夏秋间，有诗和令狐楚咏紫薇花","令狐楚","《和令狐相公郡斋对紫微花》","Poem","和令狐相公郡斋对紫薇花
明丽碧天霞，丰茸紫绶花。香闻荀令宅，艳入孝王家。几岁自荣乐，高情方叹嗟。有人移上苑，犹足占年华。","陶敏、陶红雨《刘禹锡全集编年校注》，岳麓书社2003年版，第358页","卞孝萱校订《刘禹锡集》卷33第459页，中华书局1990年版",,,"洪迎华"
"唐","刘禹锡","敬宗宝历元年乙巳","825",,,"54","","淮南道","和州","历阳",,"安徽","马鞍山市","和县","118.293882","31.716472","和州刺史","在和州刺史任。夏秋间，有诗和白居易","白居易","《苏州白舍人寄新诗有叹早白无儿之句因以赠之》","Poem","苏州白舍人寄新诗有叹早白无儿之句因以赠之
莫嗟华发与无儿，却是人间久远期。雪里高山头白早，海中仙果子生迟。于公必有高门庆，谢守何烦晓镜悲。幸免如新分非浅，祝君长咏梦熊诗。","陶敏、陶红雨《刘禹锡全集编年校注》，岳麓书社2003年版，第359页","卞孝萱校订《刘禹锡集》卷31第419页，中华书局1990年版",,,"洪迎华"
"唐","刘禹锡","敬宗宝历元年乙巳","825",,,"54","","淮南道","和州","历阳",,"安徽","马鞍山市","和县","118.293882","31.716472","和州刺史","在和州刺史任。致谢启与李绛","李绛","《谢仆射李相公启》","Article","谢仆射李相公启
某启。州吏还。伏蒙摆落常态。手笔具书。言及贞元中登朝人。逮今无十辈。又发中书相公一函。具道阁下亟言曩游。颜间颇有哀色。夫沟中之木。与牺象同体。追琢不至。则坐成枯薪。朱而蓝之。犹足为器。苟液樠曲戾。不足枉斧斤。愿为庭燎。以照嘉客。谨启。","卞孝萱《刘禹锡年谱》，中华书局1966年版，第126页","卞孝萱校订《刘禹锡集》卷18第222页，中华书局1990年版",,,"洪迎华"
"唐","刘禹锡","敬宗宝历元年乙巳","825",,,"54","","淮南道","和州","历阳",,"安徽","马鞍山市","和县","118.293882","31.716472","和州刺史","在和州刺史任。作文祭韩愈","韩愈","《祭韩吏部文》","Article","祭韩吏部文
高山无穷。太华削成。人文无穷。夫子挺生。典训为徒。百家抗行。当时勍者。皆出其下。古人中求。为敌盖寡。贞元之中。帝鼓薰琴。奕奕金马。文章如林。君自幽谷。升于高岑。鸾凤一鸣。蜩螗革音。手持文柄。高视寰海。权衡低昂。瞻我所在。三十馀年。声名塞天。公鼎侯碑。志隧表阡。一字之价。辇金如山。权豪来侮。人虎我鼠。然诺洞开。人金我土。亲亲尚旧。宜其寿考。天人之学。可与论道。二者不至。至者其谁。岂天与人。好恶背驰。昔遇夫子。聪明勇奋。常操利刃。开我混沌。子长在笔。予长在论。持矛举楯。卒不能困。时惟子厚。窜言其间。赞词愉愉。固非颜颜。磅礡上下。羲农以还。会于有极。服之无言。□岐山威凤不复鸣。华亭别鹤中夜惊。畏简书兮拘印绶。思临恸兮志莫就。生刍一束酒一杯。故人故人歆此来。","卞孝萱《刘禹锡年谱》，中华书局1966年版，第126页","卞孝萱校订《刘禹锡集》卷40第604页，中华书局1990年版",,,"洪迎华"
"唐","刘禹锡","敬宗宝历元年乙巳","825",,,"54","","淮南道","和州","历阳",,"安徽","马鞍山市","和县","118.293882","31.716472","和州刺史","在和州刺史任。汴州刺史令狐楚修葺新亭，禹锡作文以记","令狐楚","《汴州郑门新亭记》","Article","汴州郑门新亭记
亭于西门。尊阙路也。实相公以心规。群僚以辞叶。而百工以乐成。斧斤无声。丹素有严。主人肃客。落以金石。走郑之门。嵚为右垣。黄河一支。滉漾北轩。前瞻东顾。甍动轨直。含景生姿。溯空欲翔。汴城具八方之人。殊形诡言。而耳目一说。初公来临。拥节及门。驭吏曰。此郑州门。公心非之。若曰野哉。居无何。即旧号而更之曰郑门。故事王公大僚之去来。元侯前驱。翊门而旋。率立马尘坌中。挹策为礼。公心不然之。乃下亭令于执事。桉亭东西函丈者三之有奇。而南北五之有赢。乐县宴豆。前后以位。棋阖对明。弭掀顺时。修梁衡建。中虚上荷。圆脊方廉。高卑中经。帘炉茵帟。文椸睆榻。储以应猝。周用而宜。乃命尹阍视亭长。抱关视掌固。启闭拚除。是谨是孜。锡命赐胙。劳迎赠饯。我当躬行。汝先汝蠲。挟膳提醪。生刍缟衣。我寮展事。靡问文武。汝惟汝从。凡入而修容。凡出而修軷。裼袭威仪。勿籍勿诃。繇是贵人称诸朝。群吏咏于家。行者誇于道。与人同其安者。人人驿其声而吟之。始乎諓諓。而成乎庞鸿。欲无文字不可也。公遂条白其所以然。远命学古者书之。公姓令狐氏。以文章典内外书命。以谟明登左右相。以飞语策免。以思材复徵。自有浚师。无如今治。文武两炽。其古之大臣欤。","卞孝萱《刘禹锡年谱》，中华书局1966年版，第126页","卞孝萱校订《刘禹锡集》卷8第98页，中华书局1990年版",,,"洪迎华"
"唐","刘禹锡","敬宗宝历元年乙巳","825",,,"54","","淮南道","和州","历阳",,"安徽","马鞍山市","和县","118.293882","31.716472","和州刺史","在和州刺史任。白居易寄新诗，禹锡戏酬","白居易","《白舍人曹长寄新诗有游宴之盛因以戏酬》","Poem","白舍人曹长寄新诗有游宴之盛因以戏酬
苏州刺史例能诗，西掖今来替左司。二八城门开道路，五千兵马引旌旗。水通山寺笙歌去，骑过虹桥剑戟随。若共吴王斗百草，不如应是欠西施。","卞孝萱《刘禹锡年谱》，中华书局1966年版，第127页","卞孝萱校订《刘禹锡集》卷31第419页，中华书局1990年版",,,"洪迎华"
"唐","刘禹锡","敬宗宝历元年乙巳","825",,,"54","","淮南道","和州","历阳",,"安徽","马鞍山市","和县","118.293882","31.716472","和州刺史","在和州刺史任。作诗和浙西李德裕","李德裕","《和浙西李大夫伊川卜居》","Poem","和浙西李大夫伊川卜居
早入八元数，尝承三接恩。飞鸣天上路，镇压海西门。清望寰中许，高情物外存。时来诚不让，归去每形言。洛下思招隐，江干压作藩。按经修道具，依样买山村。开凿随人化，幽阴为律暄。远移难得树，立变旧荒园。绝塞通潜径，平泉占上原。烟霞遥在想，簿领益为繁。丹禁虚东閤，苍生望北辕。徒令双白鹤，五里自翩翻。","卞孝萱《刘禹锡年谱》，中华书局1966年版，第127页","卞孝萱校订《刘禹锡集》卷37第547，中华书局1990年版",,,"洪迎华"
"唐","刘禹锡","敬宗宝历二年丙午","826",,,"55","","淮南道","和州","历阳",,"安徽","马鞍山市","和县","118.293882","31.716472","和州刺史","在和州刺史任。九月前，作诗和令狐楚","令狐楚","《和令狐相公谢太原李侍中寄蒲桃》","Poem","和令狐相公谢太原李侍中寄蒲桃
珍果出西域，移根到北方。昔年随汉使，今日寄梁王。上相芳缄至，行台绮席张。鱼鳞含宿润，马乳带残霜。染指铅粉腻，满喉甘露香。酝成十日酒，味敌五云浆。咀嚼停金盏，称嗟响画堂。惭非末至客，不得一枝尝。","卞孝萱《刘禹锡年谱》，中华书局1966年版，第129页","卞孝萱校订《刘禹锡集》卷33第460页，中华书局1990年版",,,"洪迎华"
"唐","刘禹锡","敬宗宝历二年丙午","826",,,"55","","淮南道","和州","历阳",,"安徽","马鞍山市","和县","118.293882","31.716472","和州刺史","在和州刺史任。冬，作诗咏友白居易","白居易","《白太守行》","Poem","白太守行
闻有白太守，抛官归旧溪。苏州十万户，尽作婴儿啼。太守驻行舟，阊门草萋萋。挥袂谢啼者，依然两眉低。朱户非不崇，我心如重狴。华池非不清，意在寥廓栖。夸者窃所怪，贤者默思齐。我为太守行，题在隐起圭。","卞孝萱《刘禹锡年谱》，中华书局1966年版，第130页","卞孝萱校订《刘禹锡集》卷31第420页，中华书局1990年版",,,"洪迎华"
"唐","刘禹锡","敬宗宝历二年丙午","826",,,"55","","淮南道","和州","历阳",,"安徽","马鞍山市","和县","118.293882","31.716472","和州刺史","在和州刺史任。作诗送别","","《和州送钱侍郎自宣州幕拜官便于华州觐省》","Poem","和州送钱侍御自宣州幕拜官便于华州觐省
五䌽绣衣裳，当年正相称。春风旧关路，归去真多兴。兰陔行可采，莲府犹回瞪。杨家绀幰迎，谢守瑶华赠。御街草泛滟，台柏烟含凝。曾是平生游，无因理归乘。","卞孝萱《刘禹锡年谱》，中华书局1966年版，第132页","卞孝萱校订《刘禹锡集》卷28第379页，中华书局1990年版",,,"洪迎华"
"唐","刘禹锡","敬宗宝历二年丙午","826",,,"55","","淮南道","和州","历阳",,"安徽","马鞍山市","和县","118.293882","31.716472","和州刺史","在和州刺史任。作诗酬湖州刺史崔玄亮","崔玄亮","《奉酬湖州崔郎中见寄五韵》","Poem","奉酬湖州崔郎中见寄五韵
山阳昔相遇，灼灼晨葩鲜。同游翰墨场，和乐埙篪然。一落名宦途，浩如乘风船。行当衰暮日，卧理淮海边。犹期谢病后，共乐桑榆年。","卞孝萱《刘禹锡年谱》，中华书局1966年版，第132页","卞孝萱校订《刘禹锡集》卷25第336页，中华书局1990年版",,,"洪迎华"
"唐","刘禹锡","敬宗宝历二年丙午","826",,,"55","","淮南道","和州","历阳",,"安徽","马鞍山市","和县","118.293882","31.716472","和州刺史","在和州刺史任。作诗酬湖州刺史崔玄亮","崔玄亮","《酬湖州崔郎中见寄》","Poem","奉酬湖州崔郎中见寄五韵
山阳昔相遇，灼灼晨葩鲜。同游翰墨场，和乐埙篪然。一落名宦途，浩如乘风船。行当衰暮日，卧理淮海边。犹期谢病后，共乐桑榆年。","卞孝萱《刘禹锡年谱》，中华书局1966年版，第133页","卞孝萱校订《刘禹锡集》卷36第529页，中华书局1990年版",,,"洪迎华"
"唐","刘禹锡","敬宗宝历二年丙午","826",,,"55","","淮南道","和州","历阳",,"安徽","马鞍山市","和县","118.293882","31.716472","和州刺史","在和州刺史任。作诗酬湖州刺史崔玄亮","崔玄亮","《湖州崔郎中曹长寄三僻诗自言癖在诗与琴酒其词逸而高吟咏不足昔柳吴兴亭皋陇首之句王融书之白团扇故为四韵以谢之》","Poem","湖州崔郎中曹长寄三癖诗自言癖在诗与琴酒其词逸而高吟咏不足昔柳吴兴亭皋陇首之句王融书之白团扇故为四韵以谢之
视事画屏中，自称三癖翁。管弦泛春渚，旌旆拂晴虹。酒对青山月，琴韵白蘋风。会书团扇上，知君文字工。","卞孝萱《刘禹锡年谱》，中华书局1966年版，第133页","卞孝萱校订《刘禹锡集》卷25第324页，中华书局1990年版",,,"洪迎华"
"唐","刘禹锡","敬宗宝历二年丙午","826",,,"55","","淮南道","和州","历阳",,"安徽","马鞍山市","和县","118.293882","31.716472","和州刺史","在和州刺史任。作诗和李德裕、元稹","李德裕，元稹","《和浙西李大夫晚下北固山喜径松成阴怅然怀古偶题临江亭并浙东元相公所和依本韵》","Poem","和浙西李大夫晚下北固山喜径松成阴怅然怀古偶题临江亭并浙东元相公所和依本韵
一辞温室树，几见武昌柳。荀谢年何少，韦平望已久。种松夹石道，纡组临沙阜。目览帝王州，心存股肱守。叶动惊䌽翰，波澄见赪首。晋宋齐梁都，千山万江口。烟散隋宫出，涛来海门吼。风俗太伯馀，衣冠永嘉后。江长天作限，山固壤无朽。自古称佳丽，非贤谁奄有。八元邦族盛，万石门风厚。天柱揭东溟，文星照北斗。高亭一骋望，举酒共为寿。因赋咏怀诗，远寄同心友。禁中晨夜直，江左东西偶。将手握兵符，儒腰盘贵绶。颁条风有自，立事言无苟。农野闻让耕，军人不使酒。用材当构厦，知道宁窥牖。谁谓青云高，鹏飞终背负。","卞孝萱《刘禹锡年谱》，中华书局1966年版，第133页","卞孝萱校订《刘禹锡集》卷37第546页，中华书局1990年版",,,"洪迎华"
"唐","刘禹锡","敬宗宝历二年丙午","826",,,"55","","淮南道","和州","历阳",,"安徽","马鞍山市","和县","118.293882","31.716472","和州刺史","在和州刺史任。作诗和李德裕","李德裕","《和浙西李大夫霜夜对月听小童吹觱篥歌依本韵》","Poem","和浙西李大夫霜夜对月听小童吹觱篥歌依本韵
海门双青暮烟歇，万顷金波涌明月。侯家小儿能觱篥，对此清光天性发。长江凝练树无风，浏慄一声霄汉中。涵胡画角怨边草，萧瑟清蝉吟野丛。冲融顿挫心使指，雄吼如风转如水。思妇多情珠泪垂，仙禽欲舞双翅起。郡人寂听衣满霜，江城月斜楼影长。才惊指下繁韵息，已见树杪明星光。谢公高斋吟激楚，恋阙心同在羁旅。一奏荆人白雪歌，如闻雒客扶风邬。吴门水驿按山阴，文字殷勤寄意深。欲识阳陶能绝处，少年荣贵道伤心。","卞孝萱《刘禹锡年谱》，中华书局1966年版，第133页","卞孝萱校订《刘禹锡集》卷37第544页，中华书局1990年版",,,"洪迎华"
"唐","刘禹锡","敬宗宝历二年丙午","826",,,"55","","淮南道","和州","历阳",,"安徽","马鞍山市","和县","118.293882","31.716472","和州刺史","在和州刺史任。作诗和李德裕、元稹","李德裕，元稹","《浙西李大夫述梦四十韵并浙东元相公酬和斐然继声》","Poem","浙西李大夫述梦四十韵并浙东元相公酬和斐然继声
位是才能取，时因际会遭。羽仪呈鸑鷟，铓刃试豪曹。洛下推年少，山东许地高。门承金铉鼎，家有玉璜韬。海浪扶鹏翅，天风引骥髦。便知蓬阁閟，不识鲁衣褒。兴发春塘草，魂交益部刀。形开犹抱膝，烛尽遽挥毫。昔仕当初筮，逢时咏载櫜。怀铅辨虫蠹，染素学鹅毛。车骑方休汝，归来欲效陶。南台资謇谔，内署选风骚。羽化如乘鲤，楼居旧冠鳌。美香焚湿麝，名果赐乾萄。议赦蝇栖笔，邀歌蚁泛醪。代言无所戏，谢表自称叨。兰焰凝芳泽，芝泥莹玉膏。对频声价出，直久梦魂劳。草诏令归马，批章答献獒。银花悬院榜，翠羽映帘条。讽谏欣然纳，奇觚率尔操。禁中时谔谔，天下免忉忉。左顾龟成印，双飞鹄织袍。谢宾缘地密，洁己是心豪。五日思归沐，三春羡众邀。茶炉依绿笋，棋局就红桃。溟海桑潜变，阴阳炭暗熬。仙成脱屣去，臣恋捧弓号。建节辞乌柏，宣风看鹭涛。土山京口峻，铁瓮郡城牢。曲岛花千树，官池水一篙。莺来和丝管，雁起拂麾旄。宛转倾罗扇，回旋堕玉搔。罚筹长竖纛，觥盏样如舠。山是千重障，江为四面濠。卧龙曾得雨，孤鹤尚鸣皋。剑用熊开匣，弓闲蛰受韬。凤姿尝在竹，鴳羽不离蒿。吴月分双镇，东西接万艘。今朝比潘陆，江海更滔滔。","卞孝萱《刘禹锡年谱》，中华书局1966年版，第133页","卞孝萱校订《刘禹锡集》卷37第545页，中华书局1990年版",,,"洪迎华"
"唐","刘禹锡","敬宗宝历二年丙午","826",,,"55","","淮南道","和州","历阳",,"安徽","马鞍山市","和县","118.293882","31.716472","和州刺史","在和州刺史任。作诗遥和韩泰、元稹","韩泰，元稹","《遥和韩睦州元相公二君子》","Poem","遥和韩睦州元相公二君子
玉人紫绶相辉映，却要霜须一两茎。其奈无成空老去，每临明镜若为情。","卞孝萱《刘禹锡年谱》，中华书局1966年版，第133页","卞孝萱校订《刘禹锡集》卷36第529页，中华书局1990年版",,,"洪迎华"
"唐","刘禹锡","敬宗宝历二年丙午","826",,,"55","","淮南道","和州","历阳",,"安徽","马鞍山市","和县","118.293882","31.716472","和州刺史","在和州刺史任。某年秋，作诗遥和张籍","张籍","《张郎中籍远寄长句开缄之日巳及新秋因举目前仰酬高韵》","Poem","张郎中籍远寄长句开缄之日已及新秋因举目前仰酬高韵
南宫词客寄新篇，清似湘灵促柱弦。京邑旧游劳梦想，历阳秋色正澄鲜。云衔日脚成山雨，风驾潮头入渚田。对此独吟还独酌，知音不见思怆然。","卞孝萱《刘禹锡年谱》，中华书局1966年版，第133页","卞孝萱校订《刘禹锡集》卷36第529页，中华书局1990年版",,,"洪迎华"
"唐","刘禹锡","敬宗宝历二年丙午","826",,,"55","","淮南道","和州","历阳",,"安徽","马鞍山市","和县","118.293882","31.716472","和州刺史","在和州刺史任。作诗","","《望夫山》","Poem","","卞孝萱《刘禹锡年谱》，中华书局1966年版，第134页","卞孝萱校订《刘禹锡集》诗文补遗卷第630页，中华书局1990年版",,,"洪迎华"
"唐","刘禹锡","敬宗宝历二年丙午","826",,,"55","","淮南道","和州","历阳",,"安徽","马鞍山市","和县","118.293882","31.716472","和州刺史","在和州刺史任。作诗","","《望夫石》","Poem","望夫石
终日望夫夫不归，化为孤石苦相思。望来已是几千载，只似当时初望时。","卞孝萱《刘禹锡年谱》，中华书局1966年版，第134页","卞孝萱校订《刘禹锡集》卷24第309页，中华书局1990年版",,,"洪迎华"
"唐","刘禹锡","敬宗宝历二年丙午","826",,,"55","","淮南道","和州","历阳",,"安徽","马鞍山市","和县","118.293882","31.716472","和州刺史","在和州刺史任。作诗怀古","","《金陵五题并引》","Poem","金陵五题 其一 石头城
山围故国周遭在，潮打空城寂寞回。淮水东边旧时月，夜深还过女墙来。
金陵五题 其二 乌衣巷
朱雀桥边野草花，乌衣巷口夕阳斜。旧时王谢堂前燕，飞入寻常百姓家。
金陵五题 其三 台城
台城六代竞豪华，结绮临春事最奢。万户千门成野草，只缘一曲后庭花。
金陵五题 其四 生公讲堂
生公说法鬼神听，身后空堂夜不扃。高坐寂寥尘漠漠，一方明月可中庭。
金陵五题 其五 江令宅
南朝词臣北朝客，归来唯见秦淮碧。池台竹树三亩馀，至今人道江家宅。","卞孝萱《刘禹锡年谱》，中华书局1966年版，第134页","卞孝萱校订《刘禹锡集》卷24第309页，中华书局1990年版",,,"洪迎华"
"唐","刘禹锡","敬宗宝历二年丙午","826",,,"55","","淮南道","和州","历阳",,"安徽","马鞍山市","和县","118.293882","31.716472",,"在和州两年余，冬，罢和州刺史。归洛阳","",,"","","卞孝萱《刘禹锡年谱》，中华书局1966年版，第127-128页",,,,"洪迎华"
"唐","刘禹锡","敬宗宝历二年丙午","826",,,"55","","江南东道","润州","上元",,"江苏","南京市",,"118.802891","32.064735",,"归洛阳途中，游上元，作诗","","《罢和州游建康》","Poem","罢和州游建康
秋水清无力，寒山暮多思。官闲不计程，遍上南朝寺。","卞孝萱《刘禹锡年谱》，中华书局1966年版，第129；130页","卞孝萱校订《刘禹锡集》卷38第570页，中华书局1990年版",,,"洪迎华"
"唐","刘禹锡","敬宗宝历二年丙午","826",,,"55","","江南东道","润州","上元",,"江苏","南京市",,"118.802891","32.064735",,"归洛途中，经檀道济故垒，作诗怀古","","《经檀道济故垒》","Poem","经檀道济故垒
万里长城坏，荒营野草秋。秣陵多士女，犹唱白符鸠。","卞孝萱《刘禹锡年谱》，中华书局1966年版，第130页","卞孝萱校订《刘禹锡集》卷21第266页，中华书局1990年版",,,"洪迎华"
"唐","刘禹锡","敬宗宝历二年丙午","826",,,"55","","江南东道","润州","上元",,"江苏","南京市",,"118.802891","32.064735",,"归洛阳途中，游上元，作诗怀古","","《金陵怀古》","Poem","金陵怀古
潮满冶城渚，日斜征虏亭。蔡洲新草绿，幕府旧烟青。兴废由人事，山川空地形。后庭花一曲，幽怨不堪听。","卞孝萱《刘禹锡年谱》，中华书局1966年版，第130页","卞孝萱校订《刘禹锡集》卷22第284页，中华书局1990年版",,,"洪迎华"
"唐","刘禹锡","敬宗宝历二年丙午","826",,,"55","","江南东道","润州","上元","台城","江苏","南京市",,"118.802891","32.064735",,"归洛阳途中，游上元，作诗怀古","","《台城怀古》","Poem","台城怀古
清江悠悠王气沉，六朝遗事何处寻。宫墙隐嶙围野泽，鹳鹢夜鸣秋色深。","卞孝萱《刘禹锡年谱》，中华书局1966年版，第130-131页","卞孝萱校订《刘禹锡集》卷25第333页，中华书局1990年版",,,"洪迎华"
"唐","刘禹锡","敬宗宝历二年丙午","826",,,"55","","淮南道","扬州",,,"江苏","扬州市",,"119.419107","32.39986",,"时白居易以病免苏州刺史，亦返洛阳。禹锡与白居易相遇于扬州，结伴同行","白居易",,"","","卞孝萱《刘禹锡年谱》，中华书局1966年版，第129页",,,,"洪迎华"
"唐","刘禹锡","敬宗宝历二年丙午","826",,,"55","","淮南道","扬州",,,"江苏","扬州市",,"119.419107","32.39986",,"与白居易在扬州相会，席上作诗酬和","白居易","《酬乐天扬州初逢席上见赠》","Poem","酬乐天扬州初逢席上见赠
巴山楚水凄凉地，二十三年弃置身。怀旧空吟闻篴赋，到乡翻似烂柯人。沈舟侧畔千帆过，病树前头万木春。今日听君歌一曲，暂凭杯酒长精神。","卞孝萱《刘禹锡年谱》，中华书局1966年版，第131页","卞孝萱校订《刘禹锡集》卷31第421页，中华书局1990年版",,,"洪迎华"
"唐","刘禹锡","敬宗宝历二年丙午","826",,,"55","","淮南道","扬州",,"栖灵寺","江苏","扬州市",,"119.419107","32.39986",,"与白居易登栖灵寺塔，同题作诗","白居易","《同乐天登栖灵寺塔》","Poem","同乐天登栖灵寺塔
步步相携不觉难，九层云外倚阑干。忽然笑语半天上，无限游人举眼看。","卞孝萱《刘禹锡年谱》，中华书局1966年版，第131页","卞孝萱校订《刘禹锡集》卷31第421页，中华书局1990年版",,,"洪迎华"
"唐","刘禹锡","敬宗宝历二年丙午","826",,,"55","","淮南道","楚州","山阳",,"江苏","淮安市",,"119.022429","33.616272",,"归洛阳途中，冬，游楚州，与郭行馀相会，作诗","郭行馀","《罢郡归洛途次山阳留辞郭中丞使君》","Poem","罢郡归洛途次山阳留辞郭中丞使君
自到山阳不许辞，高斋日夜有佳期。管弦正合看书院，语笑方酣各咏诗。银汉雪晴褰翠幕，清淮月影落金卮。洛阳归客明朝去，容趁城东花发时。","卞孝萱《刘禹锡年谱》，中华书局1966年版，第129；131页","卞孝萱校订《刘禹锡集》卷31第422页，中华书局1990年版",,,"洪迎华"
"唐","刘禹锡","敬宗宝历二年丙午","826",,,"55","","淮南道","楚州","山阳","开元寺","江苏","淮安市",,"119.022429","33.616272",,"归洛阳途中，冬，游楚州。与群贤诗文唱和","","《楚州开元寺北院枸杞临井繁茂可观群贤赋诗因以继和》","Poem","楚州开元寺北院枸杞临井繁茂可观群贤赋诗因以继和
僧房药树依寒井，井有香泉树有灵。翠黛叶生笼石甃，殷红子熟照铜瓶。枝繁本是仙人杖，根老新成瑞犬形。上品功能甘露味，还知一勺可延龄。","卞孝萱《刘禹锡年谱》，中华书局1966年版，第131页","卞孝萱校订《刘禹锡集》卷31第422页，中华书局1990年版",,,"洪迎华"
"唐","刘禹锡","敬宗宝历二年丙午","826",,,"55","","淮南道","楚州","山阳",,"江苏","淮安市",,"119.022429","33.616272",,"归洛阳途中，冬，游楚州，作诗和白居易","白居易","《和乐天鹦鹉》","Poem","和乐天鹦鹉
养来鹦鹉觜初红，宜在朱楼绣户中。频学唤人缘性慧，偏能识主为情通。敛毛睡足难销日，亸翅愁时愿见风。谁遣聪明好颜色，事须安置入深笼。","卞孝萱《刘禹锡年谱》，中华书局1966年版，第132页","卞孝萱校订《刘禹锡集》卷31第422页，中华书局1990年版",,,"洪迎华"
"唐","刘禹锡","敬宗宝历二年丙午","826",,,"55","","淮南道","楚州","山阳","韩信庙","江苏","淮安市",,"119.022429","33.616272",,"归洛阳途中，冬，游楚州韩信庙，题诗","","《韩信庙》","Poem","韩信庙
将略兵机命世雄，苍黄钟室叹良弓。遂令后代登坛者，每一寻思怕立功。","陶敏、陶红雨《刘禹锡全集编年校注》，岳麓书社2003年版，第407页","卞孝萱校订《刘禹锡集》卷24第311页，中华书局1990年版",,,"洪迎华"
"唐","刘禹锡","敬宗宝历二年丙午","826",,,"55","","淮南道","楚州","山阳",,"江苏","淮安市",,"119.022429","33.616272",,"归洛途中，将离楚州，作诗呈白居易","白居易","《岁杪将发楚州呈乐天》","Poem","岁杪将发楚州呈乐天
楚泽雪初霁，楚城春欲归。清淮变寒色，远树含清晖。原野已多思，风霜潜减威。与君同旅雁，北向刷毛衣。","卞孝萱《刘禹锡年谱》，中华书局1966年版，第132页","卞孝萱校订《刘禹锡集》卷31第422页，中华书局1990年版",,,"洪迎华"
"唐","刘禹锡","敬宗宝历二年丙午","826",,,"55","","河南道","汴州","开封",,"河南","开封市",,"114.313904","34.802941",,"归洛途经汴州，与令狐楚相会","令狐楚",,"","","卞孝萱《刘禹锡年谱》，中华书局1966年版，第129页",,,,"洪迎华"
"唐","刘禹锡","敬宗宝历二年丙午","826",,,"55","","河南道","汴州","开封",,"河南","开封市",,"114.313904","34.802941",,"归洛途经汴州，令狐楚赠篇章，禹锡作诗谢答","令狐楚","《令狐相公俯赠篇章斐然仰谢》","Poem","令狐相公俯赠篇章斐然仰谢
鄂渚临流别，梁园冲雪来。旅愁随冻释，欢意待花开。城晓乌频起，池春雁欲回。饮和心自醉，何必管弦催。","卞孝萱《刘禹锡年谱》，中华书局1966年版，第132页","卞孝萱校订《刘禹锡集》卷33第461页，中华书局1990年版",,,"洪迎华"
"唐","刘禹锡","敬宗宝历二年丙午","826",,,"55","","河南道","汴州","开封",,"河南","开封市",,"114.313904","34.802941",,"归洛途经汴州，令狐楚赠别，禹锡作诗以酬","令狐楚","《酬令狐相公赠别》","Poem","酬令狐相公赠别
越声长苦有谁闻，老向湘山与楚云。海峤新辞永嘉守，夷门重见信陵君。田园松菊今迷路，霄汉鸳鸿久绝群。幸遇甘泉尚词赋，不知何客荐雄文。","卞孝萱《刘禹锡年谱》，中华书局1966年版，第132页","卞孝萱校订《刘禹锡集》卷33第461页，中华书局1990年版",,,"洪迎华"
"唐","刘禹锡","文宗大和元年丁未","827",,,"56","","都畿道","河南府","洛阳",,"河南","洛阳市",,"112.460033","34.624376",,"春，抵洛阳","",,"","","卞孝萱《刘禹锡年谱》，中华书局1966年版，第134页",,,,"洪迎华"
"唐","刘禹锡","文宗大和元年丁未","827",,,"56","","都畿道","河南府","洛阳",,"河南","洛阳市",,"112.460033","34.624376",,"在洛阳，上表谢恩","","《谢恩存问表》","Article","谢恩存问表
臣某言。王敬仁至。奉口敕。存问微臣。悯其疏远之悲。慰其违离之思。臣某中谢。臣自今春分司入洛。即属陛下受命承天。企揖让之盛仪。隔肃雍之大礼。元英匝岁。日夜怀归。白云在天。阙庭难见。岂期廷瑰为宝。尚忆他山之石。贞明溥临。远及容光之地。仁深行苇。眷甚遗簪。草木之诚。何酬造化。无任感恩慕恋之至。","卞孝萱《刘禹锡年谱》，中华书局1966年版，第136页","卞孝萱校订《刘禹锡集》诗文补遗卷第626页，中华书局1990年版",,,"洪迎华"
"唐","刘禹锡","文宗大和元年丁未","827",,,"56","","都畿道","河南府","洛阳",,"河南","洛阳市",,"112.460033","34.624376",,"春，初归洛阳，闲游作诗","","《城东闲游》","Poem","城东闲游
借问池台主，多居要路津。千金买绝境，永日属闲人。竹径萦纡入，花林委曲巡。斜阳众客散，空锁一园春。","陶敏、陶红雨《刘禹锡全集编年校注》，岳麓书社2003年版，第412页","卞孝萱校订《刘禹锡集》卷22第282页，中华书局1990年版",,,"洪迎华"
"唐","刘禹锡","文宗大和元年丁未","827",,,"56","","都畿道","河南府","洛阳",,"河南","洛阳市",,"112.460033","34.624376",,"春，初归洛阳，作诗咏洛阳古城墙","","《故洛城古墙》","Poem","故洛城古墙
粉落椒飞知几春，风吹雨洒旋成尘。莫言一片危基在，犹过无穷来往人。","陶敏、陶红雨《刘禹锡全集编年校注》，岳麓书社2003年版，第410页","卞孝萱校订《刘禹锡集》卷24第308页，中华书局1990年版",,,"洪迎华"
"唐","刘禹锡","文宗大和元年丁未","827",,,"56","","都畿道","河南府","洛阳",,"河南","洛阳市",,"112.460033","34.624376",,"闲居洛阳，作诗感怀","","《罢郡归洛阳闲居》","Poem","罢郡归洛阳闲居
十年江海守，旦夕有归心。及此西还日，空成东武吟。花间数杯酒，月下一张琴。闻说功名事，依前惜寸阴。","卞孝萱《刘禹锡年谱》，中华书局1966年版，第137页","卞孝萱校订《刘禹锡集》卷22第281页，中华书局1990年版",,,"洪迎华"
"唐","刘禹锡","文宗大和元年丁未","827",,,"56","","都畿道","河南府","洛阳",,"河南","洛阳市",,"112.460033","34.624376",,"闲居洛阳，作诗寄友","","《罢郡归洛阳寄友人》","Poem","罢郡归洛阳寄友人
远谪年犹少，初归鬓已衰。门闲故吏去，室静老僧期。不见蜘蛛集，频为佝偻欺。颖微囊未出，寒甚谷难吹。濩落唯心在，平生有己知。商歌夜深后，听者竟为谁。","卞孝萱《刘禹锡年谱》，中华书局1966年版，第137页","卞孝萱校订《刘禹锡集》卷22第282页，中华书局1990年版",,,"洪迎华"
"唐","刘禹锡","文宗大和元年丁未","827","5",,"56","","都畿道","河南府","洛阳",,"河南","洛阳市",,"112.460033","34.624376",,"在洛阳。五月某日，作汴州刺史厅壁记","","《汴州刺史厅壁记》","Article","汴州刺史厅壁记
本朝以浚仪为汴州刺史治所。自隋酾新渠。吸黄河而东行。州含其枢。为天下剧。内屏王室。东雄诸侯。居无事时。常带廉察使。兵兴已还。益以节旄。用人得否。系国轻重。长庆四年。诏书命河南尹燉煌令狐公来莅来刺。锡之介圭使印兵符。汴人交贺。肴醳腾贵。惟是邦始都于魏惠王。始郡于宇文周。星躔回环。天驷垂光。地为四战。故其俗右武。人具五都。故其气习豪。公自为宰相时。已熟四方之利病。凡所戾止。参然前知。既视事三日。挹群吏与之言曰。吾食止圭田。吾用止公入。凡他给过制伤廉浼洁者悉罢之。壹归乎公藏。凡曲防苛禁不情乖体者悉刬之。壹出乎令典。凡关徵船算夺时专利者悉更之。壹遵乎诏条。然后刑丽事而详。赏以时而均。兴学以劝蓺。示宽以化勇。居数月。而汴州人恂恂然无复故态。明年大成。议者若曰。奕奕浚都。国之咽颐。咀清咽和。旁畅四支。东夏黠马。由我以肥。是浚之治。非所泽于所履而已。初公七代祖在隋为纳言。大业中持节居此。亦号刺史。距今馀二百年。公实能似。既拜阙。发鱼书合左右契。由阼阶跻。遐踵前武。歆然如闻其馨香。肃然如睹其形容。信乎君子之泽远而有光辉也。他日。命游梁客志之。书于厅事。谨桉前贤之在此堂者。张平原首之。陆氏撰节度使记。揭于东壁详矣。今公命为刺史记。书于右端。谨月而日之。以公为冠。大和元年夏五月某日记。","卞孝萱《刘禹锡年谱》，中华书局1966年版，第136页","卞孝萱校订《刘禹锡集》卷8第95页，中华书局1990年版",,,"洪迎华"
"唐","刘禹锡","文宗大和元年丁未","827",,,"56","","都畿道","河南府","洛阳",,"河南","洛阳市",,"112.460033","34.624376",,"在洛阳。刘蔚赴越，刘禹锡作文诫","刘蔚","《犹子蔚适越诫》","Article","犹子蔚适越诫
犹子蔚。晨跪于席端曰。臣幼承叔父训。始勾萌至于扶疏。前日不自意。有司以名污贤能书。又不自意。被丞相府召为从事。重兢累愧。惧贻叔父羞。今当行。乞辞以为戒。余曰。若知彝器乎。始乎斲轮。因入规矩。刳中廉外。枵然而有容者。理腻质坚。然后加密石焉。风戾日晞。不剖不聱。然后青黄之。鸟兽之。饰乎瑶金。贵在清庙。其用也羃以养洁。其藏也椟以养光。苟措非其所。一有毫发之伤。儡然与破甑为伍矣。汝之始成人。犹器之作朴。是宜力学为砻斲。亲贤为青黄。睦僚友为瑶金。忠所奉为清庙。尽敬以为羃。慎微以为椟。去怠以护伤。在勤而行之耳。设有人思披重霄而挹颢气。病无阶而升有力者。揭层梯而倚泰山。然而一举足而一高。非独揭梯者所能也。凡大位未尝旷。故世多贵人。唯天爵并者。乃可伟耳。夫伟人之一顾踰乎华章。而一非亦惨乎黥刖。行矣慎诸。吾见垂天之云。在尔肩腋间矣。昔吾友柳仪曹尝谓吾文隽而膏。味无穷而炙愈出也。迟汝到丞相府。居一二日。袖吾文入谒。以取质焉。丞相吾友也。汝事所从。如事诸父。借有不如意。推起敬之心以奉焉无忽。","卞孝萱《刘禹锡年谱》，中华书局1966年版，第136页","卞孝萱校订《刘禹锡集》卷20第244页，中华书局1990年版",,,"洪迎华"
"唐","刘禹锡","文宗大和元年丁未","827","6",,"56","","都畿道","河南府","洛阳",,"河南","洛阳市",,"112.460033","34.624376","主客郎中分司东都","六月，为主客郎中，分司东都","",,"","","卞孝萱《刘禹锡年谱》，中华书局1966年版，第134页",,,,"洪迎华"
"唐","刘禹锡","文宗大和元年丁未","827","6",,"56","","都畿道","河南府","洛阳",,"河南","洛阳市",,"112.460033","34.624376","主客郎中分司东都","六月，授主客郎中分司后，上表举左补阙姜伦自代","姜伦","《举姜补阙伦自代状》","Article","举姜补阙伦自代状
东都尚书省前左补阙姜伦。右。臣蒙恩授尚书主客郎中分司东都。伏准建中元年正月五日敕。常参官上后三日举一人自代者。臣伏详诏旨。欲达聪旁求。发扬幽远。故人人得言所知。不当循其阶次也。臣伏以前件官有儒学士行。蒙以谏官徵。会其年老被疾。不堪上道。有司桉视如状。不复逼迫。至今家居。而笃志无倦。臣谨举为郎吏。分司别都。冀优贤振滞。两得其道。","卞孝萱《刘禹锡年谱》，中华书局1966年版，第136页","卞孝萱校订《刘禹锡集》卷17第204页，中华书局1990年版",,,"洪迎华"
"唐","刘禹锡","文宗大和元年丁未","827","6",,"56","","京畿道","河南府","洛阳",,"河南","洛阳市",,"112.460033","34.624376","主客郎中分司东都","春，致谢启","裴度","《谢裴相公启》","Article","谢裴相公启
某启。某遭罹不幸。岁将二纪。虽累更符竹。而未出网罗。亲知见怜。或有论荐。如陷还泞。动而愈沈。甘心终否。无路自奋。岂意天未剿绝。仁人持衡。纡神虑于多方。起堙沦于久废。居剥极之际。一阳复生。出坎深之中。平路资始。通籍郎位。分曹乐部。乔木展旧国之思。行云有故山之恋。姻族相贺。壶觞盈门。官无责词。始自今日。禽鱼之志。誓以死生。草木之年。惜其晼晚。章程有守。拜谢无由。瞻望岩廊。虔然心祷。谨启。","陶敏、陶红雨《刘禹锡全集编年校注》，岳麓书社2003年版，第1097页",,,,"洪迎华"
"唐","刘禹锡","文宗大和元年丁未","827","6",,"56","","京畿道","河南府","洛阳",,"河南","洛阳市",,"112.460033","34.624376","主客郎中分司东都","春，致谢启","窦易直","《谢窦相公启》","Article","谢窦相公启
某启。某一辞朝列。二十三年。虽转郡符。未离谪籍。卑湿生疾。衰迟鲜欢。望故国而未归。如痿人之念起。昨蒙罢免。甘守丘园。相公不弃旧游。特哀久废。每奉华翰。赐之衷言。果蒙新恩。重忝清贯。荐延有渐。拯拔多方。六律变幽谷之寒。一丸销弥年之疹。铩翮将举。危心获安。布武夷途。自此而始。分曹有系。拜谢无因。瞻望德藩。坐驰精爽。无任感激之至。谨启。","陶敏、陶红雨《刘禹锡全集编年校注》，岳麓书社2003年版，第1097页",,,,"洪迎华"
"唐","刘禹锡","文宗大和元年丁未","827",,,"56","","都畿道","河南府","洛阳",,"河南","洛阳市",,"112.460033","34.624376","主客郎中分司东都","初见姚合","姚合",,"","","卞孝萱《刘禹锡年谱》，中华书局1966年版，第135页",,,,"洪迎华"
"唐","刘禹锡","文宗大和元年丁未","827",,,"56","","都畿道","河南府","洛阳",,"河南","洛阳市",,"112.460033","34.624376","主客郎中分司东都","与桂仲武、韩泰等人久别重逢","桂仲武，韩泰",,"","","卞孝萱《刘禹锡年谱》，中华书局1966年版，第135页",,,,"洪迎华"
"唐","刘禹锡","文宗大和元年丁未","827",,,"56","","都畿道","河南府","洛阳",,"河南","洛阳市",,"112.460033","34.624376","主客郎中分司东都","分司东都，山南东道节度使李逢吉书问，禹锡以诗奉答","李逢吉","《分司东都蒙襄阳李司徒相公书问因以奉寄》","Poem","分司东都蒙襄阳李司徒相公书问因以奉寄
早忝金马客，晚为商洛翁。知名四海内，多病一生中。举世往还尽，何人心事同。几时登岘首，恃旧揖三公。","卞孝萱《刘禹锡年谱》，中华书局1966年版，第137页","卞孝萱校订《刘禹锡集》卷22第285页，中华书局1990年版",,,"洪迎华"
"唐","刘禹锡","文宗大和元年丁未","827",,,"56","","都畿道","河南府","洛阳",,"河南","洛阳市",,"112.460033","34.624376","主客郎中分司东都","分司东都，寄书与友","","《为郎分司寄上都同舍》","Poem","为郎分司寄上都同舍
籍通金马门，家在铜驼陌。省闼昼无尘，宫树朝凝碧。荒街浅深辙，古渡潺湲石。唯有嵩丘云，堪誇早朝客。","卞孝萱《刘禹锡年谱》，中华书局1966年版，第137页","卞孝萱校订《刘禹锡集》卷25第325页，中华书局1990年版",,,"洪迎华"
"唐","刘禹锡","文宗大和元年丁未","827",,,"56","","都畿道","河南府","洛阳",,"河南","洛阳市",,"112.460033","34.624376","主客郎中分司东都","分司东都，白居易以诗见赠，禹锡酬答","白居易","《答乐天临都驿见赠》","Poem","荅乐天临都驿见赠
北固山边波浪，东都城里风尘。世事不同心事，新人何似故人。","卞孝萱《刘禹锡年谱》，中华书局1966年版，第137页","卞孝萱校订《刘禹锡集》卷31第425页，中华书局1990年版",,,"洪迎华"
"唐","刘禹锡","文宗大和元年丁未","827",,,"56","","都畿道","河南府","洛阳",,"河南","洛阳市",,"112.460033","34.624376","主客郎中分司东都","分司东都，作诗赠白居易","白居易","《再赠乐天》","Poem","再赠乐天
一政政官轧轧，一年年老骎骎。身外名何足算，别来诗且同吟。","卞孝萱《刘禹锡年谱》，中华书局1966年版，第137页","卞孝萱校订《刘禹锡集》卷31第426页，中华书局1990年版",,,"洪迎华"
"唐","刘禹锡","文宗大和元年丁未","827",,,"56","","都畿道","河南府","洛阳",,"河南","洛阳市",,"112.460033","34.624376","主客郎中分司东都","分司东都，作诗赠白居易","白居易","《鹤叹二首并引》","Poem","鹤叹二首 其一
寂寞一双鹤，主人在西京。故巢吴苑树，深院洛阳城。徐引竹间步，远含云外情。谁怜好风月，邻舍夜吹笙。
鹤叹二首 其二
丹顶宜承日，霜翎不染泥。爱池能久立，看月未成栖。一院春草长，三山归路迷。主人朝谒早，贪养汝南鸡。","卞孝萱《刘禹锡年谱》，中华书局1966年版，第138页","卞孝萱校订《刘禹锡集》卷31第424页，中华书局1990年版",,,"洪迎华"
"唐","刘禹锡","文宗大和元年丁未","827",,,"56","","都畿道","河南府","洛阳",,"河南","洛阳市",,"112.460033","34.624376","主客郎中分司东都","分司东都，与白居易会，作诗，并寄令狐楚","白居易，令狐楚","《洛中逢白监同话游梁之乐因寄宣武令狐相公》","Poem","洛中逢白监同话游梁之乐因寄宣武令狐相公
曾经谢病各游梁，今日相逢忆孝王。少有一身兼将相，更能四面占文章。开颜坐上催飞盏，回首庭中看舞枪。借问风前兼月下，不知何客对胡床。","卞孝萱《刘禹锡年谱》，中华书局1966年版，第138页","卞孝萱校订《刘禹锡集》卷31第423  页，中华书局1990年版",,,"洪迎华"
"唐","刘禹锡","文宗大和元年丁未","827",,,"56","","都畿道","河南府","洛阳",,"河南","洛阳市",,"112.460033","34.624376","主客郎中分司东都","分司东都。夏，作诗寄令狐楚","令狐楚","《夏日寄宣武令狐相公》","Poem","夏日寄宣武令狐相公
长忆梁王逸兴多，西园花尽兴如何。近来溽暑侵亭馆，应觉清谈胜绮罗。境入篇章高韵发，风穿号令众心和。承明欲谒先相报，愿拂朝衣逐晓珂。","卞孝萱《刘禹锡年谱》，中华书局1966年版，第138页","卞孝萱校订《刘禹锡集》卷33第463页，中华书局1990年版",,,"洪迎华"
"唐","刘禹锡","文宗大和元年丁未","827","7",,"56","","都畿道","河南府","洛阳",,"河南","洛阳市",,"112.460033","34.624376","主客郎中分司东都","分司东都。七月，敬宗葬于庄陵，禹锡作挽歌以悼","","《敬宗睿武昭愍孝皇帝挽歌三首》","Poem","敬宗睿武昭悯孝皇帝挽歌三首 其一
宝历方无限，仙期忽有涯。事亲崇汉礼，传圣法殷家。晚出芙蓉阙，春归棠棣华。玉轮今日动，不是画云车。
敬宗睿武昭悯孝皇帝挽歌三首 其二
任贤劳梦寐，登位富春秋。欲遂东人幸，宁虞杞国忧。长杨收羽骑，太液泊龙舟。惟有衣冠在，年年怆月游。
敬宗睿武昭悯孝皇帝挽歌三首 其三
讲学金华殿，亲耕钩盾田。侍臣容谏猎，方士信求仙。虹影俄侵日，龙髯不上天。空馀水银海，长照夜灯前。","卞孝萱《刘禹锡年谱》，中华书局1966年版，第138页","卞孝萱校订《刘禹锡集》卷30第405页，中华书局1990年版",,,"洪迎华"
"唐","刘禹锡","文宗大和元年丁未","827","7",,"56","","都畿道","河南府","洛阳",,"河南","洛阳市",,"112.460033","34.624376","主客郎中分司东都","分司东都。七月，作诗送友归朝","杨汉公","《早秋送台院杨侍郎归朝》","Poem","早秋送台院杨侍御归朝
仙署棣华春，当时已绝伦。今朝丹阙下，更入白眉人。重振高阳族，分居要路津。一门科第足，五府辟书频。鸷鸟得秋气，法星悬火旻。圣朝寰海静，所至不埋轮。","陶敏、陶红雨《刘禹锡全集编年校注》，岳麓书社2003年版，第421页","卞孝萱校订《刘禹锡集》卷28第365页，中华书局1990年版",,,"洪迎华"
"唐","刘禹锡","文宗大和元年丁未","827","7",,"56","","都畿道","河南府","洛阳",,"河南","洛阳市",,"112.460033","34.624376","主客郎中分司东都","分司东都。早秋七月，令狐楚以诗见寄，禹锡酬答","令狐楚","《酬令狐相公早秋见寄》","Poem","酬令狐相公早秋见寄
公来第四秋，乐国号无愁。军士游书肆，商人占酒楼。熊罴交黑槊，宾客满青油。今日文章主，梁王不姓刘。","卞孝萱《刘禹锡年谱》，中华书局1966年版，第138页","卞孝萱校订《刘禹锡集》卷33第462页，中华书局1990年版",,,"洪迎华"
"唐","刘禹锡","文宗大和元年丁未","827",,,"56","","都畿道","河南府","洛阳",,"河南","洛阳市",,"112.460033","34.624376","主客郎中分司东都","分司东都。作诗和令狐楚","令狐楚","《和宣武令狐相公郡斋对新竹》","Poem","和宣武令狐相公郡斋对新竹
新竹翛翛韵晓风，隔囱依砌尚蒙笼。数间素壁初开后，一段清光入坐中。欹枕闲看知自适，含毫朗咏与谁同。此君若欲长相见，政事堂东有旧丛。","卞孝萱《刘禹锡年谱》，中华书局1966年版，第138页","卞孝萱校订《刘禹锡集》卷31第426页，中华书局1990年版",,,"洪迎华"
"唐","刘禹锡","文宗大和元年丁未","827",,,"56","","都畿道","河南府","洛阳",,"河南","洛阳市",,"112.460033","34.624376","主客郎中分司东都","分司东都。作诗书事寄令狐楚","令狐楚","《客有话汴州新政书事寄令狐相公》","Poem","客有话汴州新政书事寄令狐相公
天下咽喉今大宁，军城喜气彻青冥。庭前剑戟朝迎日，笔底文章夜应星。三省壁中题姓字，万人头上见仪形。汴州忽复承平事，正月看灯户不扃。","卞孝萱《刘禹锡年谱》，中华书局1966年版，第138页","卞孝萱校订《刘禹锡集》卷33第459页，中华书局1990年版",,,"洪迎华"
"唐","刘禹锡","文宗大和元年丁未","827",,,"56","","都畿道","河南府","洛阳",,"河南","洛阳市",,"112.460033","34.624376","主客郎中分司东都","分司东都。作诗和令狐楚","令狐楚","《和令狐相公送赵常盈炼师与中贵人同拜岳及天台投龙毕却赴京》","Poem","和令狐相公送赵常盈鍊师与中贵人同拜岳及天台投龙毕却赴京
银珰谒者引蜺旌，霞帔仙官到赤城。白鹤迎来天乐动，金龙掷下海神惊。元君伏奏归中禁，武帝亲斋礼上清。何事夷门请诗送，梁王文字上声名。","卞孝萱《刘禹锡年谱》，中华书局1966年版，第138页","卞孝萱校订《刘禹锡集》卷33第460页，中华书局1990年版",,,"洪迎华"
"唐","刘禹锡","文宗大和元年丁未","827",,,"56","","都畿道","河南府","洛阳",,"河南","洛阳市",,"112.460033","34.624376","主客郎中分司东都","分司东都。作诗和令狐楚","令狐楚","《和令狐相公玩白菊》","Poem","和令狐相公玩白菊
家家菊尽黄，梁国独如霜。莹静真琪树，分明对玉堂。仙人披雪氅，素女不红妆。粉蝶来难见，麻衣拂更香。向风摇羽扇，含露滴琼浆。高艳遮银井，繁枝覆象床。桂丛惭并发，梅蕊妒先芳。一入瑶华咏，从兹播乐章。","卞孝萱《刘禹锡年谱》，中华书局1966年版，第138页","卞孝萱校订《刘禹锡集》卷33第462页，中华书局1990年版",,,"洪迎华"
"唐","刘禹锡","文宗大和元年丁未","827",,,"56","","都畿道","河南府","洛阳",,"河南","洛阳市",,"112.460033","34.624376","主客郎中分司东都","分司东都。作诗和令狐楚","令狐楚","《和令狐相公九日对黄白二菊花见怀》","Poem","和令狐相公九日对黄白二菊花见怀
素萼迎寒秀，金英带露香。繁华照旄钺，荣盛对银黄。琮璧交辉映，衣裳杂彩章。晴云遥盖覆，秋蝶近悠扬。空想逢九日，何由陪一觞。满丛佳色在，未肯委严霜。","卞孝萱《刘禹锡年谱》，中华书局1966年版，第139页","卞孝萱校订《刘禹锡集》卷33第476页，中华书局1990年版",,,"洪迎华"
"唐","刘禹锡","文宗大和元年丁未","827",,,"56","","都畿道","河南府","洛阳",,"河南","洛阳市",,"112.460033","34.624376","主客郎中分司东都","分司东都。秋，在安国观闻笙，作诗","","《秋夜安国观闻笙》","Poem","秋夜安国观闻笙
织女分明银汉秋，桂枝梧叶共飕飗。月露满庭人寂寂，霓裳一曲在高楼。","陶敏、陶红雨《刘禹锡全集编年校注》，岳麓书社2003年版，第423页","卞孝萱校订《刘禹锡集》卷24第311页，中华书局1990年版",,,"洪迎华"
"唐","刘禹锡","文宗大和元年丁未","827",,,"56","","都畿道","河南府","洛阳",,"河南","洛阳市",,"112.460033","34.624376","主客郎中分司东都","分司东都。秋，作诗酬杨归厚","杨归厚","《酬杨八庶子喜韩吴兴与余同迁见赠》","Poem","酬杨八庶子喜韩吴兴与余同迁见赠
早遇圣明朝，雁行登九霄。文轻傅武仲，酒逼盖宽饶。舍矢同瞻鹄，当筵共赛枭。琢磨三益重，唱和五音调。台柏烟常起，池荷香暗飘。星文辞北极，旗影度东辽。直道由来黜，浮名岂敢要。三湘与百越，雨散又云摇。远守惭侯籍，徵还荷诏条。悴容唯舌在，别恨几魂销。满眼悲陈事，逢人少旧僚。烟霞为老伴，蒲柳任先凋。虎绶悬新印，龙舼理去桡。断肠天北郡，携手洛阳桥。幢盖今虽贵，弓旌会见招。其如草玄客，空宇久寥寥。","卞孝萱《刘禹锡年谱》，中华书局1966年版，第139页","卞孝萱校订《刘禹锡集》卷36第530页，中华书局1990年版",,,"洪迎华"
"唐","刘禹锡","文宗大和元年丁未","827",,,"56","","都畿道","河南府","洛阳",,"河南","洛阳市",,"112.460033","34.624376","主客郎中分司东都","分司东都。秋，韩泰迁湖州刺史，经洛阳，禹锡作诗送别","韩泰","《洛中送韩七中丞之吴兴口号五首》","Poem","洛中送韩七中丞之吴兴口号五首 其一
昔年意气结群英，几度朝回一字行。海北江南零落尽，两人相见洛阳城。
洛中送韩七中丞之吴兴口号五首 其二
自从云散各东西，每日欢娱却惨悽。离别苦多相见少，一生心事在书题。
洛中送韩七中丞之吴兴口号五首 其三
今朝无意诉离杯，何况清弦急管催。本欲醉中轻远别，不知翻引酒悲来。
洛中送韩七中丞之吴兴口号五首 其四
骆驼桥上蘋风急，鹦鹉杯中箬下春。水碧山青知好处，开颜一笑向何人。
洛中送韩七中丞之吴兴口号五首 其五
溪中士女出笆篱，溪上鸳鸯避画旗。何处人间似仙境，春山携妓采茶时。","卞孝萱《刘禹锡年谱》，中华书局1966年版，第139页","卞孝萱校订《刘禹锡集》卷28第368页，中华书局1990年版",,,"洪迎华"
"唐","刘禹锡","文宗大和元年丁未","827",,,"56","","都畿道","河南府","洛阳",,"河南","洛阳市",,"112.460033","34.624376","主客郎中分司东都","分司东都。秋，作诗送友","","《送李二十九兄员外赴邠宁使幕》","Poem","送李二十九兄员外赴邠宁使幕
家袭韦平身业文，素风清白至今贫。南宫通籍新郎吏，西候从戎旧主人。城外草黄秋有雪，烽头烟静虏无尘。鼎门为别霜天晓，剩把离觞三五巡。","陶敏、陶红雨《刘禹锡全集编年校注》，岳麓书社2003年版，第424页","卞孝萱校订《刘禹锡集》卷28第386页，中华书局1990年版",,,"洪迎华"
"唐","刘禹锡","文宗大和元年丁未","827",,,"56","","都畿道","河南府","洛阳",,"河南","洛阳市",,"112.460033","34.624376","主客郎中分司东都","分司东都。秋，有诗酬令狐楚","令狐楚","《酬令狐相公寄贺迁拜之什》","Poem","酬令狐相公寄贺迁拜之什
邅回二纪重为郎，洛下遥分列宿光。不见当关呼早起，曾无侍史与焚香。三花秀色通春幌，十字清波绕宅墙。白发青衫谁比数，相怜只是有梁王。","陶敏、陶红雨《刘禹锡全集编年校注》，岳麓书社2003年版，第420页","卞孝萱校订《刘禹锡集》卷33第461页，中华书局1990年版",,,"洪迎华"
"唐","刘禹锡","文宗大和元年丁未","827",,,"56","","都畿道","河南府","洛阳",,"河南","洛阳市",,"112.460033","34.624376","主客郎中分司东都","分司东都。作诗怀友","","《洛中初冬拜表有怀上京故人》","Poem","洛中初冬拜表有怀上京故人
凤楼南面控三条，拜表郎官早渡桥。清洛晓光铺碧簟，上阳霜叶剪红绡。省门簪组初成列，云路鸳鸾想退朝。寄谢慇勤九天侣，抢榆水击各逍遥。","卞孝萱《刘禹锡年谱》，中华书局1966年版，第139页","卞孝萱校订《刘禹锡集》卷24第316页，中华书局1990年版",,,"洪迎华"
"唐","刘禹锡","文宗大和元年丁未","827",,,"56","","都畿道","河南府","洛阳",,"河南","洛阳市",,"112.460033","34.624376","主客郎中分司东都","分司东都。在洛中寺见贺知章草书，题诗","","《洛中寺北楼见贺监草书题诗》","Poem","洛中寺北楼见贺监草书题诗
高楼贺监昔曾登，壁上笔踪龙虎腾。中国书流尚皇象，北朝文士重徐陵。偶因独见空惊目，恨不同时便伏膺。唯恐尘埃转磨灭，再三珍重嘱山僧。","陶敏、陶红雨《刘禹锡全集编年校注》，岳麓书社2003年版，第432页","卞孝萱校订《刘禹锡集》卷24第313页，中华书局1990年版",,,"洪迎华"
"唐","刘禹锡","文宗大和元年丁未","827",,,"56","","都畿道","河南府","洛阳",,"河南","洛阳市",,"112.460033","34.624376","主客郎中分司东都","分司东都。作诗和崔玄亮","崔玄亮","《秘书崔少监见示坠马长句因而和之》","Poem","秘书山崔少监见示坠马长句因而和之
麟台少监旧仙郎，洛水桥边坠马伤。尘污腰间青襞绶，风飘掌上紫游缰。上车著作应来问，折臂三公定送方。犹赖德全如醉者，不妨吟咏入篇章。","陶敏、陶红雨《刘禹锡全集编年校注》，岳麓书社2003年版，第434页","卞孝萱校订《刘禹锡集》卷24第314页，中华书局1990年版",,,"洪迎华"
"唐","刘禹锡","文宗大和元年丁未","827",,,"56","","都畿道","河南府","洛阳",,"河南","洛阳市",,"112.460033","34.624376","主客郎中分司东都","分司东都。作诗和尉迟汾","尉迟汾","《尉迟郎中见示自南迁牵复却至洛城东旧居之作因以和之》","Poem","尉迟郎中见示自南迁牵复却至洛城东旧居之作因以和之
曾遭飞语十年谪，新受恩光万里还。朝服不妨游洛浦，郊园依旧看嵩山。竹含天籁清商乐，水绕庭台碧玉环。留作功成退身地，如今只是暂时闲。","陶敏、陶红雨《刘禹锡全集编年校注》，岳麓书社2003年版，第433页","卞孝萱校订《刘禹锡集》卷24第317页，中华书局1990年版",,,"洪迎华"
"唐","刘禹锡","文宗大和元年丁未","827",,,"56","","都畿道","河南府","洛阳",,"河南","洛阳市",,"112.460033","34.624376","主客郎中分司东都","分司东都。作诗酬友见赠","","《洛中酬福建陈判官见赠》","Poem","洛中詶福建陈判官见赠
潦倒声名拥肿材，一生多故苦邅回。南宫旧籍遥相管，东洛闲门昼未开。静对道流论药石，偶逢词客与琼瑰。怪君近日文锋利，新向延平看剑来。","陶敏、陶红雨《刘禹锡全集编年校注》，岳麓书社2003年版，第434页","卞孝萱校订《刘禹锡集》卷24第317页，中华书局1990年版",,,"洪迎华"
"唐","刘禹锡","文宗大和二年戊申","828",,,"57","","都畿道","河南府","福昌","三乡驿","河南","洛阳市","宜阳县","112.185639","34.521112","主客郎中","由洛阳赴长安，经三乡驿楼，睹玄宗诗，有感而作","","《三乡驿楼伏睹玄宗望女几山诗小臣斐然有感》","Poem","三乡驿楼伏睹玄宗望女几山诗小臣斐然有感
开元天子万事足，唯惜当时光景促。三乡陌上望仙山，归作霓裳羽衣曲。仙心从此在瑶池，三清八景相追随。天上忽乘白云去，世间空有秋风词。","陶敏、陶红雨《刘禹锡全集编年校注》，岳麓书社2003年版，第438页","卞孝萱校订《刘禹锡集》卷24第316页，中华书局1990年版",,,"洪迎华"
"唐","刘禹锡","文宗大和二年戊申","828",,,"57","","都畿道","陕州","陕县",,"河南","三门峡市",,"111.206832","34.778442","主客郎中","由洛阳赴长安，经陕州，与友会，作诗留别","","《陕州河亭陪韦五大夫雪后眺望因以留别与韦有布衣之旧一别二纪经迁贬而归》","Poem","陕州河亭陪韦五大夫雪后眺望因以留别与韦有布衣之旧一别二纪经迁贬而归
雪霁太阳津，城池表里春。河流添马颊，原色动龙鳞。万里独归客，一杯逢故人。登高向西望，关路正飞尘。","卞孝萱《刘禹锡年谱》，中华书局1966年版，第144页","卞孝萱校订《刘禹锡集》卷22第283页，中华书局1990年版",,,"洪迎华"
"唐","刘禹锡","文宗大和二年戊申","828",,,"57","",,,,,,,,"0","0","主客郎中","由洛阳赴长安途中，早发有诗","","《途中早发》","Poem","","陶敏、陶红雨《刘禹锡全集编年校注》，岳麓书社2003年版，第437页","卞孝萱校订《刘禹锡集》卷22第283页，中华书局1990年版",,,"洪迎华"
"唐","刘禹锡","文宗大和二年戊申","828",,,"57","","京畿道","华州","郑县",,"陕西","渭南市","华县","109.778378","34.518619","主客郎中","由洛阳赴长安，春，经华州，与友登楼，题诗","钱徽","《途次华州陪钱大夫登城北楼春望因睹李崔令狐三相国唱和之什翰林旧侣继踵华城山水清高鸾凤翔集皆忝宿眷遂题此诗》","Poem","途次华州陪钱大夫登城北楼春望因睹李崔令狐三相国唱和之什翰林旧侣继踵华城山水清高鸾凤翔集皆忝宿眷遂题此诗
城楼四望出风尘，见尽关西渭北春。百二山河雄上国，一双旌旆委名臣。壁中今日题诗处，天上同时草诏人。莫怪老郎呈滥吹，宦途虽别旧情亲。","卞孝萱《刘禹锡年谱》，中华书局1966年版，第144页","卞孝萱校订《刘禹锡集》卷24第316页，中华书局1990年版",,,"洪迎华"
"唐","刘禹锡","文宗大和二年戊申","828",,,"57","","京畿道","京兆府","长安",,"陕西","西安市",,"108.946306","34.347436","主客郎中","春，为主客郎中，至长安","",,"","","卞孝萱《刘禹锡年谱》，中华书局1966年版，第139页",,,,"洪迎华"
"唐","刘禹锡","文宗大和二年戊申","828",,,"57","","京畿道","京兆府","长安",,"陕西","西安市",,"108.946306","34.347436","主客郎中","初春，作诗送友","陆畅","《送陆侍御归淮南使府五韵》","Poem","送陆侍御归淮南使府五韵
江左重诗篇，陆生名久传。凤城来已熟，羊酪不嫌膻。归路芙蓉府，离堂玳瑁筵。泰山呈腊雪，隋柳布新年。曾忝扬州荐，因君达短笺。","卞孝萱《刘禹锡年谱》，中华书局1966年版，第144页","卞孝萱校订《刘禹锡集》卷28第367页，中华书局1990年版",,,"洪迎华"
"唐","刘禹锡","文宗大和二年戊申","828",,,"57","","京畿道","京兆府","长安",,"陕西","西安市",,"108.946306","34.347436","主客郎中","春，初至长安，作诗抒怀","","《初至长安》","Poem","初至长安
左迁凡二纪，重见帝城春。老大归朝客，平安出岭人。每行经旧处，却想似前身。不改南山色，其馀事事新。","卞孝萱《刘禹锡年谱》，中华书局1966年版，第145页","卞孝萱校订《刘禹锡集》卷22第283页，中华书局1990年版",,,"洪迎华"
"唐","刘禹锡","文宗大和二年戊申","828",,,"57","","京畿道","京兆府","长安",,"陕西","西安市",,"108.946306","34.347436","主客郎中","春，初至长安，在唐扶宅与诸友饮酒赏花，有诗","唐扶","《唐郎中宅与诸公同饮酒看牡丹》","Poem","唐郎中宅与诸公同饮酒看牡丹
今日花前饮，甘心醉数杯。但愁花有语，不为老人开。","陶敏、陶红雨《刘禹锡全集编年校注》，岳麓书社2003年版，第444页","卞孝萱校订《刘禹锡集》卷25第334页，中华书局1990年版",,,"洪迎华"
"唐","刘禹锡","文宗大和二年戊申","828",,,"57","","京畿道","京兆府","长安",,"陕西","西安市",,"108.946306","34.347436","主客郎中","春，在长安，作诗和丞相裴度","裴度","《和裴相公傍水闲行》","Poem","和裴相公傍水闲行
为爱逍遥第一篇，时时闲步赏风烟。看花临水心无事，功业成来二十年。","陶敏、陶红雨《刘禹锡全集编年校注》，岳麓书社2003年版，第448页","卞孝萱校订《刘禹锡集》卷31第426页，中华书局1990年版",,,"洪迎华"
"唐","刘禹锡","文宗大和二年戊申","828",,,"57","","京畿道","京兆府","长安",,"陕西","西安市",,"108.946306","34.347436","主客郎中","在长安，阙下作诗","","《阙下待传点呈诸同舍》","Poem","阙下待传点呈诸同舍
禁漏晨钟声欲绝，旌旗组绶影相交。殿含佳气当龙首，阁倚晴天见凤巢。山色葱笼丹槛外，霞光泛滟翠松梢。多惭再入金门籍，不敢为文学解嘲。","卞孝萱《刘禹锡年谱》，中华书局1966年版，第145页","卞孝萱校订《刘禹锡集》卷31第428页，中华书局1990年版",,,"洪迎华"
"唐","刘禹锡","文宗大和二年戊申","828",,,"57","","京畿道","京兆府","长安",,"陕西","西安市",,"108.946306","34.347436","主客郎中","春，至长安后，再游玄都观，有感作诗","","《再游玄都观并引》","Poem","再游玄都观
百亩庭中半是苔，桃花净尽菜花开。种桃道士归何处，前度刘郎今又来。","卞孝萱《刘禹锡年谱》，中华书局1966年版，第145页","卞孝萱校订《刘禹锡集》卷24第308页，中华书局1990年版",,,"洪迎华"
"唐","刘禹锡","文宗大和二年戊申","828",,,"57","","京畿道","京兆府","长安",,"陕西","西安市",,"108.946306","34.347436","主客郎中","在长安听宫中乐人唱歌，感而作诗","","《听旧宫中乐人穆氏唱歌》","Poem","听旧宫中乐人穆氏唱歌
曾随织女渡天河，记得云间第一歌。休唱贞元供奉曲，当时朝士已无多。","卞孝萱《刘禹锡年谱》，中华书局1966年版，第145页","卞孝萱校订《刘禹锡集》卷25第333页，中华书局1990年版",,,"洪迎华"
"唐","刘禹锡","文宗大和二年戊申","828",,,"57","","京畿道","京兆府","长安",,"陕西","西安市",,"108.946306","34.347436","主客郎中","在长安，作诗送歌者","何戡","《与歌者何戡》","Poem","与歌者何戡
二十馀年别帝京，重闻天乐不胜情。旧人唯有何戡在，更与殷勤唱渭城。","卞孝萱《刘禹锡年谱》，中华书局1966年版，第145页","卞孝萱校订《刘禹锡集》卷25第334页，中华书局1990年版",,,"洪迎华"
"唐","刘禹锡","文宗大和二年戊申","828",,,"57","","京畿道","京兆府","长安",,"陕西","西安市",,"108.946306","34.347436","主客郎中","暮春，在长安杏园，作诗酬白居易见赠","白居易","《杏园花下酬乐天见赠》","Poem","杏园花下酬乐天见赠
二十馀年作逐臣，归来还见曲江春。游人莫笑白头醉，老醉花间有几人。","卞孝萱《刘禹锡年谱》，中华书局1966年版，第145页","卞孝萱校订《刘禹锡集》卷31第430页，中华书局1990年版",,,"洪迎华"
"唐","刘禹锡","文宗大和二年戊申","828",,,"57","","京畿道","京兆府","长安",,"陕西","西安市",,"108.946306","34.347436","主客郎中","暮春，在长安杏园，与崔群及其他友人宴，作诗","崔群","《陪崔大尚书及诸阁老宴杏园》","Poem","陪崔大尚书及诸阁老宴杏园
更将何面上春台，白事无成老又催。唯有落花无俗态，不嫌憔悴满头来。","卞孝萱《刘禹锡年谱》，中华书局1966年版，第146页","卞孝萱校订《刘禹锡集》卷38第558页，中华书局1990年版",,,"洪迎华"
"唐","刘禹锡","文宗大和二年戊申","828",,,"57","","京畿道","京兆府","长安",,"陕西","西安市",,"108.946306","34.347436","主客郎中","暮春，与李绛、崔群、白居易游杏园，联句作诗","李绛，崔群，白居易","《杏园联句》","Poem","杏园联句
杏园千树欲随风，一醉同人此暂同。老态忽忘丝管里，衰颜宜解酒杯中。曲江日暮残红在，翰苑年深旧事空。二十四年流落者，故人相引到花丛。","卞孝萱《刘禹锡年谱》，中华书局1966年版，第146页","卞孝萱校订《刘禹锡集》卷32第453页，中华书局1990年版",,,"洪迎华"
"唐","刘禹锡","文宗大和二年戊申","828",,,"57","","京畿道","京兆府","长安",,"陕西","西安市",,"108.946306","34.347436","主客郎中","暮春，与李绛、崔群、白居易等游杏园，联句作诗","李绛，崔群，白居易等","《花下醉中联句》","Poem","花下醉中联句
共醉风光地，花飞落酒杯。残春犹可赏，晚景莫相催。酒幸年年有，花应岁岁开。且当金韵掷，莫遣玉山颓。高会弥堪惜，良时不易陪。谁能拉花住，争换得春回。我辈寻常有，佳人早晚来。寄言三相府，欲散且裴回。","卞孝萱《刘禹锡年谱》，中华书局1966年版，第146页","卞孝萱校订《刘禹锡集》卷32第453页，中华书局1990年版",,,"洪迎华"
"唐","刘禹锡","文宗大和二年戊申","828",,,"57","","京畿道","京兆府","长安",,"陕西","西安市",,"108.946306","34.347436","主客郎中","暮春，与裴度、崔群、张籍、贾餗同泛舟，联句作诗","裴度，崔群，张籍，贾餗","《春池泛舟联句》","Poem","春池泛舟联句
凤池新雨后，池上好风光。取酒愁春尽，留宾喜日长。柳丝迎画舸，水镜写雕梁。潭洞迷仙府，烟霞认醉乡。莺声随笑语，竹色入壶觞。晚景含澄澈，时芳得艳阳。飞凫拂轻浪，绿柳暗回塘。逸韵追安石，高居胜辟彊。杯停新令举，诗动䌽笺忙。顾谓同来客，欢游不可忘。","卞孝萱《刘禹锡年谱》，中华书局1966年版，第146页","卞孝萱校订《刘禹锡集》卷32第452页，中华书局1990年版",,,"洪迎华"
"唐","刘禹锡","文宗大和二年戊申","828",,,"57","","京畿道","京兆府","长安",,"陕西","西安市",,"108.946306","34.347436","主客郎中","春，拟制文","","《授仓部郎中制》","Article","授仓部郎中制
敕。周制仓人以辨于邦用。廪人以待乎匪颁。后代或均输。或平籴。皆周官仓廪之职也。于戏。王者藏于天下。吾何私焉。收敛以时。储蓄必谨。俾夫凶荒无患。贫富克均。宜味京坻之诗。勿守豆区之限。可。","卞孝萱《刘禹锡年谱》，中华书局1966年版，第142页","卞孝萱校订《刘禹锡集》诗文补遗卷第617页，中华书局1990年版",,,"洪迎华"
"唐","刘禹锡","文宗大和二年戊申","828",,,"57","","京畿道","京兆府","长安",,"陕西","西安市",,"108.946306","34.347436","主客郎中","春，拟制文","","《授主客郎中制》","Article","授主客郎中制
敕。汉制尚书郎四人。一人主营部。成帝又置客曹。主外国戎狄事。皆今主客之任也。其后或东西列职。左右分名。统彼行人之家。绥其外臣之务。朝聘则定位。宴会则辨仪。穆我四门。深于九译。用委稿街之政。克资粉署之贤。可。","卞孝萱《刘禹锡年谱》，中华书局1966年版，第142页","卞孝萱校订《刘禹锡集》诗文补遗卷第617页，中华书局1990年版",,,"洪迎华"
"唐","刘禹锡","文宗大和二年戊申","828",,,"57","","京畿道","京兆府","长安",,"陕西","西安市",,"108.946306","34.347436","主客郎中","春，拟制文","","《授比部郎中制》","Article","授比部郎中制
敕。周以司会质岁成。汉以计相经国用。或考百官之要。或制三年之期。稽以簿书。辨其名物。俾夫会算必得。经费无差。充选望郎。以临计吏。可。","卞孝萱《刘禹锡年谱》，中华书局1966年版，第142页","卞孝萱校订《刘禹锡集》诗文补遗卷第618页，中华书局1990年版",,,"洪迎华"
"唐","刘禹锡","文宗大和二年戊申","828",,,"57","","京畿道","京兆府","长安",,"陕西","西安市",,"108.946306","34.347436","主客郎中","春，拟制文","","《授屯田郎中制》","Article","授屯田郎中制
敕。诗云。雨我公田。遂及我私。盖美大田之盛。思贤主之诗。人必先公而后私者。借力而耕。其来尚矣。周以司徒莅职。汉以侍郎训田。今则务切如云。任专列宿。总于豫政。克藉公才。可。","卞孝萱《刘禹锡年谱》，中华书局1966年版，第142页","卞孝萱校订《刘禹锡集》诗文补遗卷第618页，中华书局1990年版",,,"洪迎华"
"唐","刘禹锡","文宗大和二年戊申","828",,,"57","","京畿道","京兆府","长安",,"陕西","西安市",,"108.946306","34.347436","主客郎中","春，拟制文","","《拟太子太傅制》","Article","拟太子太傅制
敕。太子太傅。古今之重任也。其使吾子目见正事。耳闻正道。左右前后。无非正人。繄尔太傅之力。久虚其位。式伫端人。以尔命之。朕无惭德。可。","卞孝萱《刘禹锡年谱》，中华书局1966年版，第142页","卞孝萱校订《刘禹锡集》诗文补遗卷第618页，中华书局1990年版",,,"洪迎华"
"唐","刘禹锡","文宗大和二年戊申","828",,,"57","","京畿道","京兆府","长安",,"陕西","西安市",,"108.946306","34.347436","主客郎中","春，拟制文","","《拟太子太保制》","Article","拟太子太保制
敕。礼云。三王之教太子。入则有保。出则有师。是以教谕而德成也。其实一焉。必择恭敬温文以辅道其德。使吾太子观尔之道景行之。无人则虚。不求充位。校德而命。其称厥官。可。","卞孝萱《刘禹锡年谱》，中华书局1966年版，第143页","卞孝萱校订《刘禹锡集》诗文补遗卷第618页，中华书局1990年版",,,"洪迎华"
"唐","刘禹锡","文宗大和二年戊申","828",,,"57","","京畿道","京兆府","长安",,"陕西","西安市",,"108.946306","34.347436","主客郎中","春，拟册文","","《拟册皇太子文》","Article","拟册皇太子文
维某年月日。皇帝若曰。于戏。易云明两作离。大人以继明照于四方。盖所以毓其明德。继于正体。邦本由是固。万方由是宁。粤祖宗之阐帝业。亦莫不由此而继于明德。肆予一人。绪承大宝。纂奉丕构。惧有失坠。以贻先帝之羞。永怀主器以继明。用副予不德。咨尔元子王某。袭列圣之姿。体健行之质。吹铜禀异。辨日耀奇。早习德成。克敬师保。事业可大。和顺积中。天纵温文。生知孝悌。洎分茅土。望出东平。符彩昭彰。礼乐文错。固可正位重震。为天下之储君。人神叶从。德任相称。仰稽令典。光载盛仪。是用册命尔为皇太子。往钦哉。夫富贵莫大于家天下。忠孝莫大于敬君亲。俟尔一人。贞于万国。必咨正事。必近正人。必杜逸游。必乐善道。求谏如不及。恶佞如探汤。懋尔厥修。惟怀克和。以贰于朕躬。无忝祖宗之烈。可不慎欤。","卞孝萱《刘禹锡年谱》，中华书局1966年版，第143页","卞孝萱校订《刘禹锡集》诗文补遗卷第619页，中华书局1990年版",,,"洪迎华"
"唐","刘禹锡","文宗大和二年戊申","828",,,"57","","京畿道","京兆府","长安",,"陕西","西安市",,"108.946306","34.347436","主客郎中","春，拟册文","","《拟册齐王文》","Article","拟册齐王文
维某年月日。皇帝若曰。启兹东国。境于青州。略嵎夷。导潍淄。盐絺贡庭。檿丝入篚。粤在少昊。为爽鸠之域。沃若殷商。乃薄姑之邱。周实太公之国。积海岱之饶。习戎革之盛。因俗简礼。其政易成。咨尔第二子某。直谅多闻。温裕有立。乐于为善。力其未能。行本贞廉。言依忠孝。固可锡兹青社。俾藩于东。是用命使某官某乙。持节册命尔为齐王。往钦哉。宜听朕命。夫敬人可以理国。后已可以得人。谓己不明。任贤良以为明。谓己不德。资师傅以为德。国安则备尔忠孝。人散则忝尔君亲。慎乃厥修。无替休命。","卞孝萱《刘禹锡年谱》，中华书局1966年版，第143页","卞孝萱校订《刘禹锡集》诗文补遗卷第620页，中华书局1990年版",,,"洪迎华"
"唐","刘禹锡","文宗大和二年戊申","828",,,"57","","京畿道","京兆府","长安",,"陕西","西安市",,"108.946306","34.347436","主客郎中","春，拟册文","","《拟册楚王文》","Article","拟册楚王文
惟某年月日。皇帝若曰。衡岳峙灵。云梦润德。锡十朋以备神物。包三脊以供王祭。浮江潜汉。实曰渚宫。俗轻而佻。上难其化。咨尔第三子某。正性自得。懿行克修。旷淡居心。宽裕推己。移此成器。绥于荆蛮。锡尔赤社。以屏南土。是用命使某官某乙。持节册命尔为楚王。往钦哉。宜听朕命。于戏。布政在宽。革俗先信。分吾之忧。以惠黎庶。励尔之志。以报君亲。为子为臣。克忠克孝。臻于二德。在理一邦。祗敬勿休。无忝我命。","卞孝萱《刘禹锡年谱》，中华书局1966年版，第143页","卞孝萱校订《刘禹锡集》诗文补遗卷第620页，中华书局1990年版",,,"洪迎华"
"唐","刘禹锡","文宗大和二年戊申","828",,,"57","","京畿道","京兆府","长安",,"陕西","西安市",,"108.946306","34.347436","主客郎中","春，拟册文","","《拟册邠王文》","Article","拟册邠王文
惟某年月日。皇帝若曰。朕读诗至豳风。见古公亶父之迹。然后知王业之难。仰惟我高祖太宗之栉沐风雨。以启天下。是用兢惕。若坠泉谷。豳之旧地。积德之馀。俗厚而忠。人悦其上。王于兹土。克懋贤戚。咨尔第四子某。质重性和。神清气茂。威仪俨若。恬淡寡言。介然风规。坐镇流俗。固可将吾勤俭。宣化豳郊。锡尔白社。藩于西土。是用命使某官某乙。持节册命尔为邠王。往钦哉。宜听朕命。于戏。播种者后稷公刘之业。善继者古公亶父之志。积德行义。国人戴之。诗有七月之章。非惟王业艰难。亦俗阜化成之风也。尔其日夜思之。训以温柔之教。无夺农时。使独戴周德。以忝我一人之命。","卞孝萱《刘禹锡年谱》，中华书局1966年版，第143页","卞孝萱校订《刘禹锡集》诗文补遗卷第621页，中华书局1990年版",,,"洪迎华"
"唐","刘禹锡","文宗大和二年戊申","828",,,"57","","京畿道","京兆府","长安",,"陕西","西安市",,"108.946306","34.347436","主客郎中","春，拟册文","","《拟册晋王文》","Article","拟册晋王文
维某年月日。皇帝若曰。涉河之东。千里而广。右浸卫水。左据常山。蒲版唐尧所封之邱。历山虞舜隐耕之地。晋阳我高祖誓众之野。本晋国也。而谓之唐。其人忧深思远。有帝尧之遗风焉。故我国家因之以启王业。将我朝政。保兹旧邦。克建戚藩。以任贤德。咨尔第五男某。和裕秉质。端贞理身。撝谦似不能。好善如不足。行归于厚。口无择言。本孝克家。资忠体国。固可严奉启圣之域。绥怀积德之邦。锡尔黑社。以藩于北。是用命使某官某乙。持节册命尔为晋王。往钦哉。宜听朕命。于戏。践唐尧之地。理虞舜之人。开高祖之域。尔其兢兢厎慎。以临其人。思流恺悌之风。祗敬兴王之地。无一举足以忘我祖宗艰难之业。往利厥土。以孚于休。","卞孝萱《刘禹锡年谱》，中华书局1966年版，第143页","卞孝萱校订《刘禹锡集》诗文补遗卷第621页，中华书局1990年版",,,"洪迎华"
"唐","刘禹锡","文宗大和二年戊申","828",,,"57","","京畿道","京兆府","长安",,"陕西","西安市",,"108.946306","34.347436","主客郎中","春，拟册文","","《拟公主册文》","Article","拟公主册文
惟某年月日。皇帝若曰。桃李发咏。云日连辉。礼秩克柔。肃雍载美。筑馆大国。建号名邦。乃躅通规。用光懿范。咨尔长女。金枝宠爱。玉质辉奇。蕴异体和。含章挺秀。柔顺懿德。幽闲可贞。已及初笄。言从下嫁。主之以同姓叔父。配之以贵族闻人。式遵旧仪。锡是土宇。是用命使某官某。持节册命尔为某公主。于戏。何彼秾矣。诗之国风。盖美王姬。能成妇道。尔其克念。以敬所从。无忝我之休命。不其猗欤。","卞孝萱《刘禹锡年谱》，中华书局1966年版，第143页","卞孝萱校订《刘禹锡集》诗文补遗卷第622页，中华书局1990年版",,,"洪迎华"
"唐","刘禹锡","文宗大和二年戊申","828",,,"57","","京畿道","京兆府","长安",,"陕西","西安市",,"108.946306","34.347436","主客郎中","春，拟制文","","《拟门下侍郎平章事制》","Article","","卞孝萱《刘禹锡年谱》，中华书局1966年版，第143页","卞孝萱校订《刘禹锡集》诗文补遗卷第628页，中华书局1990年版",,,"洪迎华"
"唐","刘禹锡","文宗大和二年戊申","828",,,"57","","京畿道","京兆府","长安",,"陕西","西安市",,"108.946306","34.347436","主客郎中","春，拟制文","","《拟中书侍郎平章事制》","Article","","卞孝萱《刘禹锡年谱》，中华书局1966年版，第143页","卞孝萱校订《刘禹锡集》诗文补遗卷第629页，中华书局1990年版",,,"洪迎华"
"唐","刘禹锡","文宗大和二年戊申","828",,,"57","","京畿道","京兆府","长安",,"陕西","西安市",,"108.946306","34.347436","主客郎中","夏，与友裴度、张籍、白居易、韦行式游，联句作诗","裴度，张籍，白居易，韦行式","《西池落泉联句》","Poem","","卞孝萱《刘禹锡年谱》，中华书局1966年版，第146页","卞孝萱校订《刘禹锡集》卷32第457页，中华书局1990年版",,,"洪迎华"
"唐","刘禹锡","文宗大和二年戊申","828",,,"57","","京畿道","京兆府","长安",,"陕西","西安市",,"108.946306","34.347436","主客郎中","夏，与友裴度、张籍、白居易、韦行式游，联句作诗","裴度，张籍，白居易，韦行式","《首夏犹清和联句》","Poem","","卞孝萱《刘禹锡年谱》，中华书局1966年版，第147页","卞孝萱校订《刘禹锡集》卷32第456页，中华书局1990年版",,,"洪迎华"
"唐","刘禹锡","文宗大和二年戊申","828",,,"57","","京畿道","京兆府","长安",,"陕西","西安市",,"108.946306","34.347436","主客郎中","夏，与友裴度、张籍、白居易、韦行式游，联句作诗","裴度，张籍，白居易，韦行式","《蔷薇花联句》","Poem","","卞孝萱《刘禹锡年谱》，中华书局1966年版，第147页","卞孝萱校订《刘禹锡集》卷32第456页，中华书局1990年版",,,"洪迎华"
"唐","刘禹锡","文宗大和二年戊申","828",,,"57","","京畿道","京兆府","长安",,"陕西","西安市",,"108.946306","34.347436","主客郎中","夏，在长安，令狐楚开壁赏竹，有诗继和","令狐楚","《令狐相公见示赠竹二十韵仍命继和》","Poem","令狐相公见示赠竹二十韵仍命继和
高人必爱竹，寄兴良有以。峻节可临戎，虚心宜待士。众芳信妍媚，威凤难栖止。遂于鼙鼓间，移植东南美。封以梁国土，浇之浚泉水。得地色不移，凌空势方起。新青排故叶，馀粉笼疏理。犹复隔墙藩，何因出尘滓。兹辰去前蔽，永日劳瞪视。槭槭林已成，荧荧玉相似。规摹起心匠，洗涤在颐指。曲直既瞭然，孤高何卓尔。垂梢覆内屏，迸笋侵前戺。妓席拂云鬓，宾阶荫珠履。抱琴恣闲玩，执卷堪斜倚。露下悬明珰，风来韵清徵。坚贞贯四候，标格殊百卉。岁晚当自知，繁华岂云比。古诗无赠竹，高唱从此始。一听清瑶音，峥然长在耳。","陶敏、陶红雨《刘禹锡全集编年校注》，岳麓书社2003年版，第456页","卞孝萱校订《刘禹锡集》卷33第463页，中华书局1990年版",,,"洪迎华"
"唐","刘禹锡","文宗大和二年戊申","828",,,"57","","京畿道","京兆府","长安",,"陕西","西安市",,"108.946306","34.347436","主客郎中","作诗答白居易","白居易","《答白刑部闻新蝉》","Poem","答白刑部闻新蝉
蝉声未发前，已自感流年。一入凄凉耳，如闻断续弦。晴清依露叶，晚急畏霞天。何事秋卿咏，逢时亦悄然。","卞孝萱《刘禹锡年谱》，中华书局1966年版，第147页","卞孝萱校订《刘禹锡集》卷31第427页，中华书局1990年版",,,"洪迎华"
"唐","刘禹锡","文宗大和二年戊申","828",,,"57","","京畿道","京兆府","长安",,"陕西","西安市",,"108.946306","34.347436","主客郎中","闻韩宾擢第，作诗贺，兼寄韩晔","韩宾，韩晔","《闻韩宾擢第归觐以诗美之兼贺韩十五曹长时韩牧永州》","Poem","闻韩宾擢第归觐以诗美之兼贺韩十五曹长时韩牧永州
零陵香草满郊坰，丹穴雏飞入翠屏。孝若归来成画赞，孟阳别后有山铭。兰陔旧地花才结，桂树新枝色更青。为报儒林丈人道，如今从此鬓星星。","卞孝萱《刘禹锡年谱》，中华书局1966年版，第147页","卞孝萱校订《刘禹锡集》卷24第312页，中华书局1990年版",,,"洪迎华"
"唐","刘禹锡","文宗大和二年戊申","828",,,"57","","京畿道","京兆府","长安",,"陕西","西安市",,"108.946306","34.347436","主客郎中","作诗送友","","《送太常萧博士弃官归养赴东都》","Poem","送太常萧博士弃官归养赴东都
兄弟尽鸳鸾，归心切问安。贪荣五䌽服，遂挂两梁冠。侍膳曾调鼎，循陔更握兰。从今别君后，长忆德星看。","卞孝萱《刘禹锡年谱》，中华书局1966年版，第148页","卞孝萱校订《刘禹锡集》卷28第367页，中华书局1990年版",,,"洪迎华"
"唐","刘禹锡","文宗大和二年戊申","828",,,"57","","京畿道","京兆府","长安",,"陕西","西安市",,"108.946306","34.347436","主客郎中","作诗唱和","张籍","《和苏郎中寻丰安里旧居寄主客张郎中》","Poem","和苏郎中寻丰安里旧居寄主客张郎中
漳滨卧起恣闲游，宣室徵还未白头。旧隐来寻通德里，新篇写出畔牢愁。池看科斗成文字，鸟听提壶忆献酬。同学同年又同舍，许君云路并华辀。","卞孝萱《刘禹锡年谱》，中华书局1966年版，第148页","卞孝萱校订《刘禹锡集》卷36第533页，中华书局1990年版",,,"洪迎华"
"唐","刘禹锡","文宗大和二年戊申","828",,,"57","","京畿道","京兆府","长安",,"陕西","西安市",,"108.946306","34.347436","主客郎中","裴度欲荐刘禹锡知制诰，未果","裴度",,"","","卞孝萱《刘禹锡年谱》，中华书局1966年版，第140页",,,,"洪迎华"
"唐","刘禹锡","文宗大和二年戊申","828",,,"57","","京畿道","京兆府","长安",,"陕西","西安市",,"108.946306","34.347436","主客郎中，兼集贤殿学士","秋以前，为集贤殿学士","",,"","","卞孝萱《刘禹锡年谱》，中华书局1966年版，第141页",,,,"洪迎华"
"唐","刘禹锡","文宗大和二年戊申","828","7",,"57","","京畿道","京兆府","长安",,"陕西","西安市",,"108.946306","34.347436","主客郎中，兼集贤殿学士","早秋，任职集贤院，感事作诗","","《早秋集贤院即事》","Poem","早秋集贤院即事
金数已三伏，火星正西流。树含秋露晓，阁倚碧天秋。灰琯应新律，铜壶添夜筹。商飙从朔塞，爽气入神州。蕙草香书殿，槐花点御沟。山明真色见，水静浊烟收。早岁忝华省，再来成白头。幸依群玉府，末路尚瀛洲。","卞孝萱《刘禹锡年谱》，中华书局1966年版，第148页","卞孝萱校订《刘禹锡集》卷22第284页，中华书局1990年版",,,"洪迎华"
"唐","刘禹锡","文宗大和二年戊申","828","7",,"57","","京畿道","京兆府","长安",,"陕西","西安市",,"108.946306","34.347436","主客郎中，兼集贤殿学士","秋初，出城观秋稼，作诗记事","","《大和戊申岁大有年诏赐百僚出城观秋稼谨书盛事以俟采诗者》","Poem","太和戊申岁大有年诏赐百僚出城观秋稼谨书盛事以俟采诗者
长安铜雀鸣，秋稼与云平。玉烛调寒暑，金风报顺成。川原呈上瑞，恩泽赐闲行。欲反重城掩，犹闻歌吹声。","卞孝萱《刘禹锡年谱》，中华书局1966年版，第148页","卞孝萱校订《刘禹锡集》卷22第284页，中华书局1990年版",,,"洪迎华"
"唐","刘禹锡","文宗大和二年戊申","828","8",,"57","","京畿道","京兆府","长安",,"陕西","西安市",,"108.946306","34.347436","主客郎中，兼集贤殿学士","八月既望，新驿建成。禹锡作文以记","","《管城新驿记》","Article","管城新驿记
大和二年闰三月。荥阳守归厚上言。臣治所直天下大逵。肘武牢而咽东夏。谁何宜谨。启闭宜度。先是驿于城中。驿遽不时。四门牡键。通夕弗禁。请更于外隧。永永便安。制曰可。守臣奉诏。无徵命。无夺时。縻羡财。募游手。逮八月既望。新驿成。郑人胥说。琢石而记曰。在兑之方。面元负阳。门衔周道。墙阴行桑。境胜于外也。远购名材。旁延世工。暨涂宣皙。瓴甓刚滑。术精于内也。蘧庐有甲乙。床帐有冬夏。庭容牙节。庑卧囊橐。示礼而不慁也。内庖外厩。高仓邃库。积薪就阳。峙刍就燥。有素而不愆也。主吏有第。役夫有区。师行者有飨亭。孥行者有别邸。周以高墉。乃楼其门。劳迎展蠲洁之敬。饯别起登临之思。溱洧波澜。嵩邱云烟。四时万象。来贶于我。走毂奔蹄。遄征急宣。入而忘劳。出必屡顾。其传舍之尤乎。太守姓杨氏。字贞一。华阴宏农人。郑为雄州。非闻人大吏。不得在其选。夫驿之宜迁于外也。前此二千石尝言之。而重改作。若贞一。可谓果于从政而决行其言。惜乎未施于大也。","卞孝萱《刘禹锡年谱》，中华书局1966年版，第144页","卞孝萱校订《刘禹锡集》卷8第100页，中华书局1990年版",,,"洪迎华"
"唐","刘禹锡","文宗大和二年戊申","828",,,"57","","京畿道","京兆府","长安",,"陕西","西安市",,"108.946306","34.347436","主客郎中，兼集贤殿学士","秋，题诗窦巩新居","窦巩","《秋日题窦员外崇德里新居》","Poem","秋日题窦员外崇德里新居
长爱街西风景闲，到君居处暂开颜。清光门外一渠水，秋色墙头数点山。疏种碧松通月朗，多栽红药待春还。莫言堆案无馀地，认得诗人在此间。","陶敏、陶红雨《刘禹锡全集编年校注》，岳麓书社2003年版，第464页","卞孝萱校订《刘禹锡集》卷24第315页，中华书局1990年版",,,"洪迎华"
"唐","刘禹锡","文宗大和二年戊申","828",,,"57","","京畿道","京兆府","长安",,"陕西","西安市",,"108.946306","34.347436","主客郎中，兼集贤殿学士","秋，与白居易皆有诗赠王山人","王山人","《同白二十二赠王山人》","Poem","同白二十二赠王山人
爱名之世忘名客，多事之时无事身。古老相传见来久，岁年虽变貌常新。飞章上达三清路，受箓平交五岳神。笑听鼕鼕朝暮鼓，只能催得市朝人。","陶敏、陶红雨《刘禹锡全集编年校注》，岳麓书社2003年版，第466页","卞孝萱校订《刘禹锡集》卷31第430页，中华书局1990年版",,,"洪迎华"
"唐","刘禹锡","文宗大和二年戊申","828",,,"57","","京畿道","京兆府","长安",,"陕西","西安市",,"108.946306","34.347436","主客郎中，兼集贤殿学士","秋，有诗书怀寄友","王璠","《秋日书怀寄河南王尹》","Poem","秋日书怀寄河南王尹
公府想无事，西池秋水清。去年为狎客，永日奉高情。况有台上月，如闻云外笙。不知桑落酒，今岁与谁倾。","陶敏、陶红雨《刘禹锡全集编年校注》，岳麓书社2003年版，第462页","卞孝萱校订《刘禹锡集》卷36第531页，中华书局1990年版",,,"洪迎华"
"唐","刘禹锡","文宗大和二年戊申","828",,,"57","","京畿道","京兆府","长安",,"陕西","西安市",,"108.946306","34.347436","主客郎中，兼集贤殿学士","作诗与裴度唱和","裴度","《和裴相公寄白侍郎求双鹤》","Poem","和裴相公寄白侍郎求双鹤
皎皎华亭鹤，来随太守船。青云意长在，沧海别经年。留滞清洛苑，裴回明月天。何如凤池上，双舞入祥烟。","卞孝萱《刘禹锡年谱》，中华书局1966年版，第148页","卞孝萱校订《刘禹锡集》卷31第427页，中华书局1990年版",,,"洪迎华"
"唐","刘禹锡","文宗大和二年戊申","828",,,"57","","京畿道","京兆府","长安",,"陕西","西安市",,"108.946306","34.347436","主客郎中，兼集贤殿学士","与白居易诗歌唱和","白居易","《和乐天送鹤上裴相公别鹤之作》","Poem","和乐天送鹤上裴相公别鹤之作
昨日看成送鹤诗，高笼提出白云司。朱门乍入应迷路，玉树容栖莫拣枝。双舞庭中花落处，数声池上月明时。三山碧海不归去，且向人间呈羽仪。","卞孝萱《刘禹锡年谱》，中华书局1966年版，第148页","卞孝萱校订《刘禹锡集》卷31第427页，中华书局1990年版",,,"洪迎华"
"唐","刘禹锡","文宗大和二年戊申","828","10",,"57","","京畿道","京兆府","长安",,"陕西","西安市",,"108.946306","34.347436","主客郎中，兼集贤殿学士","十月，令狐楚入京为户部尚书，刘禹锡与其诗文唱和","令狐楚","《和令狐相公初归京国赋诗言怀》","Poem","和令狐相公初归京国赋诗言怀
凌云羽翮掞天才，扬历中枢与外台。相印昔辞东阁去，将星还拱北辰来。殿庭捧日彯缨入，阁道看山曳履回。口不言功心自适，吟诗酿酒待花开。","卞孝萱《刘禹锡年谱》，中华书局1966年版，第148页","卞孝萱校订《刘禹锡集》卷31第431页，中华书局1990年版",,,"洪迎华"
"唐","刘禹锡","文宗大和二年戊申","828","10",,"57","","京畿道","京兆府","长安",,"陕西","西安市",,"108.946306","34.347436","主客郎中，兼集贤殿学士","十月，冯宿为河南尹。刘禹锡与白居易作诗送之","白居易，冯宿","《同乐天送河南尹冯学士》","Poem","同乐天送河南冯尹学士
可怜五马风流地，暂辍金貂侍从才。阁上掩书刘向去，门前修刺孔融来。崤陵路静寒无雨，洛水桥长昼起雷。共羡府中棠棣好，先于城外百花开。","卞孝萱《刘禹锡年谱》，中华书局1966年版，第149页","卞孝萱校订《刘禹锡集》卷31第429页，中华书局1990年版",,,"洪迎华"
"唐","刘禹锡","文宗大和二年戊申","828",,,"57","","京畿道","京兆府","长安",,"陕西","西安市",,"108.946306","34.347436","主客郎中，兼集贤殿学士","王建赴陕州司马，作诗送之","王建","《送王司马之陕州》","Poem","送王司马之陕州
暂辍清斋出太常，空携诗卷赴甘棠。府公既有朝中旧，司马应容酒后狂。案牍来时唯署字，风烟入兴便成章。两京大道多游客，每遇词人战一场。","卞孝萱《刘禹锡年谱》，中华书局1966年版，第149页","卞孝萱校订《刘禹锡集》卷28第368页，中华书局1990年版",,,"洪迎华"
"唐","刘禹锡","文宗大和二年戊申","828",,,"57","","京畿道","京兆府","长安",,"陕西","西安市",,"108.946306","34.347436","主客郎中，兼集贤殿学士","作诗答东阳令于兴宗","于兴宗","《答东阳于令寒碧图诗并引》","Poem","荅东阳于令寒碧图诗
东阳本是佳山水，何况曾经沈隐侯。化得邦人解吟咏，如今县令亦风流。新开谭洞疑仙境，远写丹青到雍州。落在寻常画师手，犹能三伏凛生秋。","卞孝萱《刘禹锡年谱》，中华书局1966年版，第149页","卞孝萱校订《刘禹锡集》卷25第331页，中华书局1990年版",,,"洪迎华"
"唐","刘禹锡","文宗大和二年戊申","828",,,"57","","京畿道","京兆府","长安",,"陕西","西安市",,"108.946306","34.347436","主客郎中，兼集贤殿学士","有诗和白居易","白居易","《和乐天以镜换杯》","Poem","和乐天以镜换酒
把取菱花百鍊镜，换他竹叶十旬杯。嚬眉厌老终难去，蘸甲须欢便到来。妍丑太分迷忌讳，松乔俱傲绝嫌猜。校量功力相千万，好去从空白玉台。","陶敏、陶红雨《刘禹锡全集编年校注》，岳麓书社2003年版，第471页","卞孝萱校订《刘禹锡集》卷31第429页，中华书局1990年版",,,"洪迎华"
"唐","刘禹锡","文宗大和二年戊申","828",,,"57","","京畿道","京兆府","长安",,"陕西","西安市",,"108.946306","34.347436","主客郎中，兼集贤殿学士","十月至次年正月间，有诗和令狐楚","令狐楚","《和令狐相公寻白阁老见留小饮因赠》","Poem","和令狐相公寻白阁老见留小饮因赠
傲士更逢酒，乐天仍对花。文章管星历，情兴占年华。宦达翻思退，名高却不誇。惟存浩然气，相共赏烟霞。","陶敏、陶红雨《刘禹锡全集编年校注》，岳麓书社2003年版，第487页","卞孝萱校订《刘禹锡集》卷33第464页，中华书局1990年版",,,"洪迎华"
"唐","刘禹锡","文宗大和二年戊申","828",,,"57","","京畿道","京兆府","长安",,"陕西","西安市",,"108.946306","34.347436","主客郎中，兼集贤殿学士","十月至次年正月间，令狐楚雪中游玄都观，有诗和之","令狐楚","《酬令狐相公雪中游玄都观见忆》","Poem","酬令狐相公雪中游玄都见忆
好雪动高情，心期在玉京。人披鹤氅出，马踏象筵行。照耀楼台变，淋漓松桂清。玄都留五字，使入步虚声。","陶敏、陶红雨《刘禹锡全集编年校注》，岳麓书社2003年版，第488页","卞孝萱校订《刘禹锡集》卷33第465页，中华书局1990年版",,,"洪迎华"
"唐","刘禹锡","文宗大和三年己酉","829",,,"58","","京畿道","京兆府","长安",,"陕西","西安市",,"108.946306","34.347436","礼部郎中，兼集贤殿学士","除礼部郎中，仍兼集贤殿学士","",,"","","卞孝萱《刘禹锡年谱》，中华书局1966年版，第150页",,,,"洪迎华"
"唐","刘禹锡","文宗大和三年己酉","829",,,"58","","京畿道","京兆府","长安",,"陕西","西安市",,"108.946306","34.347436","礼部郎中，兼集贤殿学士","蒙恩转礼部郎中，举韩泰自代，有诗","韩泰","《蒙恩转仪曹郎依前充集贤学士举韩湖州自代因寄七言》","","蒙恩转仪曹郎依前充集贤学士举韩潮州自代因寄七言
翔鸾阙下谢恩初，通籍由来在石渠。暂入南宫判祥瑞，还归内殿阅图书。故人犹在三江外，同病凡经二纪馀。今日荐君嗟久滞，不惟文体似相如。","陶敏、陶红雨《刘禹锡全集编年校注》，岳麓书社2003年版，第512页","卞孝萱校订《刘禹锡集》卷24第315页，中华书局1990年版",,,"洪迎华"
"唐","刘禹锡","文宗大和三年己酉","829",,,"58","","京畿道","京兆府","长安",,"陕西","西安市",,"108.946306","34.347436","礼部郎中，兼集贤殿学士","白居易取大和元年以来与禹锡赠答诗篇，编为《刘白唱和集》","白居易",,"","","卞孝萱《刘禹锡年谱》，中华书局1966年版，第150页",,,,"洪迎华"
"唐","刘禹锡","文宗大和三年己酉","829",,,"58","","京畿道","京兆府","长安",,"陕西","西安市",,"108.946306","34.347436","礼部郎中，兼集贤殿学士","为王涯作先庙碑文","王涯","《唐兴元节度使王公先庙碑》","Article","唐兴元节度使王公先庙碑
唐制五等。有爵服而无山川。登于三事。得立四庙。备物崇祀。以交神明。敬先报本。以辅孝治。有国之令典也。惟长庆三年。前相国王公始卜庙于西京崇业里。公时镇剑南东川。上章曰。臣涯官秩印绶。品俱第三。请如式以奉宗庙。制曰可。是岁仲冬。申命长男孟坚祔其主于三室。明年。公入为御史大夫。复以十二月躬行烝祭。间岁。公出梁州。就拜司空。礼崇异数。庙加祀室。大和二年。增新室既成。祔显考于尊位。告飨由礼。观之者以为世程。第一室曰上仪同幽州别驾府君讳元政。以妣博陵崔氏配。第二室曰湖州安吉县令赠尚书刑部员外郎府君讳寔。以妣赠扶风县太君马氏配。第三室曰朝散大夫青州司马赠户部侍郎府君讳祚。以妣赠武威郡太夫人贾氏配。第四室曰温州刺史赠太尉府君讳晃。以妣赠鲁国太夫人博陵崔氏配。初周王太子晋遇浮邱公。化为神仙。时人号曰王家。其后遂以命氏。显于秦者曰剪。三世将秦师。子孙分居晋代间。东汉有徵君霸。霸孙甲。亦号徵君。徙居祁县为著姓。故至于今为太原人。自汉涉魏。益以炽昌。凡十叶至后魏度支尚书广阳侯囧。广阳有二子。神念神感。神念南奔梁。神感北仕齐。惟仪同府君广阳侯五代孙也。唐兴于太原。寔从义旗。佐成王业。故有开府仪同之宠。惟刑部府君以功臣子理二邑。不跻贵仕。故有锡羡后大之祥。惟户部府君幼孤以孝闻于乡曲。未冠以文售于有司。由前进士补延州临安县主簿。会诏徵贤良。策在甲科。授瀛州饶阳尉。岁满迁渭南。天后在神都。而东畿差重。遂由渭南转河阳。适逢建万象神宫。甸内吏分董其役。因上书切谏。繇是名益闻。开元初以大理司直驰轺车联谳大狱。闽禺朔漠。所至决平。早以栾棘伤生。晚成剧恙。乐就夷旷。故不至大官。惟太尉府君生于治平时。以文学自奋。年十有五。贲然从秋赋。明年春升名于司徒。又一年。玄宗御层楼。发德音。悬文辞政术科以置髦士。府君策最高。授太常寺太祝。未几。复以能通道德南华冲虚三真经进盩厔尉。天宝中历右拾遗左补阙礼部司驾二员外郎。属幽陵乱华。遣兵南服。因佐闽粤。改检校比部郎中行军司马。时中原甫宁。江南为吉地。二千石多用名德。乃以府君牧温州。朝廷虚公卿以俟高第。及闻讣。永嘉人辍舂罢社。荐绅閒以不淑相吊焉。虽位负于道。而迈德垂矩。后之人得以缵承丕扬之。其储休启祐有自云尔。生三子。皆聪明绝人。长曰沼。以神童仕至检校礼部郎中。次曰洁。以奇文仕至国子司业。今代郡公。寔季子也。早在文士籍。射策连中。咸世其家。贞元中。德宗闻其名。自蓝田尉召入禁中视草。厥后三典书命。再参内庭。宪宗器之。付以国柄。翊赞有道。虽策免。常居大僚。今年自梁州请觐。上思用旧臣为羽仪。遂领太常。其公府如故。以一心事六君。显官重务。靡不扬历。且夫起诸生至三公。而心愈卑。道益广。出授黄钺以临诸侯。入服华章以谒家庙。追崇极大位。血食备多室。享全荣而奉昭荐。呜呼。公侯之孝欤。宜书庙器。以视乔公之三鼎。其词曰。閟宇神庭。邃清而严。上公之仪。四室耽耽。牺以洁牲。粢以大糦。交神尚敬。合魂尚气。子姓宗工。骏奔奉事。副笄侈袂。俨恪居次。孝孙兢兢。执爵而升。以祼以濯。以伏以兴。水陆具来。膻芗毕登。列于圜方。其器增增。乃礿乃尝。敬而追远。二昭二穆。孝以尊本。瞻瞻几幄。蹜蹜堂阃。礼成起慕。涕落元衮。濡露践霜。谁无永怀。不如达者。哀与荣偕。逢时奋庸。谁不得位。不如仁人。以道为贵。惟公之达兮。名以显亲。惟公之仁兮。德以澡身。六朝之清臣。一代之全人。宜其世家。翼翼振振。罔不肃祗。于庙之门。","卞孝萱《刘禹锡年谱》，中华书局1966年版，第150页","卞孝萱校订《刘禹锡集》卷2第19页，中华书局1990年版",,,"洪迎华"
"唐","刘禹锡","文宗大和三年己酉","829","3",,"58","","京畿道","京兆府","长安",,"陕西","西安市",,"108.946306","34.347436","礼部郎中，兼集贤殿学士","三月，牛头山第一祖融大师新塔成，禹锡作文以记","","《牛头山第一祖融大师新塔记》","Article","牛头山第一祖融大师新塔记
初摩阿迦叶受佛心印。得其人而传之。至师子比邱。凡二十五叶。而达摩得焉。东来中华。华人奉之为第一祖。又三传至双峰信公。双峰广其道而歧之。一为东山宗能。秀寂其后也。一为牛头宗严。持威鹤林径山其后也。分慈氏之一支。为如来之别子。咸有祖称。粲然贯珠。大师号法融。姓韦氏。延陵人。少为儒。博极群书。既而叹曰。此仁义言耳。吾志求出世间法。遂入句曲。依僧炅。改逢掖而缁之。徙居是山。宴坐石室。以慧力感通。故旱麓泉涌。以神功示现。故皓雪莲生。巨蛇摧伏。群鹿听法。贞观中。双峰过江。望牛头。顿锡曰。此山有道气。宜有得之者。乃东。果与大师相遇。性合神契。至于无言。同跻智地。密付真印。揭立江左。名闻九围。学徒百千。如水归海。由其门而为天人师者。皆脉分焉。显庆二年。报身示灭。道在后觉。神依故山。戒香不绝。龛座未饰。夫岂不思乎。盖神期冥数。必有所待。大和三年。润州牧浙江西道观察使检校礼部尚书赵郡李公。在镇三闰。百为大备。尚理信古。儒元交修。始下令禁桑门贩佛以眩人者。而于真实相深达焉。尝谓大师像设。宜从本教。言自我启。因自我成。乃召主吏。籍我月入得缗钱二十万。俾秣陵令如符经营之。三月甲子。新塔成。事严而工人尽艺。诚达而山神来护。愿力既从。众心知归。撞钟告白。龙象大会。诸天声香之蕴。如见如闻。即相生敬。明幽同感。尚书欲传信于后远。命愚志之。夫上士解空而离相。中士著空而嫉有。不因相何以示觉。不因有何以悟无。彼达真谛而得中道者。当知为而不有。贤乎以不修为无也。","卞孝萱《刘禹锡年谱》，中华书局1966年版，第151页","卞孝萱校订《刘禹锡集》卷4第55页，中华书局1990年版",,,"洪迎华"
"唐","刘禹锡","文宗大和三年己酉","829","3",,"58","","京畿道","京兆府","长安",,"陕西","西安市",,"108.946306","34.347436","礼部郎中，兼集贤殿学士","三月，令狐楚拜东都留守。禹锡与白居易作诗送之","白居易，令狐楚","《同乐天送令狐相公赴东都留守》","Poem","同乐天送令狐相公赴东都留守
尚书剑履出明光，居守旌旗赴洛阳。世上功名兼将相，人间声价是文章。衙门晓辟分天仗，宾幕初开辟省郎。从发坡头向东望，春风处处有甘棠。","卞孝萱《刘禹锡年谱》，中华书局1966年版，第152页","卞孝萱校订《刘禹锡集》卷31第433页，中华书局1990年版",,,"洪迎华"
"唐","刘禹锡","文宗大和三年己酉","829","3",,"58","","京畿道","京兆府","长安",,"陕西","西安市",,"108.946306","34.347436","礼部郎中，兼集贤殿学士","三月，令狐楚由长安赴洛阳时，禹锡与之诗文唱和","令狐楚","《和令狐相公别牡丹》","Poem","和令狐相公别牡丹
平章宅里一栏花，临到开时不在家。莫道两京非远别，春明门外即天涯。","卞孝萱《刘禹锡年谱》，中华书局1966年版，第152页","卞孝萱校订《刘禹锡集》卷33第465页，中华书局1990年版",,,"洪迎华"
"唐","刘禹锡","文宗大和三年己酉","829","3",,"58","","京畿道","京兆府","长安",,"陕西","西安市",,"108.946306","34.347436","礼部郎中，兼集贤殿学士","三月，令狐楚由长安赴洛阳时，禹锡与之诗文唱和","令狐楚","《酬令狐留守巡内至集贤院见寄》","Poem","酬令狐留守巡内至集贤院见寄
仙院文房隔旧宫，当时盛事尽成空。墨池半在颓垣下，书带犹生蔓草中。巡内因经九重苑，裁诗又继二南风。为兄手写殷勤句，遍历三台各一通。","卞孝萱《刘禹锡年谱》，中华书局1966年版，第152页","卞孝萱校订《刘禹锡集》卷33第466页，中华书局1990年版",,,"洪迎华"
"唐","刘禹锡","文宗大和三年己酉","829",,,"58","","京畿道","京兆府","长安",,"陕西","西安市",,"108.946306","34.347436","礼部郎中，兼集贤殿学士","为令狐楚作先庙碑文","令狐楚","《东都留守令狐楚家庙碑》","Article","东都留守令狐楚家庙碑
今上元年七月十三日。汴州刺史宣武军节度副大使知节度事汴宋亳等州观察处置使银青光禄大夫检校礼部尚书兼御史大夫上柱国彭阳县开国伯令狐公西向拜章上言。守臣楚蒙被恩泽。列为元侯。得立家庙。以奉常祀。制书下其奏于有司。于是善相考祥。得地于京师通济里。居无何。新庙成。公以守藩故。申命季弟监察御史定卜牲练日。越八月丁亥。祔享三室。塪墉以尚幽。设幄以迎精。礼无尤违。神用宁谧。第一室曰秦州上邽县尉讳浚。以妣太原王氏配。第二室曰绵州昌明县令赠吏部尚书讳崇亮。以妣赠太原郡夫人河东柳氏配。第三室曰太原府功曹参军赠太子太保讳丞简。以妣赠魏国太夫人富春孙氏配。明年十月。公由浚郊以介圭入觐。真拜户部尚书。进爵为鲁侯。既辞戎旃。得以列侯谒三庙。是岁南至。上不视朝。又得以时展祭。先期致斋。栗然以敬。既斋尽志。歆然永思。奉其百顺。陈以具物。始跻而虔恭。终献而汍澜。既卒事。顾丽牲之石。宜有刊纪。乃俾家老授其牒于所知云。令狐晋邑也。晋大夫魏颗以辅氏之功始封焉。其易名曰文。国语所谓令狐文子是也。其先周文王之昭毕公高之裔毕万为晋卿。始封于魏。自万至颗盖四世。其后三十七世。蓝田侯虬仕拓跋魏为燉煌郡太守。子孙因家。遂占数为郡人。蓝田之孙熙。在隋为纳言。惟上邽府君纳言之元孙。道克肖而位不至。惟尚书府君西州之右族。光未耀而德已基。惟太保府君志为君子儒。以明经居上第。调补阳安县主簿。历正平县尉汾州司法参军陜西大都督府兵曹。终于太原府首掾。始以颛经进。既仕。旁通百家。爱谷梁子清而婉。左邱明国语辨而工。司马迁史记文而不华。咸手笔朱墨。究其微旨。恺悌以肥家。信谊以急人。德充齿耋。独享天爵。故休祐集于身后。徽章流乎佳城。凡以子贵承泽降命书告第者。始赠尚书祠部郎中。再赠礼部尚书。三加右仆射。四进太保。五为上公。先夫人亦四徙封。密印累累。邦族耸慕。生三子皆才。彭阳公为嗣。次子从。端实肃给。今为检校膳部郎中参河东军事。季子前所谓监察御史。今主柱下方书。温敏而有文。绰绰然真令兄弟。惟彭阳公以词笔取科名。累参侍从。由博士主尚书笺奏。典内外书命。遂登枢衡。言文章者以为冠。拥节总戎。率身和众。留惠于盟津。变风于浚都。言方略者以为能。夫浚师嚄唶难治。乘衅窃发。寖成习俗。莅政五载。饮和革心。束马来朝。熊罴陨涕。问公还期。觞必祝之。留为常伯。旋命居守。汴人闻公之东。近而愈怀。翘翘瞿瞿。尽西其首。言遗爱者可纪焉。贵而率礼。老而能慕。怵惕乎霜露。斋庄乎庙祧。睦其仲季。施其乡党。言孝悌者归厚焉。勒铭于碑。以代彝鼎。铭曰。已孤之孝。莫如备物。显彼新庙。四阿三室。时维仲月。卜用柔日。盏醴苾芬。牲牷博腯。笾甒在堂。萧膋在庭。孝孙蒸蒸。躬若捧盈。低簪委绅。荐俎登铏。肸蚃交感。流涕缘缨。礼以备仪。诚以致美。祖考来格。锡之休祉。工祝告讫。退循轩戺。乃授风人。作诗以纪。猗欤彭阳之宠。光佐宪皇。穆穆皇皇。西省东台。迭为侍郎。国之大柄。咨尔平章。敬宗凝旒。俾镇雍邱。入为地官。令守东州。彭阳之忠。厚宜介福。以寿东郊。既釐可复。朝右绵绵。其冑系于周旧。由我显起。必昌其后。大和纪元。作庙之首。刻碑庙门。龙集己酉。","卞孝萱《刘禹锡年谱》，中华书局1966年版，第151页","卞孝萱校订《刘禹锡集》卷2第22页，中华书局1990年版",,,"洪迎华"
"唐","刘禹锡","文宗大和三年己酉","829",,,"58","","京畿道","京兆府","长安",,"陕西","西安市",,"108.946306","34.347436","礼部郎中，兼集贤殿学士","春，与令狐楚唱和","令狐楚","《和令狐相公春日寻花有怀白侍郎阁老》","Poem","和令狐相公春日寻花有怀白侍郎阁老
芳菲满雍州，鸾凤许同游。花径须深入，时光不少留。色鲜由树嫩，枝亚为房稠。静对仍持酒，高看特上楼。晴宜连夜赏，雨便一年休。共忆秋官处，馀霞曲水头。","卞孝萱《刘禹锡年谱》，中华书局1966年版，第151页","卞孝萱校订《刘禹锡集》卷31第431页，中华书局1990年版",,,"洪迎华"
"唐","刘禹锡","文宗大和三年己酉","829",,,"58","","京畿道","京兆府","长安",,"陕西","西安市",,"108.946306","34.347436","礼部郎中，兼集贤殿学士","春，裴度相招南亭看雪，令狐楚有诗，刘禹锡和之","令狐楚","《和令狐相公以司空裴相公见招南亭看雪四韵》","Poem","和令狐相公以司空裴相见招南亭看雪四韵
重门不下关，枢务有馀闲。上客同看雪，高亭尽见山。瑞呈霄汉外，兴入笑言间。知是平阳会，人人带酒还。","陶敏、陶红雨《刘禹锡全集编年校注》，岳麓书社2003年版，第489页","卞孝萱校订《刘禹锡集》卷33第465页，中华书局1990年版",,,"洪迎华"
"唐","刘禹锡","文宗大和三年己酉","829",,,"58","","京畿道","京兆府","长安",,"陕西","西安市",,"108.946306","34.347436","礼部郎中，兼集贤殿学士","春，与白居易诗文唱和","白居易","《答乐天戏赠》","Poem","答乐天戏赠
才子声名白侍郎，风流虽老尚难当。诗情逸似陶彭泽，斋日多如周太常。矻矻将心求净法，时时偷眼看春光。知君技痒思欢宴，欲倩天魔破道场。","卞孝萱《刘禹锡年谱》，中华书局1966年版，第152页","卞孝萱校订《刘禹锡集》卷31第433页，中华书局1990年版",,,"洪迎华"
"唐","刘禹锡","文宗大和三年己酉","829",,,"58","","京畿道","京兆府","长安",,"陕西","西安市",,"108.946306","34.347436","礼部郎中，兼集贤殿学士","春，白居易授太子宾客分司，禹锡作诗赠别","白居易","《刑部白侍郎谢病长告改宾客分司以诗赠别》","Poem","刑部白侍郎谢病长告改宾客分司以诗赠别
鼎食华轩到眼前，拂衣高谢岂徒然。九霄路上辞朝客，四皓丛中作少年。他日卧龙终得雨，今朝放鹤且冲天。洛阳旧有衡茆在，亦拟抽身伴地仙。","卞孝萱《刘禹锡年谱》，中华书局1966年版，第152页","卞孝萱校订《刘禹锡集》卷32第437页，中华书局1990年版",,,"洪迎华"
"唐","刘禹锡","文宗大和三年己酉","829",,,"58","","京畿道","京兆府","长安",,"陕西","西安市",,"108.946306","34.347436","礼部郎中，兼集贤殿学士","春，白居易授太子宾客分司，禹锡作诗以别","白居易","《叹水别白二十二》","Poem","叹水别白二十二
水，至清，尽美。从一勺，至千里。利人利物，时行时止。道性净皆然，交情淡如此。君游金谷堤上，我在石渠署里。两心相忆似流波，潺湲日夜无穷已。","卞孝萱《刘禹锡年谱》，中华书局1966年版，第152页","卞孝萱校订《刘禹锡集》卷31第432页，中华书局1990年版",,,"洪迎华"
"唐","刘禹锡","文宗大和三年己酉","829",,,"58","","京畿道","京兆府","长安",,"陕西","西安市",,"108.946306","34.347436","礼部郎中，兼集贤殿学士","春，白居易授太子宾客分司，裴度、刘禹锡、张籍等于兴化池宴送，联句作诗","裴度，白居易，张籍","《宴兴化池亭送白二十二东归联句》","Poem","","卞孝萱《刘禹锡年谱》，中华书局1966年版，第152页","卞孝萱校订《刘禹锡集》卷32第454页，中华书局1990年版",,,"洪迎华"
"唐","刘禹锡","文宗大和三年己酉","829",,,"58","","京畿道","京兆府","长安",,"陕西","西安市",,"108.946306","34.347436","礼部郎中，兼集贤殿学士","春，白居易授太子宾客分司，裴度、刘禹锡、张籍等于兴化池宴送，联句作诗","裴度，张籍，段行式","《西池送白二十二东归兼寄令狐相公联句》","Poem","","卞孝萱《刘禹锡年谱》，中华书局1966年版，第153页","卞孝萱校订《刘禹锡集》卷32第455页，中华书局1990年版",,,"洪迎华"
"唐","刘禹锡","文宗大和三年己酉","829",,,"58","","京畿道","京兆府","长安",,"陕西","西安市",,"108.946306","34.347436","礼部郎中，兼集贤殿学士","春，白居易授太子宾客分司，将至洛阳，与禹锡、令狐楚诗歌唱和","令狐楚，白居易","《和留守令狐相公答白宾客》","Poem","和留守令狐相公答白宾客
麦陇和风吹树枝，商山逸客出关时。身无拘束起长晚，路足交亲行自迟。官拂象筵终日待，私将鸡黍几人期。君来不用飞书报，万户先从纸贵知。","卞孝萱《刘禹锡年谱》，中华书局1966年版，第153页","卞孝萱校订《刘禹锡集》卷32第438页，中华书局1990年版",,,"洪迎华"
"唐","刘禹锡","文宗大和三年己酉","829",,,"58","","京畿道","京兆府","长安",,"陕西","西安市",,"108.946306","34.347436","礼部郎中，兼集贤殿学士","本年或前年春，在长安，有诗和白居易","白居易","《和乐天春词》","Poem","和乐天春词
新妆面面下朱楼，深锁春光一院愁。行到中庭数花朵，蜻蜓飞上玉搔头。","陶敏、陶红雨《刘禹锡全集编年校注》，岳麓书社2003年版，第494页","卞孝萱校订《刘禹锡集》卷31第432页，中华书局1990年版",,,"洪迎华"
"唐","刘禹锡","文宗大和三年己酉","829",,,"58","","京畿道","京兆府","长安",,"陕西","西安市",,"108.946306","34.347436","礼部郎中，兼集贤殿学士","本年或前年春，在长安，闻乐人曹刚演奏，有诗","曹刚","《曹刚》","Poem","曹刚
大弦嘈囋小弦清，喷雪含风意思生。一听曹刚弹薄媚，人生不合出京城。","陶敏、陶红雨《刘禹锡全集编年校注》，岳麓书社2003年版，第495页","卞孝萱校订《刘禹锡集》卷38第558页，中华书局1990年版",,,"洪迎华"
"唐","刘禹锡","文宗大和三年己酉","829",,,"58","","京畿道","京兆府","长安",,"陕西","西安市",,"108.946306","34.347436","礼部郎中，兼集贤殿学士","本年或前年春，在长安，有诗赠歌童田顺郎","田顺郎","《与歌童田顺郎》","Poem","与歌童田顺郎
天下能歌御史娘，花前叶底奉君王。九重深处无人见，分付新声与顺郎。","陶敏、陶红雨《刘禹锡全集编年校注》，岳麓书社2003年版，第495页","卞孝萱校订《刘禹锡集》卷25第334页，中华书局1990年版",,,"洪迎华"
"唐","刘禹锡","文宗大和三年己酉","829",,,"58","","京畿道","京兆府","长安",,"陕西","西安市",,"108.946306","34.347436","礼部郎中，兼集贤殿学士","本年或前年春，在长安，感田顺郎歌艺，有诗","田顺郎","《田顺郎歌》","Poem","田顺郎歌
清歌不是世间音，玉殿尝闻称主心。唯有顺郎全学得，一声飞出九重深。","陶敏、陶红雨《刘禹锡全集编年校注》，岳麓书社2003年版，第496页","卞孝萱校订《刘禹锡集》卷38第570页，中华书局1990年版",,,"洪迎华"
"唐","刘禹锡","文宗大和三年己酉","829",,,"58","","京畿道","京兆府","长安",,"陕西","西安市",,"108.946306","34.347436","礼部郎中，兼集贤殿学士","白居易初至洛阳，刘禹锡与之诗歌遥和","白居易","《遥贺（一作和）白宾客分司初到洛中戏呈冯尹》","Poem","遥贺白宾客分司初到洛中戏呈冯尹
西辞望苑去，东占洛阳才。度岭无愁思，看山不懊来。冥鸿何所慕，辽鹤乍飞回。洗竹通新径，携琴上旧台。尘埃长者撤，风月故人杯。闻道龙门峻，还因上客开。","卞孝萱《刘禹锡年谱》，中华书局1966年版，第153页","卞孝萱校订《刘禹锡集》卷32第437页，中华书局1990年版",,,"洪迎华"
"唐","刘禹锡","文宗大和三年己酉","829",,,"58","","京畿道","京兆府","长安",,"陕西","西安市",,"108.946306","34.347436","礼部郎中，兼集贤殿学士","夏，闻蝉，作诗怀白居易","白居易","《始闻蝉有怀白宾客去岁白有闻蝉见寄诗云袛应催我老兼遣报君知之句》","","始闻蝉有怀白宾客去岁白有闻蝉见寄诗云秖应催我老兼遣报君知之句
蝉韵极清切，始闻何处悲。人含不平意，景值欲秋时。此岁方晼晚，谁家无别离。君言催我老，已是去年诗。","卞孝萱《刘禹锡年谱》，中华书局1966年版，第153页","卞孝萱校订《刘禹锡集》卷32第438页，中华书局1990年版",,,"洪迎华"
"唐","刘禹锡","文宗大和三年己酉","829",,,"58","","京畿道","京兆府","长安",,"陕西","西安市",,"108.946306","34.347436","礼部郎中，兼集贤殿学士","秋，作诗忆白居易","白居易","《忆乐天》","Poem","忆乐天
寻常相见意殷勤，别后相思梦更频。每遇登临好风景，羡他天性少情人。","陶敏、陶红雨《刘禹锡全集编年校注》，岳麓书社2003年版，第506页","卞孝萱校订《刘禹锡集》卷32第439页，中华书局1990年版",,,"洪迎华"
"唐","刘禹锡","文宗大和三年己酉","829",,,"58","","京畿道","京兆府","长安",,"陕西","西安市",,"108.946306","34.347436","礼部郎中，兼集贤殿学士","九月前，与白居易、元稹诗歌唱和","白居易，元稹","《月夜忆乐天兼寄微之》","Poem","月夜忆乐天兼寄微之
今宵帝城月，一望雪相似。遥想洛阳城，清光正如此。知君当此夕，亦望镜湖水。展转相忆心，月明千万里。","卞孝萱《刘禹锡年谱》，中华书局1966年版，第153页","卞孝萱校订《刘禹锡集》卷32第439页，中华书局1990年版",,,"洪迎华"
"唐","刘禹锡","文宗大和三年己酉","829",,,"58","","京畿道","京兆府","长安",,"陕西","西安市",,"108.946306","34.347436","礼部郎中，兼集贤殿学士","九月前，与元稹诗歌唱和","元稹","《浙东元相公书叹梅雨郁蒸之候因寄七言》","Poem","浙东元相公书叹梅雨郁蒸之候因寄七言
稽山自与岐山别，何事连年鸑鷟飞。百辟商量旧相入，九天祗候老臣归。平湖晚泛窥清镜，高阁晨开扫翠微。今日看书最惆怅，为闻梅雨损朝衣。","卞孝萱《刘禹锡年谱》，中华书局1966年版，第154页","卞孝萱校订《刘禹锡集》卷36第531页，中华书局1990年版",,,"洪迎华"
"唐","刘禹锡","文宗大和三年己酉","829","9",,"58","","京畿道","京兆府","长安",,"陕西","西安市",,"108.946306","34.347436","礼部郎中，兼集贤殿学士","九月，李德裕出为郑滑节度使，刘禹锡作诗送之","李德裕","《送李尚书镇滑州》","Poem","送李尚书镇滑州
南徐报政入文昌，东郡须才别建章。视草名高同蜀客，拥旄年少胜荀郎。黄河一曲当城下，缇骑千重照路傍。自古相门还出相，如今人望在岩廊。","卞孝萱《刘禹锡年谱》，中华书局1966年版，第154页","卞孝萱校订《刘禹锡集》卷28第366页，中华书局1990年版",,,"洪迎华"
"唐","刘禹锡","文宗大和三年己酉","829",,,"58","","京畿道","京兆府","长安",,"陕西","西安市",,"108.946306","34.347436","礼部郎中，兼集贤殿学士","九月后，与白居易诗歌唱和","白居易","《乐天寄洛下新诗兼喜微之欲到因以抒怀也》","Poem","乐天寄洛下新诗兼喜微之欲到因以抒怀也
松间风未起，万叶不自吟。池上月未来，清辉同夕阴。宫徵不独运，埙篪自相寻。一从别乐天，诗思日已沈。吟君洛中作，精绝百鍊金。乃知孤鹤情，月露为知音。微之从东来，威凤鸣归林。羡君先相见，一豁平生心。","卞孝萱《刘禹锡年谱》，中华书局1966年版，第154页","卞孝萱校订《刘禹锡集》卷32第439页，中华书局1990年版",,,"洪迎华"
"唐","刘禹锡","文宗大和三年己酉","829",,,"58","","京畿道","京兆府","长安",,"陕西","西安市",,"108.946306","34.347436","礼部郎中，兼集贤殿学士","腾珦致仕还乡，刘禹锡有诗赠别","腾珦","《赠致仕腾庶子先辈》","Poem","赠致仕滕庶子先辈
朝服归来昼锦荣，登科记上更无兄。寿觞每使曾孙献，胜境长携众妓行。矍铄据鞍时骋健，殷勤把酒尚多情。凌寒却向山阴去，衣绣郎君雪里行。","卞孝萱《刘禹锡年谱》，中华书局1966年版，第154页","卞孝萱校订《刘禹锡集》卷25第332页，中华书局1990年版",,,"洪迎华"
"唐","刘禹锡","文宗大和四年庚戌","830",,,"59","","京畿道","京兆府","长安",,"陕西","西安市",,"108.946306","34.347436","礼部郎中，兼集贤殿学士","在礼部郎中、集贤学士任","",,"","","卞孝萱《刘禹锡年谱》，中华书局1966年版，第154页",,,,"洪迎华"
"唐","刘禹锡","文宗大和四年庚戌","830","1",,"59","","京畿道","京兆府","长安",,"陕西","西安市",,"108.946306","34.347436","礼部郎中，兼集贤殿学士","正月，诏封李永为鲁王。禹锡代裴度作表贺","裴度","《为裴相公贺册鲁王表》","Article","为裴相公贺册鲁王表
臣某言。伏见制书。以今月日册鲁王礼毕。皇家有庆。实祚无疆。既荣本枝。克固磐石。伏惟皇帝陛下德符列圣。道冠前王。孝敬承两宫之欢。虔恭奉九庙之祀。先崇大礼。庆浃天人。次念建封。事兼家国。伏以鲁王夙承睿训。特禀天姿。爰择吉辰。光膺宠册。既示之以君亲之道。又锡之以礼义之邦。寰海闻风。室家相庆。臣自婴疾疹。已历旬时。不获展礼明庭。拜舞称贺。","卞孝萱《刘禹锡年谱》，中华书局1966年版，第155页","卞孝萱校订《刘禹锡集》卷15第181页，中华书局1990年版",,,"洪迎华"
"唐","刘禹锡","文宗大和四年庚戌","830","1",,"59","","京畿道","京兆府","长安",,"陕西","西安市",,"108.946306","34.347436","礼部郎中，兼集贤殿学士","正月，王播卒，刘禹锡代诸郎中作祭文","王播","《代诸郎中祭王相国文》","Article","代诸郎中祭王相国文
维大和四年月日。某官等敬祭于故相国赠太尉太原王公之灵。呜呼。天以和气钟于贵人。含光不曜。煦物如春。发自贡士。骤为廷臣。鸿雁联行。其淩青云。既操利权。兼秉国钧。食禄甚厚。奉身如贫。井络之隅。益部为大。斗牛之下。扬州繁会。受社临戎。油幢曲盖。印绶重謺。恩华滂霈。簿领如山。处之若閒。搉筦之权。往而复还。炎炎炜炜。出入二纪。未曾伤神。屡有荐士。急难友弟。谨厚训子。颜间熙熙。不形愠喜。处己无咎。得君如此。若木方高。商飙歘起。三台之气。变现在时。五福之来。盛衰有期。晓下黄閤。车骑威迟。夕归华堂。言笑嘻怡。诘朝愀然。有志求医。未撤琴瑟。俄悬素旂。宸衷震悼。朝右悽悲。诏下褒崇。恩殊等夷。灵輀既驾。真宅将归。笳箫咽而复扬。风日惨而无辉。元亮等或早挹清尘。或晚承泛爱。昔修礼于门阃。今缠悲于祖载。幽显虽异。音徽未昧。神之格思。歆此诚酹。尚飨。","卞孝萱《刘禹锡年谱》，中华书局1966年版，第155页","卞孝萱校订《刘禹锡集》卷40第608页，中华书局1990年版",,,"洪迎华"
"唐","刘禹锡","文宗大和四年庚戌","830","1",,"59","","京畿道","京兆府","长安",,"陕西","西安市",,"108.946306","34.347436","礼部郎中，兼集贤殿学士","正月，王播卒，作诗哭之","王播","《哭王仆射相公》","Poem","哭王仆射相公
子侯一日病，滕公千载归。门庭怆已变，风物澹无辉。群吏谒新府，旧宾沾素衣。歌堂忽暮哭，贺雀尽惊飞。","卞孝萱《刘禹锡年谱》，中华书局1966年版，第157页","卞孝萱校订《刘禹锡集》卷30第415页，中华书局1990年版",,,"洪迎华"
"唐","刘禹锡","文宗大和四年庚戌","830","1",,"59","","京畿道","京兆府","长安",,"陕西","西安市",,"108.946306","34.347436","礼部郎中，兼集贤殿学士","正月，元稹出镇武昌。刘禹锡与之诗歌遥和","元稹","《微之镇武昌中路见寄蓝桥怀旧之作悽然继和兼寄安平》","Poem","微之镇武昌中路见寄蓝桥怀旧之作悽然继和兼寄安平
今日油幢引，他年黄纸追。同为三楚客，独有九霄期。宿草恨长在，伤禽飞尚迟。武昌应已到，新柳映红旗。","卞孝萱《刘禹锡年谱》，中华书局1966年版，第157页","卞孝萱校订《刘禹锡集》卷36第532页，中华书局1990年版",,,"洪迎华"
"唐","刘禹锡","文宗大和四年庚戌","830","2",,"59","","京畿道","京兆府","长安",,"陕西","西安市",,"108.946306","34.347436","礼部郎中，兼集贤殿学士","二月，兴元兵变，节度使李绛被杀。有文祭之","李绛","《祭兴元李司空文》","Article","祭兴元李司空文
维大和四年月日。礼部郎中集贤殿直学士刘禹锡。谨以清酌之奠。敬祭于故相国山南西道节度使赠司空李公之灵。呜呼。龟灵而刳。龙知而屠。古今同之。天不可呼。公之挺生。德与位并。如瞻日月。岂赞其明。何以致之。姑话平生。追怀周旋。弥四十年。射策校文。接武联翩。甸服同邑。明庭比肩。公乘迅飙。凌厉非烟。愚触骇机。迸落深泉。一持化权。一谪海壖。本同末异。如矢别弦。云龙井蛙。势不相见。二纪回泊。一朝会面。公为故相。愚似悲翁。契阔相遇。凄凉万重。复以郎吏。交欢上公。披襟道旧。剧谈小酒。清洛泛舟。凿龙携手。公入西关。愚亦徵还。削去苛礼。招邀清閒。广陌联镳。高台看山。寻春适野。醉舞花閒。忽复登坛。总戎于外。子午危栈。巴梁古岸。夷风伧儜。獽俗惶害。阴谋密备。凶党千辈。如嗾群犬。以逼驺虞。如纵炎火。以焚瑾瑜。时耶命耶。不虑不图。物理神道。安知有无。呜呼痛哉。元天甚高。上诉何时。长夜无晓。斯焉永归。风凄日昏。鼓咽箫悲。沈埋玉树。谁不沾衣。平生故人。零落已稀。委化而尽。然犹怨咨。如何国祯。有此遭罹。挺灾赋命。孰主张之。有肴在筵。有酒盈卮。神其来歆。已矣长辞。尚飨。","卞孝萱《刘禹锡年谱》，中华书局1966年版，第156页","卞孝萱校订《刘禹锡集》卷40第605页，中华书局1990年版",,,"洪迎华"
"唐","刘禹锡","文宗大和四年庚戌","830","2",,"59","","京畿道","京兆府","长安",,"陕西","西安市",,"108.946306","34.347436","礼部郎中，兼集贤殿学士","二月，兴元兵变，节度使李绛被杀。刘禹锡代裴度作祭文","裴度，李绛","《代裴相祭李司空文》","Article","代裴相祭李司空文
四年月日。特进守司空兼门下侍郎平章事裴度。谨以清酌少牢之奠。敬祭于故相国魏郡公之灵。呜呼。玉贞而折。不能瓦合。鸾锻而萎。不同鸡群。生兮若浮。守道不屈。惟公之生。福自维嵩。金石高韵。圭璋德容。元和之初。左右宪宗。以才视草。以望登庸。振起直声。激扬清风。实有正气。号为名公。名成身退。犹系人望。入为羽仪。出领藩方。既师百辟。又副丞相。道冠搢绅。事参翼亮。某与公游。四十馀年。风期合契。禄位相先。某忝司言。公持化权。应同宫徵。馥若兰荃。猥以姓名。称于上前。发迹从微。芳□获宣。某为免相。待罪梁山。公拜右揆。来从东川。极其欢娱。著在诗篇。某忝三入。公东亦还。里门相迩。宾閤常閒。退朝休浣。道旧开颜。嗟呼。山川间之。忽在旦夕。岂意仓卒。遂成今昔。衣冠丧气。风物含戚。强魂诉天。冤血成碧。呜呼哀哉。某在病中。讣书始至。无力以哭。不言垂泪。今闻裧輤。首路而归。隐几临风。其心孔悲。嘉肴百笾。旨酒一卮。寄此情素。神其来思。呜呼哀哉。","卞孝萱《刘禹锡年谱》，中华书局1966年版，第156页","卞孝萱校订《刘禹锡集》卷40第607页，中华书局1990年版",,,"洪迎华"
"唐","刘禹锡","文宗大和四年庚戌","830","3",,"59","","京畿道","京兆府","长安",,"陕西","西安市",,"108.946306","34.347436","礼部郎中，兼集贤殿学士","三月，兴元节度使温造镇军乱，刘禹锡作诗寄贺","温造","《美温尚书镇定兴元以诗寄贺》","Poem","美温尚书镇定兴元以诗寄贺
旌旗入境犬无声，戮尽鲸鲵汉水清。从此世人开耳目，始知名将出书生。","卞孝萱《刘禹锡年谱》，中华书局1966年版，第158页","卞孝萱校订《刘禹锡集》卷24第319页，中华书局1990年版",,,"洪迎华"
"唐","刘禹锡","文宗大和四年庚戌","830",,,"59","","京畿道","京兆府","长安",,"陕西","西安市",,"108.946306","34.347436","礼部郎中，兼集贤殿学士","春，令狐楚有诗言怀见寄，刘禹锡和之","","《酬令狐相公春日言怀见寄》","Poem","酬令狐相公春日言怀见寄
前陪看花处，邻里近王昌。今想临戎地，旌旗出汶阳。营飞柳絮雪，门耀戟枝霜。东望清河水，心随艑上郎。","陶敏、陶红雨《刘禹锡全集编年校注》，岳麓书社2003年版，第518页","卞孝萱校订《刘禹锡集》卷33第466页，中华书局1990年版",,,"洪迎华"
"唐","刘禹锡","文宗大和四年庚戌","830",,,"59","","京畿道","京兆府","长安",,"陕西","西安市",,"108.946306","34.347436","礼部郎中，兼集贤殿学士","作诗寄杨归厚","杨归厚","《寄杨虢州与之旧姻》","Poem","寄杨虢州与之旧姻
避地江湖知几春，今来本郡拥朱轮。阮郎无复里中旧，杨仆却为关外人。各系一官难命驾，每怀前好易沾巾。玉城山里多灵药，摆落功名且养神。","卞孝萱《刘禹锡年谱》，中华书局1966年版，第157页","卞孝萱校订《刘禹锡集》卷24第315页，中华书局1990年版",,,"洪迎华"
"唐","刘禹锡","文宗大和四年庚戌","830",,,"59","","京畿道","京兆府","长安",,"陕西","西安市",,"108.946306","34.347436","礼部郎中，兼集贤殿学士","作诗寄湖州刺史韩泰","韩泰","《寄湖州韩中丞》","Poem","寄湖州韩中丞
老郎日日忧苍鬓，远守年年厌白蘋。终日相思不相见，长频相见是何人。","卞孝萱《刘禹锡年谱》，中华书局1966年版，第157页","卞孝萱校订《刘禹锡集》卷38第562页，中华书局1990年版",,,"洪迎华"
"唐","刘禹锡","文宗大和四年庚戌","830",,,"59","","京畿道","京兆府","长安",,"陕西","西安市",,"108.946306","34.347436","礼部郎中，兼集贤殿学士","作诗与李德裕唱和","李德裕","《和滑州李尚书上巳忆江南褉事》","Poem","和滑州李尚书上巳忆江南禊事
白马津头春日迟，沙州归雁拂旌旗。柳营唯有军中戏，不似江南三月时。","卞孝萱《刘禹锡年谱》，中华书局1966年版，第158页","卞孝萱校订《刘禹锡集》卷37第548页，中华书局1990年版",,,"洪迎华"
"唐","刘禹锡","文宗大和四年庚戌","830",,,"59","","京畿道","京兆府","长安",,"陕西","西安市",,"108.946306","34.347436","礼部郎中，兼集贤殿学士","六月前，代裴度作让官第一表","裴度","《为裴相公让官第一表》","Article","为裴相公让官第一表
臣某言。臣去冬得疾。近日加剧。西夕之景。岂能久留。及其未乱。披露诚恳。臣犬马之齿。六十有七。寿虽不长。亦不为短。位忝公台。近十五年。皆由际会。非以才进。常惧官谤。以招国刑。今被病得死。保其始终。为幸甚厚。岂复咨嗟。所恨者。遇圣明之君。不得佐成太平之化。自量气力。忽恐奄然。则有微素。无阶上达。伏惟圣慈昭鉴。怜而察之。伏以三公非旷职之地。宰相非卧理之官。伏枕之初。已有陈乞。请罢直食。兼辞贵阶。伏蒙优诏。才遂一事。频降中使。慰勉再三。专令御医。旦夕诊视。苟安名器。不觉经时。主恩则深。公议不可。伏思陛下临御之始。宰臣四人。逮今零落。忽已一半。臣且危惙。馀年几何。惟易直外镇。独得无恙。窃惟此理。权位难居。伏乞赐臣停官。许在家养疾。就閒辞禄。或冀有瘳。害盈福谦。固是神理。傥天眷绸厚。念以伏事多年。臣之所陈。未蒙便遂。则国朝勋旧。以疾辞位者。皆得以致仕。使其家居。足以颐养。既有成例。著于旧章。伏望天恩。特赐哀允。","卞孝萱《刘禹锡年谱》，中华书局1966年版，第156页","卞孝萱校订《刘禹锡集》卷15第182页，中华书局1990年版",,,"洪迎华"
"唐","刘禹锡","文宗大和四年庚戌","830","6",,"59","","京畿道","京兆府","长安",,"陕西","西安市",,"108.946306","34.347436","礼部郎中，兼集贤殿学士","六月，裴度被册司徒，刘禹锡作诗以贺","裴度","《门下相公荣加册命天下同欢忝沐眷私辄敢申贺》","Poem","门下相公荣加册命天下同欢忝沐眷私辄感申贺
册命出宸衷，官仪自古崇。特膺平土拜，光赞格天功。再佩扶阳印，常乘鲍氏骢。七贤遗老在，犹得咏清风。","陶敏、陶红雨《刘禹锡全集编年校注》，岳麓书社2003年版，第520页","卞孝萱校订《刘禹锡集》卷22第286页，中华书局1990年版",,,"洪迎华"
"唐","刘禹锡","文宗大和四年庚戌","830",,,"59","","京畿道","京兆府","长安",,"陕西","西安市",,"108.946306","34.347436","礼部郎中，兼集贤殿学士","九月前，代裴度作让官第一表","裴度","《为裴相公让官第二表》","Article","为裴相公让官第二表
臣某言。臣所献章表。发于至诚。伏奉批答。未蒙允许。外负公责。内迫私情。期于必遂。敢守难夺。臣束发已来。号为强力。及其晚节。亦未甚衰。一朝被病。遂至绵惙。臣自思省。得其端倪。非因饮食不节。无有雾露之犯。盖由才微而任重。功薄而赏厚。窃位既久。妨贤则多。以积年之过幸。致今日之沈疾。不能酌损。所以生灾。悟虽已晚。情实非矫。伏惟陛下念其委使之久。察其危苦之词。特降深恩。救臣不逮。无冒荣之咎。得遂性之宜。物议不形。病心自泰。忍死俟命。披肝再陈。伏乞圣慈。俯赐容纳。无任迫切恳倒之至。","卞孝萱《刘禹锡年谱》，中华书局1966年版，第156页","卞孝萱校订《刘禹锡集》卷15第183页，中华书局1990年版",,,"洪迎华"
"唐","刘禹锡","文宗大和四年庚戌","830",,,"59","","京畿道","京兆府","长安",,"陕西","西安市",,"108.946306","34.347436","礼部郎中，兼集贤殿学士","九月前，代裴度作让官第一表","裴度","《为裴相公让官第三表》","Article","为裴相公让官第三表
臣某言。得病踰年。在假三月。再有陈请。未蒙允从。虑其奄忽。衔愧入地。伏惟圣慈。哀而信之。臣闻君之使臣。在知其心而听其言。不以容尸禄为惠也。臣之事君。在无隐情而尽忠节。不以受非据为荣也。然后上下交感。终始可咏。臣伏事陛下。五年于兹。葵藿微诚。已蒙识察。桑榆莫景。所冀哀怜。岂令危惙之时。更惧满盈之祸。虽有药石。安能调和。圣日虽逢。生涯渐短。体羸无拜舞之望。心在有涕恋之悲。臣伏览国史。备见前事。太宗朝李靖。高宗朝刘仁轨。皆自宰臣。乞骸致政。其后知犹可用。复起于家。进退之间。曲尽情礼。君臣之际。良史美谈。伏望陛下悉臣至诚。念臣羸病。许遂颐养。以保馀年。俟其有瘳。或冀万一。无任恳款遑迫之至。","卞孝萱《刘禹锡年谱》，中华书局1966年版，第156页","卞孝萱校订《刘禹锡集》卷15第184页，中华书局1990年版",,,"洪迎华"
"唐","刘禹锡","文宗大和四年庚戌","830",,,"59","","京畿道","京兆府","长安",,"陕西","西安市",,"108.946306","34.347436","礼部郎中，兼集贤殿学士","九月前，代裴度作状","裴度","《为裴相公进东封图状》","Article","为裴相公进东封图状
集贤殿御书院开元东封图一面。右。臣谨桉开元十三年。玄宗皇帝以天下太平。登封东岳。声名文物。振耀古今。伏惟陛下丕承耿光。再阐鸿业。祖宗盛事。绍复有期。臣所以写成此图。辄敢上献。至于绘画。躬自指撝。徵史氏之文。纂礼容之要。山川气象。悉拟真形。羽卫威仪。咸稽故实。所冀睿情一览。遐想元踪。臣叨荣过深。抱疾已久。望陛下告成之日。心必前知。嗟老臣将谢之年。身恐不见。疲羸之际。感激倍深。前件图差某官乙谨诣光顺门奉进。谨奏。","卞孝萱《刘禹锡年谱》，中华书局1966年版，第156页","卞孝萱校订《刘禹锡集》卷17第202页，中华书局1990年版",,,"洪迎华"
"唐","刘禹锡","文宗大和四年庚戌","830",,,"59","","京畿道","京兆府","长安",,"陕西","西安市",,"108.946306","34.347436","礼部郎中，兼集贤殿学士","在礼部郎中、集贤学士任。九月前，作诗与裴度唱和","裴度","《奉和司空裴相公中书即事通简旧僚之作》","Poem","奉和司空裴相公中书即事通简旧僚之作
谭笑在岩廊，人人尽所长。仪形见山立，文字动星光。日运丹青笔，时看赤白囊。伫闻戎马息，入贺领鸳行。","卞孝萱《刘禹锡年谱》，中华书局1966年版，第158页","卞孝萱校订《刘禹锡集》卷36第532页，中华书局1990年版",,,"洪迎华"
"唐","刘禹锡","文宗大和四年庚戌","830",,,"59","","京畿道","京兆府","长安",,"陕西","西安市",,"108.946306","34.347436","礼部郎中，兼集贤殿学士","在礼部郎中、集贤学士任。九月前，感物作诗","","《庙庭偃松诗并序》","Poem","庙庭偃松诗
势轧枝偏根已危，高情一见与扶持。忽从憔悴有生意，却为离披无俗姿。影入岩廊行乐处，韵含天籁宿斋时。谢公莫道东山去，待取阴成满凤池。","卞孝萱《刘禹锡年谱》，中华书局1966年版，第158页","卞孝萱校订《刘禹锡集》卷25第330页，中华书局1990年版",,,"洪迎华"
"唐","刘禹锡","文宗大和四年庚戌","830",,,"59","","京畿道","京兆府","长安",,"陕西","西安市",,"108.946306","34.347436","礼部郎中，兼集贤殿学士","在礼部郎中、集贤学士任。九月前，作诗","","《题集贤阁》","Poem","题集贤阁
凤池西畔图书府，玉树玲珑景气闲。长听馀风送天乐，时登高阁望人寰。青山云绕栏干外，紫殿香来步武间。曾是先贤翔集地，每看壁记一惭颜。","卞孝萱《刘禹锡年谱》，中华书局1966年版，第158页","卞孝萱校订《刘禹锡集》卷31第430页，中华书局1990年版",,,"洪迎华"
"唐","刘禹锡","文宗大和四年庚戌","830",,,"59","","京畿道","京兆府","长安",,"陕西","西安市",,"108.946306","34.347436","礼部郎中，兼集贤殿学士","在礼部郎中、集贤学士任。九月前，作诗与裴度唱和","裴度","《裴相公大学士见示答张秘书谢马诗并群公属和因命追作》","Poem","裴相公大学士见示答张秘书谢马诗并群公属和因命追作
草玄门户少尘埃，丞相并州寄马来。初自寒垣衔苜蓿，忽行幽径破莓苔。寻花缓辔威迟去，带酒垂鞭躞蹀回。不与王侯与词客，知轻富贵重清才。","卞孝萱《刘禹锡年谱》，中华书局1966年版，第158页","卞孝萱校订《刘禹锡集》卷36第532页，中华书局1990年版",,,"洪迎华"
"唐","刘禹锡","文宗大和四年庚戌","830","9",,"59","","京畿道","京兆府","长安",,"陕西","西安市",,"108.946306","34.347436","礼部郎中，兼集贤殿学士","九月，裴度出为山南东道节度使。将赴，刘禹锡有诗唱和","裴度","《奉和裴侍中将赴汉南留别座上诸公》","Poem","奉和裴侍中将赴汉南留别座上诸公
金貂晓出凤池头，玉节前临南雍州。暂辍洪炉观剑戟，还将大笔注春秋。管弦席上留高韵，山水途中入胜游。岘首风烟看未足，便应重拜富民侯。","卞孝萱《刘禹锡年谱》，中华书局1966年版，第159页","卞孝萱校订《刘禹锡集》卷36第532页，中华书局1990年版",,,"洪迎华"
"唐","刘禹锡","文宗大和四年庚戌","830","9",,"59","","京畿道","京兆府","长安",,"陕西","西安市",,"108.946306","34.347436","礼部郎中，兼集贤殿学士","九月裴度罢知政事后，禹锡求分司东都，未果","",,"","","卞孝萱《刘禹锡年谱》，中华书局1966年版，第154-155页",,,,"洪迎华"
"唐","刘禹锡","文宗大和四年庚戌","830",,,"59","","京畿道","京兆府","长安",,"陕西","西安市",,"108.946306","34.347436","礼部郎中，兼集贤殿学士","秋，与李德裕诗歌唱和","李德裕","《酬滑州李尚书秋日见寄》","Poem","詶滑州李尚书秋日见寄
一入石渠署，三闻宫树蝉。丹霄未得路，白发又添年。双节外台贵，孤箫中禁传。徵黄在旦夕，早晚发南燕。","卞孝萱《刘禹锡年谱》，中华书局1966年版，第159页","卞孝萱校订《刘禹锡集》卷37第548页，中华书局1990年版",,,"洪迎华"
"唐","刘禹锡","文宗大和四年庚戌","830",,,"59","","京畿道","京兆府","长安",,"陕西","西安市",,"108.946306","34.347436","礼部郎中，兼集贤殿学士","十月前，与李德裕诗歌唱和","李德裕","《吐绶鸟词并序》","Poem","吐绶鸟词
越山有鸟翔寥廓，嗉中天绶光若若。越人偶见而奇之，因名吐绶江南知。四明天姥神仙地，朱鸟星精钟异气。赤玉彫成彪炳毛，红绡剪出玲珑翅。湖烟始开山日高，迎风吐绶盘花绦。临波似染琅琊草，映叶疑开阿母桃。花红草绿人间事，未若灵禽自然贵。鹤吐明珠暂报恩，鹊衔金印空为瑞。春和秋霁野花开，玩景寻芳处处来。翠幕雕笼非所慕，珠丸柘弹莫相猜。栖月啼烟凌缥缈，高林先见金霞晓。三山仙路寄遥情，刷羽扬翘欲上征。不学碧鸡依井络，愿随青鸟向层城。太液池中有黄鹄，怜君长向高枝宿。如何一借羊角风，来听箫韶九成曲。","卞孝萱《刘禹锡年谱》，中华书局1966年版，第159页","卞孝萱校订《刘禹锡集》卷37第548页，中华书局1990年版",,,"洪迎华"
"唐","刘禹锡","文宗大和四年庚戌","830","10",,"59","","京畿道","京兆府","长安",,"陕西","西安市",,"108.946306","34.347436","礼部郎中，兼集贤殿学士","十月，李德裕为剑南西川节度使。刘禹锡与之诗歌唱和","李德裕","《和西川李尚书汉州微月游房太尉西湖》","Poem","和西川李尚书汉州微月游房太尉西湖
木落汉川夜，西湖悬玉钩。旌旗环水次，舟楫泛中流。目极想前事，神交如共游。瑶琴久已绝，松韵自悲秋。","卞孝萱《刘禹锡年谱》，中华书局1966年版，第159页","卞孝萱校订《刘禹锡集》卷37第549页，中华书局1990年版",,,"洪迎华"
"唐","刘禹锡","文宗大和四年庚戌","830","10",,"59","","京畿道","京兆府","长安",,"陕西","西安市",,"108.946306","34.347436","礼部郎中，兼集贤殿学士","十月，李德裕为剑南西川节度使。刘禹锡与之诗歌唱和","李德裕","《和重题》","Poem","和重题
林端落照尽，湖上远岚清。水榭芝兰室，仙舟鱼鸟情。人琴久寂寞，烟月若平生。一泛钓璜处，再吟锵玉声。","卞孝萱《刘禹锡年谱》，中华书局1966年版，第159页","卞孝萱校订《刘禹锡集》卷37第550页，中华书局1990年版",,,"洪迎华"
"唐","刘禹锡","文宗大和四年庚戌","830","10",,"59","","京畿道","京兆府","长安",,"陕西","西安市",,"108.946306","34.347436","礼部郎中，兼集贤殿学士","十月，李德裕为剑南西川节度使。刘禹锡与之诗歌唱和","李德裕","《和游房公旧竹亭闻琴绝句》","Poem","和游房公旧竹亭闻琴绝句
尚有竹间路，永无綦下尘。一闻流水曲，重忆餐霞人。","卞孝萱《刘禹锡年谱》，中华书局1966年版，第159页","卞孝萱校订《刘禹锡集》卷37第550页，中华书局1990年版",,,"洪迎华"
"唐","刘禹锡","文宗大和四年庚戌","830",,,"59","","京畿道","京兆府","长安",,"陕西","西安市",,"108.946306","34.347436","礼部郎中，兼集贤殿学士","与令狐楚诗歌唱和","令狐楚","《和令狐相公言怀寄河中杨少尹》","Poem","和令狐相公言怀寄河中杨少尹
章句惭非第一流，世间才子昔陪游。吴宫已叹芙蓉死，边月空悲芦管秋。任向洛阳称傲吏，苦教河上领诸侯。石渠甘对图书老，关外杨公安稳不。","卞孝萱《刘禹锡年谱》，中华书局1966年版，第159页","卞孝萱校订《刘禹锡集》卷33第466页，中华书局1990年版",,,"洪迎华"
"唐","刘禹锡","文宗大和四年庚戌","830",,,"59","","京畿道","京兆府","长安",,"陕西","西安市",,"108.946306","34.347436","礼部郎中，兼集贤殿学士","在礼部郎中、集贤学士任。与令狐楚诗歌唱和","令狐楚","《令狐相公见示河中杨少尹赠答兼命继之》","Poem","令狐相公见示河中杨少尹赠答兼命继之
两首新诗百字馀，朱弦玉磬韵难如。汉家丞相重徵后，梁苑仁风一变初。四面诸侯瞻节制，八方通货溢河渠。自从却縠为元帅，大将归来尽把书。","卞孝萱《刘禹锡年谱》，中华书局1966年版，第160页","卞孝萱校订《刘禹锡集》卷33第460页，中华书局1990年版",,,"洪迎华"
"唐","刘禹锡","文宗大和四年庚戌","830",,,"59","","京畿道","京兆府","长安",,"陕西","西安市",,"108.946306","34.347436","礼部郎中，兼集贤殿学士","在礼部郎中、集贤学士任。与兵部侍郎郑澣诗歌唱和","郑澣","《和兵部郑侍郎省中四松诗十韵》","Poem","和兵部郑侍郎省中四松诗十韵
右相历中台，移松武库栽。紫茸抽组绶，青实长玫瑰。便有干霄势，看成搆厦材。数分天柱半，影逐日轮回。旧赏台阶去，新知谷口来。息阴常仰望，玩境几裴回。翠粒晴悬露，苍鳞雨起苔。凝音助瑶瑟，飘蕊泛金罍。月桂花遥烛，星榆叶对开。终须似鸡树，荣茂近昭回。","卞孝萱《刘禹锡年谱》，中华书局1966年版，第160页","卞孝萱校订《刘禹锡集》卷36第533页，中华书局1990年版",,,"洪迎华"
"唐","刘禹锡","文宗大和四年庚戌","830",,,"59","","京畿道","京兆府","长安",,"陕西","西安市",,"108.946306","34.347436","礼部郎中，兼集贤殿学士","在礼部郎中、集贤学士任。作郑州刺史壁记","","《郑州刺史东厅壁记》","Article","郑州刺史东厅壁记
古诸侯之居。公私皆曰寝。其他室曰便坐。今凡视事之所皆曰厅。其他室以辨方为称。今年郑州刺史杨君作东厅。既成而落之。且以书抵余为记。桉国章。以甲乙第方域。大凡环天子之居为雄州。郑实迩王畿。故望雄。视其版多贵人。且当大逵。故务剧。君侯始来三日。司税掾举七县董租之吏累百。君曰。此百螣也。悉罢之。用户符而输入益办。司贡掾举梨林之徵请户晓。君曰。尽弛之勿籍。用平贾而果益精。里无吏迹。民去痼疾。授牍占租。如临诅盟。土毛人力。日夕相长。故周岁而完焉。比年而愈肥。虽军兴馈挽旁午。大将牙旗。往复相踵。而里中清夷。鸡犬音和。人既宁而物有馀。政既成而日多暇。圜视旧宇。宜有以更之。且书得时。亦以谨始。因列名氏授受。月而日之。庶乎继践于兹者。知贯珠之首。其山望泽浸土风氓俗。与前贤之耿光。备于正位。有天宝中词人杜頠之文在。大和四年某月日。","卞孝萱《刘禹锡年谱》，中华书局1966年版，第157页","卞孝萱校订《刘禹锡集》卷8第99页，中华书局1990年版",,,"洪迎华"
"唐","刘禹锡","文宗大和四年庚戌","830",,,"59","","京畿道","京兆府","长安",,"陕西","西安市",,"108.946306","34.347436","礼部郎中，兼集贤殿学士","在礼部郎中、集贤学士任。约于本年，作诗赠与歌者米嘉荣","米嘉荣","《与歌者米嘉荣》","Poem","与歌者米嘉荣
唱得凉州意外声，旧人唯数米嘉荣。近来时世轻先辈，好染髭须事后生。","陶敏、陶红雨《刘禹锡全集编年校注》，岳麓书社2003年版，第524页","卞孝萱校订《刘禹锡集》卷25第333页，中华书局1990年版",,,"洪迎华"
"唐","刘禹锡","文宗大和四年庚戌","830",,,"59","","京畿道","京兆府","长安",,"陕西","西安市",,"108.946306","34.347436","礼部郎中，兼集贤殿学士","在礼部郎中、集贤学士任。约于本年，感歌者米嘉荣，作诗","米嘉荣","《米嘉荣》","Poem","与歌者米嘉荣
唱得凉州意外声，旧人唯数米嘉荣。近来时世轻先辈，好染髭须事后生。","陶敏、陶红雨《刘禹锡全集编年校注》，岳麓书社2003年版，第525页","卞孝萱校订《刘禹锡集》卷38第570页，中华书局1990年版",,,"洪迎华"
"唐","刘禹锡","文宗大和五年辛亥","831",,,"60","","京畿道","京兆府","长安",,"陕西","西安市",,"108.946306","34.347436","礼部郎中，兼集贤殿学士","在礼部郎中、集贤学士任","",,"","","卞孝萱《刘禹锡年谱》，中华书局1966年版，第160页",,,,"洪迎华"
"唐","刘禹锡","文宗大和五年辛亥","831",,,"60","","京畿道","京兆府","长安",,"陕西","西安市",,"108.946306","34.347436","礼部郎中，兼集贤殿学士","春，有诗和令狐楚","令狐楚","《遥和令狐相公坐中闻思帝乡有感》","Poem","","陶敏、陶红雨《刘禹锡全集编年校注》，岳麓书社2003年版，第529页","卞孝萱校订《刘禹锡集》卷33第467页，中华书局1990年版",,,"洪迎华"
"唐","刘禹锡","文宗大和五年辛亥","831",,,"60","","京畿道","京兆府","长安",,"陕西","西安市",,"108.946306","34.347436","礼部郎中，兼集贤殿学士","暮春，与令狐楚诗歌唱和","令狐楚","《和郓州令狐相公春晚对花》","Poem","和郓州令狐相公春晚对花
朱门退公后，高兴对花枝。望阙无穷思，看书欲尽时。含芳朝竞发，凝艳晚相宜。人意殷勤惜，狂风岂得知。","卞孝萱《刘禹锡年谱》，中华书局1966年版，第166页","卞孝萱校订《刘禹锡集》卷33第466页，中华书局1990年版",,,"洪迎华"
"唐","刘禹锡","文宗大和五年辛亥","831",,,"60","","京畿道","京兆府","长安",,"陕西","西安市",,"108.946306","34.347436","礼部郎中，兼集贤殿学士","与令狐楚、白居易诗歌唱和","令狐楚，白居易","《酬郓州令狐相公官舍言怀见寄兼呈乐天》","Poem","酬郓州令狐相公官舍言怀见寄兼呈乐天
词人各在一涯居，声味虽同迹自疏。佳句传因多好事，尺题稀为不便书。已通戎略逢黄石，仍占星文耀碧虚。闻说朝天在来岁，霸陵春色待行车。","卞孝萱《刘禹锡年谱》，中华书局1966年版，第166页","卞孝萱校订《刘禹锡集》卷32第440页，中华书局1990年版",,,"洪迎华"
"唐","刘禹锡","文宗大和五年辛亥","831","4",,"60","","京畿道","京兆府","长安",,"陕西","西安市",,"108.946306","34.347436","礼部郎中，兼集贤殿学士","四月，源寂持节吊祭册立新罗王，作诗送之","源寂","《送源中丞充新罗册立使》","Poem","送源中丞充新罗册立使
相门才子称华簪，持节东行捧德音。身带霜威辞凤阙，口传天语到鸡林。烟开鳌背千寻碧，日浴鲸波万顷金。想见扶桑受恩处，一时西拜尽倾心。","卞孝萱《刘禹锡年谱》，中华书局1966年版，第167页","卞孝萱校订《刘禹锡集》卷28第367页，中华书局1990年版",,,"洪迎华"
"唐","刘禹锡","文宗大和五年辛亥","831","4",,"60","","京畿道","京兆府","长安",,"陕西","西安市",,"108.946306","34.347436","礼部郎中，兼集贤殿学士","四月，李德修出刺楚州，作诗送之","李德修","《送李中丞赴楚州》","Poem","送李中丞赴楚州
缇骑朱旗入楚城，士林皆贺振家声。儿童但喜迎宾守，故吏犹应记姓名。万顷水田连郭秀，四时烟月映淮清。忆君初得昆山玉，同向扬州携手行。","卞孝萱《刘禹锡年谱》，中华书局1966年版，第167页","卞孝萱校订《刘禹锡集》卷28第387页，中华书局1990年版",,,"洪迎华"
"唐","刘禹锡","文宗大和五年辛亥","831","4","26","60","","京畿道","京兆府","长安",,"陕西","西安市",,"108.946306","34.347436","礼部郎中，兼集贤殿学士","在礼部郎中任。四月二十六日，作壁记","","《天平军节度使厅壁记》","Article","天平军节度使厅壁记
元和十四年春二月。王师平河南负固之地十有二州。宪宗视地图户版。俾参其地。三月有诏。其以曹濮隶郓为一隅。桉部三郡。统兵三万。乃新其军。锡号天平。盖承天威以平暴悖。志动扬休。在称为雄。新邦始徕。污浴犹用。朝廷革之以渐。故命功臣或办吏以帅焉。大和三年冬。天平监军使以故侯病闻。上方注意治本。乃以牙璋玉节鼎右仆射官称赐东都留守令狐公曰。予择文武惟汝兼。前年镇汴州有显庸。往年弼宪宗有素贵。徒得君重。刚吾四支。公西拜稽首。登车有耀。不踰旬抵治所。夹清河而域之。惟郓州在春秋为须句之国。涉汉为济东。盖禹贡兖州之域。宣精在上。奎为文宿。画野在下。鲁为儒乡。故其人知书。风俗信厚。天宝末。大憝起于幽都。虏将因兵锋取其地。右勇左德。积六十年。公之来思。如古医之治剧病。宣泄颐养。气还神复。大凡抗诏条国。式于身以先之。示菲约以裕人。信赏罚以格物。物力日完。人风自移。涉月报政。踰年鼎治。牙门之容。暨暨而恭。垒门之容。仡仡而和。里门之容。阗阗而遂。劳者以安。去者以归。分星不摇。田祖降福。凡革前非罢供第无名钱岁钜万。菽粟如之。锦缯且千两。去苛法急徵毁家偿租之令。故流庸自占四万室。众无吁咨。和气乃来。三田仍稔。草木咸瑞。岂偶尔哉。初斯堂西墉有刺史记。而元戎雄尊之位。虚其左方。岂有待邪。公命愚志之。俾来者仰公知变风之自。大和五年四月二十六日记。","卞孝萱《刘禹锡年谱》，中华书局1966年版，第166页","卞孝萱校订《刘禹锡集》卷8第94页，中华书局1990年版",,,"洪迎华"
"唐","刘禹锡","文宗大和五年辛亥","831",,,"60","","京畿道","京兆府","长安",,"陕西","西安市",,"108.946306","34.347436","礼部郎中，兼集贤殿学士","在礼部郎中任，与洛阳的白居易诗歌唱和","白居易","《白侍郎大尹自河南寄示池北新葺水斋即事招宾十四韵兼命同作》","Poem","白侍郎大尹自河南寄示池北新葺水斋即事招宾十四韵兼命同作
公府有高政，新斋池上开。再吟佳句后，一似画图来。结搆疏林下，夤缘曲岸隈。绿波穿户牖，碧甃叠琼瑰。幽异当轩满，清光绕砌回。潭心澄晚镜，渠口起晴雷。瑶草缘堤种，松烟上岛栽。游鱼惊拨剌，浴鹭喜毰毸。为客烹林笋，因僧采石苔。酒瓶常不罄，书案任成堆。檐外青雀舫，坐中鹦鹉杯。蒲根抽九节，莲萼捧重台。芳讯此时到，胜游何日陪。共讥吴太守，自占洛阳才。","卞孝萱《刘禹锡年谱》，中华书局1966年版，第167页","卞孝萱校订《刘禹锡集》卷32第441页，中华书局1990年版",,,"洪迎华"
"唐","刘禹锡","文宗大和五年辛亥","831",,,"60","","京畿道","京兆府","长安",,"陕西","西安市",,"108.946306","34.347436","礼部郎中，兼集贤殿学士","在礼部郎中任，与洛阳的白居易诗歌唱和","白居易","《吟白乐天哭崔儿二篇怆然寄赠》","Poem","吟白乐天哭崔儿二篇怆然寄赠
吟君苦调我沾缨，能使无情尽有情。四望车中心未释，千秋亭下赋初成。庭梧已有栖雏处，池鹤今无子和声。从此期君比琼树，一枝吹折一枝生。","卞孝萱《刘禹锡年谱》，中华书局1966年版，第167页","卞孝萱校订《刘禹锡集》卷32第440页，中华书局1990年版",,,"洪迎华"
"唐","刘禹锡","文宗大和五年辛亥","831",,,"60","","京畿道","京兆府","长安",,"陕西","西安市",,"108.946306","34.347436","礼部郎中，兼集贤殿学士","在礼部郎中任，与洛阳的白居易诗歌唱和","白居易","《答乐天所寄咏怀且释其枯树之叹》","Poem","答乐天所寄咏怀且释其枯树之叹
衙前有乐馔常精，宅内连池酒任倾。自是官高无狎客，不论年长少欢情。骊龙颔被探珠去，老蚌胚还应月生。莫羡三春桃与李，桂花成实向秋荣。","卞孝萱《刘禹锡年谱》，中华书局1966年版，第167页","卞孝萱校订《刘禹锡集》卷32第440页，中华书局1990年版",,,"洪迎华"
"唐","刘禹锡","文宗大和五年辛亥","831","7",,"60","","京畿道","京兆府","长安",,"陕西","西安市",,"108.946306","34.347436","礼部郎中，兼集贤殿学士","七月，元稹卒。禹锡与李德裕寄和诗文以吊","李德裕","《西川李尚书知愚与元武昌有旧远示二篇吟之泫然因以寄和二首》","Poem","西州李尚书知愚与元武昌有旧远示二篇吟之泫然因以继和二首 其一
如何赠琴日，已是绝弦时。无复双金报，空馀挂剑悲。
西州李尚书知愚与元武昌有旧远示二篇吟之泫然因以继和二首 其二
宝匣从此闲，朱弦谁复调。祗应随玉树，同向土中销。","卞孝萱《刘禹锡年谱》，中华书局1966年版，第168页","卞孝萱校订《刘禹锡集》卷37第550页，中华书局1990年版",,,"洪迎华"
"唐","刘禹锡","文宗大和五年辛亥","831","8",,"60","","京畿道","京兆府","长安",,"陕西","西安市",,"108.946306","34.347436","礼部郎中，兼集贤殿学士","八月，京兆尹庞严卒，作诗哭之","庞严","《哭庞京兆》","Poem","哭庞京兆
俊骨英才气褎然，策名飞步冠群贤。逢时已自致高位，得疾还因倚少年。天上别归京兆府，人间空数茂陵阡。今朝穗帐哭君处，前日见铺歌舞筵。","卞孝萱《刘禹锡年谱》，中华书局1966年版，第168页","卞孝萱校订《刘禹锡集》卷30第415页，中华书局1990年版",,,"洪迎华"
"唐","刘禹锡","文宗大和五年辛亥","831","8",,"60","","京畿道","京兆府","长安",,"陕西","西安市",,"108.946306","34.347436","礼部郎中，兼集贤殿学士","八月，京兆尹庞严卒，再作诗伤悼","庞严","《再伤庞尹》","Poem","再伤庞尹
京兆归何处，章台空暮尘。可怜鸾镜下，哭杀画眉人。","卞孝萱《刘禹锡年谱》，中华书局1966年版，第168页","卞孝萱校订《刘禹锡集》卷30第415页，中华书局1990年版",,,"洪迎华"
"唐","刘禹锡","文宗大和五年辛亥","831","8",,"60","","京畿道","京兆府","长安",,"陕西","西安市",,"108.946306","34.347436","礼部郎中，兼集贤殿学士","在礼部郎中任。八月，为高陵县令刘仁师作碑文","刘仁师","《高陵令刘君遗爱碑》","Article","高陵令刘君遗爱碑
县内之大夫。鲜有遗爱在其去者。盖邑居多豪。政出权道。非有卓然异绩。结于人心。浃于骨髓。安能久而愈思。大和四年。高陵人李仕清等六十三人。思前令刘君之德。诣县请金石刻之。县令以状申于府。府以状考于明法吏。吏上言。谨桉天宝诏书。凡以政绩将立碑者。其具所纪之文上尚书考功。有司考其词。宜有纪者乃奏。明年八月庚午。诏曰可。令书其章明有以结人心者。揭于道周云。泾水东行注白渠。酾而为三。以沃关中。故秦人常得善岁。桉水部式。决泄有时。畎浍有度。居上游者。不得拥泉而颛其腴。每岁少尹一人行视之。以诛不式。兵兴以迁。寖失根本。泾阳人果拥而颛之。公取全流。浸原为畦。私开四窦。泽不及下。泾田独肥。他邑为枯。地力既移。地征如初。人或赴诉。泣迎尹马。而上泾之腴。皆权倖家。荣势足以破理。诉者复得罪。繇是咋舌不敢言。吞冤含忍。家视孙子。长庆三年。高陵令刘君。励精吏治。视人之瘼。如瘭疽在身。不忘决去。乃修故事。考式文。暨前后诏条。又以新意。请更水道。入于我里。请杜私窦。使无弃流。请遵田令。使无越制。别白纤悉。列上便宜。掾吏依违不决。居二岁。距宝历元年。端士郑覃为京兆。秋九月。始具以闻。事下丞相御史。御史属元谷实司察视。持诏书诣白渠上。尽得利病还奏。青规中上以谷奉使有状。乃俾太常撰日。京兆下其符。司录姚康士曹掾李绍实成之。县主簿谈孺直实董之。冬十月。百众云奔。愤与喜并。口谣手运。不屑鼛鼓。揆功什七八。而泾阳人以奇计赂术士。上言白渠下高祖故墅在焉。子孙当恭敬。不宜以畚锸近阡陌。上闻。命京兆立止绝。君驰诣府控告。具发其以赂致前事。又谒丞相。请以颡血污车茵。丞相彭原公敛容谢曰。明府真爱人。陛下视元元无所⿰。第未周知情伪耳。即入言上前。翌日。果有诏许讫役。仲冬新渠成。涉季冬二日。新堰成。驶流浑浑。如脉宣气。蒿荒沤冒。迎耜释释。开塞分寸。皆如诏条。有秋之期。投锸前定。孺直告已事。君率其寮躬劳徕之。烝徒欢呼。奋袯襫而舞。咸曰。吞恨六十年。明府雪之。擿奸犯豪。卒就施为。呜呼。成功之难也如是。请名渠曰刘公。而名堰曰彭城。桉股引而东。千七百步。其广四寻。而深半之。两涯夹植杞柳万本。下垂根以作固。上生材以备用。仍岁旱沴。而渠下田独有秋。渠成之明年。泾阳三原二邑中。又拥其冲为七堰。以折水势。使下流不厚。君诣京兆索言之。府命从事苏特至水滨。尽撤不当拥者。繇是邑人享其长利。生子以刘名之。君讳仁师。字行舆。彭城人。武德名臣刑部尚书德威之五代孙。大历中诗人商之犹子。少好文学。亦以筹画干东诸侯。遂参幕府。历尹剧县。皆以能事见陟。率不时而迁。既有绩于高陵。转昭应令。俄兼检校水曹外郎。充渠堰副使。且锡朱衣银章。计相爱其能。表为检校屯田郎中兼侍御史。斡池盐于蒲。锡紫衣金章。岁馀以课就。加司勋正郎中执法。理人为循吏。理财为能臣。一出于清白故也。先是高陵人蒙被惠风。而惜其舍去。发于胸怀。播为声诗。今采其旨而变其词。志于石。文曰。噫泾水之逶迤。溉我公兮及我私。水无心兮人多僻。锢上游兮乾我泽。时逢理兮官得材。墨绶繠兮刘君来。能爱人兮恤其隐。心既公兮言既尽。县申府兮府闻天。积愤刷兮沈疴痊。划新渠兮百亩流。行龙蛇兮止膏油。遵水式兮复田制。无荒区兮有良岁。嗟刘君兮去翱翔。遗我福兮牵我肠。纪成功兮镌美石。求信词兮昭懿绩。","卞孝萱《刘禹锡年谱》，中华书局1966年版，第166页","卞孝萱校订《刘禹锡集》卷2第26页，中华书局1990年版",,,"洪迎华"
"唐","刘禹锡","文宗大和五年辛亥","831",,,"60","","京畿道","京兆府","长安",,"陕西","西安市",,"108.946306","34.347436","礼部郎中，兼集贤殿学士","在集贤殿四年，供进新书二千余卷","",,"","","卞孝萱《刘禹锡年谱》，中华书局1966年版，第160页",,,,"洪迎华"
"唐","刘禹锡","文宗大和五年辛亥","831",,,"60","","京畿道","京兆府","长安",,"陕西","西安市",,"108.946306","34.347436","礼部郎中，兼集贤殿学士","在长安礼部郎中任。有诗酬令狐楚","令狐楚","《酬令狐相公见寄》","Poem","","陶敏、陶红雨《刘禹锡全集编年校注》，岳麓书社2003年版，第530页","卞孝萱校订《刘禹锡集》卷33第467页，中华书局1990年版",,,"洪迎华"
"唐","刘禹锡","文宗大和五年辛亥","831",,,"60","","京畿道","京兆府","长安",,"陕西","西安市",,"108.946306","34.347436","礼部郎中，兼集贤殿学士","在长安礼部郎中任。作诗和友","苏景胤","《和苏十郎中谢病闲居时严常侍萧给事同过访叹初有二毛之作》","","和苏十郎中谢病闲居时严常侍萧给事同过访叹初有二毛之作
清羸隐几望云空，左掖鸳鸾到室中。一卷素书消永日，数茎斑发对秋风。菱花照后容虽改，蓍草占来命已通。莫怪人人惊早白，缘君尚是黑头翁。","陶敏、陶红雨《刘禹锡全集编年校注》，岳麓书社2003年版，第540页","卞孝萱校订《刘禹锡集》卷24第318页，中华书局1990年版",,,"洪迎华"
"唐","刘禹锡","文宗大和五年辛亥","831",,,"60","","京畿道","京兆府","长安",,"陕西","西安市",,"108.946306","34.347436","礼部郎中，兼集贤殿学士","冬，在长安，作诗送友","","《送工部萧郎中刑部李郎中并以本官兼中丞分命充京西京北覆粮使》","Poem","送工部萧郎中刑部李郎中并以本官兼中丞分命充京西京北覆粮使
霜简映金章，相辉同舍郎。天威巡虎落，星使出鸳行。尊俎成全策，京坻阅见粮。归来虏尘灭，画地奏明光。","陶敏、陶红雨《刘禹锡全集编年校注》，岳麓书社2003年版，第545页","卞孝萱校订《刘禹锡集》卷28第366页，中华书局1990年版",,,"洪迎华"
"唐","刘禹锡","文宗大和五年辛亥","831",,,"60","","京畿道","京兆府","长安",,"陕西","西安市",,"108.946306","34.347436","礼部郎中，兼集贤殿学士","在礼部郎中任，有文","","《国学新修五经壁本记》","Article","国学新修五经壁本记
初。大历中名儒张参为国子司业。始详定五经。书于论堂东西厢之壁。辨齐鲁之音取其宜。考古今之文取其正。繇是诸生之师心曲学。偏听臆说。咸束之而归于大同。揭揭高悬。积六十岁。崩剥污蔑。淟然不鲜。今天子尚文章。尊典籍。于苑囿不加尺椽。而成均以治。国学上言。遽赐千万。时祭酒皞实尸之。博士公肃实佐之。国庠重严。过者必式。遂以羡赢。再新壁书。惩前土涂。不克以寿。乃析坚木。负墉而比之。其制如版牍而高广。其平如粉泽而洁滑。皆施阴关。使众如一。附离之际。无迹而寻。堂皇靓深。两庑相照。申命国子。能通法书者。分章揆日。逊其业而缮写焉。笔削既成。雠校既精。白黑彬班。瞭然飞动。以蒙来求。焕若星辰。以敬来趋。肃如神明。以疑来质。决若蓍蔡。由京师而风天下。覃及九译。咸知宗师。非止服逢掖者钻仰而已。于是学官陈师正等暨生徒。凡四百二十有八人。请金石刻。且歌之曰。我有学宇。既倾而成之。我有壁经。既昧而明之。孰规模之。孰发挥之。祭酒维齐。博士维韦。俾我学徒。弦歌以时。切切祁祁。不敖不嬉。庶乎遒人。来采我诗。时余为礼部郎。凡瞽宗之事。得以关决。故书之以移史官。宜附于艺文云。","卞孝萱《刘禹锡年谱》，中华书局1966年版，第170页","卞孝萱校订《刘禹锡集》卷8第97页，中华书局1990年版",,,"洪迎华"
"唐","刘禹锡","文宗大和五年辛亥","831",,,"60","","京畿道","京兆府","长安",,"陕西","西安市",,"108.946306","34.347436","礼部郎中，兼集贤殿学士","在礼部郎中任。某年秋雪，作诗","","《终南秋雪》","Poem","终南秋雪
南岭见秋雪，千门生早寒。闲时驻马望，高处卷帘看。雾散琼枝出，日斜铅粉残。偏宜曲江上，倒影入清澜。","卞孝萱《刘禹锡年谱》，中华书局1966年版，第170页","卞孝萱校订《刘禹锡集》卷31第428页，中华书局1990年版",,,"洪迎华"
"唐","刘禹锡","文宗大和五年辛亥","831",,,"60","","京畿道","京兆府","长安",,"陕西","西安市",,"108.946306","34.347436","礼部郎中，兼集贤殿学士","在礼部郎中任。某年春，望曲江，感而作诗","","《曲江春望》","Poem","曲江春望
凤城烟雨歇，万象含佳气。酒后人倒狂，花时天似醉。三春车马客，一代繁华地。何事独伤怀，少年曾得意。","卞孝萱《刘禹锡年谱》，中华书局1966年版，第170页","卞孝萱校订《刘禹锡集》卷31第431页，中华书局1990年版",,,"洪迎华"
"唐","刘禹锡","文宗大和五年辛亥","831",,,"60","","京畿道","京兆府","长安",,"陕西","西安市",,"108.946306","34.347436","礼部郎中，兼集贤殿学士","在礼部郎中任。作诗寄怀","","《有所嗟二首》","Poem","有所嗟二首 其一
庾令楼中初见时，武昌春柳似腰肢。相逢相笑尽如梦，为雨为云今不知。
有所嗟二首 其二
鄂渚濛濛烟雨微，女郎魂逐暮云归。只应长在汉阳渡，化作鸳鸯一只飞。","卞孝萱《刘禹锡年谱》，中华书局1966年版，第170页","卞孝萱校订《刘禹锡集》卷31第425页，中华书局1990年版",,,"洪迎华"
"唐","刘禹锡","文宗大和五年辛亥","831",,,"60","","京畿道","京兆府","长安",,"陕西","西安市",,"108.946306","34.347436","礼部郎中，兼集贤殿学士","在礼部郎中任。作诗唱和","裴通","《裴祭酒尚书见示春归城南青松坞别墅寄王左丞高侍郎之什命同作》","Poem","裴祭酒尚书见示春归城南青松坞别墅寄王左丞高侍郎之什命同作
蚤宦阅人事，晚怀生道机。时从学省出，独望郊园归。野彴度春水，山花映岩扉。石头解金章，林下步绿薇。青松郁成坞，脩竹盈尺围。吟风起天籁，蔽日无炎威。危径盘羊肠，连甍耸翚飞。幽谷响樵斧，澄潭环钓矶。因高见帝城，冠盖扬光辉。白云难持寄，清韵投所希。二公如长离，比翼翔太微。含情谢林壑，酬赠骈珠玑。顾予久郎潜，愁寂对芳菲。一闻丘中趣，再抚黄金徽。","卞孝萱《刘禹锡年谱》，中华书局1966年版，第170页","卞孝萱校订《刘禹锡集》卷23第298页，中华书局1990年版",,,"洪迎华"
"唐","刘禹锡","文宗大和五年辛亥","831",,,"60","","京畿道","京兆府","长安",,"陕西","西安市",,"108.946306","34.347436","礼部郎中，兼集贤殿学士","在礼部郎中任。作诗唱和","严休复","《酬严给事贺加五品兼简同制水部李郎中》","Poem","酬严给事贺加五品兼简同制水部李郎中
九天雨露传青诏，八舍郎官换绿衣。初佩银鱼随仗入，宜乘白马退朝归。彫盘贺喜开瑶席，䌽笔题诗出锁闱。闻道水曹偏得意，霞朝雾夕有光辉。","卞孝萱《刘禹锡年谱》，中华书局1966年版，第171页","卞孝萱校订《刘禹锡集》卷36第531页，中华书局1990年版",,,"洪迎华"
"唐","刘禹锡","文宗大和五年辛亥","831",,,"60","","京畿道","京兆府","长安",,"陕西","西安市",,"108.946306","34.347436","礼部郎中，兼集贤殿学士","在礼部郎中任。有文","","《毗卢遮那佛华藏世界图赞》","Article","毗卢遮那佛华藏世界图赞
清净不染花中莲。捧持世界百亿千。踊出香海浩无边。风轮负之昼夜旋。大雄九会化诸天。释梵八部来森然。从昏至觉不依缘。初初极极性自圆。写之绡素色相全。是色非色言非言。","陶敏、陶红雨《刘禹锡全集编年校注》，岳麓书社2003年版，第1161页","卞孝萱校订《刘禹锡集》卷4第60页，中华书局1990年版",,,"洪迎华"
"唐","刘禹锡","文宗大和五年辛亥","831",,,"60","","京畿道","京兆府","长安",,"陕西","西安市",,"108.946306","34.347436","礼部郎中，兼集贤殿学士","在礼部郎中任。有诗谢友","","《谢淮南廖参谋秋夕见过之作》","Poem","酬淮南廖参谋秋夕见过之作
扬州从事夜相寻，无限新诗月下吟。初服已惊玄发长，高情犹向碧云深。语馀时举一杯酒，坐久方闻四处砧。不逐繁华访闲散，知君摆落俗人心。","陶敏、陶红雨《刘禹锡全集编年校注》，岳麓书社2003年版，第546页","卞孝萱校订《刘禹锡集》卷24第318页，中华书局1990年版",,,"洪迎华"
"唐","刘禹锡","文宗大和五年辛亥","831",,,"60","","京畿道","京兆府","长安",,"陕西","西安市",,"108.946306","34.347436","礼部郎中，兼集贤殿学士","在长安礼部郎中任。有感作诗","","《寓兴二首》","Poem","寓兴二首 其一
常谈即至理，安事非常情。寄语何平叔，无为轻老生。
寓兴二首 其二
世途多礼数，鹏鴳各逍遥。何事陶彭泽，抛官为折腰。","陶敏、陶红雨《刘禹锡全集编年校注》，岳麓书社2003年版，第526页","卞孝萱校订《刘禹锡集》卷21第260页，中华书局1990年版",,,"洪迎华"
"唐","刘禹锡","文宗大和五年辛亥","831",,,"60","","京畿道","京兆府","长安",,"陕西","西安市",,"108.946306","34.347436","礼部郎中，兼集贤殿学士","在长安礼部郎中任。题诗友人新居","","《题王郎中宣义里新居》","Poem","题王郎中宣义里新居
爱君新买街西宅，客到如游鄠杜间。雨后退朝贪种树，申时出省趁看山。门前巷陌三条近，墙内池亭万境闲。见拟移居作邻里，不论时节请开关。","陶敏、陶红雨《刘禹锡全集编年校注》，岳麓书社2003年版，第547页","卞孝萱校订《刘禹锡集》卷24第319页，中华书局1990年版",,,"洪迎华"
"唐","刘禹锡","文宗大和五年辛亥","831",,,"60","","京畿道","京兆府","长安",,"陕西","西安市",,"108.946306","34.347436","礼部郎中，兼集贤殿学士","在长安礼部郎中任。至友人水亭避暑，作诗","","《刘驸马水亭避暑》","Poem","刘驸马水亭避暑
千竿竹翠数莲红，水阁虚凉玉簟空。琥珀盏红疑漏酒，水晶帘莹更通风。赐冰满碗沈朱实，法馔盈盘覆碧笼。尽日逍遥避烦暑，再三珍重主人翁。","陶敏、陶红雨《刘禹锡全集编年校注》，岳麓书社2003年版，第547页","卞孝萱校订《刘禹锡集》卷24第319页，中华书局1990年版",,,"洪迎华"
"唐","刘禹锡","文宗大和五年辛亥","831",,,"60","","京畿道","京兆府","长安",,"陕西","西安市",,"108.946306","34.347436","礼部郎中，兼集贤殿学士","在长安礼部郎中任时，春，有诗赏牡丹","","《赏牡丹》","Poem","赏牡丹
庭前芍药妖无格，池上芙蕖净少情。唯有牡丹真国色，花开时节动京城。","陶敏、陶红雨《刘禹锡全集编年校注》，岳麓书社2003年版，第444页","卞孝萱校订《刘禹锡集》卷25第335页，中华书局1990年版",,,"洪迎华"
"唐","刘禹锡","文宗大和五年辛亥","831",,,"60","","京畿道","京兆府","长安",,"陕西","西安市",,"108.946306","34.347436","礼部郎中，兼集贤殿学士","在长安礼部郎中任。有诗赠同年陈祐","陈祐","《赠同年陈长史员外》","Poem","赠同年陈长史员外
明州长史外台郎，忆昔同年翰墨场。一自分襟多岁月，相逢满眼是凄凉。推贤有愧韩安国，论旧唯存盛孝章。所叹谬游东阁下，看君无计出恓惶。","陶敏、陶红雨《刘禹锡全集编年校注》，岳麓书社2003年版，第548页","卞孝萱校订《刘禹锡集》卷38第561页，中华书局1990年版",,,"洪迎华"
"唐","刘禹锡","文宗大和五年辛亥","831","10",,"60","","京畿道","京兆府","长安",,"陕西","西安市",,"108.946306","34.347436","苏州刺史","十月，出为苏州刺史。姚合有诗送别","姚合",,"","","卞孝萱《刘禹锡年谱》，中华书局1966年版，第162页",,,,"洪迎华"
"唐","刘禹锡","文宗大和五年辛亥","831",,,"60","","河东道","河中府","河东",,"山西","运城市","永济市","110.454307","34.872892","苏州刺史","冬，赴苏州途中，经河中府，与李程相会，宴席作诗","李程","《冬夜宴河中李相公中堂命筝歌送酒》","Poem","冬夜宴河中李相公中堂命筝歌送酒
朗朗鹍鸡弦，华堂夜多思。帘外雪已深，座中人半醉。翠蛾发清响，曲尽有馀意。酌我莫忧狂，老来无逸气。","卞孝萱《刘禹锡年谱》，中华书局1966年版，第162页","卞孝萱校订《刘禹锡集》卷23第299页，中华书局1990年版",,,"洪迎华"
"唐","刘禹锡","文宗大和五年辛亥","831",,,"60","","都畿道","河南府","洛阳",,"河南","洛阳市",,"112.460033","34.624376","苏州刺史","冬，赴苏州途中，经洛阳，与李逢吉、白居易等相会","李逢吉，白居易",,"","","卞孝萱《刘禹锡年谱》，中华书局1966年版，第162页",,,,"洪迎华"
"唐","刘禹锡","文宗大和五年辛亥","831",,,"60","","都畿道","河南府","洛阳",,"河南","洛阳市",,"112.460033","34.624376","苏州刺史","冬，赴苏州途中，经洛阳，留守李逢吉宴饯，禹锡作诗仰谢","李逢吉","《将赴苏州途出洛阳留守李相公累申宴饯宠行话旧形于篇章谨抒下情以申仰谢》","","将赴苏州途出洛阳留守李相公累申宴饯宠行话旧形于篇章谨抒下情以申仰谢
岁杪风物动，雪馀宫苑晴。兔园宾客至，金谷管弦声。洛水故人别，吴宫新燕迎。越郎忧不浅，怀袖有琼英。","卞孝萱《刘禹锡年谱》，中华书局1966年版，第168页","卞孝萱校订《刘禹锡集》卷36第534页，中华书局1990年版",,,"洪迎华"
"唐","刘禹锡","文宗大和五年辛亥","831",,,"60","","都畿道","河南府","洛阳",,"河南","洛阳市",,"112.460033","34.624376","苏州刺史","冬，赴苏州途中，经洛阳，与白居易唱和酬别","白居易","《赴苏州酬别乐天》","Poem","赴苏州酬别乐天
吴郡鱼书下紫宸，长安厩吏送朱轮。二南风化承遗爱，八咏声名蹑后尘。梁氏夫妻为寄客，陆家兄弟是州民。江城春日追游处，共忆东归旧主人。","卞孝萱《刘禹锡年谱》，中华书局1966年版，第169页","卞孝萱校订《刘禹锡集》卷32第442页，中华书局1990年版",,,"洪迎华"
"唐","刘禹锡","文宗大和五年辛亥","831",,,"60","","都畿道","河南府","洛阳",,"河南","洛阳市",,"112.460033","34.624376","苏州刺史","冬，赴苏州途中，经洛阳，与白居易唱和酬别","白居易","《赠乐天》","Poem","","卞孝萱《刘禹锡年谱》，中华书局1966年版，第169页","卞孝萱校订《刘禹锡集》卷32第442页，中华书局1990年版",,,"洪迎华"
"唐","刘禹锡","文宗大和五年辛亥","831",,,"60","","都畿道","河南府","洛阳",,"河南","洛阳市",,"112.460033","34.624376","苏州刺史","冬，赴苏州途中，经洛阳，与白居易唱和酬别","白居易","《福先寺雪中酬别乐天》","Poem","福先寺雪中酬别乐天
龙门宾客会龙宫，东去旌旗驻上东。二八笙歌云幕下，三千世界雪花中。离堂未暗排红烛，别曲含凄飏晚风。才子从今一分散，便将诗咏向吴侬。","卞孝萱《刘禹锡年谱》，中华书局1966年版，第169页","卞孝萱校订《刘禹锡集》卷32第442页，中华书局1990年版",,,"洪迎华"
"唐","刘禹锡","文宗大和五年辛亥","831",,,"60","","都畿道","河南府","洛阳",,"河南","洛阳市",,"112.460033","34.624376","苏州刺史","冬，赴苏州途中，经洛阳，与白居易唱和酬别","白居易","《醉答乐天》","Poem","醉答乐天
洛城洛城何日归，故人故人今转稀。莫嗟雪里暂时别，终拟云间相逐飞。","卞孝萱《刘禹锡年谱》，中华书局1966年版，第169页","卞孝萱校订《刘禹锡集》卷32第442页，中华书局1990年版",,,"洪迎华"
"唐","刘禹锡","文宗大和五年辛亥","831",,,"60","","都畿道","河南府","洛阳",,"河南","洛阳市",,"112.460033","34.624376","苏州刺史","冬，赴苏州途中，经洛阳，与白居易唱和酬别","白居易","《和乐天耳顺吟兼寄敦诗》","Poem","和乐天耳顺吟兼寄敦诗
吟君新什慰蹉跎，屈指同登耳顺科。邓禹功成三纪事，孔融书就八年多。已经将相谁能尔，抛却丞郎争奈何。独恨长洲数千里，且随鱼鸟泛烟波。","卞孝萱《刘禹锡年谱》，中华书局1966年版，第169页","卞孝萱校订《刘禹锡集》卷32第442页，中华书局1990年版",,,"洪迎华"
"唐","刘禹锡","文宗大和五年辛亥","831",,,"60","","河南道","汴州","开封",,"河南","开封市",,"114.313904","34.802941","苏州刺史","冬，赴苏州途中，经大梁，与令狐楚诗歌唱和","令狐楚","《途次大梁雪中奉天平令狐相公书问兼示新什因思囊岁从此拜辞形于短篇以申仰谢》","Poem","途次大梁雪中奉天平令狐相公书问兼示新什因思曩岁从此拜辞形于短篇以申仰谢
远守宦情薄，故人书信来。共曾花下别，今独雪中回。纸尾得新什，眉头还暂开。此时同雁鹜，池上一徘徊。","卞孝萱《刘禹锡年谱》，中华书局1966年版，第169页","卞孝萱校订《刘禹锡集》卷33第467页，中华书局1990年版",,,"洪迎华"
"唐","刘禹锡","文宗大和六年壬子","832","2",,"61","","江南东道","苏州","吴县",,"江苏","苏州市",,"120.589613","31.304566","苏州刺史","二月，至苏州","",,"","","卞孝萱《刘禹锡年谱》，中华书局1966年版，第171页",,,,"洪迎华"
"唐","刘禹锡","文宗大和六年壬子","832","2","6","61","","江南东道","苏州","吴县",,"江苏","苏州市",,"120.589613","31.304566","苏州刺史","抵任苏州后，二月六日，作谢表呈上","","《苏州刺史谢上表》","Article","苏州刺史谢上表
臣某言。伏奉制书。授臣使持节苏州诸军事守苏州刺史。始从郎署。出领郡长。承命若惊。省躬增感。臣某中谢。伏惟皇帝陛下受上元之眷佑。扬列圣之耿光。大康黎元。慎择牧守。德音每发。品物咸苏。臣本书生。素无党援。谬以薄伎。三登文科。德宗皇帝擢为御史。在台三载。例转省官。永贞之初。权臣领务。遂奏录用。盖闻虚名。惟守职业。实无朋附。竟坐飞语。贬在遐藩。宪宗皇帝后知事情。却授刺史。凡外任二十馀年。伏遇陛下应运重光。物无废滞。收拾耆旧。尘忝班行。既幸逢时。常思展效。在集贤院四换星霜。供进新书二千馀卷。儒臣之分。甘老于典坟。优诏忽临。又委之符竹。分忧诚重。恋阙滋深。石室之书。空留笔札。金闺之籍。已去姓名。本末可明。申雪无路。岂意圣慈宏纳。不隔卑微。面辞之日。特许升殿。天颜咫尺。臣礼兢惶。不敢尽言。空怀诚恳。谢恩而出。生光于九陌之间。授训而行。布政于五湖之外。臣即以今月六日到任上讫。伏以水灾之后。物力素空。臣谨扬皇风。慰彼黎庶。臣闻有味之物。蠹虫必生。有才之人。谗言必至。事理如此。古今同途。了然辨之。惟在明圣。伏惟陛下。察臣此言。则天下之人。无不幸甚。江海远地。孤危小臣。虽雨露之恩。幽遐必被。而犬马之恋。亲近为荣。","卞孝萱《刘禹锡年谱》，中华书局1966年版，第174页","卞孝萱校订《刘禹锡集》卷15第186页，中华书局1990年版",,,"洪迎华"
"唐","刘禹锡","文宗大和六年壬子","832","2","7","61","","江南东道","苏州","吴县",,"江苏","苏州市",,"120.589613","31.304566","苏州刺史","抵任苏州时，水患成灾。二月七日，刘禹锡奏请救济","","《苏州上后谢宰相状》","Article","苏州上后谢宰相状
朝议大夫使持节苏州诸军事守苏州刺史上柱国刘某。右。某今月六日到州上讫。某山东一书生。潦倒疏阔。在少壮日。犹不逮人。况今衰迟。智力愈短。相公哀怜不遇。擢授名邦。实荷宏奖。惭非器使。伏以当州繇大●之后。物力萧然。肌寒殒仆。相枕于野。誓当悉心条理。续具奏论。才术素空。忧劳方始。惧无闻问。忝负恩知。不任瞻望恳迫之至。","卞孝萱《刘禹锡年谱》，中华书局1966年版，第171；174页","卞孝萱校订《刘禹锡集》卷17第205页，中华书局1990年版",,,"洪迎华"
"唐","刘禹锡","文宗大和六年壬子","832","2","9","61","","江南东道","苏州","吴县",,"江苏","苏州市",,"120.589613","31.304566","苏州刺史","抵任苏州后，二月九日，上状举人自代","","《苏州举韦中丞自代状》","Article","苏州举韦中丞自代状
苏州状上中书门下诸道盐铁转运江淮留后朝议郎守太仆少卿兼御史中丞上柱国赐紫金鱼袋韦应物。右。臣蒙恩授苏州刺史。伏准建中元年正月五日制。刺史上后举一人自代者。前件官历掌剧务。皆有美名。执心不回。临事能断。今领职虽重。本官尚轻。伏以当州口赋。首出诸郡。况经灾沴。切在抚绥。尚省无能。辄敢公举。司榷筦之利。诚藉时才。流岂弟之风。实惟邦本。非敢臆说。以塞诏书。今具奏闻。","卞孝萱《刘禹锡年谱》，中华书局1966年版，第174页","卞孝萱校订《刘禹锡集》卷17第204页，中华书局1990年版",,,"洪迎华"
"唐","刘禹锡","文宗大和六年壬子","832","2",,"61","","江南东道","苏州","吴县",,"江苏","苏州市",,"120.589613","31.304566","苏州刺史","二月抵任苏州未十日，登楼见白居易诗有感，题诗以寄","白居易","《到郡未浃日登西楼见乐天题诗因即事以寄》","Poem","到郡未浃日登西楼见乐天题诗因即事因寄
湖上收宿雨，城中无昼尘。楼依新柳贵，池带乱苔春。云水正一望，簿书来绕身。烟波洞庭路，愧彼扁舟人。","卞孝萱《刘禹锡年谱》，中华书局1966年版，第176页","卞孝萱校订《刘禹锡集》卷32第443页，中华书局1990年版",,,"洪迎华"
"唐","刘禹锡","文宗大和六年壬子","832","2",,"61","","江南东道","苏州","吴县",,"江苏","苏州市",,"120.589613","31.304566","苏州刺史","二月，令狐楚移镇太原。刘禹锡寄诗申贺","令狐楚","《令狐相公自天平移镇太原以诗申贺》","Poem","令狐相公自天平移镇太原以诗申贺
北都留守将天兵，出入香街宿禁扃。鼙鼓夜闻惊朔雁，旌旗晓动拂参星。孔璋旧檄家家有，叔度新歌处处听。夷落遥知真汉相，争来屈膝看仪刑。","卞孝萱《刘禹锡年谱》，中华书局1966年版，第176页","卞孝萱校订《刘禹锡集》卷33第468页，中华书局1990年版",,,"洪迎华"
"唐","刘禹锡","文宗大和六年壬子","832","2",,"61","","江南东道","苏州","吴县",,"江苏","苏州市",,"120.589613","31.304566","苏州刺史","二月，令狐楚移镇太原。刘禹锡寄诗申贺","令狐楚","《重酬前寄》","Poem","重酬前寄
边烽寂寂尽收兵，宫树苍苍静掩扃。戎羯归心如内地，天狼无角比凡星。新成丽句开缄后，便入清歌满坐听。吴苑晋祠遥望处，可怜南北太相形。","卞孝萱《刘禹锡年谱》，中华书局1966年版，第176页","卞孝萱校订《刘禹锡集》卷33第468页，中华书局1990年版",,,"洪迎华"
"唐","刘禹锡","文宗大和六年壬子","832","2",,"61","","江南东道","苏州","吴县",,"江苏","苏州市",,"120.589613","31.304566","苏州刺史","二月，令狐楚移镇太原。刘禹锡与白居易唱和诗歌以送之","白居易，令狐楚","《和白侍郎送令狐相公镇太原》","Poem","和白侍郎送令狐相公镇太原
十万天兵貂锦衣，晋城风日斗生辉。行台仆射深恩重，从事中郎旧路归。叠鼓蹙成汾水浪，闪旗惊断塞鸿飞。边庭自此无烽火，拥节还来坐紫微。","卞孝萱《刘禹锡年谱》，中华书局1966年版，第176页","卞孝萱校订《刘禹锡集》卷32第446页，中华书局1990年版",,,"洪迎华"
"唐","刘禹锡","文宗大和六年壬子","832","3","24","61","","江南东道","苏州","吴县",,"江苏","苏州市",,"120.589613","31.304566","苏州刺史","三月二十四日，朝廷赐米赈苏州水灾，上表谢","","《苏州谢赈赐表》","Article","苏州谢赈赐表
臣某言。伏奉去年二月十五日敕。苏州宣赐米一十二万硕。委刺史据户均给者。恩降九天。泽流万姓。伏以臣当州去年灾沴尤甚。水潦虽退。流佣尚多。臣前月到任。奉宣圣旨。阖境老幼。无不涕零。询访里闾。备知凋瘵。方具事实。便欲奏论。圣慈忧人。照烛幽远。特有赈恤。救其灾荒。苍生荷再造之恩。俭岁同有年之庆。臣忝为长吏。倍万恒情。无任感激抃跃之至。","卞孝萱《刘禹锡年谱》，中华书局1966年版，第174页","卞孝萱校订《刘禹锡集》卷15第187页，中华书局1990年版",,,"洪迎华"
"唐","刘禹锡","文宗大和六年壬子","832",,,"61","","江南东道","苏州","吴县",,"江苏","苏州市",,"120.589613","31.304566","苏州刺史","张祜自长安寄诗与刘禹锡","张祜",,"","","卞孝萱《刘禹锡年谱》，中华书局1966年版，第173页",,,,"洪迎华"
"唐","刘禹锡","文宗大和六年壬子","832",,,"61","","江南东道","苏州","吴县",,"江苏","苏州市",,"120.589613","31.304566","苏州刺史","在苏州刺史任。为澈上人文集作序","僧灵澈","《澈上人文集序》","Article","澈上人文集序
释子工为诗尚矣。休上人赋别怨。约法师哭范尚书。咸为当时才士之所倾叹。厥后比比有之。上人生于会稽。本汤氏子。聪察嗜学。不肯为凡夫。因辞父兄出家。号灵澈。字源澄。虽受经论。一心好篇章。从越客严维学为诗。遂籍籍有闻。维卒。乃抵吴兴。与长老诗僧皎然游。讲艺益至。皎然以书荐于词人包侍郎佶。包得之大喜。又以书致于李侍郎纾。是时以文章风韵主盟于世者曰包李。以是上人之名。由三公而飏。如云得风。柯叶张王。以文章接才子。以禅理说高人。风仪甚雅。谈笑多味。贞元中。西游京师。名振辇下。缁流疾之。造飞语激动中贵人。因侵诬得罪。徙汀州。会赦归东越。时吴楚间诸侯。多宾礼招延之。元和十一年。终于宣州开元寺。年七十有一。门人迁之。建塔于越之山阴天柱峰之陲。从本教也。初上人在吴兴。居何山。与昼公为侣。时予方以两髦执笔砚。陪其吟咏。皆曰孺子可教。后相遇于京洛。与支许之契焉。上人没后十七年。予为吴郡。其门人秀峰。捧先师之文来乞词以志。且曰。师尝在吴。赋诗近二千首。今删去三百篇。勒为十卷。自大历至元和。凡五十年间。接词客闻人酬唱。别为十卷。今也思行乎昭代。求一言羽翼之。因为评曰。世之言诗僧。多出江左。灵一导其源。护国袭之。清江扬其波。法振沿之。如么弦孤韵。瞥入人耳。非大乐之音。独吴兴昼公。能备众体。昼公后。澈公承之。至如芙蓉园新寺诗云。经来白马寺。僧到赤乌年。谪汀州云。青蝇为吊客。黄耳寄家书。可为入作者阃域。岂独雄于诗僧间邪。","卞孝萱《刘禹锡年谱》，中华书局1966年版，第175页","卞孝萱校订《刘禹锡集》卷19第239页，中华书局1990年版",,,"洪迎华"
"唐","刘禹锡","文宗大和六年壬子","832",,,"61","","江南东道","苏州","吴县",,"江苏","苏州市",,"120.589613","31.304566","苏州刺史","在苏州刺史任。作文祭友","桂仲武","《祭福建桂尚书文》","Article","祭福建桂尚书文
维大和六年月日。苏州刺史刘禹锡。谨以清酌之奠。敬祭于故福建团练使桂公之灵。鹍化鹏征。擘波冲天。士逢其时。舍笈乘轩。始识尚书。贞元季年。诣我南省。褎文一编。便坐接语。其容温然。星岁未几。鄙夫南迁。滞留江湘。鱼鸟周旋。尚书遇知。变化如蝉。秉宪朝右。剖符江壖。交趾化行。容州绩宣。凡曰循吏。莫居我先。大和之初。再遂良觌。分务东洛。门里同陌。予复郎位。公为宾客。蔚然贵臣。绶紫须白。俄俱西还。列于清班。来访书殿。登楼看山。见领八屯。循街九关。贺迁闽越。红旆双殷。克有淑声。搢绅之间。茕嫠鼓舞。强悍低跧。延平古津。峭壁孱颜。岂意龙剑。沈晶不还。复魄侯堂。归舟建浦。双表何在。虎邱之下。恭承嘉命。来牧吾土。言念昔游。忽成千古。哀哉孝嗣。率礼无违。言奉几席。归乎洛师。敬陈奠筵。泣对灵帷。平生不忘。歆此一卮。呜呼哀哉。","卞孝萱《刘禹锡年谱》，中华书局1966年版，第175页","卞孝萱校订《刘禹锡集》卷40第609页，中华书局1990年版",,,"洪迎华"
"唐","刘禹锡","文宗大和六年壬子","832",,,"61","","江南东道","苏州","吴县",,"江苏","苏州市",,"120.589613","31.304566","苏州刺史","在苏州刺史任。作文祭友","杨归厚","《祭虢州杨庶子文》","Article","祭虢州杨庶子文
维大和六年月日。苏州刺史刘禹锡。谨遣军吏某乙具少牢清酌之奠。敬祭于故虢州杨公之灵。呜呼。利剑多缺。真玉喜折。俊人不寿。为气所齧。子之少孤。率性自然。早有名字。结交世贤。席势驰声。龙秋鸟仙。试文再售。毛翮愈鲜。历佐侯藩。拾遗君前。伏閤论事。侵及内权。克扬直声。不愠左迁。一斥于外。君门邈然。五剖竹符。皆有声绩。南湘潜化。巴人哑哑。比阳布和。战地尽辟。寿春武断。奸吏夺魄。荣波砥平。士庶同适。朝典陟明。俾临本州。锡以贵绶。腰金昼游。舆疾而来。风烟为愁。静治三载。卧分主忧。直气潜销。颓几不留。九天难问。万国同休。呜呼惜哉。与君交欢。已过三纪。维私之爱。与众无比。乃命长嗣。为君半子。谁无外姻。君实知已。昔与君游。俱为壮年。怒人言命。笑人言天。阅事未多。信书太坚。方阶尺木。已坠九泉。诵年易深。潜病难痊。不见南楚。方知北轩。呜呼嗟哉。见几不早。追悔已晚。犹希苟老。容或宣展。以闲相期。以晦相勉。一邱可乐。万累皆遣。玩图散秩。婆娑京辇。天命不长。愿言莫展。呜呼痛哉。君卧宏农。予来姑苏。飞书相约。言念鼎湖。我车载脂。为子疾驱。入境阒寂。唯逢素书。发函惊视。翰不自濡。相去一舍。岂无肩舆。君为病婴。我为吏拘。两不如意。嗟哉命夫。君今往矣。无复可道。我今泛然。一委元造。平生亲友。零落太早。无望拔茅。尽悲宿草。到郡浃辰。君不起闻。寝门一恸。我哀如焚。彭彭輤车。来葬洛滨。敬修赙礼。泣送行人。万夫之羞。荐君明魂。三赤之板。写予哀文。凄凉山河。惨淡风云。已矣长别。嗟我杨君。","卞孝萱《刘禹锡年谱》，中华书局1966年版，第175页","卞孝萱校订《刘禹锡集》卷40第610页，中华书局1990年版",,,"洪迎华"
"唐","刘禹锡","文宗大和六年壬子","832",,,"61","","江南东道","苏州","吴县",,"江苏","苏州市",,"120.589613","31.304566","苏州刺史","在苏州刺史任。与李德裕唱和诗文","李德裕","《和西川李尚书伤孔雀及薛涛之什》","Poem","和西川李尚书伤孔雀及薛涛之什
玉儿已逐金镮葬，翠羽先随秋草萎。唯见芙蓉含晓露，数行红泪滴清池。","卞孝萱《刘禹锡年谱》，中华书局1966年版，第175页","卞孝萱校订《刘禹锡集》卷37第551页，中华书局1990年版",,,"洪迎华"
"唐","刘禹锡","文宗大和六年壬子","832",,,"61","","江南东道","苏州","吴县",,"江苏","苏州市",,"120.589613","31.304566","苏州刺史","在苏州刺史任。与白居易诗文唱和","白居易","《乐天寄重和晚达冬青一篇因成再答》","Poem","乐天寄重和晚达冬青一篇因成再答
风云变化饶年少，光景蹉跎属老夫。秋隼得时凌汗漫，寒龟饮气受泥涂。东隅有失谁能免，北叟之言岂便无。振臂犹堪呼一掷，争知掌下不成卢。","卞孝萱《刘禹锡年谱》，中华书局1966年版，第176页","卞孝萱校订《刘禹锡集》卷32第448页，中华书局1990年版",,,"洪迎华"
"唐","刘禹锡","文宗大和六年壬子","832",,,"61","","江南东道","苏州","吴县",,"江苏","苏州市",,"120.589613","31.304566","苏州刺史","在苏州刺史任。与白居易诗文唱和","白居易","《寄赠小樊》","Poem","寄赠小樊
花面丫头十三四，春来绰约向人时。终须买取名春草，处处将行步步随。","卞孝萱《刘禹锡年谱》，中华书局1966年版，第176页","卞孝萱校订《刘禹锡集》卷32第444页，中华书局1990年版",,,"洪迎华"
"唐","刘禹锡","文宗大和六年壬子","832",,,"61","","江南东道","苏州","吴县",,"江苏","苏州市",,"120.589613","31.304566","苏州刺史","在苏州刺史任。与白居易诗文唱和","白居易","《忆春草》","Poem","忆春草
忆春草，处处多情洛阳道。金谷园中见日迟，铜驼陌上迎风早。河南大尹频出难，只得池塘十步看。府门闭后满街月，几处游人草头歇。馆娃宫外姑苏台，郁郁芊芊拨不开。无风自偃君知否，西子裙裾曾拂来。","卞孝萱《刘禹锡年谱》，中华书局1966年版，第176页","卞孝萱校订《刘禹锡集》卷32第445页，中华书局1990年版",,,"洪迎华"
"唐","刘禹锡","文宗大和六年壬子","832",,,"61","","江南东道","苏州","吴县",,"江苏","苏州市",,"120.589613","31.304566","苏州刺史","在苏州刺史任。与白居易诗文唱和","白居易","《乐天寄忆旧游因作报白君以答》","Poem","乐天寄忆旧游因作报白君以答
报白君，别来已渡江南春。江南春色何处好，燕子双飞故官道。春城三百七十桥，夹岸朱楼隔柳条。丫头小儿荡画桨，长袂女郎簪翠翘。郡斋北轩卷罗幕，碧池逶迤绕画阁。池边绿竹桃李花，花下舞筵铺彩霞。吴娃足情言语黠，越客有酒巾冠斜。坐中皆言白太守，不负风光向杯酒。酒酣襞笺飞逸韵，至今传在人人口。报白君，相思空望嵩丘云。其奈钱塘苏小小，忆君泪点石榴裙。","卞孝萱《刘禹锡年谱》，中华书局1966年版，第176页","卞孝萱校订《刘禹锡集》卷32第445页，中华书局1990年版",,,"洪迎华"
"唐","刘禹锡","文宗大和六年壬子","832",,,"61","","江南东道","苏州","吴县",,"江苏","苏州市",,"120.589613","31.304566","苏州刺史","在苏州刺史任。秋，与令狐楚诗歌唱和","令狐楚","《酬令狐相公六言见寄》","Poem","酬令狐相公六言见寄
已嗟别离太远，更被光阴苦催。吴苑燕辞人去，汾川雁带书来。愁吟月落犹望，忆梦天明未回。今日便令歌者，唱兄诗送一杯。","卞孝萱《刘禹锡年谱》，中华书局1966年版，第177页","卞孝萱校订《刘禹锡集》卷33第469页，中华书局1990年版",,,"洪迎华"
"唐","刘禹锡","文宗大和六年壬子","832",,,"61","","江南东道","苏州","吴县",,"江苏","苏州市",,"120.589613","31.304566","苏州刺史","在苏州刺史任。秋，与令狐楚诗歌唱和","令狐楚","《酬令狐相公秋怀见寄》","Poem","酬令狐相公秋怀见寄
寂寞蝉声静，差池燕羽回。秋风怜越绝，朔气想台骀。相去数千里，无因同一杯。殷勤望飞雁，新自塞垣来。","卞孝萱《刘禹锡年谱》，中华书局1966年版，第177页","卞孝萱校订《刘禹锡集》卷33第468页，中华书局1990年版",,,"洪迎华"
"唐","刘禹锡","文宗大和六年壬子","832",,,"61","","江南东道","苏州","吴县",,"江苏","苏州市",,"120.589613","31.304566","苏州刺史","在苏州刺史任。作诗忆故友元稹","元稹","《虎丘寺见元相公二年前题名怆然有咏》","Poem","虎丘寺见元相公二年前题名怆然有咏
浐水送君君不还，见君题字虎丘山。因知早贵兼才子，不得多时在世间。","卞孝萱《刘禹锡年谱》，中华书局1966年版，第177页","卞孝萱校订《刘禹锡集》卷32第444页，中华书局1990年版",,,"洪迎华"
"唐","刘禹锡","文宗大和六年壬子","832",,,"61","","江南东道","苏州","吴县",,"江苏","苏州市",,"120.589613","31.304566","苏州刺史","在苏州刺史任。秋，与白居易诗歌唱和","白居易","《酬乐天见寄》","Poem","酬乐天见寄
元君后辈先零落，崔相同年不少留。华屋坐来能几日，夜台归去便千秋。背时犹自居三品，得老终须卜一丘。若使吾徒还早达，亦应箫鼓入松楸。","卞孝萱《刘禹锡年谱》，中华书局1966年版，第177页","卞孝萱校订《刘禹锡集》卷32第447页，中华书局1990年版",,,"洪迎华"
"唐","刘禹锡","文宗大和六年壬子","832",,,"61","","江南东道","苏州","吴县",,"江苏","苏州市",,"120.589613","31.304566","苏州刺史","在苏州刺史任。秋，与白居易诗歌唱和","白居易","《秋夕不寐寄乐天》","Poem","秋夕不寐寄乐天
洞户夜帘卷，华堂秋簟清。萤飞过池影，蛩思绕阶声。老枕知将雨，高窗报欲明。何人谙此景，远问白先生。","卞孝萱《刘禹锡年谱》，中华书局1966年版，第177页","卞孝萱校订《刘禹锡集》卷32第446页，中华书局1990年版",,,"洪迎华"
"唐","刘禹锡","文宗大和六年壬子","832",,,"61","","江南东道","苏州","吴县",,"江苏","苏州市",,"120.589613","31.304566","苏州刺史","在苏州刺史任。秋，与白居易诗歌唱和","白居易","《答乐天见忆》","Poem","答乐天见忆
与老无期约，到来如等闲。偏伤朋友尽，移兴子孙间。笔底心无毒，杯前胆不豩。唯馀忆君梦，飞过武牢关。","卞孝萱《刘禹锡年谱》，中华书局1966年版，第178页","卞孝萱校订《刘禹锡集》卷32第447页，中华书局1990年版",,,"洪迎华"
"唐","刘禹锡","文宗大和六年壬子","832",,,"61","","江南东道","苏州","吴县",,"江苏","苏州市",,"120.589613","31.304566","苏州刺史","在苏州刺史任。秋，与白居易诗歌唱和","白居易","《和乐天诮失婢牓者》","Poem","和乐天诮失婢榜者
把镜朝犹在，添香夜不归。鸳鸯拂瓦去，鹦鹉透笼飞。不逐张公子，即随刘武威。新知正相乐，从此脱青衣。","卞孝萱《刘禹锡年谱》，中华书局1966年版，第178页","卞孝萱校订《刘禹锡集》卷32第448页，中华书局1990年版",,,"洪迎华"
"唐","刘禹锡","文宗大和六年壬子","832",,,"61","","江南东道","苏州","吴县",,"江苏","苏州市",,"120.589613","31.304566","苏州刺史","在苏州刺史任。冬，与令狐楚诗歌唱和","令狐楚","《令狐相公自太原累示新诗因以酬寄》","Poem","令狐相公自太原累示新诗因以酬寄
飞蓬卷尽塞云寒，战马闲嘶汉地宽。万里胡天无警急，一笼烽火报平安。灯前妓乐留宾宴，雪后山河出猎看。珍重新诗远相寄，风情不似四登坛。","卞孝萱《刘禹锡年谱》，中华书局1966年版，第177页","卞孝萱校订《刘禹锡集》卷33第469页，中华书局1990年版",,,"洪迎华"
"唐","刘禹锡","文宗大和六年壬子","832",,,"61","","江南东道","苏州","吴县",,"江苏","苏州市",,"120.589613","31.304566","苏州刺史","在苏州刺史任。作诗送友","僧宗密","《送宗密上人归南山草堂寺因谒河南尹白侍郎》","Poem","送宗密上人归南山草堂寺因谒河南尹白侍郎
宿习修来得慧根，多闻第一却忘言。自从七祖传心印，不要三乘入便门。东泛沧江寻古迹，西归紫阁出尘喧。河南白尹大檀越，好把真经相对翻。","卞孝萱《刘禹锡年谱》，中华书局1966年版，第178页","卞孝萱校订《刘禹锡集》卷29第404页，中华书局1990年版",,,"洪迎华"
"唐","刘禹锡","文宗大和六年壬子","832",,,"61","","江南东道","苏州","吴县",,"江苏","苏州市",,"120.589613","31.304566","苏州刺史","在苏州刺史任。与白居易诗歌唱和","白居易","《河南白尹有喜崔宾客归洛兼见怀长句因而继和》","Poem","河南白尹有喜崔宾客归洛兼见怀长句因而继和
几年侍从作名臣，却向青云索得身。朝士忽为方外士，主人仍是眼中人。双鸾游处天京好，五马行时海峤春。遥羡光阴不虚掷，肯令丝竹暂生尘。","卞孝萱《刘禹锡年谱》，中华书局1966年版，第178页","卞孝萱校订《刘禹锡集》卷32第448页，中华书局1990年版",,,"洪迎华"
"唐","刘禹锡","文宗大和六年壬子","832",,,"61","","江南东道","苏州","吴县",,"江苏","苏州市",,"120.589613","31.304566","苏州刺史","在苏州刺史任。与白居易诗歌唱和","白居易","《郡斋书怀寄江南白尹兼简分司崔宾客》","Poem","郡斋书怀寄江南白尹兼简分司崔宾客
谩读图书三十车，年年为郡老天涯。一生不得文章力，百口空为饱煖家。绮季衣冠称鬓面，吴公政事副词华。还思谢病吟归去，同醉城东桃李花。","卞孝萱《刘禹锡年谱》，中华书局1966年版，第178页","卞孝萱校订《刘禹锡集》卷32第449页，中华书局1990年版",,,"洪迎华"
"唐","刘禹锡","文宗大和六年壬子","832",,,"61","","江南东道","苏州","吴县",,"江苏","苏州市",,"120.589613","31.304566","苏州刺史","禹锡与白居易唱和甚多，居易编为《吴洛寄和卷》","白居易",,"","","卞孝萱《刘禹锡年谱》，中华书局1966年版，第171-172页",,,,"洪迎华"
"唐","刘禹锡","文宗大和六年壬子","832",,,"61","","江南东道","苏州","吴县",,"江苏","苏州市",,"120.589613","31.304566","苏州刺史","禹锡将其与李德裕的唱和诗篇，编为《吴蜀集》","李德裕","《吴蜀集引》","Article","吴蜀集引
长庆四年。余为历阳守。今丞相赵郡李公。时镇南徐州。每赋诗。飞函相示。且命同作。尔后出处乖远。亦如邻封。凡酬唱始于江南。而终于剑外。故以吴蜀为目云。","卞孝萱《刘禹锡年谱》，中华书局1966年版，第173；175页","卞孝萱校订《刘禹锡集》卷39第589页，中华书局1990年版",,,"洪迎华"
"唐","刘禹锡","文宗大和七年癸丑","833","2","5","62","","江南东道","苏州","吴县",,"江苏","苏州市",,"120.589613","31.304566","苏州刺史","在苏州刺史任。二月五日，将其与令狐楚的唱和诗篇，编为《彭阳唱和集》","令狐楚","《彭阳唱和集引》","Article","彭阳唱和集引
丞相彭阳公。始由贡士以文章为羽翼。怒飞于冥冥。及贵为元老。以篇咏佐琴壶。取适乎閒宴。锵然如朱弦玉磬。故名闻于世间。鄙人少时。亦尝以词艺梯而航之。中途见险。流落不试。而胸中之气。伊郁蜿蜒。泄为章句。以遣愁沮。悽然如燋桐孤竹。亦名闻于世间。虽穷达异趣。而音英同域。故相遇甚欢。其会面必抒怀。其离居必寄兴。重酬累赠。体备今古。好事者多传布之。今年公在并州。余守吴门。相去迥远。而音徽如近。且有书来抵曰。三川守白君。编录与吾子赠答。缄缥囊以遗余。白君为词以冠其前。号曰刘白集。悠悠思与所赋。亦盈于巾箱。盍次第之。以塞三川之请。于是缉缀。凡百有馀篇。以彭阳唱和集为目。勒成两轴。尔后继赋。附于左方。大和七年二月五日。中山刘禹锡述。","卞孝萱《刘禹锡年谱》，中华书局1966年版，第178页","卞孝萱校订《刘禹锡集》卷39第587页，中华书局1990年版",,,"洪迎华"
"唐","刘禹锡","文宗大和七年癸丑","833","2",,"62","","江南东道","苏州","吴县",,"江苏","苏州市",,"120.589613","31.304566","苏州刺史","二月，李德裕自西川入为大夫，拜相，刘禹锡献启以贺","李德裕","《贺门下李相公启》","Article","贺门下李相公启
某启。伏以圣君当功成恺乐之日。而求贤愈切。思治益深。是上元垂休。欲速致太平之明效。以相公事业。而逢此时。天下之人。视仁寿之域。其犹寻尺。故命书所至。德风随之。微才片善。咸自磨拂。况同主国柄。如吹埙篪。含生之伦。惟所措置。日月亭午。物无邪阴。圣贤合德。人识正道。虽居畎亩。足以咏歌。某遐守要荒。不获随例拜贺。私感窃抃。实倍恒情。","卞孝萱《刘禹锡年谱》，中华书局1966年版，第181页","卞孝萱校订《刘禹锡集》卷18第221页，中华书局1990年版",,,"洪迎华"
"唐","刘禹锡","文宗大和七年癸丑","833",,,"62","","江南东道","苏州","吴县",,"江苏","苏州市",,"120.589613","31.304566","苏州刺史","在苏州刺史任。三月前，与给事中杨虞卿诗歌唱和","杨虞卿","《和杨师皋给事伤小姬英英》","Poem","和杨师皋给事伤小姬英英
见学胡琴见艺成，今朝追想几伤情。撚弦花下呈新曲，放拨灯前谢改名。但是好花皆易落，从来尤物不长生。鸾台夜直衣衾冷，云雨无因入禁城。","卞孝萱《刘禹锡年谱》，中华书局1966年版，第182页","卞孝萱校订《刘禹锡集》卷32第449页，中华书局1990年版",,,"洪迎华"
"唐","刘禹锡","文宗大和七年癸丑","833","3",,"62","","江南东道","苏州","吴县",,"江苏","苏州市",,"120.589613","31.304566","苏州刺史","在苏州刺史任。三月，给事中杨虞卿出为常州刺史。刘禹锡作诗寄友","杨虞卿","《寄毗陵杨给事三首》","Poem","寄毗陵杨给事三首 其一
挥毫起制来东省，蹑足修名谒外台。好著櫜鞬莫惆怅，出文入武是全才。
寄毗陵杨给事三首 其二
曾主鱼书轻刺史，今朝自请左鱼来。青云直上无多地，却要斜飞取势回。
寄毗陵杨给事三首 其三
东城南陌昔同游，坐上无人第二流。屈指如今已零落，且须欢喜作邻州。","卞孝萱《刘禹锡年谱》，中华书局1966年版，第182-183页","卞孝萱校订《刘禹锡集》卷38第557页，中华书局1990年版",,,"洪迎华"
"唐","刘禹锡","文宗大和七年癸丑","833",,,"62","","江南东道","苏州","吴县",,"江苏","苏州市",,"120.589613","31.304566","苏州刺史","在苏州刺史任。四月前，与白居易诗文唱和","白居易","《和乐天南园试小乐》","Poem","和乐天南园试小乐
闲步南园烟雨晴，遥闻丝竹出墙声。欲抛丹笔三川去，先教清商一部成。花木手栽偏有兴，歌词自作别生情。多才遇景皆能咏，当日人传满凤城。","卞孝萱《刘禹锡年谱》，中华书局1966年版，第182页","卞孝萱校订《刘禹锡集》卷31第432页，中华书局1990年版",,,"洪迎华"
"唐","刘禹锡","文宗大和七年癸丑","833",,,"62","","江南东道","苏州","吴县",,"江苏","苏州市",,"120.589613","31.304566","苏州刺史","在苏州刺史任。四月前，与白居易诗文唱和","白居易","《和乐天洛下醉吟寄太原令狐相公兼见怀长句》","Poem","和乐天洛下醉吟寄太原令狐相公兼见怀长句
旧相临戎非称意，词人作尹本多情。从容自使边尘静，谈笑不闻桴鼓声。章句新添塞下曲，风流旧占洛阳城。昨来亦有吴趋咏，惟寄东都与北京。","卞孝萱《刘禹锡年谱》，中华书局1966年版，第182页","卞孝萱校订《刘禹锡集》卷32第449页，中华书局1990年版",,,"洪迎华"
"唐","刘禹锡","文宗大和七年癸丑","833",,,"62","","江南东道","苏州","吴县",,"江苏","苏州市",,"120.589613","31.304566","苏州刺史","在苏州刺史任。六月前，有诗酬和令狐楚","令狐楚","《酬太原令狐相公见寄》","Poem","酬太原令狐相公见寄
书信来天外，琼瑶满匣中。衣冠南渡远，旌节北门雄。鹤唳华亭月，马嘶榆塞风。山川几千里，惟有两心同。","陶敏、陶红雨《刘禹锡全集编年校注》，岳麓书社2003年版，第577页","卞孝萱校订《刘禹锡集》卷33第469页，中华书局1990年版",,,"洪迎华"
"唐","刘禹锡","文宗大和七年癸丑","833","6",,"62","","江南东道","苏州","吴县",,"江苏","苏州市",,"120.589613","31.304566","苏州刺史","在苏州刺史任。六月，令狐楚由河东节度使入为吏部侍郎，经潼关，与禹锡诗文唱和","令狐楚","《和令狐相公入潼关》","Poem","和令狐相公入潼关
寒光照旌节，关路晓无尘。吏谒前丞相，山迎旧主人。东瞻军府静，西望敕书频。心共黄河水，同升天汉津。","卞孝萱《刘禹锡年谱》，中华书局1966年版，第182页","卞孝萱校订《刘禹锡集》卷33第464页，中华书局1990年版",,,"洪迎华"
"唐","刘禹锡","文宗大和七年癸丑","833","闰7",,"62","","江南东道","苏州","吴县",,"江苏","苏州市",,"120.589613","31.304566","苏州刺史","闰七月，李绅检校左散骑常侍、兼越州刺史，充浙东观察使。绅由洛阳赴任所，经苏州，与禹锡相会","李绅",,"","","卞孝萱《刘禹锡年谱》，中华书局1966年版，第179页",,,,"洪迎华"
"唐","刘禹锡","文宗大和七年癸丑","833",,,"62","","江南东道","苏州","吴县",,"江苏","苏州市",,"120.589613","31.304566","苏州刺史","在苏州刺史任。七月后，禹锡与白居易唱和，怀已故旧游","白居易","《乐天见示伤微之敦诗晦叔三君子皆有深分因成是诗以寄》","Poem","乐天见示伤微之敦诗晦叔三君子皆有深分因成是诗以寄
吟君叹逝双绝句，使我伤怀奏短歌。世上空惊故人少，集中惟觉祭文多。芳林新叶催陈叶，流水前波让后波。万古到今同此恨，闻琴泪尽欲如何。","卞孝萱《刘禹锡年谱》，中华书局1966年版，第183页","卞孝萱校订《刘禹锡集》卷32第452页，中华书局1990年版",,,"洪迎华"
"唐","刘禹锡","文宗大和七年癸丑","833",,,"62","","江南东道","苏州","吴县",,"江苏","苏州市",,"120.589613","31.304566","苏州刺史","在苏州刺史任。与白居易诗文唱和","白居易","《酬乐天衫酒见寄》","Poem","酬乐天衫酒见寄
酒法众传吴米好，舞衣偏尚越罗轻。动摇浮蚁香浓甚，装束轻鸿意态生。阅曲定知能自适，举杯应叹不同倾。终朝相忆终年别，对景临风无限情。","卞孝萱《刘禹锡年谱》，中华书局1966年版，第183页","卞孝萱校订《刘禹锡集》卷34第480页，中华书局1990年版",,,"洪迎华"
"唐","刘禹锡","文宗大和七年癸丑","833",,,"62","","江南东道","苏州","吴县",,"江苏","苏州市",,"120.589613","31.304566","苏州刺史","秋日，感怀作诗寄白居易","白居易","《秋日书怀寄白宾客》","Poem","秋日书怀寄白宾客
州远雄无益，年高健亦衰。兴情逢酒在，筋力上楼知。蝉噪芳意尽，雁来愁望时。商山紫芝客，应不向秋悲。","卞孝萱《刘禹锡年谱》，中华书局1966年版，第183页","卞孝萱校订《刘禹锡集》卷32第451页，中华书局1990年版",,,"洪迎华"
"唐","刘禹锡","文宗大和七年癸丑","833",,,"62","","江南东道","苏州","吴县",,"江苏","苏州市",,"120.589613","31.304566","苏州刺史","在苏州刺史任，与白居易等同题作诗","白居易","《题于家公主旧宅》","Poem","题于家公主旧宅
树绕荒台叶满池，箫声一绝草虫悲。邻家犹学宫人髻，园客争偷御果枝。马埒蓬蒿藏狡兔，凤楼烟雨啸愁鸱。何郎独在无恩泽，不似当初傅粉时。","卞孝萱《刘禹锡年谱》，中华书局1966年版，第184页","卞孝萱校订《刘禹锡集》卷32第450页，中华书局1990年版",,,"洪迎华"
"唐","刘禹锡","文宗大和七年癸丑","833","8","15","62","","江南东道","苏州","吴县",,"江苏","苏州市",,"120.589613","31.304566","苏州刺史","八月十五夜，玩月作诗","","《八月十五日夜玩月》","Poem","八月十五日夜玩月
天将今夜月，一遍洗寰瀛。暑退九霄净，秋澄万景清。星辰让光彩，风露发晶英。能变人间世，翛然是玉京。","卞孝萱《刘禹锡年谱》，中华书局1966年版，第184页","卞孝萱校订《刘禹锡集》卷22第274页，中华书局1990年版",,,"洪迎华"
"唐","刘禹锡","文宗大和七年癸丑","833","8","15","62","","江南东道","苏州","吴县",,"江苏","苏州市",,"120.589613","31.304566","苏州刺史","八月十五夜，玩月作诗，寄白居易","白居易","《八月十五日夜半云开然后玩月因书一时之景呈乐天》","Poem","八月十五日夜半云开然后玩月因书一时之景寄呈乐天
半夜碧云收，中天素月流。开城邀好客，置酒赏清秋。影透衣香润，光凝歌黛愁。斜辉犹可玩，移宴上西楼。","卞孝萱《刘禹锡年谱》，中华书局1966年版，第184页","卞孝萱校订《刘禹锡集》卷32第451页，中华书局1990年版",,,"洪迎华"
"唐","刘禹锡","文宗大和七年癸丑","833","8","17","62","","江南东道","苏州","吴县",,"江苏","苏州市",,"120.589613","31.304566","苏州刺史","八月十七日，在苏州上表贺册皇太子","","《苏州贺册皇太子表》","Article","苏州贺册皇太子表
臣某言。伏奉制书。以今月十日册皇太子。德音遐布。盛礼毕陈。国本永安。人心同庆。伏惟皇帝陛下以继天之圣。有知子之明。义兼君亲。礼重宗祏。龙楼肇建。展嘉礼于三朝。凤历延长。固本枝于万叶。臣守在遐郡。不获称庆阙庭。无任踊跃屏营之至。","陶敏、陶红雨《刘禹锡全集编年校注》，岳麓书社2003年版，第1176页","卞孝萱校订《刘禹锡集》卷15第188页，中华书局1990年版",,,"洪迎华"
"唐","刘禹锡","文宗大和七年癸丑","833","8","17","62","","江南东道","苏州","吴县",,"江苏","苏州市",,"120.589613","31.304566","苏州刺史","八月十七日，在苏州上牋贺册皇太子","","《苏州贺册皇太子牋》","Article","苏州贺册皇太子笺
朝议大夫使持节苏州诸军事守苏州刺史上柱国刘某叩头叩头。伏惟皇太子殿下允膺上嗣。光启东朝。苍震发前星之辉。黄离表重轮之瑞。位居守器。礼重承祧。万国以贞。九围咸说。某限以守郡。不获称庆宫庭。","陶敏、陶红雨《刘禹锡全集编年校注》，岳麓书社2003年版，第1176页","卞孝萱校订《刘禹锡集》卷15第188页，中华书局1990年版",,,"洪迎华"
"唐","刘禹锡","文宗大和七年癸丑","833",,,"62","","江南东道","苏州","吴县",,"江苏","苏州市",,"120.589613","31.304566","苏州刺史","初冬，与白居易唱和","白居易","《酬乐天初冬早寒见寄》","Poem","詶乐天初冬早寒见寄
乍起衣犹冷，微吟帽半欹。霜凝南屋瓦，鸡唱后园枝。洛水碧云晓，吴宫黄叶时。两传千里意，书札不如诗。","卞孝萱《刘禹锡年谱》，中华书局1966年版，第184页","卞孝萱校订《刘禹锡集》卷32第452页，中华书局1990年版",,,"洪迎华"
"唐","刘禹锡","文宗大和七年癸丑","833","11","27","62","","江南东道","苏州","吴县",,"江苏","苏州市",,"120.589613","31.304566","苏州刺史","十一月，禹锡以政最，赐紫金鱼袋。二十七日，刘禹锡上表谢恩","","《苏州谢恩赐加章服表》","Article","苏州谢恩赐加章服表
臣某言。伏奉去年十一月二十七日诏书。加臣赐紫金鱼袋。馀如故者。恩降重霄。荣沾陋质。既黩陟明之典。恐兴彼己之诗。宠过若惊。喜深生惧。臣某中谢。臣起自书生。业文入仕。德宗朝为御史。以孤直在台。顺宗朝为郎官。以缘累出省。宪宗皇帝后知其冤。特降敕书。追赴京国。缘有虚称。恐居清班。务进者争先。上封者潜毁。巧言易信。孤愤难申。俄复一麾。外转三郡。伏遇陛下膺期御宇。大振滞淹。哀臣宿旧。猥见收拾。职兼书殿。官忝仪曹。微劳未宣。薄命多故。又离省署。重领郡符。延英面辞。亲承教诲。衔命即路。星言载驰。到任之初。便逢灾疫。奉宣圣泽。恭守诏条。上禀睿谟。下求人瘼。才术虽短。忧劳则深。幸免流离。渐臻完复。皆承圣化所及。遂使人心获安。岂由微臣薄劣能致。臣素乏亲党。家本孤贫。年衰无酒色之娱。性拙无博奕之艺。自领大郡。又逢时灾。昼夜苦心。寝食忘味。曾经诬毁。每事防虞。惟托神明。更无媒援。岂期片善。上达宸聪。回日月之重光。烛江湘之下国。丝纶褒异。苦节既彰。印绶炜煌。老容如少。望云天而拜舞。岂尽丹诚。视环玦以徘徊。空嗟白首。无任感激屏营之至。","卞孝萱《刘禹锡年谱》，中华书局1966年版，第179；180页","卞孝萱校订《刘禹锡集》卷16第189页，中华书局1990年版",,,"洪迎华"
"唐","刘禹锡","文宗大和七年癸丑","833","12",,"62","","江南东道","苏州","吴县",,"江苏","苏州市",,"120.589613","31.304566","苏州刺史","十一月，以政最，赐紫金鱼袋。十二月日，刘禹锡上状谢","","《苏州加章服谢宰相状》","Article","苏州加章服谢宰相状
右。某素乏吏才。谬居剧郡。以无庸之器。当难治之时。恭守诏条。勤求人瘼。伏以圣德柔远。皇明烛幽。凡有上陈。皆可其奏。遂令管见。得及疲黎。自承雨露之恩。非有循良之政。猥蒙朝奖。特降命书。顾缝掖之腐儒。被华章之贵服。有黩陟明之典。诚招彼己之讥。限以守官。不获拜谢。瞻望荣感。心魂载驰。","卞孝萱《刘禹锡年谱》，中华书局1966年版，第179；180页","卞孝萱校订《刘禹锡集》卷17第206页，中华书局1990年版",,,"洪迎华"
"唐","刘禹锡","文宗大和七年癸丑","833","12",,"62","","江南东道","苏州","吴县",,"江苏","苏州市",,"120.589613","31.304566","苏州刺史","十一月，以政最，赐紫金鱼袋。十二月，白居易寄诗以贺，刘禹锡答之","白居易","《酬乐天见贻贺金紫之什》","Poem","酬乐天贻贺金紫之什
久学文章含白凤，却因政事赐金鱼。郡人未识闻谣咏，天子知名与诏书。珍重贺诗呈锦绣，愿言归计并园庐。旧来词客多无位，金紫同游谁得如。","卞孝萱《刘禹锡年谱》，中华书局1966年版，第184页","卞孝萱校订《刘禹锡集》卷32第451页，中华书局1990年版",,,"洪迎华"
"唐","刘禹锡","文宗大和七年癸丑","833",,,"62","","江南东道","苏州","吴县",,"江苏","苏州市",,"120.589613","31.304566","苏州刺史","在苏州刺史任。本年，禹锡自编《刘氏集略》","","《刘氏集略说》","Article","刘氏集略说
子刘子曰。五达之井。百汲而盈科。未必凉而甘。所处之势然也。人之词待扣而扬。犹井之利汲耳。始余为童儿。居江湖间。喜与属词者游。谬以为可教。视长者所行止。必操觚从之。及冠。举秀才。一幸而中。说有司。惧不厌于众。亟以口誉之。长安中多循空言以为诚。果有名字。益与曹辈畋渔于书林。宵语途话。琴酒调谑。一出于文章。俄被召为记室参军。会出师淮上。恒磨墨于楯鼻。或寝止群书中。居一二岁。由甸服升诸朝。凡三进班。而所掌犹外府。或官课。或为人所倩。昌言奏记。移让告谕。奠神志葬。咸猥并焉。及谪于沅湘间。为江山风物之所荡。往往指事成歌诗。或读书有所感。辄立评议。穷愁著书。古儒者之大同。非高冠长剑之比耳。前年蒙恩泽。授以郡符。居海壖。多雨慝作。适晴。喜。躬晒书于庭。得已书四十通。逌尔自哂曰。道不加益。焉用是空文为。真可供酱蒙药楮耳。它日。子婿博陵崔生关言曰。某也向游京师。伟人多问丈人新书几何。且欲取去。而某应曰无有。辄愧起于颜间。今当复西。期有以弭愧者。繇是删取四之一为集略。以贻此郎。非敢行乎远也。","卞孝萱《刘禹锡年谱》，中华书局1966年版，第180；181页","卞孝萱校订《刘禹锡集》卷20第250页，中华书局1990年版",,,"洪迎华"
"唐","刘禹锡","文宗大和七年癸丑","833",,,"62","","江南东道","苏州","吴县",,"江苏","苏州市",,"120.589613","31.304566","苏州刺史","在苏州刺史任。为李绛编辑遗集","李绛","《唐故相国李公集序》","Article","唐故相国李公集序
天以正气付伟人。必饰之使光耀于世。粹和絪缊积于中。铿锵发越形乎外。文之细大。视道之行止。故得其位者。文非空言。咸系于吁谟宥密。庸可不纪。惟唐以神武定天下。群慝既詟。骤示以文。韶英之音。与钲鼓相袭。故起文章为大臣者。魏文贞以谏诤显。马高唐以智略奋。岑江陵以润色闻。无草昧汗马之劳。而任遇在功臣上。唐之贵文至矣哉。后王纂承。多以国柄付文士。元和初。宪宗遵圣祖故事。视有宰相器者。贮之内庭。繇是释笔砚而操化权者十八九。公实得时而光焉。公讳绛。字深之。赵郡人。在贡士中。杰然有奇表。既登太常第。又以词赋升甲科。授秘书省校书郎。岁满从调。有司设甲乙问以观决断。复居高品。补渭南尉。擢拜监察御史。未几。以本官充翰林学士居中。转尚书主客员外郎。历司勋郎中知制诰。迁中书舍人。风仪峻整。敷奏谠切。言事感动。上辄目送之。一旦。召至浴堂门。与语半日。曰将移用于大位。宜稔熟民听。遂出为户部侍郎。迁中书侍郎同平章事。毅然有直声。及册免而闻望益大。周旋公卿间。五为尚书。历御史大夫左仆射。一以三公领太常。刺近辅。居保釐。登斋坛。皆再焉。大和三年。以司空镇南郑。居二岁。坐气刚玉折。海内冤惜之。后三年。嗣子前京兆府尹曹掾璆次子前监察御史里行顼等。泣持遗草请编之。肇自从试有司。至于宰天下。词赋诏诰。封章启事。歌诗赠饯。金石飏功。凡四百馀篇。勒成二十卷。上所以知君臣启沃之际。下所以备风雅诗声之义。洪钟骇听。瑶瑟清骨。其在翰苑。及登台庭。极言大事。诚贯理直。感通神祇。龙鳞收怒。天日回照。古所谓一言兴邦者。信哉。始愚与公为布衣游。及仕畿服。幸公同邑。其后虽翔泳势异。而不以名数革初心。今考其文。至论事疏。感人肺肝。毛发皆耸。呜呼。其盛唐之遗直欤。","卞孝萱《刘禹锡年谱》，中华书局1966年版，第180；181页","卞孝萱校订《刘禹锡集》卷19第224页，中华书局1990年版",,,"洪迎华"
"唐","刘禹锡","文宗大和七年癸丑","833",,,"62","","江南东道","苏州","吴县",,"江苏","苏州市",,"120.589613","31.304566","苏州刺史","在苏州刺史任。成都府新寺成，禹锡作文以记","","《成都府新修福成寺记》","Article","成都府新修福成寺记
益城右门。大逵坦然。西驰曰石笋街。街之北有仁祠。形焉直启。曰福成寺。寺之殿台与城之楼。交错相辉。绣于碧霄。望之如昆阆间物。大和四年。蜀帅非将材。不修边备。南诏君长谍得内空。乘隙坌入。斗于城下。或纵火以骇众。此寺乃焚。高门修廊。委为寒烬。如是者再岁。帝念坤维。丞相复来。山川如迎。父老相识。环视故地。寺为燋墟。载兴起废之叹。爰有植因之愿。乃命主俸吏。以吾缗钱三十万为经营之基。自公来思。蜀号无事。时康岁稔。人乐檀施。公言既先。应如决川。乃倾囊褚。乃出怀袖。胜因化愚。慧力摄悭。男奔女骤。急于徵令。匠者度材以指众徒。艺者运思以役众技。斤锯磨砻。丁丁登登。陶者储精。圬者效能。歘自火宅。复为金绳。沿故鼎新。因毁成妍。华夷纵观。万目同耸。既告讫役。公来庆成。云鲜日润。辉映前后。于是都人舞忭而谣曰。昔公去此。福成以燬。今公重还。福成复完。民安军治。亦如此寺。庸可勿纪乎。公实闻斯言。遂折简见命。谨月而日之。时大和某年某月日。大檀越具官封爵段氏。其他发大愿者。程功董事者。自中贵人及宾介将吏若僧徒。偕籍之而刻于石。","卞孝萱《刘禹锡年谱》，中华书局1966年版，第181页","卞孝萱校订《刘禹锡集》卷4第61页，中华书局1990年版",,,"洪迎华"
"唐","刘禹锡","文宗大和七年癸丑","833",,,"62","","江南东道","苏州","吴县",,"江苏","苏州市",,"120.589613","31.304566","苏州刺史","在苏州刺史任。为奚陟作碑文","奚陟","《唐故朝议郎守尚书吏部侍郎上柱国赐紫金鱼袋赠司空奚公神道碑》","Article","唐故朝议郎守尚书吏部侍郎上柱国赐紫金鱼袋赠司空奚公神道碑
呜呼。有唐清臣尚书吏部侍郎奚公。贞元十五年十月甲子薨于位。诏赠礼部尚书。太常考行。谥曰某。是岁腊月丁酉。葬于万年县之某原。后三十有四年。子为诸侯为大夫。门户有炜。于是门下生琢石纪德。揭于新阡云。公讳陟。字殷衡。其先在夏为车正。以功封于薛。下古以降为谯郡人。或因仕适楚。复之秦。今为京兆人。隋唐之际。再世以明经为博士。家有赐书。曾祖简。亦以文学为太子司议郎。大父乾绎。仕至光州刺史。烈考讳某。有道而尚晦。终徐州司功参军。赠和州刺史。由子贵也。天以大运生万物。而以正气钟贤人。至和来宅。其德乃具。公实有焉。幼而擢陵苕之秀。长而成清庙之器。群伦月旦。咸以第一流处之。及从乡赋。洎升名太常。果居上第。明年。诏郡国徵贤良。设四科以尽材。公居文词清丽之目。授宏文馆校书郎。时德宗新即位。声烜虏庭。西戎畏威。厎贡内附。诏谏议大夫崔河图持节即虏帐以报之。使臣欲盛其宾寮以自大。遂嘿表公为介。授大理评事。除书到门。公方为人子。不敢许以远。称病弗果行。归宁寿春。养志尽敬。丞相杨炎勇于用材。擢公为左拾遗。奉安舆而西。未几。再集荼蓼。居后丧将阕。是岁建中四年。京师急变。黄屋顺动。狩于巴梁。公徒行閒道。以归王所。既中月而诏授起居郎。充翰林学士。创钜愈迟。病不拜职。改太子司议郎。从大驾回。入尚书为司金元士。且参榷筦之务。有顷。持悯册宣恩于蓟门。将行。锡银朱于青蒲上。复命称旨。转吏部员外郎。是曹在南宫为眉目。在选士为司命。公执直笔阅簿书。纷挐盘错。一瞬而剖。时文昌缺左右丞。都曹差重。遂转左司郎中。寻迁中书舍人。执事者系公识精。以斟酌大政。非独用文饰也。会江淮閒民被水祸。上悯焉。特命公宣抚之。许以便宜及物。赤车所至。如东风变枯。条其利病。复奏咸可。转刑部侍郎。时主计臣延龄以险刻贵倖。而与京兆尹相恶。以危事中之。尹坐谴。已又逮系其吏峻绳之。事下司寇。主奏议者欲文致而甘心焉。公侃然持平。挫彼岳岳。君子闻之。善其知道不私。刑曹既清。以馀刃兼领选事。居一年授权知吏部侍郎。又一年即真。是秩言能审官者。本朝有裴马卢李四君子。物论以公媲焉。时得病发廱。有国医方直禁中。上促遣如第。且敕之曰。某贤臣也。悉术以治之。及有司以不起闻。上震悼加等。公娶琅琊王氏。石泉公之曾孙。友婿皆一时彦士。长子某。蚤不禄。第二子敬则。历太仆少卿。今为濮州刺史兼侍御史中丞。锡金紫。以课最就加贵秩。俾视九卿。第三子敬元。以词艺似续登文科。历左补阙。今为尚书刑部郎中。第四子炅。举进士。最小子某。咸砥砺纂修。宜为名公家子。其迈德垂裕之光也乎。公少以名器自任。及显达。急于推贤。视其所举。则在西省荐权丞相由右史掌训辞。在中铨表杨仆射由地曹郎综吏部。二公后为天下伟人。凡执文章权衡。以揣量多士。一入中禁考策词。三在天官第章句。披沙剖璞。由我而显者。落落然居多。推是风鉴。移于大冶。则镕范之内。无非祥金。嗟乎。天不遐其福而孤民望。使由庚之什不作于贞元中。惜也。初公既终。诏赠大宗伯。后以第三子在郎位被霈泽。再追褒至司空。故昔之葬仪用常伯。而今之碑制用三公云。铭曰。仁麟智龙。为瑞一辰。未若君子。瑞于人伦。惟唐德宗。道类汉宣。责实绳下。风棱言言。公丁斯时。籍在隽贤。从难表节。执羁而还。帝曰汝器。黄流瑟然。可为大寮。左右化源。乃饰王度。乃驰輶轩。既执刑柄。亦操吏权。阳和熙熙。贮在颜间。守法持正。嶷如秋山。火不侵玉。倖臣畏伏。凤鸣祥烟。枭噪低跧。帝方倚用。天不假年。公寐无寤。其名愈远。门人达者。赤舄元衮。公居甚卑。其德愈尊。两子朝服。骈驱朱轮。佳城何在。冑贵之里。螭首龟趺。德辉是纪。呜呼后人。下拜于此。","卞孝萱《刘禹锡年谱》，中华书局1966年版，第181页","卞孝萱校订《刘禹锡集》卷2第29页，中华书局1990年版",,,"洪迎华"
"唐","刘禹锡","文宗大和七年癸丑","833",,,"62","","江南东道","苏州","吴县",,"江苏","苏州市",,"120.589613","31.304566","苏州刺史","在苏州刺史任。大和七八年间，与王璠诗歌唱和","王璠，杨虞卿","《和浙西王尚书闻常州杨给事制新楼因寄之作》","Poem","和浙西尚书闻常州杨给事制新楼因寄之作
文昌星象尽东来，油幕朱门次第开。且上新楼看风月，会乘云雨一时回。","卞孝萱《刘禹锡年谱》，中华书局1966年版，第183页","卞孝萱校订《刘禹锡集》卷36第534页，中华书局1990年版",,,"洪迎华"
"唐","刘禹锡","文宗大和八年甲寅","834","1",,"63","","江南东道","苏州","吴县",,"江苏","苏州市",,"120.589613","31.304566","苏州刺史","在苏州刺史任。正月，上表贺皇帝疾愈","","《苏州贺皇帝疾愈表》","Article","苏州贺皇帝疾愈表
臣某言。臣得本道观察使报。伏承圣躬痊愈。已于紫宸殿视朝者。一人有庆。万国同欢。伏惟皇帝陛下外亲万务。内奉三宫。常怀宵旰之勤。遂失寝兴之适。上元降祜。列圣表灵。百神奔走以来扶。四海精诚而致感。勿药有喜。如山永安。宗庙保无疆之休。寰瀛申莫大之庆。臣恪居官次。遐守江干。不获称贺阙庭。无任踊跃屏营之至。","卞孝萱《刘禹锡年谱》，中华书局1966年版，第189页","卞孝萱校订《刘禹锡集》卷16第190页，中华书局1990年版",,,"洪迎华"
"唐","刘禹锡","文宗大和八年甲寅","834",,,"63","","江南东道","苏州","吴县",,"江苏","苏州市",,"120.589613","31.304566","苏州刺史","在苏州刺史任。春，与吏部尚书令狐楚诗文唱和","令狐楚","《酬令狐相公亲仁郭家花下即事见寄》","Poem","酬令狐相公亲仁郭家花下即事见寄
荀令园林好，山公游赏频。岂无花下侣，远望眼中人。斜日渐移影，落英纷委尘。一吟相思曲，惆怅江南春。","卞孝萱《刘禹锡年谱》，中华书局1966年版，第190页","卞孝萱校订《刘禹锡集》卷33第470页，中华书局1990年版",,,"洪迎华"
"唐","刘禹锡","文宗大和八年甲寅","834",,,"63","","江南东道","苏州","吴县",,"江苏","苏州市",,"120.589613","31.304566","苏州刺史","在苏州刺史任。春，与越州刺史充浙东观察使李绅诗歌唱和","李绅","《酬浙东李侍郎越州春晚即事长句》","Poem","詶浙东李侍郎越州春晚即事长句
越中蔼蔼繁华地，秦望峰前禹穴西。湖草初生边雁去，山花半谢杜鹃啼。青油昼卷临高阁，红旆晴翻绕古堤。明日汉庭徵旧德，老人争出若耶溪。","卞孝萱《刘禹锡年谱》，中华书局1966年版，第190页","卞孝萱校订《刘禹锡集》卷36第535页，中华书局1990年版",,,"洪迎华"
"唐","刘禹锡","文宗大和八年甲寅","834",,,"63","","江南东道","苏州","吴县",,"江苏","苏州市",,"120.589613","31.304566","苏州刺史","在苏州刺史任。春，有诗酬令狐楚","令狐楚","《酬令狐相公岁暮远怀见寄》","Poem","酬令狐相公岁暮远怀见寄
别侣孤鹤怨，冲天威凤归。容光一以间，梦想是耶非。芳讯远弥重，知音老更稀。不如湖上雁，北向整毛衣。","陶敏、陶红雨《刘禹锡全集编年校注》，岳麓书社2003年版，第页","卞孝萱校订《刘禹锡集》卷33第470页，中华书局1990年版",,,"洪迎华"
"唐","刘禹锡","文宗大和八年甲寅","834",,,"63","","江南东道","苏州","吴县",,"江苏","苏州市",,"120.589613","31.304566","苏州刺史","在苏州刺史任。春，吟白居易诗，有感作诗","白居易","《吟乐天自问怆然有作》","Poem","吟乐天自问怆然有作
亲友关心皆不见，风光满眼倍伤神。洛阳城里多池馆，几处花开有主人。","陶敏、陶红雨《刘禹锡全集编年校注》，岳麓书社2003年版，第586页","卞孝萱校订《刘禹锡集》卷32第450页，中华书局1990年版",,,"洪迎华"
"唐","刘禹锡","文宗大和八年甲寅","834",,,"63","","江南东道","苏州","吴县",,"江苏","苏州市",,"120.589613","31.304566","苏州刺史","禹锡在苏州刺史任两年余，政绩为世所称","",,"","","卞孝萱《刘禹锡年谱》，中华书局1966年版，第184页",,,,"洪迎华"
"唐","刘禹锡","文宗大和八年甲寅","834",,,"63","","江南东道","苏州","吴县",,"江苏","苏州市",,"120.589613","31.304566","苏州刺史","在苏州刺史任。有文","","《魏生兵要述》","Article","魏生兵要述
余为书殿学士四年。所与居皆鸿生彦士。一旦诏下。怀吴郡章而东。门下生咸惜是行。且曰。吴中富士。必有知书。宜为太守所礼者。及下车。阅客籍。森然三千。有钜鹿魏生将所著书来谒曰。不佞始读书为文章。凡二十年。在贡士中。孤鸣甚哀。卒无善听者。退而收视易虑。伏北窗下考前言。成兵要十编。度诸侯未遑是事。将笈而西。求一言以生羽翼。余取其书观之。始自黄帝伏蚩尤。终于隋氏平江南。语春秋战国事最备。磅礡下上数千年间。其捃摭评议无遗策。用是以干握兵符贵人。宜有虚已而乐闻者。子盍行乎。吾知元侯上舍。不独善鸡鸣弹长铗三五九九之伎颛之而已。","卞孝萱《刘禹锡年谱》，中华书局1966年版，第191页","卞孝萱校订《刘禹锡集》卷20第255页，中华书局1990年版",,,"洪迎华"
"唐","刘禹锡","文宗大和八年甲寅","834",,,"63","","江南东道","苏州","吴县",,"江苏","苏州市",,"120.589613","31.304566","苏州刺史","在苏州刺史任。作诗记宴","","《虎丘寺路宴》","Poem","","卞孝萱《刘禹锡年谱》，中华书局1966年版，第192页","卞孝萱校订《刘禹锡集》诗文补遗卷第629页，中华书局1990年版",,,"洪迎华"
"唐","刘禹锡","文宗大和八年甲寅","834",,,"63","","江南东道","苏州","吴县",,"江苏","苏州市",,"120.589613","31.304566","苏州刺史","在苏州刺史任。作诗","","《西山兰若试茶歌》","Poem","西山兰若试茶歌
山僧后檐茶数丛，春来映竹抽新茸。宛然为客振衣起，自傍芳丛摘鹰觜。斯须炒成满室香，便酌砌下金沙水。骤雨松声入鼎来，白云满碗花徘徊。悠扬喷鼻宿酲散，清峭彻骨烦襟开。阳崖阴岭各殊气，未若竹下莓苔地。炎帝虽尝未解煎，桐君有箓那知味。新芽连拳半未舒，自摘至煎俄顷馀。木兰沾露香微似，瑶草临波色不如。僧言灵味宜幽寂，采采翘英为嘉客。不辞缄封寄郡斋，砖井铜炉损标格。何况蒙山顾渚春，白泥赤印走风尘。欲知花乳清泠味，须是眠云跂石人。","卞孝萱《刘禹锡年谱》，中华书局1966年版，第192页","卞孝萱校订《刘禹锡集》卷25第329页，中华书局1990年版",,,"洪迎华"
"唐","刘禹锡","文宗大和八年甲寅","834",,,"63","","江南东道","苏州","吴县",,"江苏","苏州市",,"120.589613","31.304566","苏州刺史","在苏州刺史任。作诗送友","","《松江送处州奚使君》","Poem","松江送处州奚使君
吴越古今路，沧波朝夕流。从来别离地，能使管弦愁。江草带烟暮，海云含雨秋。知君五陵客，不乐石门游。","卞孝萱《刘禹锡年谱》，中华书局1966年版，第192页","卞孝萱校订《刘禹锡集》卷38第560页，中华书局1990年版",,,"洪迎华"
"唐","刘禹锡","文宗大和八年甲寅","834",,,"63","","江南东道","苏州","吴县",,"江苏","苏州市",,"120.589613","31.304566","苏州刺史","在苏州刺史任。寺院题诗","","《题报恩寺》","Poem","题报恩寺
云外支硎寺，名声敌虎丘。石文留马迹，峰势耸牛头。泉眼潜通海，松门预带秋。迟回好风景，王谢昔曾游。","卞孝萱《刘禹锡年谱》，中华书局1966年版，第192页","卞孝萱校订《刘禹锡集》卷38第560页，中华书局1990年版",,,"洪迎华"
"唐","刘禹锡","文宗大和八年甲寅","834",,,"63","","江南东道","苏州","吴县",,"江苏","苏州市",,"120.589613","31.304566","苏州刺史","在苏州刺史任。作诗酬答","","《酬朗州崔员外与任十四兄侍御同过鄙人旧居见怀之什时守吴郡》","Poem","酬朗州崔员外与任十四兄侍御同过鄙人旧居见怀之什时守吴郡
昔日居邻招屈亭，枫林橘树鹧鸪声。一辞御苑青门去，十见蛮江白芷生。自此曾沾宣室召，如今又守阖闾城。何人万里能相忆，同舍仙郎与外兄。","卞孝萱《刘禹锡年谱》，中华书局1966年版，第192页","卞孝萱校订《刘禹锡集》卷24第319页，中华书局1990年版",,,"洪迎华"
"唐","刘禹锡","文宗大和八年甲寅","834",,,"63","","江南东道","苏州","吴县",,"江苏","苏州市",,"120.589613","31.304566","苏州刺史","在苏州刺史任。作诗送友","僧元简","《送元简上人适越》","Poem","送元简上人适越
孤云出岫本无依，胜境名山即是归。久向吴门游好寺，还思越水洗尘机。浙江涛惊狮子吼，稽岭峰疑灵鹫飞。更入天台石桥去，垂珠璀璨拂三衣。","卞孝萱《刘禹锡年谱》，中华书局1966年版，第192页","卞孝萱校订《刘禹锡集》卷29第404页，中华书局1990年版",,,"洪迎华"
"唐","刘禹锡","文宗大和八年甲寅","834",,,"63","","江南东道","苏州","吴县",,"江苏","苏州市",,"120.589613","31.304566","苏州刺史","在苏州刺史任。感事作诗","","《馆娃宫在旧郡西南砚石山前瞰姑苏台傍有采香径梁天监中置佛寺曰灵岩即故宫也信为绝境因赋二章》","Poem","馆娃宫在旧郡西南砚石山前瞰姑苏台傍有采香径梁天监中置佛寺曰灵岩即故宫也信为绝境因赋二章 其一
宫馆贮娇娃，当时意大誇。艳倾吴国尽，笑入楚王家。
馆娃宫在旧郡西南砚石山前瞰姑苏台傍有采香径梁天监中置佛寺曰灵岩即故宫也信为绝境因赋二章 其二
月殿移椒壁，天花代舜华。唯馀采香径，一带绕山斜。","卞孝萱《刘禹锡年谱》，中华书局1966年版，第193页","卞孝萱校订《刘禹锡集》卷38第560页，中华书局1990年版",,,"洪迎华"
"唐","刘禹锡","文宗大和八年甲寅","834",,,"63","","江南东道","苏州","吴县",,"江苏","苏州市",,"120.589613","31.304566","苏州刺史","在苏州刺史任。作诗送友","僧霄韵","《送霄韵上人游天台》","Poem","送霄韵上人游天台
曲江僧向松江见，又到天台看石桥。鹤恋故巢云恋岫，比君犹自不逍遥。","卞孝萱《刘禹锡年谱》，中华书局1966年版，第193页","卞孝萱校订《刘禹锡集》卷29第401页，中华书局1990年版",,,"洪迎华"
"唐","刘禹锡","文宗大和八年甲寅","834",,,"63","","江南东道","苏州","吴县",,"江苏","苏州市",,"120.589613","31.304566","苏州刺史","在苏州刺史任。早夏，感事作诗","","《早夏郡中书事》","Poem","早夏郡中书事
水禽渡残月，飞雨洒高城。华堂对嘉树，帘庑含晓清。拂镜整危冠，振衣步前楹。将吏俨成列，簿书纷来萦。言下辨曲直，笔端破交争。虚怀询病苦，怀律操剽轻。阍吏告无事，归来解簪缨。高帘覆朱阁，忽尔闻调笙。","卞孝萱《刘禹锡年谱》，中华书局1966年版，第193页","卞孝萱校订《刘禹锡集》卷32第444页，中华书局1990年版",,,"洪迎华"
"唐","刘禹锡","文宗大和八年甲寅","834",,,"63","","江南东道","苏州","吴县",,"江苏","苏州市",,"120.589613","31.304566","苏州刺史","在苏州刺史任。某年七月，作诗酬答白居易","白居易","《酬乐天七月一日夜即事见寄》","Poem","詶乐天七月一日夜即事见寄
夜树风韵清，天河云彩轻。故苑多露草，隔城闻鹤鸣。摇落从此始，别离含远情。闻君当是夕，倚瑟吟商声。外物岂不足，中怀向谁倾。秋来念归去，同听嵩阳笙。","卞孝萱《刘禹锡年谱》，中华书局1966年版，第193页","卞孝萱校订《刘禹锡集》卷32第450页，中华书局1990年版",,,"洪迎华"
"唐","刘禹锡","文宗大和八年甲寅","834",,,"63","","江南东道","苏州","吴县",,"江苏","苏州市",,"120.589613","31.304566","苏州刺史","在苏州刺史任。某年冬，作诗寄白居易","白居易","《冬日晨兴寄乐天》","Poem","冬日晨兴寄乐天
庭树晓禽动，郡楼残点声。灯挑红烬落，酒煖白光生。发少嫌梳利，颜衰恨镜明。独吟谁应和，须寄洛阳城。","卞孝萱《刘禹锡年谱》，中华书局1966年版，第193页","卞孝萱校订《刘禹锡集》卷32第446页，中华书局1990年版",,,"洪迎华"
"唐","刘禹锡","文宗大和八年甲寅","834",,,"63","","江南东道","苏州","吴县",,"江苏","苏州市",,"120.589613","31.304566","苏州刺史","在苏州刺史任。有歌词","","《杨柳枝词九首》","Poem","杂曲歌辞 其一 杨柳枝
塞北梅花羌笛吹，淮南桂树小山词。请君莫奏前朝曲，听唱新翻杨柳枝。
杂曲歌辞 其二 杨柳枝
南陌东城春早时，相逢何处不依依。桃红李白皆誇好，须得垂杨相发辉。
杂曲歌辞 其三 杨柳枝
凤阙轻遮翡翠帷，龙墀遥望曲尘丝。御沟春水柳晖映，狂杀长安年少儿。
杂曲歌辞 其四 杨柳枝
金谷园中莺乱飞，铜驼陌上好风吹。城东桃李须臾尽，争似垂杨无限时。
杂曲歌辞 其五 杨柳枝
花萼楼前初种时，美人楼上斗腰肢。如今抛掷长街里，露叶如啼欲向谁。
杂曲歌辞 其六 杨柳枝
炀帝行宫汴水滨，数枝杨柳不胜春。晚来风起花如雪，飞入宫墙不见人。
杂曲歌辞 其七 杨柳枝
御陌青门拂地垂，千条金缕万条丝。如今绾作同心结，将赠行人知不知。
杂曲歌辞 其八 杨柳枝
城外春风吹酒旗，行人挥袂日西时。长安陌上无穷树，唯有垂杨管别离。
杂曲歌辞 其九 杨柳枝
轻盈袅娜占年华，舞榭妆楼处处遮。春尽絮花留不得，随风好去落谁家。","卞孝萱《刘禹锡年谱》，中华书局1966年版，第193页","卞孝萱校订《刘禹锡集》卷27第360页，中华书局1990年版",,,"洪迎华"
"唐","刘禹锡","文宗大和八年甲寅","834",,,"63","","江南东道","苏州","吴县",,"江苏","苏州市",,"120.589613","31.304566","苏州刺史","在苏州刺史任。有歌词","","《杨柳枝》","Poem","杨柳枝
春江一曲柳千条，二十年前旧板桥。曾与美人桥上别，恨无消息到今朝。","陶敏、陶红雨《刘禹锡全集编年校注》，岳麓书社2003年版，第603页","卞孝萱校订《刘禹锡集》卷38第562页，中华书局1990年版",,,"洪迎华"
"唐","刘禹锡","文宗大和八年甲寅","834",,,"63","","江南东道","苏州","吴县",,"江苏","苏州市",,"120.589613","31.304566","苏州刺史","在苏州刺史任。有诗酬湖州刺史敬昕","敬昕","《吴兴敬郎中见惠斑竹杖兼示一绝聊以酬之》","Poem","吴兴敬郎中见惠斑竹杖兼示一绝聊以谢之
一茎炯炯琅玕色，数节重重玳瑁文。挂到高山未登处，青云路上愿逢君。","陶敏、陶红雨《刘禹锡全集编年校注》，岳麓书社2003年版，第589页","卞孝萱校订《刘禹锡集》卷36第534页，中华书局1990年版",,,"洪迎华"
"唐","刘禹锡","文宗大和八年甲寅","834",,,"63","","江南东道","苏州","吴县",,"江苏","苏州市",,"120.589613","31.304566","苏州刺史","在苏州刺史任。寻道士不遇，有诗","","《寻汪道士不遇》","Poem","寻汪道士不遇
仙子东南秀，泠然善驭风。笙歌五云里，天地一壶中。受箓金华洞，焚香玉帝宫。我来君闭户，应是向崆峒。","陶敏、陶红雨《刘禹锡全集编年校注》，岳麓书社2003年版，第606页","卞孝萱校订《刘禹锡集》卷38第569页，中华书局1990年版",,,"洪迎华"
"唐","刘禹锡","文宗大和八年甲寅","834","7","14","63","","江南东道","苏州","吴县",,"江苏","苏州市",,"120.589613","31.304566","汝州刺史","七月十四日，诏移汝州刺史、兼御史中丞、充本道防御使","",,"","","卞孝萱《刘禹锡年谱》，中华书局1966年版，第185页",,,,"洪迎华"
"唐","刘禹锡","文宗大和八年甲寅","834",,,"63","","江南东道","苏州","吴县",,"江苏","苏州市",,"120.589613","31.304566","汝州刺史","秋，将离苏州，赴汝州，作诗留别","","《别苏州二首》","Poem","别苏州二首 其一
三载为吴郡，临岐祖帐开。虽非谢桀黠，且为一裴回。
别苏州二首 其二
流水阊门外，秋风吹柳条。从来送客处，今日自魂销。","卞孝萱《刘禹锡年谱》，中华书局1966年版，第190页","卞孝萱校订《刘禹锡集》卷38第559页，中华书局1990年版",,,"洪迎华"
"唐","刘禹锡","文宗大和八年甲寅","834",,,"63","","江南东道","苏州","吴县","武丘寺","江苏","苏州市",,"120.589613","31.304566","汝州刺史","秋，发苏州，登楼作诗","","《发苏州后登武丘寺望梅楼》","Poem","发苏州后登武丘寺望海楼
独宿望海楼，夜深珍木冷。僧房已闭户，山月方出岭。碧池涵剑彩，宝刹摇星影。却忆郡斋中，虚眠此时景。","卞孝萱《刘禹锡年谱》，中华书局1966年版，第190页","卞孝萱校订《刘禹锡集》卷38第559页，中华书局1990年版",,,"洪迎华"
"唐","刘禹锡","文宗大和八年甲寅","834",,,"63","","淮南道","扬州","江都",,"江苏","扬州市",,"119.419107","32.39986","汝州刺史","赴汝州途中，经扬州，与牛僧孺相会","牛僧孺",,"","","卞孝萱《刘禹锡年谱》，中华书局1966年版，第186页",,,,"洪迎华"
"唐","刘禹锡","文宗大和八年甲寅","834",,,"63","","淮南道","扬州","江都",,"江苏","扬州市",,"119.419107","32.39986","汝州刺史","赴汝州途中，经扬州，有诗酬牛僧孺","牛僧孺","《酬淮南牛相公述旧见贻》","Poem","詶淮南牛相公述旧见贻
少年曾忝汉庭臣，晚岁空馀老病身。初见相如成赋日，寻为丞相扫门人。追思往事咨嗟久，喜奉清光笑语频。犹有登朝旧冠冕，待公三入拂埃尘。","陶敏、陶红雨《刘禹锡全集编年校注》，岳麓书社2003年版，第609页","卞孝萱校订《刘禹锡集》卷36第535页，中华书局1990年版",,,"洪迎华"
"唐","刘禹锡","文宗大和八年甲寅","834",,,"63","","淮南道","扬州","江都",,"江苏","扬州市",,"119.419107","32.39986","汝州刺史","赴汝州途中，渡扬子江，感怀作诗","","《罢郡姑苏北归渡扬子津》","Poem","","卞孝萱《刘禹锡年谱》，中华书局1966年版，第190页","卞孝萱校订《刘禹锡集》卷38第560页，中华书局1990年版",,,"洪迎华"
"唐","刘禹锡","文宗大和八年甲寅","834",,,"63","","河南道","汴州","浚仪",,"河南","开封市",,"114.313904","34.802941","汝州刺史","赴汝州途中，经汴州，与李程相会，并作诗留别","李程","《将赴汝州途出浚下留辞李相公》","Poem","将赴汝州途出浚下留辞李相公
长安旧游四十载，鄂渚一别十四年。后来富贵已零落，岁寒松柏犹依然。初逢贞元尚文主，云阙天池共翔舞。相看却数六朝臣，屈指如今无四五。夷门天下之咽喉，昔时往往生疮疣。联翩旧相来镇压，四海吐纳皆通流。久别凡经几多事，何由说得平生意。千思万虑尽如空，一笑一言真可贵。世间何事最殷勤，白头将相逢故人。功成名遂会归老，请问东山为近邻。","卞孝萱《刘禹锡年谱》，中华书局1966年版，第188页","卞孝萱校订《刘禹锡集》卷28第380页，中华书局1990年版",,,"洪迎华"
"唐","刘禹锡","文宗大和八年甲寅","834",,,"63","","都畿道","汝州","梁县",,"河南","平顶山市","汝州市","112.850921","34.172933","汝州刺史","抵任汝州，上表谢恩","","《汝州刺史谢上表》","Article","汝州刺史谢上表
臣某言。伏奉去年七月十四日诏书。授臣使持节汝州诸军事守汝州刺史兼御史中丞。充本道防御使。馀如故者。臣久居远服。恋阙常深。忽降新恩。近乡为贵。承旨庆抃。省躬惭惶。臣某诚欢诚喜顿首顿首。伏惟皇帝陛下垂衣清穆之中。旁照寰瀛之内。车书所及。动植咸安。臣昨离班行。远守江徼。延英辞日。亲奉德音。知臣所部灾荒。许臣到任条奏。恭承睿旨。宣示群黎。减其征徭。颁以赈赐。伏蒙圣泽。救此天灾。疲羸再苏。幼艾同感。二年连遭水潦。百姓幸免流离。交割之时。户口增长。虽才术不足。于事未周。而忧劳则深。为众所悉。臣本业儒素。频登文科。帝命遽回。再领军郡。即以今月二十七日到州上讫。谨当奉宣圣化。慰彼苍生。临汝水之波。朝宗尚阻。望秦城之日。回照何时。臣无任感激屏营之至。谨差防御押衙韦礼简奉表陈谢。","卞孝萱《刘禹锡年谱》，中华书局1966年版，第188；189页","卞孝萱校订《刘禹锡集》卷16第191页，中华书局1990年版",,,"洪迎华"
"唐","刘禹锡","文宗大和八年甲寅","834",,,"63","","都畿道","汝州","梁县",,"河南","平顶山市","汝州市","112.850921","34.172933","汝州刺史","抵任汝州，上状谢宰相","","《汝州上后谢宰相状》","Article","汝州上后谢宰相状
朝议大夫使持节汝州诸军事守汝州刺史兼御史中丞充本州防御使上柱国赐紫金鱼袋刘某。右。某自领吴郡。仍岁天灾。上禀诏条。下求人瘼。地包薮泽。俗尚剽轻。悉心抚绥。用法擒擿。事繁才短。常积忧虞。忽蒙天恩。稍移近郡。家本荥上。籍占洛阳。病辞江干。老见乡树。荣感之至。实倍常情。印绶所拘。不获拜谢。瞻望德宇。精诚坐驰。无任感恋之至。","卞孝萱《刘禹锡年谱》，中华书局1966年版，第189页","卞孝萱校订《刘禹锡集》卷17第206页，中华书局1990年版",,,"洪迎华"
"唐","刘禹锡","文宗大和八年甲寅","834",,,"63","","都畿道","汝州","梁县",,"河南","平顶山市","汝州市","112.850921","34.172933","汝州刺史","抵任汝州，上状举人自代","","《汝州举裴大夫自代状》","Article","汝州举裴大夫自代状
正议大夫使持节杭州诸军事守杭州刺史上柱国赐紫金鱼袋裴宏泰。右。臣蒙恩授汝州刺史兼御史中丞充本州防御使。伏准建中元年正月五日敕。诸州刺史上后举一人自代者。伏以前件官前为九卿。出领两镇。顷因微累。遂有左迁。今授远州。物情未塞。臣前任邻接。具知公才。旧屈未伸。辄举自代。","卞孝萱《刘禹锡年谱》，中华书局1966年版，第189页","卞孝萱校订《刘禹锡集》卷17第207页，中华书局1990年版",,,"洪迎华"
"唐","刘禹锡","文宗大和八年甲寅","834",,,"63","","都畿道","汝州","梁县",,"河南","平顶山市","汝州市","112.850921","34.172933","汝州刺史","在汝州刺史任，作诗书情寄东都留守裴度","裴度","《郡内书情献裴侍中留守》","Poem","郡内书情献裴侍中留守
功成频献乞身章，摆落襄阳镇洛阳。万乘旌旗分一半，八方风雨会中央。兵符今奉黄公略，书殿曾随翠凤翔。心寄华亭一双鹤，曰陪高步绕池塘。","卞孝萱《刘禹锡年谱》，中华书局1966年版，第190页","卞孝萱校订《刘禹锡集》卷34第478页，中华书局1990年版",,,"洪迎华"
"唐","刘禹锡","文宗大和八年甲寅","834",,,"63","","都畿道","汝州","梁县",,"河南","平顶山市","汝州市","112.850921","34.172933","汝州刺史","在汝州刺史任，作诗与白居易唱和","白居易","《酬乐天闲卧见寄》","Poem","詶乐天闲卧见寄
散诞向阳眠，将闲敌地仙。诗情茶助爽，药力酒能宣。风碎竹间日，露明池底天。同年未同隐，缘欠买山钱。","卞孝萱《刘禹锡年谱》，中华书局1966年版，第190页","卞孝萱校订《刘禹锡集》卷34第478页，中华书局1990年版",,,"洪迎华"
"唐","刘禹锡","文宗大和八年甲寅","834",,,"63","","都畿道","汝州","梁县",,"河南","平顶山市","汝州市","112.850921","34.172933","汝州刺史","在汝州刺史任，作诗与白居易唱和","白居易","《酬乐天小亭寒夜有怀》","Poem","詶乐天小亭寒夜有怀
寒夜阴云起，疏林宿鸟惊。斜风闪灯影，迸雪打窗声。竟夕不能寐，同年知此情。汉皇无奈老，何况本书生。","卞孝萱《刘禹锡年谱》，中华书局1966年版，第191页","卞孝萱校订《刘禹锡集》卷34第479页，中华书局1990年版",,,"洪迎华"
"唐","刘禹锡","文宗大和八年甲寅","834",,,"63","","都畿道","汝州","梁县",,"河南","平顶山市","汝州市","112.850921","34.172933","汝州刺史","在汝州刺史任，作诗与东都留守裴度唱和","裴度","《奉和裴晋公凉风亭睡觉》","Poem","奉和裴晋公凉风亭睡觉
骊龙睡后珠元在，仙鹤行时步又轻。方寸莹然无一事，水声来似玉琴声。","卞孝萱《刘禹锡年谱》，中华书局1966年版，第191页","卞孝萱校订《刘禹锡集》卷34第479页，中华书局1990年版",,,"洪迎华"
"唐","刘禹锡","文宗大和八年甲寅","834","11",,"63","","都畿道","汝州","梁县",,"河南","平顶山市","汝州市","112.850921","34.172933","汝州刺史","十一月，以兵部尚书李德裕检校右仆射、充镇海军节度、浙江西道观察等使。李德裕由长安赴任，途经汝州，与禹锡相会。禹锡作诗送别","李德裕","《奉送浙西李仆射相公赴镇》","Poem","奉送浙西李仆射相公赴镇
建节东行是旧游，欢声喜气满吴州。郡人重得黄丞相，童子争迎郭细侯。诏下初辞温室树，梦中先到景阳楼。自怜不识平津阁，遥望旌旗汝水头。","卞孝萱《刘禹锡年谱》，中华书局1966年版，第189页","卞孝萱校订《刘禹锡集》卷28第371页，中华书局1990年版",,,"洪迎华"
"唐","刘禹锡","文宗大和八年甲寅","834","11",,"63","","都畿道","汝州","梁县",,"河南","平顶山市","汝州市","112.850921","34.172933","汝州刺史","十一月，以兵部尚书李德裕检校右仆射、充镇海军节度、浙江西道观察等使。李德裕由长安赴任，途经汝州，与禹锡相会。禹锡再作诗送别","李德裕","《重送浙西李相公顷廉问江南已经七载后历滑台剑南两镇遂入相今复领旧地新加旌旄》","Poem","重送浙西李相公顷廉问江南已经七载后历滑台剑南两镇遂入相今复领旧地新加旌旄
江北万人看玉节，江南千骑引金铙。凤从池上游沧海，鹤到辽东识旧巢。城下清波含百谷，窗中远岫列三茅。碧鸡白马回翔久，却忆朱方是乐郊。","卞孝萱《刘禹锡年谱》，中华书局1966年版，第191页","卞孝萱校订《刘禹锡集》卷28第371页，中华书局1990年版",,,"洪迎华"
"唐","刘禹锡","文宗大和八年甲寅","834","11",,"63","","都畿道","汝州","梁县",,"河南","平顶山市","汝州市","112.850921","34.172933","汝州刺史","十一月，从弟刘三复随李德裕赴浙西，途经汝州，禹锡作诗以送","刘三复","《送从弟郎中赴浙西并引》","Poem","送从弟郎中赴浙西
衔命出尚书，新恩换使车。汉庭无右者，梁苑重归欤。又食建业水，曾依京口居。共经何限事，宾主两如初。","卞孝萱《刘禹锡年谱》，中华书局1966年版，第191页","卞孝萱校订《刘禹锡集》卷28第386页，中华书局1990年版",,,"洪迎华"
"唐","刘禹锡","文宗大和九年乙卯","835",,,"64","","都畿道","汝州","梁县",,"河南","平顶山市","汝州市","112.850921","34.172933","汝州刺史","在汝州刺史任","",,"","","卞孝萱《刘禹锡年谱》，中华书局1966年版，第194页",,,,"洪迎华"
"唐","刘禹锡","文宗大和九年乙卯","835",,,"64","","都畿道","汝州","梁县",,"河南","平顶山市","汝州市","112.850921","34.172933","汝州刺史","在汝州刺史任。夏，作诗送友东游","廖参谋","《送廖参谋东游二首》","Poem","送廖参谋东游二首 其一
九陌逢君又别离，行云别鹤本无期。望嵩楼上忽相见，看过花开花落时。
送廖参谋东游二首 其二
繁花落尽君辞去，绿草垂杨引征路。东道诸侯皆故人，留连必是多情处。","卞孝萱《刘禹锡年谱》，中华书局1966年版，第196页","卞孝萱校订《刘禹锡集》卷28第388页，中华书局1990年版",,,"洪迎华"
"唐","刘禹锡","文宗大和九年乙卯","835",,,"64","","都畿道","汝州","梁县",,"河南","平顶山市","汝州市","112.850921","34.172933","汝州刺史","在汝州刺史任。夏，作诗与令狐楚唱和","令狐楚","《酬令狐相公首夏闲居书怀见寄》","Poem","酬令狐相公首夏闲居书怀见寄
蕙草芳未歇，绿槐阴已成。金罍唯独酌，瑶瑟有离声。翔泳各殊势，篇章空寄情。应怜三十载，未变使君名。","卞孝萱《刘禹锡年谱》，中华书局1966年版，第196页","卞孝萱校订《刘禹锡集》卷33第470页，中华书局1990年版",,,"洪迎华"
"唐","刘禹锡","文宗大和九年乙卯","835",,,"64","","都畿道","汝州","梁县",,"河南","平顶山市","汝州市","112.850921","34.172933","汝州刺史","在汝州刺史任。夏，有诗和白居易","白居易","《和乐天闲园独赏八韵前以蜂鹤拙句寄呈今辱蜗蚁妍词见答因成小巧以取大咍》","Poem","和乐天闲园独赏八韵前以蜂鹤拙句寄呈今辱蜗蚁妍词见答因成小巧以取大咍
永日无人事，芳园任兴行。陶庐树可爱，潘宅雨新晴。傅粉琅玕节，熏香菡萏茎。榴花裙色好，桐子药丸成。柳蠹枝偏亚，桑空叶再生。睢盱欲斗雀，索漠不言莺。动植随四气，飞沈含五情。抢榆与水击，小大强为名。","陶敏、陶红雨《刘禹锡全集编年校注》，岳麓书社2003年版，第619页","卞孝萱校订《刘禹锡集》卷34第480页，中华书局1990年版",,,"洪迎华"
"唐","刘禹锡","文宗大和九年乙卯","835",,,"64","","都畿道","汝州","梁县",,"河南","平顶山市","汝州市","112.850921","34.172933","汝州刺史","在汝州刺史任。七月后，作诗答连州刺史杨敬之","杨敬之","《答杨八敬之绝句》","Poem","荅杨八敬之绝句
饱霜孤竹声偏切，带火焦桐韵本悲。今日知音一留听，是君心事不平时。","卞孝萱《刘禹锡年谱》，中华书局1966年版，第196页","卞孝萱校订《刘禹锡集》卷35第522页，中华书局1990年版",,,"洪迎华"
"唐","刘禹锡","文宗大和九年乙卯","835","9","11","64","","都畿道","汝州","梁县",,"河南","平顶山市","汝州市","112.850921","34.172933","汝州刺史","九月十一日，在汝州刺史任，上状进鹰","","《汝州进鹰状》","Article","汝州进鹰状
汝州防御使当使进奉笼母鹰六联。右。伏以前件鹰等。学习应期。驯养斯至。列于常贡。有异众禽。受绁之时。志巳存于云外。下鞲之际。思用展于军前。既怀百中之能。愿献三驱之礼。谨差防御押衙景再休随状奏进以闻。","卞孝萱《刘禹锡年谱》，中华书局1966年版，第195页","卞孝萱校订《刘禹锡集》卷17第207页，中华书局1990年版",,,"洪迎华"
"唐","刘禹锡","文宗大和九年乙卯","835",,,"64","","都畿道","汝州","梁县",,"河南","平顶山市","汝州市","112.850921","34.172933","汝州刺史","在汝州刺史任。约秋末冬初，有诗酬令狐楚","令狐楚","《酬令狐相公庭中白菊花谢偶书所怀见寄》","Poem","酬令狐相公庭前白菊花谢偶书所怀见寄
数丛如雪色，一旦冒霜开。寒蕊差池落，清香断续来。思深含别怨，芳谢惜年催。千里难同赏，看看又早梅。","陶敏、陶红雨《刘禹锡全集编年校注》，岳麓书社2003年版，第620页","卞孝萱校订《刘禹锡集》卷33第471页，中华书局1990年版",,,"洪迎华"
"唐","刘禹锡","文宗大和九年乙卯","835","10",,"64","","都畿道","汝州","梁县",,"河南","平顶山市","汝州市","112.850921","34.172933","同州刺史","九月，白居易除同州刺史，辞疾不拜。十月，改授居易太子少傅分司；刘禹锡移同州刺史，兼御史中丞，充本州防御、长春宫等使。","",,"","","卞孝萱《刘禹锡年谱》，中华书局1966年版，第194页",,,,"洪迎华"
"唐","刘禹锡","文宗大和九年乙卯","835",,,"64","","都畿道","河南府","洛阳",,"河南","洛阳市",,"112.460033","34.624376","同州刺史","赴同州，经洛阳，与裴度、白居易、李绅相会","裴度，白居易，李绅",,"","","卞孝萱《刘禹锡年谱》，中华书局1966年版，第194页",,,,"洪迎华"
"唐","刘禹锡","文宗大和九年乙卯","835",,,"64","","都畿道","河南府","洛阳",,"河南","洛阳市",,"112.460033","34.624376","同州刺史","赴同州，经洛阳，有诗谢裴度赠别","裴度","《两如何诗谢裴令公赠别二首》","Poem","两如何诗谢裴令公赠别二首 其一
一言一顾重，重何如。今日陪游清洛苑，昔年别入承明庐。
两如何诗谢裴令公赠别二首 其二
一东一西别，别何如。终期大冶再熔鍊，愿托扶摇翔碧虚。","卞孝萱《刘禹锡年谱》，中华书局1966年版，第196页","卞孝萱校订《刘禹锡集》卷34第480页，中华书局1990年版",,,"洪迎华"
"唐","刘禹锡","文宗大和九年乙卯","835",,,"64","","都畿道","河南府","洛阳",,"河南","洛阳市",,"112.460033","34.624376","同州刺史","赴同州，经洛阳，作诗留别裴度","裴度","《将之官留辞裴令公留守》","Poem","将之官留辞裴令公留守
祖帐临伊水，前旌指渭河。风烟里数少，云雨别情多。重叠受恩久，邅回如命何。东山与东阁，终异再经过。","卞孝萱《刘禹锡年谱》，中华书局1966年版，第197页","卞孝萱校订《刘禹锡集》卷34第481页，中华书局1990年版",,,"洪迎华"
"唐","刘禹锡","文宗大和九年乙卯","835",,,"64","","都畿道","河南府","洛阳",,"河南","洛阳市",,"112.460033","34.624376","同州刺史","赴同州，经洛阳，与裴度、白居易、李绅会，联句作诗","裴度，白居易，李绅","《喜遇刘二十八偶书两韵联句》","Poem","","卞孝萱《刘禹锡年谱》，中华书局1966年版，第197页","卞孝萱校订《刘禹锡集》卷34第488页，中华书局1990年版",,,"洪迎华"
"唐","刘禹锡","文宗大和九年乙卯","835",,,"64","","都畿道","河南府","洛阳",,"河南","洛阳市",,"112.460033","34.624376","同州刺史","赴同州，经洛阳，与裴度、白居易、李绅会，联句作诗","裴度，白居易，李绅","《刘二十八自汝赴左冯途经洛中相见联句》","Poem","","卞孝萱《刘禹锡年谱》，中华书局1966年版，第197页","卞孝萱校订《刘禹锡集》卷34第489页，中华书局1990年版",,,"洪迎华"
"唐","刘禹锡","文宗大和九年乙卯","835",,,"64","","都畿道","河南府","洛阳",,"河南","洛阳市",,"112.460033","34.624376","同州刺史","赴同州，经洛阳，与白居易唱和","白居易","《酬喜相遇同州与乐天替代》","Poem","詶喜相遇同州与乐天替代
旧托松心契，新交竹使符。行年同甲子，筋力羡丁夫。别后诗成帙，携来酒满壶。今朝停五马，不独为罗敷。","卞孝萱《刘禹锡年谱》，中华书局1966年版，第197页","卞孝萱校订《刘禹锡集》卷34第481页，中华书局1990年版",,,"洪迎华"
"唐","刘禹锡","文宗大和九年乙卯","835","12",,"64","","京畿道","同州","冯翊",,"陕西","渭南市","大荔县","109.948624","34.80179","同州刺史","十二月初，至同州刺史任","",,"","","卞孝萱《刘禹锡年谱》，中华书局1966年版，第195页",,,,"洪迎华"
"唐","刘禹锡","文宗大和九年乙卯","835","12","2","64","","京畿道","同州","冯翊",,"陕西","渭南市","大荔县","109.948624","34.80179","同州刺史","初抵同州任，十二月二日，上表贺斩郑注","","《贺枭斩郑注表》","Article","贺枭斩郑注表
臣某言。伏奉前月二十五日诏书。示逆贼郑注已枭首讫。妖氛殄灭。华夏乂安。伏以逆贼郑注。本出细微。潜怀枭獍之心。兼结凶狂之党。人伦共弃。神理不容。陛下睿略。感通天人。合应重臣协力。禁旅齐心。指顾之间。猖狂自溃。乾坤交泰。日月增明。凡在人臣。不胜庆快。臣恪居官次。不获称贺阙庭。无任欣欢抃跃之至。","卞孝萱《刘禹锡年谱》，中华书局1966年版，第195页","卞孝萱校订《刘禹锡集》卷16第193页，中华书局1990年版",,,"洪迎华"
"唐","刘禹锡","文宗大和九年乙卯","835","12","4","64","","京畿道","同州","冯翊",,"陕西","渭南市","大荔县","109.948624","34.80179","同州刺史","初抵同州任，十二月四日，上状举人自代","","《同州举萧谏议自代状》","Article","同州举萧谏议自代状
同州防御使前谏议大夫萧俶。右。臣蒙恩授同州刺史兼御史中丞充本州防御长春宫等使。伏准贞元二年正月二十四日敕。上后三日举一人自代者。伏以前件官生于贵族。伏膺儒门。搢绅之间。号为端士。昨蒙朝奖。冠于谏垣。时方被病。不果上道。长告已满。块然家居。今闻疾瘳。可以录用。臣与俶久同班列。知其材能。为官择人。敢举自代。","卞孝萱《刘禹锡年谱》，中华书局1966年版，第195页","卞孝萱校订《刘禹锡集》卷17第208页，中华书局1990年版",,,"洪迎华"
"唐","刘禹锡","文宗大和九年乙卯","835","12","21","64","","京畿道","同州","冯翊",,"陕西","渭南市","大荔县","109.948624","34.80179","同州刺史","初抵同州任，十二月二十一日，上表谢恩","","《同州刺史谢上表》","Article","同州刺史谢上表
臣某言。伏奉去年十月二十二日制书。授臣使持节同州诸军事守同州刺史兼御史中丞。充本州防御长春宫等使。恩降九重。荣忝三辅。承旨庆抃。省躬惭惶。臣某中谢。伏惟皇帝陛下丕承列圣。光阐鸿猷。氛祲扫除。乾坤交泰。臣幸逢昌运。累沐殊私。空荷生成之恩。宁酬雨露之泽。即以今月二日到州上讫。谨宣睿旨。安慰蒸黎。伏以本州四年以来。连遭旱损。闾阎凋瘵。远近共知。臣顷任苏州之年。亦遭大水之后。面辞之日。亲奉德音。至于抚绥。皆承圣教。二年之后。百姓获安。今本部灾荒。物力困涸。忝为长吏。敢不竭诚。即须条疏。续具闻奏。臣恪居官次。幸接王畿。不获拜舞彤庭。陈露丹慊。犬马怀恋。寝兴匪宁。瞻魏阙之容。朝天尚阻。望长安之路。近日为荣。臣无任感激屏营之至。谨差防御知衙官试殿中监杨克乂奉表陈谢。","卞孝萱《刘禹锡年谱》，中华书局1966年版，第195页","卞孝萱校订《刘禹锡集》卷16第192页，中华书局1990年版",,,"洪迎华"
"唐","刘禹锡","文宗大和九年乙卯","835","12",,"64","","京畿道","同州","冯翊",,"陕西","渭南市","大荔县","109.948624","34.80179","同州刺史","十二月，初抵同州任后，上表贺斩郑注之德音","","《贺德音表》","Article","贺德音表
臣某言。伏见今月十六日德音。布告遐迩。天道下济。人情大安。中贺。伏惟皇帝陛下凝旒思理。垂衣择材。以日月无私之光。照寰区有截之内。贵使下情尽达。宁虞厚貌潜谋。一昨李训郑注等。敢有逆心。兼连凶党。陛下睿谋神断。左右协同。顷刻之间。扫除已定。重臣毕力。禁旅竭忠。氛祲廓清。华夷咸悦。言念正刑之外。或有诖误之徒。再发德音。广宣圣泽。当星纪回天之日。迎阳和煦物之光。怀危疑者。如山之安。欲告讦者。望风知惧。非同谋者。一切不问。未结正者。三宥从宽。含生之伦。普天同感。臣恪居官次。不获称贺阙庭。无任忭跃屏营之至。谨差防御知衙官朝议郎权知容州都督府司马孙惕奉表。","卞孝萱《刘禹锡年谱》，中华书局1966年版，第195页","卞孝萱校订《刘禹锡集》卷16第194页，中华书局1990年版",,,"洪迎华"
"唐","刘禹锡","文宗大和九年乙卯","835","12","23","64","","京畿道","同州","冯翊",,"陕西","渭南市","大荔县","109.948624","34.80179","同州刺史","初抵同州任，十二月二十三日，上状贺斩郑注之德音","","《上宰相贺德音状》","Article","上宰相贺德音状
同州状上中书门下。今月十六日德音。右被刑部牒宣示德音。伏以圣泽滋深。新恩广被。言念正刑之外。或有诖误之徒。爰降殊私。特宏在宥。瑕累咸涤。危疑获安。此皆庙算弼谐。致君及物。事光前史。功格上元。某限以守官。不获随例拜贺。无任忭跃之至。","卞孝萱《刘禹锡年谱》，中华书局1966年版，第195页","卞孝萱校订《刘禹锡集》卷17第208页，中华书局1990年版",,,"洪迎华"
"唐","刘禹锡","文宗大和九年乙卯","835","12",,"64","","京畿道","同州","冯翊",,"陕西","渭南市","大荔县","109.948624","34.80179","同州刺史","同州刺史任。十二月季冬，有诗酬令狐楚","令狐楚","《酬令狐相公季冬南郊宿斋见寄》","Poem","酬令狐相公季冬南郊宿斋见寄
坛下雪初霁，南城冻欲生。斋心祠上帝，高步领名卿。沐浴含芳泽，周旋听佩声。犹怜广平守，寂寞竟何成。","陶敏、陶红雨《刘禹锡全集编年校注》，岳麓书社2003年版，第626页","卞孝萱校订《刘禹锡集》卷33第471页，中华书局1990年版",,,"洪迎华"
"唐","刘禹锡","文宗大和九年乙卯","835",,,"64","","京畿道","同州","冯翊",,"陕西","渭南市","大荔县","109.948624","34.80179","同州刺史","同州刺史任，登楼感旧，题诗书怀","","《贞元中侍郎舅氏牧华州时余再忝科第前后由华觐谒陪登伏毒寺屡焉亦曾赋诗题于梁栋今典冯翊暇日登楼南望三峰浩然生思追想昔年之事因成篇题旧寺》","Poem","贞元中侍郎舅氏牧华州时余再忝科第前后由华觐谒陪登伏毒寺屡焉亦曾赋诗题于梁栋今典冯诩暇日登楼南望三峰浩然生思追想昔年之事因成篇题旧寺
曾作关中客，频经伏毒岩。晴烟沙苑树，晚日渭川帆。昔是青春貌，今悲白雪髯。郡楼空一望，含意卷高帘。","卞孝萱《刘禹锡年谱》，中华书局1966年版，第197页","卞孝萱校订《刘禹锡集》卷33第471页，中华书局1990年版",,,"洪迎华"
"唐","刘禹锡","文宗大和九年乙卯","835",,,"64","","京畿道","同州","冯翊",,"陕西","渭南市","大荔县","109.948624","34.80179","同州刺史","在同州刺史任，作诗酬友见寄","权璩","《酬郑州权舍人见寄十二韵》","Poem","酬郑州权舍人见寄十二韵
朱户凌晨启，碧梧含早凉。人从桔柣至，书到漆沮傍。抃会因佳句，情深取断章。惬心同笑语，入耳胜笙簧。忆昔三条路，居邻数仞墙。学堂青玉案，䌽服紫罗囊。麟角看成就，龙驹见抑扬。彀中飞一箭，云际落双鸧。甸邑叨前列，天台愧后行。鲤庭传事业，鸡树遂翱翔。书殿连鳷鹊，神池接凤凰。追游蒙尚齿，惠好结中肠。铩翮方抬举，危根易损伤。一麾怜弃置，五字借恩光。汝海崆峒秀，溱流芍药芳。风行能偃草，境静不争桑。转旆趋关右，颁条匝渭阳。病吟犹有思，老醉已无狂。尘满鸿沟道，沙惊白狄乡。伫闻黄纸诏，促召紫微郎。","卞孝萱《刘禹锡年谱》，中华书局1966年版，第197页","卞孝萱校订《刘禹锡集》卷36第536页，中华书局1990年版",,,"洪迎华"
"唐","刘禹锡","文宗开成元年丙辰","836","1",,"65","","京畿道","同州","冯翊",,"陕西","渭南市","大荔县","109.948624","34.80179","同州刺史","在同州刺史任。正月改元，大赦天下，上表贺","","《贺赦表》","Article","","卞孝萱《刘禹锡年谱》，中华书局1966年版，第201页","卞孝萱校订《刘禹锡集》卷16第195页，中华书局1990年版",,,"洪迎华"
"唐","刘禹锡","文宗开成元年丙辰","836","1",,"65","","京畿道","同州","冯翊",,"陕西","渭南市","大荔县","109.948624","34.80179","同州刺史","在同州刺史任。正月改元，大赦天下，上状贺","","《上宰相贺改元赦书状》","Article","上宰相贺改元赦书状
同州状上中书门下。改元赦书。右。伏奉今月一日制书。改大和十年为开成元年。大赦天下者。伏以律首三元。礼崇四始。顺阳和发生之德。敷大号涣汗之恩。宥过恤刑。弛征已责。尽去人瘼。通知物情。德音朝发于九天。和气夕周于四海。此皆相公弼谐之道。燮赞之功。进熟于密勿之间。发扬成滂沛之泽。某恪守官业。印绶所拘。不获随例拜贺。","卞孝萱《刘禹锡年谱》，中华书局1966年版，第201页","卞孝萱校订《刘禹锡集》卷17第209页，中华书局1990年版",,,"洪迎华"
"唐","刘禹锡","文宗开成元年丙辰","836",,,"65","","京畿道","同州","冯翊",,"陕西","渭南市","大荔县","109.948624","34.80179","同州刺史","在同州刺史任。春，与令狐楚诗歌唱和","令狐楚","《和令狐相公春早朝回盐铁使院中作》","Poem","和令狐相公春早朝回盐铁使院中作
柳动御沟清，威迟堤上行。城隅日未过，山色雨初晴。莺避传呼起，花临府署明。簿书盈几案，要自有高情。","卞孝萱《刘禹锡年谱》，中华书局1966年版，第203页","卞孝萱校订《刘禹锡集》卷33第472页，中华书局1990年版",,,"洪迎华"
"唐","刘禹锡","文宗开成元年丙辰","836",,,"65","","京畿道","同州","冯翊",,"陕西","渭南市","大荔县","109.948624","34.80179","同州刺史","在同州刺史任。春，有诗酬令狐楚","令狐楚","《酬令狐相公杏园花下饮有怀见寄》","Poem","酬令狐相公杏园花下饮有怀见寄
年年曲江望，花发即经过。未饮心先醉，临风思倍多。三春看又尽，两地欲如何。日望长安道，空成劳者歌。","陶敏、陶红雨《刘禹锡全集编年校注》，岳麓书社2003年版，第632页","卞孝萱校订《刘禹锡集》卷33第472页，中华书局1990年版",,,"洪迎华"
"唐","刘禹锡","文宗开成元年丙辰","836",,,"65","","京畿道","同州","冯翊",,"陕西","渭南市","大荔县","109.948624","34.80179","同州刺史","在同州刺史任。春，有诗酬令狐楚","令狐楚","《令狐相公见示题洋州崔侍郎宅双木瓜花顷接侍郎同舍陪宴树下吟玩来什辄成和章》","Poem","令狐相公见示题洋州崔侍郎宅双木瓜花顷接侍郎同舍陪宴树下吟玩来什辄成和章
金牛蜀楼远，玉树帝城春。荣耀生华馆，逢迎欠主人。帘前疑小雪，墙外丽行尘。来去皆回首，情深是德邻。","陶敏、陶红雨《刘禹锡全集编年校注》，岳麓书社2003年版，第633页","卞孝萱校订《刘禹锡集》卷33第472页，中华书局1990年版",,,"洪迎华"
"唐","刘禹锡","文宗开成元年丙辰","836","4",,"65","","京畿道","同州","冯翊",,"陕西","渭南市","大荔县","109.948624","34.80179","同州刺史","在同州刺史任。四月，左仆射令狐楚出为山南西道节度使。刘禹锡作诗以送","令狐楚","《送令狐相公自仆射出镇南梁》","Poem","送令狐相公自仆射出镇南梁
夏木正阴成，戎装出帝京。沾襟辞阙泪，回首别乡情。云树褒中路，风烟汉上城。前旌传谷去，后骑踏桥声。久领鸳行重，无嫌虎绶轻。终提一麾去，再入福苍生。","卞孝萱《刘禹锡年谱》，中华书局1966年版，第203页","卞孝萱校订《刘禹锡集》卷28第381页，中华书局1990年版",,,"洪迎华"
"唐","刘禹锡","文宗开成元年丙辰","836","4",,"65","","京畿道","同州","冯翊",,"陕西","渭南市","大荔县","109.948624","34.80179","同州刺史","在同州。淄王薨，作表以慰","李协","《慰淄王薨表》","Article","慰淄王薨表
臣某言。臣得进奏官杨惕状报。淄王薨。辍朝三日。伏惟皇帝陛下德迈前王。情深近属。悯枝叶之谢。谅切宸衷。割肌肤之爱。何堪圣念。万方知化。九族归仁。凡受国恩。伏深悽恻。臣限以藩守。不获奉慰阙庭。无任屏营之至。","陶敏、陶红雨《刘禹锡全集编年校注》，岳麓书社2003年版，第1212页","卞孝萱校订《刘禹锡集》卷16第196页，中华书局1990年版",,,"洪迎华"
"唐","刘禹锡","文宗开成元年丙辰","836","5",,"65","","京畿道","同州","冯翊",,"陕西","渭南市","大荔县","109.948624","34.80179","同州刺史","在同州刺史任。五月，中书舍人唐扶出为福建观察使。刘禹锡作诗送之","唐扶","《送唐舍人出镇闽中》","Poem","送唐舍人出镇闽中
暂辞鸳鹭出蓬瀛，忽拥貔貅镇粤城。闽岭夏云迎皂盖，建溪秋树映红旌。山川远地由来好，富贵当年别有情。了却人间婚嫁事，复归朝右作公卿。","卞孝萱《刘禹锡年谱》，中华书局1966年版，第203页","卞孝萱校订《刘禹锡集》卷28第384页，中华书局1990年版",,,"洪迎华"
"唐","刘禹锡","文宗开成元年丙辰","836",,,"65","","京畿道","同州","冯翊",,"陕西","渭南市","大荔县","109.948624","34.80179","同州刺史","在同州刺史任。夏，有诗和令狐楚","令狐楚","《和令狐相公晚泛汉江书怀寄洋州崔侍郎阆州高舍人二曹长》","Poem","和令狐相公晚泛汉江书怀寄洋州崔侍郎阆州高舍人二曹长
雨过远山出，江澄暮霞生。因浮济川舟，遂作适野行。郊树映缇骑，水禽避红旌。田夫捐畚锸，织妇窥柴荆。古岸夏花发，遥林晚蝉清。沿洄方玩境，鼓角已登城。部内有良牧，望中寄深情。临觞念佳期，泛瑟动离声。寂寞一病士，夙昔接群英。多谢谪仙侣，几时还玉京。","陶敏、陶红雨《刘禹锡全集编年校注》，岳麓书社2003年版，第638页","卞孝萱校订《刘禹锡集》卷33第473页，中华书局1990年版",,,"洪迎华"
"唐","刘禹锡","文宗开成元年丙辰","836",,,"65","","京畿道","同州","冯翊",,"陕西","渭南市","大荔县","109.948624","34.80179","同州刺史","在同州刺史任。东都留守裴度新建绿野堂，与刘禹锡即事唱和","裴度","《奉和裴令公新成绿野堂即书》","Poem","奉和裴令公新成绿野堂即书
蔼蔼鼎门外，澄澄洛水湾。堂皇临绿野，坐卧看青山。位极却忘贵，功成欲爱闲。官名司管籥，心术去机关。禁苑凌晨出，园花及露攀。池塘鱼拔剌，竹径鸟绵蛮。志在安潇洒，尝经历险艰。高情方造适，众意望徵还。好客交珠履，华筵舞玉颜。无因随贺燕，翔集画梁间。","卞孝萱《刘禹锡年谱》，中华书局1966年版，第203页","卞孝萱校订《刘禹锡集》卷34第481页，中华书局1990年版",,,"洪迎华"
"唐","刘禹锡","文宗开成元年丙辰","836",,,"65","","京畿道","同州","冯翊",,"陕西","渭南市","大荔县","109.948624","34.80179","同州刺史","禹锡在同州，不满一年。同州“连遭旱损”，刘禹锡请得朝廷赈贷，并放免开成元年夏季青苗钱及旧欠斛斗等","",,"","","卞孝萱《刘禹锡年谱》，中华书局1966年版，第198页",,,,"洪迎华"
"唐","刘禹锡","文宗开成元年丙辰","836",,,"65","","京畿道","同州","冯翊",,"陕西","渭南市","大荔县","109.948624","34.80179","同州刺史","在同州刺史任。州遭旱损，朝廷赐粟麦以赈，上表谢恩","","《谢恩赐粟麦表》","Article","谢恩赐粟麦表
臣某言。伏奉今月一日制书。以臣当州连年歉旱。特放开成元年夏青苗钱。并赐斛㪷六万硕。仰长吏逐急济用。不得非时量有抽敛于百姓者。恩降九天。泽周万姓。优诏才下。群情顿安。臣某诚欢诚喜顿首顿首。伏以灾沴流行。阴阳常数。物力既竭。人心匪遑。辄敢奏闻。本求赈贷。皇恩广被。元造曲成。既免在田之征。仍颁发廪之赐。臣谨宣赦文节目。彰示兆人。鼓舞欢谣。自中徂外。臣初莅所部。便遇俭时。今蒙圣慈。特有赈恤。主恩及物。已为寿域之人。众意感天。必有丰年之应。臣恪居官业。不获拜舞阙庭。臣无任感激。","卞孝萱《刘禹锡年谱》，中华书局1966年版，第201页","卞孝萱校订《刘禹锡集》卷16第196页，中华书局1990年版",,,"洪迎华"
"唐","刘禹锡","文宗开成元年丙辰","836","6",,"65","","京畿道","同州","冯翊",,"陕西","渭南市","大荔县","109.948624","34.80179","同州刺史","在同州刺史任。州遭旱损，朝廷放免同州旧欠斛斗，上表谢恩","","《谢恩放先贷斛斗表》","Article","谢恩放先贷斛斗表
臣某言。臣奉五月二十九日敕牒。据度支所奏诸道节度观察使及州府借便省司钱物斛斗等数内。当州欠三万六千二十三贯石并放免者。殊私忽降。逋债涤除。藩方永安。遐迩咸悦。臣某诚欢诚喜顿首顿首。伏以关辅之间。频年歉旱。田租既须矜放。公用又不支持。承前长吏。例有借便。以救一时之急。皆成积欠之名。既未支填。常怀忧惧。圣恩周洽。洞见物情。爰命有司。使之条奏。去其旧弊。众已获安。严立新规。人知所措。臣恪居官次。不获拜舞阙庭。臣无任抃跃屏营之至。","卞孝萱《刘禹锡年谱》，中华书局1966年版，第201页","卞孝萱校订《刘禹锡集》卷16第197页，中华书局1990年版",,,"洪迎华"
"唐","刘禹锡","文宗开成元年丙辰","836",,,"65","","京畿道","同州","冯翊",,"陕西","渭南市","大荔县","109.948624","34.80179","同州刺史","在同州刺史任。与山南西道节度使令狐楚诗歌唱和","令狐楚","《令狐相公见示新栽蕙兰二草之什兼命同作》","Poem","令狐相公见示新栽蕙兰二草之什兼命同作
上国庭前草，移来汉水浔。朱门虽易地，玉树有馀阴。艳彩凝还泛，清香绝复寻。光华童子佩，柔软美人心。惜晚含远思，赏幽空独吟。寄言知音者，一奏风中琴。","卞孝萱《刘禹锡年谱》，中华书局1966年版，第204页","卞孝萱校订《刘禹锡集》卷33第475页，中华书局1990年版",,,"洪迎华"
"唐","刘禹锡","文宗开成元年丙辰","836",,,"65","","京畿道","同州","冯翊",,"陕西","渭南市","大荔县","109.948624","34.80179","同州刺史","在同州刺史任。秋，作诗送友","","《送赵中丞自司金郎转官参山南令狐仆射幕府》","Poem","送赵中丞自司金郎转官参山南令狐仆射幕府
绿树满褒斜，西南蜀路赊。驿门临白草，县道入黄花。相府开油幕，门生逐绛纱。行看布政后，还从入京华。","卞孝萱《刘禹锡年谱》，中华书局1966年版，第204页","卞孝萱校订《刘禹锡集》卷28第381页，中华书局1990年版",,,"洪迎华"
"唐","刘禹锡","文宗开成元年丙辰","836",,,"65","","都畿道","河南府","洛阳",,"河南","洛阳市",,"112.460033","34.624376","太子宾客分司东都","秋，因患足疾，迁太子宾客，分司东都，上表谢恩","","《谢授分司表》","Article","谢授分司表
臣某言。伏奉今月十九日制书。授臣太子宾客分司东都者。宠命自天。战越无地。臣某中谢。臣发迹书生。以文为业。出身入仕。四十馀年。顷自集贤学士出守吴郡。面辞之日。亲承德音。念百姓水潦之馀。示微臣政理之法。臣祗承圣旨。夙夜竭诚。闾里获安。流庸尽复。猥蒙朝奖。锡以金章。及迁同州。又遇歉旱。悉心绥抚。幸免流离。今荷天慈。悯臣耆旧。列名宾护之职。分局河洛之都。老马沾束帛之恩。枯株蒙雨露之泽。获居荣秩。以毕馀年。顾此微躯。实为厚幸。伏以臣始为御史。逮事德宗。今忝宫僚。幸逢圣日。举四海之内。贤能则多。求六朝之臣。零落将尽。虽迫桑榆之景。犹倾葵藿之心。无任感恩惕抃之至。","卞孝萱《刘禹锡年谱》，中华书局1966年版，第198；202页","卞孝萱校订《刘禹锡集》卷16第198页，中华书局1990年版",,,"洪迎华"
"唐","刘禹锡","文宗开成元年丙辰","836",,,"65","","都畿道","河南府","洛阳",,"河南","洛阳市",,"112.460033","34.624376","太子宾客分司东都","至洛阳后，与裴度、白居易会，唱和诗文","裴度，白居易","《自左冯归洛下酬乐天兼呈裴令公》","Poem","自左冯归洛下酬乐天兼呈裴令公
新恩通籍在龙楼，分务神都近旧丘。自有园公紫芝侣，仍追少傅赤松游。华林霜叶红霞晚，伊水晴光碧玉秋。更接东山文酒会，始知江左未风流。","卞孝萱《刘禹锡年谱》，中华书局1966年版，第204页","卞孝萱校订《刘禹锡集》卷34第482页，中华书局1990年版",,,"洪迎华"
"唐","刘禹锡","文宗开成元年丙辰","836",,,"65","","都畿道","河南府","洛阳",,"河南","洛阳市",,"112.460033","34.624376","太子宾客分司东都","在洛阳，与白居易诗歌唱和","白居易","《和乐天斋戒月满夜对道场偶怀咏》","Poem","和乐天斋戒月满夜对道场偶怀咏
常修清净去繁华，人识王城长者家。案上香烟铺贝叶，佛前灯焰透莲花。持斋已满招闲客，理曲先闻命小娃。明日若过方丈室，还应问为法来邪。","卞孝萱《刘禹锡年谱》，中华书局1966年版，第204页","卞孝萱校订《刘禹锡集》卷34第482页，中华书局1990年版",,,"洪迎华"
"唐","刘禹锡","文宗开成元年丙辰","836",,,"65","","都畿道","河南府","洛阳",,"河南","洛阳市",,"112.460033","34.624376","太子宾客分司东都","在洛阳，与白居易、吴士矩诗歌唱和","白居易，吴士矩","《秋斋独坐寄乐天兼呈吴方之大夫》","Poem","秋斋独坐寄乐天兼呈吴方之大夫
空斋寂寂不生尘，药物方书绕病身。纤草数茎胜静地，幽禽忽至似佳宾。世间忧喜虽无定，释氏销磨尽有因。同向洛阳闲度日，莫教风景属他人。","卞孝萱《刘禹锡年谱》，中华书局1966年版，第204页","卞孝萱校订《刘禹锡集》卷34第482页，中华书局1990年版",,,"洪迎华"
"唐","刘禹锡","文宗开成元年丙辰","836",,,"65","","都畿道","河南府","洛阳",,"河南","洛阳市",,"112.460033","34.624376","太子宾客分司东都","在洛阳，裴度置宴，禹锡与白居易诗歌唱和","白居易，裴度","《酬乐天斋满日裴令公置宴席上戏赠》","Poem","酬乐天斋满日裴令公置宴席上戏赠
一月道场斋戒满，今朝华幄管弦迎。衔杯本自多狂态，事佛无妨有佞名。酒力半酣愁已散，文锋未钝老犹争。平阳不独容宾醉，听取喧呼吏舍声。","卞孝萱《刘禹锡年谱》，中华书局1966年版，第204页","卞孝萱校订《刘禹锡集》卷34第483页，中华书局1990年版",,,"洪迎华"
"唐","刘禹锡","文宗开成元年丙辰","836",,,"65","","都畿道","河南府","洛阳",,"河南","洛阳市",,"112.460033","34.624376","太子宾客分司东都","在洛阳，与吴士矩、白居易诗歌唱和","吴士矩，白居易","《吴方之见示独酌小醉首篇乐天续有酬答皆含戏谑极至风流两篇之中并蒙见属辄呈滥吹益美来章》","Poem","吴方之见示独酌小醉首篇乐天续有詶答皆含戏谑极至风流两篇之中并蒙见属辄呈滥吹益美来章
闲门共寂任张罗，静室同虚养太和。尘世欢娱开意少，醉乡风景独游多。散金疏傅寻常乐，枕曲刘生取次歌。计会雪中争挈榼，鹿裘鹤氅递相过。","卞孝萱《刘禹锡年谱》，中华书局1966年版，第205页","卞孝萱校订《刘禹锡集》卷34第483页，中华书局1990年版",,,"洪迎华"
"唐","刘禹锡","文宗开成元年丙辰","836",,,"65","","都畿道","河南府","洛阳",,"河南","洛阳市",,"112.460033","34.624376","太子宾客分司东都","在洛阳，秋，与李德裕诗歌唱和","李德裕","《酬李相公喜归乡国自巩县夜泛洛水见寄》","Poem","酬李相公喜归乡国自巩县夜泛洛水见寄
巩树烟月上，清光含碧流。且无三已色，犹泛五湖州。鹏息风还起，凤归林正秋。虽攀小山桂，此地不淹留。","卞孝萱《刘禹锡年谱》，中华书局1966年版，第205页","卞孝萱校订《刘禹锡集》卷37第551页，中华书局1990年版",,,"洪迎华"
"唐","刘禹锡","文宗开成元年丙辰","836",,,"65","","都畿道","河南府","洛阳",,"河南","洛阳市",,"112.460033","34.624376","太子宾客分司东都","在洛阳。秋，作诗送友","","《送卢处士归嵩山别业》","Poem","送卢处士归嵩山别业
世业嵩山隐，云深无四邻。药炉烧姹女，酒瓮贮贤人。晚日华阴雾，秋风函谷尘。送君从此去，铃阁少谈宾。","陶敏、陶红雨《刘禹锡全集编年校注》，岳麓书社2003年版，第639页","卞孝萱校订《刘禹锡集》卷28第385页，中华书局1990年版",,,"洪迎华"
"唐","刘禹锡","文宗开成元年丙辰","836",,,"65","","都畿道","河南府","洛阳",,"河南","洛阳市",,"112.460033","34.624376","太子宾客分司东都","在洛阳。十二月李德裕赴浙西之前，与刘禹锡诗歌唱和","李德裕","《和李相公初归平泉过龙门南岭遥望山居即事》","Poem","和李相公初归平泉过龙门南岭遥望山居即事
暂别明庭去，初随优诏还。曾为鹏鸟赋，喜过凿龙山。新墅烟火起，野程泉石间。岩廊人望在，只得片时闲。","卞孝萱《刘禹锡年谱》，中华书局1966年版，第206页","卞孝萱校订《刘禹锡集》卷37第552页，中华书局1990年版",,,"洪迎华"
"唐","刘禹锡","文宗开成元年丙辰","836",,,"65","","都畿道","河南府","洛阳",,"河南","洛阳市",,"112.460033","34.624376","太子宾客分司东都","在洛阳。十二月李德裕赴浙西之前，与刘禹锡诗歌唱和","李德裕","《和李相公平泉潭上喜见初月》","Poem","和李相公平泉潭上喜见初月
家山见初月，林壑悄无尘。幽境此何夕，清光如为人。潭空破镜入，风动翠蛾嚬。会向琐窗望，追思伊洛滨。","卞孝萱《刘禹锡年谱》，中华书局1966年版，第206页","卞孝萱校订《刘禹锡集》卷37第551页，中华书局1990年版",,,"洪迎华"
"唐","刘禹锡","文宗开成元年丙辰","836",,,"65","","都畿道","河南府","洛阳",,"河南","洛阳市",,"112.460033","34.624376","太子宾客分司东都","在洛阳。十二月李德裕赴浙西之前，与禹锡诗歌唱和","李德裕","《和李相公以平泉新墅获方外之名因为诗以报洛中士君子兼见寄之什》","Poem","和李相公以平泉新墅获方外之名因为诗以报洛中士君子兼见寄之什
业继韦平后，家依昆阆间。恩华辞北第，潇洒爱东山。满室图书在，入门松菊闲。垂天虽暂息，一举出人寰。","卞孝萱《刘禹锡年谱》，中华书局1966年版，第206页","卞孝萱校订《刘禹锡集》卷37第552页，中华书局1990年版",,,"洪迎华"
"唐","刘禹锡","文宗开成元年丙辰","836",,,"65","","都畿道","河南府","洛阳",,"河南","洛阳市",,"112.460033","34.624376","太子宾客分司东都","在洛阳，冬，与裴度诗歌唱和","裴度","《答裴令公雪中讶白二十二与诸公不相访之什》","Poem","荅裴令公雪中讶白二十二与诸公不相访之什
玉树琼楼满眼新，的知开閤待诸宾。迟迟未去非无意，拟作梁园坐右人。","卞孝萱《刘禹锡年谱》，中华书局1966年版，第205页","卞孝萱校订《刘禹锡集》卷34第484页，中华书局1990年版",,,"洪迎华"
"唐","刘禹锡","文宗开成元年丙辰","836",,,"65","","都畿道","河南府","洛阳",,"河南","洛阳市",,"112.460033","34.624376","太子宾客分司东都","在洛阳，白居易诗歌唱和","白居易","《酬乐天偶题酒瓮见寄》","Poem","酬乐天偶题酒瓮见寄
从君勇断抛名后，世路荣枯见几回。门外红尘人自走，瓮头清酒我初开。三冬学任胸中有，万户侯须骨上来。何幸相招同醉处，洛阳城里好池台。","卞孝萱《刘禹锡年谱》，中华书局1966年版，第205页","卞孝萱校订《刘禹锡集》卷34第484页，中华书局1990年版",,,"洪迎华"
"唐","刘禹锡","文宗开成元年丙辰","836",,,"65","","都畿道","河南府","洛阳",,"河南","洛阳市",,"112.460033","34.624376","太子宾客分司东都","在洛阳，与白居易诗歌唱和","白居易","《酬乐天请裴令公开春加宴》","Poem","酬乐天请裴令公开春加宴
高名大位能兼有，恣意遨游是特恩。二室烟霞成步障，三川风物是家园。晨窥苑树韶光动，晚度河桥春思繁。弦管常调客常满，但逢花处即开樽。","卞孝萱《刘禹锡年谱》，中华书局1966年版，第205页","卞孝萱校订《刘禹锡集》卷34第484页，中华书局1990年版",,,"洪迎华"
"唐","刘禹锡","文宗开成元年丙辰","836",,,"65","","都畿道","河南府","洛阳",,"河南","洛阳市",,"112.460033","34.624376","太子宾客分司东都","在洛阳，与白居易诗歌唱和","白居易","《乐天示过敦诗旧宅有感一篇吟之泫然追想昔事因成继和以寄苦怀》","Poem","乐天示过敦诗旧宅有感一篇吟之泫然追想昔事因成继和以寄苦怀
凄凉同到故人居，门枕寒流古木疏。向秀心中嗟栋宇，萧何身后散图书。本营归计非无意，唯算生涯尚有馀。忽忆前言更惆怅，丁宁相约速悬车。","卞孝萱《刘禹锡年谱》，中华书局1966年版，第205页","卞孝萱校订《刘禹锡集》卷34第485页，中华书局1990年版",,,"洪迎华"
"唐","刘禹锡","文宗开成元年丙辰","836",,,"65","","都畿道","河南府","洛阳",,"河南","洛阳市",,"112.460033","34.624376","太子宾客分司东都","至洛阳后，将近年来与白居易等唱和诗篇，编为《汝洛集》","白居易","《汝洛集引》","Article","汝洛集引
大和八年。予自姑苏转临汝。乐天罢三川守。复以宾客分司东都。未几。有诏领冯翊。辞不拜职。授太子少傅分务。以遂其高。时予代居左冯。明年。予罢郡。以宾客入洛。日以章句交欢。因而编之。命为汝洛集。","卞孝萱《刘禹锡年谱》，中华书局1966年版，第199页","卞孝萱校订《刘禹锡集》卷39第589页，中华书局1990年版",,,"洪迎华"
"唐","刘禹锡","文宗开成元年丙辰","836",,,"65","","都畿道","河南府","洛阳",,"河南","洛阳市",,"112.460033","34.624376","太子宾客分司东都","在洛阳。作状荐严毖处士","严毖","《荐处士严毖状》","Article","荐处士严毖状
处士严毖。右左庶子损之之孙。国子司业士元之子。旧名保嗣。亦有官班。顷者李宾客渤常与之游。辟为桂州支使。其后寄家汝海。专静自居。某常典汝州。与语甚熟。历代史及国朝故事。悉能该通。操心甚危。观迹相副。未逢知己。已过壮年。汨没风尘。有足悲者。伏见赦文节目。委州郡长吏搜访隐沦。夫举无它。唯善所在。每览珠英卷后。列学士姓名。有常州人符凤。白衣在选。取其艺业。不弃远人。某忝被儒官。得以荐士。亦非出位。冀不废言。傥宏文集贤史氏之馆。采其实学。有劝诸生。伏以桂州辟之于前。某荐之于后。岂必有土长吏。然后事行。伏惟试味斯言。降意详择。谨状。","卞孝萱《刘禹锡年谱》，中华书局1966年版，第202页","卞孝萱校订《刘禹锡集》卷17第209页，中华书局1990年版",,,"洪迎华"
"唐","刘禹锡","文宗开成元年丙辰","836",,,"65","","都畿道","河南府","洛阳",,"河南","洛阳市",,"112.460033","34.624376","太子宾客分司东都","在洛阳。十一月后，许州文宣王新庙成，禹锡作碑文","","《许州文宣王新庙碑》","Article","许州文宣王新庙碑
岁在丙辰元日。开成许州牧尚书杜公作文宣王庙暨学舍于兑隅。革故而鼎新也。前年公受社与钺。且董淮扬汝南之师。八月上丁。释菜于宣父之室。陋宇荒阶。不足回旋。已事而叹。乃询黄发。有乡先生前致辞曰。自盗起幽陵。许为兵冲。连战交捽。率无宁岁。耳悦钲鼓。不闻弦歌。目不知书。不害为智。迩来生聚教养。起居祖习。一出于军容。今幸天子怜许民。为择贤侯。此人人思治之时也。公曰诺。吾当先后之。于是元年修戎律以通众志。次年成郡政以蠲民瘼。季年崇教本以厚民风。我言既从。乃卜新宫瀷水之濒。城池在东。登登其杵。坎坎其斧。绳之墨之。凿枘枝梧。载涂载奂。𪐦焉陵虚。寝庙宏敞。斋宫严閟。轩墀厢庑。俨雅清洁。门庭墙仞。望之生敬。外饰觚棱。中设黼幄。向明当宁。用王礼也。尧头禹身华冠象佩之容。取之自邹鲁。及门睹奥偶形画像之仪。取之自太学。尊彝笾豆青黄规矩之器。秉周礼也。牺牲制币荐献升降之节。遵国章也。藏经于重檐。敛器于庋椟。讲筵有位。鼓箧有室。授经有博士。督课有助教。指踪有役夫。洒扫有庙干。公又割隙地为广圃。莳其柔蔬。而常菹旨蓄之御备。舍已俸为子钱。榷其孳赢。而盐酪釭膏之用给。济济莘莘。化行风驱。家慕恭俭。户知敬让。父诲其子。兄规其弟。不游学堂。与挞市同。繇是縻勇爵戴鹖冠者。往往弭雄姿而观习礼义。矜甲冑者知根于忠信。服缦胡者不敢侮缝掖。教化之移人也。如置邮焉。冬十一月。许人以新儒宫成来告。且乞辞。欲行乎远也。公名悰。字永裕。故丞相岐国公之孙。岐公弼谐三帝。硕。学冠天下。尝著书二百馀篇。言礼乐刑政古今损益。统名曰通典。藏在石室。副行人间。今孝孙聿修之。形乎事业。播于声诗。懿哉能世其家也。禹锡昔年忝岐公门下生。四参公府。近年牧汝州。道许昌。躬阅其政。故不得让。遂铭于丽牲之碑。铭曰。许介韩魏。四征之地。兵兴已还。其斗㘖㘖。亦有儒宫。轧于兵间。贤族戾止。思乐泮水。俾人向学。王化之始。便地爰相。新规郁起。庙貌斯严。堂皇有炜。秩秩礼物。祁祁冑子。入于门墙。如造阙里。春诵夏弦。载扬淑声。风于闾阎。浃于郊坰。途让斑白。家尊父兄。与化而迁。其犹性成。昔之委巷。相诟交侮。今逢亲戚。不道媟语。昔之连营。誇力使酒。今遇宾客。敛容拱手。鲁有泮林。鸟革其音。许崇学敩。民悦其教。镌于圭石。以志新庙。","卞孝萱《刘禹锡年谱》，中华书局1966年版，第202页","卞孝萱校订《刘禹锡集》卷3第36页，中华书局1990年版",,,"洪迎华"
"唐","刘禹锡","文宗开成元年丙辰","836",,,"65","","都畿道","河南府","洛阳",,"河南","洛阳市",,"112.460033","34.624376","太子宾客分司东都","在洛阳。冬，有诗酬令狐楚","令狐楚","《酬令狐相公使宅别斋初栽桂树见怀之作》","Poem","酬令狐相公使宅别斋初栽桂树见怀之作
清淮南岸家山树，黑水东边第一栽。影近画梁迎晓日，香随绿酒入金杯。根留本土依江润，叶起寒棱映月开。早晚阴城比梧竹，九霄还放䌽雏来。","陶敏、陶红雨《刘禹锡全集编年校注》，岳麓书社2003年版，第648页","卞孝萱校订《刘禹锡集》卷33第474页，中华书局1990年版",,,"洪迎华"
"唐","刘禹锡","文宗开成二年丁巳","837","2",,"66","","都畿道","河南府","洛阳",,"河南","洛阳市",,"112.460033","34.624376","太子宾客分司东都","仍为太子宾客，分司东都。二月某日，作壁记","","《山南西道节度使厅壁记》","Article","山南西道节度使厅壁记
文皇帝初元。始画天下为十道。古荆梁之地。举曰山南。厥后析为东西。天汉之邦。实居右部。桉梁州为都督治所。领十有五州。县道带蛮夷。山川扼陇蜀。故二千石有采访防御之名。兵兴多故。其任益重。澄清节钺。二柄兼委。建中末。德宗南巡狩。偃翠华而徘徊。箫勺之音。洽于巴汉。戡难清宫。六龙言旋。乃下诏复除徵繇。升州为府。等威班制。与岐益同。地既尊大。用人随异。故自兴元至大和五十年间。以勋庸佩相印者三。以谟明历真相者九。由台席授钺未几复入相者再焉。磊落震耀。冠于天下。去年夏四月。今丞相赵郡公徵还泰阶。遂命左仆射燉煌公往践其武。向之真相。及公而十焉。初公自河阳节度使入操国柄。其后镇宣武以礼悛犷悍。治天平以清去掊克。居大卤以仁苏荐饥。今来是都。蹑二三大君子之躅。道同气协。无所改更。如鼓和琴。布指成韵。羌夷砥平。旱麓发生。人无左言。乐有夏声。俗既富庶。居多閒暇。圜视府局素阙者补之。先是公堂尝为行殿。人不敢斥。别营侯居。应门有闶。棨戟未具。公乃条白上言。诏下有司可其奏。军门肃清。方有眉目。趋而入者。耸然生敬焉。惟梁山国也。其节用虎。出扬其威。入贮宜洁。旧处仄陋。黩其雄棱。公遂分宅之别斋。且据便地。署曰节室。卜刚日乃迁焉。敬君命而壹民心。军中增气而知礼。戟衣既垂。师节既严。流眄屋壁。见前修之名氏。列于座右。第以梁州刺史鼎兴元尹记与今称谓不合。因发函进牍于不佞。且曰。我已饰东壁。以新志累子。于是桉南梁故事。起自始登斋坛之后为记云。时开成二年岁在丁巳春二月某日记。","卞孝萱《刘禹锡年谱》，中华书局1966年版，第208页","卞孝萱校订《刘禹锡集》卷8第103页，中华书局1990年版",,,"洪迎华"
"唐","刘禹锡","文宗开成二年丁巳","837",,,"66","","都畿道","河南府","洛阳",,"河南","洛阳市",,"112.460033","34.624376","太子宾客分司东都","仍为太子宾客，分司东都。与裴度、白居易诗酒唱和，联句作诗","裴度，白居易","《度自到洛中与乐天为文酒之会时时措咏乐不可支则慨然共忆梦得而梦得亦分司至止欢惬可知因为联句》","Poem","","卞孝萱《刘禹锡年谱》，中华书局1966年版，第208页","卞孝萱校订《刘禹锡集》卷34第489页，中华书局1990年版",,,"洪迎华"
"唐","刘禹锡","文宗开成二年丁巳","837",,,"66","","都畿道","河南府","洛阳",,"河南","洛阳市",,"112.460033","34.624376","太子宾客分司东都","仍为太子宾客，分司东都。早春，与令狐楚诗歌酬唱","","《令狐相公频示新什早春南望遐想汉中因抒短章以寄情愫》","Poem","令狐相公频示新什早春南望遐想汉中因抒短章以寄情愫
军城临汉水，旌旆起春风。远思见江草，归心看塞鸿。野花沿古道，新叶映行宫。惟有诗兼酒，朝朝两不同。","卞孝萱《刘禹锡年谱》，中华书局1966年版，第208页","卞孝萱校订《刘禹锡集》卷33第474页，中华书局1990年版",,,"洪迎华"
"唐","刘禹锡","文宗开成二年丁巳","837","3","3","66","","都畿道","河南府","洛阳",,"河南","洛阳市",,"112.460033","34.624376","太子宾客分司东都","仍为太子宾客，分司东都。三月三日，应河南尹李珏邀请，与裴度、白居易等于洛水泛舟赋诗，修褉事","李珏，裴度，白居易等","《三月三日与乐天及河南李尹奉陪裴令公泛洛褉饮各赋十二韵》","Poem","三月三日与乐天及河南李尹奉陪裴令公泛洛禊饮各赋十二韵
洛下今修禊，群贤胜会稽。盛筵陪玉铉，通籍尽金闺。波上神仙妓，岸旁桃李蹊。水嬉如鹭振，歌响杂莺啼。历览风光好，沿洄意思迷。棹歌能俪曲，墨客竞分题。翠幄连云起，香车向道齐。人誇绫步障，马惜锦障泥。尘暗宫墙外，霞明苑树西。舟形随鹢转，桥影与虹低。川色晴犹远，乌声暮欲栖。唯馀踏青伴，待月魏王堤。","卞孝萱《刘禹锡年谱》，中华书局1966年版，第206；208页","卞孝萱校订《刘禹锡集》卷34第487页，中华书局1990年版",,,"洪迎华"
"唐","刘禹锡","文宗开成二年丁巳","837",,,"66","","都畿道","河南府","洛阳",,"河南","洛阳市",,"112.460033","34.624376","太子宾客分司东都","仍为太子宾客，分司东都。春，与令狐楚诗歌酬唱","令狐楚","《城内花园颇曾游玩令公居守亦有素期适春霜一夕委谢书实以答令狐相公见谑》","Poem","城内花园颇曾游玩令公居守亦有素期适春霜一夕委谢书实以荅令狐相公见谑
楼下芳园最占春，年年结侣采花频。繁霜一夜相撩治，不似佳人似老人。","卞孝萱《刘禹锡年谱》，中华书局1966年版，第209页","卞孝萱校订《刘禹锡集》卷33第477页，中华书局1990年版",,,"洪迎华"
"唐","刘禹锡","文宗开成二年丁巳","837","3",,"66","","都畿道","河南府","洛阳",,"河南","洛阳市",,"112.460033","34.624376","太子宾客分司东都","仍为太子宾客，分司东都。三月，以河南尹李珏为户部侍郎。刘禹锡作诗奉送","李珏","《奉送李户部侍郎自河南尹再除本官归阙》","Poem","奉送李户部侍郎自河南尹再除本官归阙
昔年内署振雄词，今日东都结去思。宫女犹传洞箫赋，国人先咏衮衣诗。华星却复文昌位，别鹤重归太乙池。想到金闺待通籍，一时惊喜见风仪。","卞孝萱《刘禹锡年谱》，中华书局1966年版，第209页","卞孝萱校订《刘禹锡集》卷28第382页，中华书局1990年版",,,"洪迎华"
"唐","刘禹锡","文宗开成二年丁巳","837",,,"66","","都畿道","河南府","洛阳",,"河南","洛阳市",,"112.460033","34.624376","太子宾客分司东都","仍为太子宾客，分司东都。本年，患病","",,"","","卞孝萱《刘禹锡年谱》，中华书局1966年版，第207页",,,,"洪迎华"
"唐","刘禹锡","文宗开成二年丁巳","837",,,"66","","都畿道","河南府","洛阳",,"河南","洛阳市",,"112.460033","34.624376","太子宾客分司东都","仍为太子宾客，分司东都，患病，户部侍郎李珏惠赠药物，刘禹锡作诗仰谢","李珏","《洛滨病卧户部李侍郎见惠药物谑以文星之句斐然仰谢》","Poem","洛滨病卧户部李侍郎见惠药物谑以文星之句斐然仰谢
隐几支颐对落晖，故人书信到柴扉。周南留滞商山老，星象如今属少微。","卞孝萱《刘禹锡年谱》，中华书局1966年版，第209页","卞孝萱校订《刘禹锡集》卷36第537页，中华书局1990年版",,,"洪迎华"
"唐","刘禹锡","文宗开成二年丁巳","837",,,"66","","都畿道","河南府","洛阳",,"河南","洛阳市",,"112.460033","34.624376","太子宾客分司东都","仍为太子宾客，分司东都。春，有诗酬令狐楚","令狐楚","《酬令狐相公见寄》","Poem","","陶敏、陶红雨《刘禹锡全集编年校注》，岳麓书社2003年版，第654页","卞孝萱校订《刘禹锡集》卷33第474页，中华书局1990年版",,,"洪迎华"
"唐","刘禹锡","文宗开成二年丁巳","837",,,"66","","都畿道","河南府","洛阳",,"河南","洛阳市",,"112.460033","34.624376","太子宾客分司东都","仍为太子宾客，分司东都。春，有诗酬令狐楚","令狐楚","《酬令狐相公春思见寄》","Poem","令狐相公春思见寄
一纸书封四句诗，芳晨对酒远相思。长吟尽日西南望，犹及残春花落时。","陶敏、陶红雨《刘禹锡全集编年校注》，岳麓书社2003年版，第655页","卞孝萱校订《刘禹锡集》卷33第475页，中华书局1990年版",,,"洪迎华"
"唐","刘禹锡","文宗开成二年丁巳","837",,,"66","","都畿道","河南府","洛阳",,"河南","洛阳市",,"112.460033","34.624376","太子宾客分司东都","仍为太子宾客，分司东都。春，有诗酬令狐楚","令狐楚","《和令狐相公南斋小燕听阮咸》","Poem","和令狐相公南斋小宴听阮咸
阮巷久芜沈，四弦有遗音。雅声发兰室，远思含竹林。座绝众宾语，庭移芳树阴。飞觞助真气，寂听无流心。影似白团扇，调谐朱弦琴。一毫不平意，幽怨古犹今。","陶敏、陶红雨《刘禹锡全集编年校注》，岳麓书社2003年版，第656页","卞孝萱校订《刘禹锡集》卷33第475页，中华书局1990年版",,,"洪迎华"
"唐","刘禹锡","文宗开成二年丁巳","837",,,"66","","都畿道","河南府","洛阳",,"河南","洛阳市",,"112.460033","34.624376","太子宾客分司东都","仍为太子宾客，分司东都。春，经元稹故宅，伤情作诗","元稹","《再经故元九相公宅池上作》","Poem","再经故元九相公宅池上作
故池春又至，一到一伤情。雁鹜群犹下，蛙螟衣已生。竹丛身后长，台势雨来倾。六尺孤安在，人间未有名。","陶敏、陶红雨《刘禹锡全集编年校注》，岳麓书社2003年版，第663页","卞孝萱校订《刘禹锡集》卷30第416页，中华书局1990年版",,,"洪迎华"
"唐","刘禹锡","文宗开成二年丁巳","837",,,"66","","都畿道","河南府","洛阳",,"河南","洛阳市",,"112.460033","34.624376","太子宾客分司东都","仍为太子宾客，分司东都。暮春，与杨嗣复、杨汝士诗歌唱和","杨嗣复，杨汝士","《寄和东川杨尚书慕巢兼寄西川继之二公近从弟兄情分偏睦早忝游旧因成是诗》","Poem","寄和东川杨尚书慕巢兼寄西川继之二公近从弟兄情分偏睦早忝游旧因成是诗
太华莲峰降岳灵，两川棠树接郊坰。政同兄弟人人乐，曲奏埙篪处处听。杨叶百穿荣会府，芝泥五色耀天庭。各抛笔砚誇旄钺，莫遣文星让将星。","卞孝萱《刘禹锡年谱》，中华书局1966年版，第209页","卞孝萱校订《刘禹锡集》卷34第487页，中华书局1990年版",,,"洪迎华"
"唐","刘禹锡","文宗开成二年丁巳","837",,,"66","","都畿道","河南府","洛阳",,"河南","洛阳市",,"112.460033","34.624376","太子宾客分司东都","仍为太子宾客，分司东都。与裴度、白居易诗歌唱和","裴度，白居易","《裴令公见示诮乐天寄奴买马绝句斐然仰和且戏乐天》","Poem","裴令公见示诮乐天寄奴买马绝句斐言仰和且戏乐天
常奴安得似方回，争望追风绝足来。若把翠娥酬騄耳，始知天下有奇才。","卞孝萱《刘禹锡年谱》，中华书局1966年版，第209页","卞孝萱校订《刘禹锡集》卷34第500页，中华书局1990年版",,,"洪迎华"
"唐","刘禹锡","文宗开成二年丁巳","837",,,"66","","都畿道","河南府","洛阳",,"河南","洛阳市",,"112.460033","34.624376","太子宾客分司东都","仍为太子宾客，分司东都。裴度园宅夜宴，有诗和","裴度","《奉和裴令公夜宴》","Poem","奉和裴令公夜宴
天下苍生望不休，东山虽有但时游。从来海上仙桃树，肯逐人间风露秋。","陶敏、陶红雨《刘禹锡全集编年校注》，岳麓书社2003年版，第668页","卞孝萱校订《刘禹锡集》卷36第537页，中华书局1990年版",,,"洪迎华"
"唐","刘禹锡","文宗开成二年丁巳","837","5",,"66","","都畿道","河南府","洛阳",,"河南","洛阳市",,"112.460033","34.624376","太子宾客分司东都","仍为太子宾客，分司东都。五月，裴度自东都留守再镇太原，刘禹锡作诗奉送","裴度","《奉送裴司徒令公自东都留守再命太原》","Poem","奉送裴司徒令公自东都留守再命太原
星使出关东，兵符赐上公。山河归旧国，管籥换离宫。行色旌旗动，军声鼓角雄。爱棠馀故吏，骑竹见新童。汉垒三秋静，胡沙万里空。其如天下望，旦夕咏清风。","卞孝萱《刘禹锡年谱》，中华书局1966年版，第209页","卞孝萱校订《刘禹锡集》卷28第382页，中华书局1990年版",,,"洪迎华"
"唐","刘禹锡","文宗开成二年丁巳","837","5",,"66","","都畿道","河南府","洛阳",,"河南","洛阳市",,"112.460033","34.624376","太子宾客分司东都","仍为太子宾客，分司东都。五月，牛僧孺拜东都留守，与刘禹锡诗歌酬唱","牛僧孺","《酬思黯见示小饮四韵》","Poem","酬思黯见示小饮四韵
抛却人间第一官，俗情惊怪我方安。兵府相印无心恋，洛水嵩云恣意看。三足鼎中知味久，百寻竿上掷身难。追呼故旧连宵饮，直到天明兴未阑。","卞孝萱《刘禹锡年谱》，中华书局1966年版，第210页","卞孝萱校订《刘禹锡集》卷34第500页，中华书局1990年版",,,"洪迎华"
"唐","刘禹锡","文宗开成二年丁巳","837",,,"66","","都畿道","河南府","洛阳",,"河南","洛阳市",,"112.460033","34.624376","太子宾客分司东都","仍为太子宾客，分司东都。初夏，有诗酬令狐楚","令狐楚","《和令狐相公咏栀子花》","Poem","和令狐相公咏栀子花
蜀国花已尽，越桃今已开。色疑琼树倚，香似玉京来。且赏同心处，那忧别叶催。佳人如拟咏，何必待寒梅。","陶敏、陶红雨《刘禹锡全集编年校注》，岳麓书社2003年版，第665页","卞孝萱校订《刘禹锡集》卷33第476页，中华书局1990年版",,,"洪迎华"
"唐","刘禹锡","文宗开成二年丁巳","837",,,"66","","都畿道","河南府","洛阳",,"河南","洛阳市",,"112.460033","34.624376","太子宾客分司东都","仍为太子宾客，分司东都。夏，有诗酬令狐楚","令狐楚","《酬令狐相公新蝉见寄》","Poem","詶令狐相公新蝉见寄
相去三千里，闻蝉同此时。清吟晓露叶，愁噪夕阳枝。忽尔弦断绝，俄闻管参差。洛桥碧云晚，西望佳人期。","陶敏、陶红雨《刘禹锡全集编年校注》，岳麓书社2003年版，第670页","卞孝萱校订《刘禹锡集》卷33第466页，中华书局1990年版",,,"洪迎华"
"唐","刘禹锡","文宗开成二年丁巳","837",,,"66","","都畿道","河南府","洛阳",,"河南","洛阳市",,"112.460033","34.624376","太子宾客分司东都","仍为太子宾客，分司东都。与白居易诗歌唱和","白居易","《和乐天烧药不成命酒独醉》","Poem","和乐天烧药不成命酒独醉
九转欲成就，百神应主持。婴啼鼎上去，老貌镜前悲。却顾空丹灶，回心向酒卮。醺然耳热后，暂似少年时。","卞孝萱《刘禹锡年谱》，中华书局1966年版，第210页","卞孝萱校订《刘禹锡集》卷34第498页，中华书局1990年版",,,"洪迎华"
"唐","刘禹锡","文宗开成二年丁巳","837",,,"66","","都畿道","河南府","洛阳",,"河南","洛阳市",,"112.460033","34.624376","太子宾客分司东都","仍为太子宾客，分司东都。与白居易诗歌唱和","白居易","《酬乐天醉后狂吟十韵》","Poem","酬乐天醉后狂吟十韵
散诞人间乐，逍遥地上仙。诗家登逸品，释氏悟真筌。制诰留台阁，歌词入管弦。处身于木雁，任世变桑田。吏隐情兼遂，儒玄道两全。八关斋适罢，三雅兴尤偏。文墨中年旧，松筠晚岁坚。鱼书曾替代，香火有因缘。欲向醉乡去，犹为色界牵。好吹杨柳曲，为我舞金钿。","卞孝萱《刘禹锡年谱》，中华书局1966年版，第210页","卞孝萱校订《刘禹锡集》卷34第500页，中华书局1990年版",,,"洪迎华"
"唐","刘禹锡","文宗开成二年丁巳","837",,,"66","","都畿道","河南府","洛阳",,"河南","洛阳市",,"112.460033","34.624376","太子宾客分司东都","仍为太子宾客，分司东都。与白居易诗歌唱和","白居易","《酬乐天闻新蝉见寄》","Poem","詶乐天闻新蝉见赠
碧树鸣蝉后，烟云改容光。瑟然引秋气，芳草日夜黄。夹道喧古槐，临池思垂杨。离人下忆泪，志士激刚肠。昔闻阻山川，今听同匡床。人情便所遇，音韵岂殊常。因之比笙竽，送我游醉乡。","卞孝萱《刘禹锡年谱》，中华书局1966年版，第210页","卞孝萱校订《刘禹锡集》卷34第495页，中华书局1990年版",,,"洪迎华"
"唐","刘禹锡","文宗开成二年丁巳","837","7",,"66","","都畿道","河南府","洛阳",,"河南","洛阳市",,"112.460033","34.624376","太子宾客分司东都","仍为太子宾客，分司东都。七月，河南尹裴潾因久旱诣寺祈雨，与刘禹锡诗歌唱和","裴潾","《和河南裴尹侍郎宿斋天平寺诣九龙祠祈雨二十韵》","Poem","和河南裴尹侍郎宿斋天平寺诣九龙祠祈雨二十韵
有事九龙庙，洁斋梵王祠。玉箫何时绝，碧树空凉飔。吏散埃𡏖息，月高庭宇宜。重城肃穆闭，涧水潺湲时。人希夜复闲，虑静境亦随。缅怀断鳌足，凝想乘鸾姿。朱明盛农节，膏泽方愆期。瞻言五灵瑞，能救百谷萎。咿喔晨鸡鸣，阑干斗柄垂。修容谒神像，注意陈正词。惊飙起泓泉，若调雷雨师。黑烟耸鳞甲，洒液如棼丝。丰隆震天衢，列缺挥火旗。炎空忽凄紧，高霤悬绠縻。生物已霶霈，湿云稍离披。丹霞启南陆，白水含东菑。熙熙飞走适，蔼蔼草树滋。浮光动宫观，远思盈川坻。吴公敏于政，谢守工为诗。商山有病客，言贺舒庞眉。","卞孝萱《刘禹锡年谱》，中华书局1966年版，第211页","卞孝萱校订《刘禹锡集》卷23第298页，中华书局1990年版",,,"洪迎华"
"唐","刘禹锡","文宗开成二年丁巳","837",,,"66","","都畿道","河南府","洛阳",,"河南","洛阳市",,"112.460033","34.624376","太子宾客分司东都","仍为太子宾客，分司东都。十一月前，作诗送令狐博士","令狐绪","《送国子令狐博士赴兴元觐省》","Poem","送国子令狐博士赴兴元觐省
相门才子高阳族，学省清资五品官。谏院过时荣棣萼，谢庭归去踏芝兰。山中花带烟岚晚，栈底江涵雪水寒。伯仲到家人尽贺，柳营莲府递相欢。","卞孝萱《刘禹锡年谱》，中华书局1966年版，第211页","卞孝萱校订《刘禹锡集》卷28第385页，中华书局1990年版",,,"洪迎华"
"唐","刘禹锡","文宗开成二年丁巳","837","11",,"66","","都畿道","河南府","洛阳",,"河南","洛阳市",,"112.460033","34.624376","太子宾客分司东都","仍为太子宾客，分司东都。十一月，令狐楚卒，年七十。刘禹锡作诗怀念","令狐楚","《令狐仆射与余投分素深纵山川阻修然音问相继今年十一月仆射疾不起闻予已承讣书寝门长恸后日有使者两辈持书并诗计其日时已是卧疾手笔盈幅翰墨尚新律词一篇音韵弥切收泪握管以成报章虽广陵之弦于今绝矣而盖泉之感犹庶闻焉焚之繐帐之前附于旧编之末》","Poem","令狐仆射与余投分素深纵山川阻修然音问相继今年十一月仆射疾不起闻予已承讣书寝门长恸后日有使者两辈持书并诗计其日时已是卧疾手笔盈幅翰墨尚新律词一篇音韵弥切收泪握管以成报章虽广陵之弦于今绝矣而盖泉之感犹庶闻焉焚之繐帐之前附于旧编之末
前日寝门恸，至今悲有馀。已嗟万化尽，方见八行书。满纸传相忆，裁诗怨索居。危弦音有绝，哀玉韵犹虚。忽叹幽明异，俄惊岁月除。文章虽不朽，精魄竟焉如。零泪沾青简，伤心见素车。悽凉从此后，无复望双鱼。","卞孝萱《刘禹锡年谱》，中华书局1966年版，第211页","卞孝萱校订《刘禹锡集》卷33第477页，中华书局1990年版",,,"洪迎华"
"唐","刘禹锡","文宗开成二年丁巳","837","11",,"66","","都畿道","河南府","洛阳",,"河南","洛阳市",,"112.460033","34.624376","太子宾客分司东都","仍为太子宾客，分司东都。十一月，令狐楚卒，年七十。刘禹锡将大和五年以后与令狐楚唱和诗篇，续编入《彭阳唱和集》中","令狐楚","《彭阳唱和集后引》","Article","彭阳唱和集后引
贞元中。予为御史。彭阳公从事于太原。以文章相往来有日矣。无何。予受谴南迁。十馀年间。公登用至宰相。出为衡州。方获会面。输写蕴积。相视泫然。尔后或杂赋诗赠答。编成两轴。大和五年。余领吴郡。公镇太原。常发函寓书。必有章句。络绎于数千里内。无旷旬时。八年。公为吏部尚书。予牧临汝。有诗叹七年之别。署其后云。集卷自此为第三。未几。予转左冯。公登左揆。每悔近而不见。形于咏言。开成元年。公镇南梁。予以太子宾客分司东都。新韵继至。率云三轴成矣。二年冬。忽寄一章。词调悽切。似有永诀之旨。伸纸悸叹。居数日。果承讣书。呜呼。聆风相悦者四十年。会面交欢者十九年。以诗见投凡七十九首。勒成三卷。以副平生之言。","卞孝萱《刘禹锡年谱》，中华书局1966年版，第207；208页","卞孝萱校订《刘禹锡集》卷39第588页，中华书局1990年版",,,"洪迎华"
"唐","刘禹锡","文宗开成二年丁巳","837",,,"66","","都畿道","河南府","洛阳",,"河南","洛阳市",,"112.460033","34.624376","太子宾客分司东都","仍为太子宾客，分司东都。冬日雪天，与白居易宴集，赋诗唱和","白居易","《和乐天洛下雪中宴集寄汴州李尚书》","Poem","和乐天洛下雪中宴集寄汴州李尚书
洛城无事足杯盘，风雪相和岁欲兰。树上因依见寒鸟，坐中收拾尽闲官。笙歌要请频何爽，笑语忘机拙更欢。遥想兔园今日会，琼林满眼映旂竿。","卞孝萱《刘禹锡年谱》，中华书局1966年版，第211页","卞孝萱校订《刘禹锡集》卷34第488页，中华书局1990年版",,,"洪迎华"
"唐","刘禹锡","文宗开成二年丁巳","837",,,"66","","都畿道","河南府","洛阳",,"河南","洛阳市",,"112.460033","34.624376","太子宾客分司东都","仍为太子宾客，分司东都。冬日雪天，赋诗与河南尹裴潾唱和","裴潾","《裴侍郎大尹雪中遗酒一壶兼示喜眼疾初平一绝有闲行把酒之句斐然仰酬》","Poem","裴侍郎大尹雪中遗酒一壶兼示眼疾平一绝有闲行把酒之句斐然仰酬
卷尽轻云月更明，金篦不用且闲行。若倾家酿招来客，何必池塘春草生。","卞孝萱《刘禹锡年谱》，中华书局1966年版，第212页","卞孝萱校订《刘禹锡集》卷36第542页，中华书局1990年版",,,"洪迎华"
"唐","刘禹锡","文宗开成二年丁巳","837",,,"66","","都畿道","河南府","洛阳",,"河南","洛阳市",,"112.460033","34.624376","太子宾客分司东都","仍为太子宾客，分司东都。冬，有诗酬牛僧孺","牛僧孺","《酬思黯代书见戏》","Poem","酬思黯代书见戏
官冷如浆病满身，凌寒不易过天津。少年留取多情兴，请待花时作主人。","陶敏、陶红雨《刘禹锡全集编年校注》，岳麓书社2003年版，第685页","卞孝萱校订《刘禹锡集》卷34第500页，中华书局1990年版",,,"洪迎华"
"唐","刘禹锡","文宗开成三年戊午","838",,,"67","","都畿道","河南府","洛阳",,"河南","洛阳市",,"112.460033","34.624376","太子宾客分司东都","仍为太子宾客，分司东都。疾仍未痊","",,"","","卞孝萱《刘禹锡年谱》，中华书局1966年版，第212页",,,,"洪迎华"
"唐","刘禹锡","文宗开成三年戊午","838","1","1","67","","都畿道","河南府","洛阳",,"河南","洛阳市",,"112.460033","34.624376","太子宾客分司东都","仍为太子宾客，分司东都。元日，与白居易诗酒唱和","白居易","《元日乐天见过因举酒为贺》","Poem","元日乐天见过因举酒为贺
渐入有年数，喜逢新岁来。震方天籁动，寅位帝车回。门巷扫残雪，林园惊早梅。与君同甲子，寿酒让先杯。","卞孝萱《刘禹锡年谱》，中华书局1966年版，第214页","卞孝萱校订《刘禹锡集》卷34第499页，中华书局1990年版",,,"洪迎华"
"唐","刘禹锡","文宗开成三年戊午","838","2",,"67","","都畿道","河南府","洛阳",,"河南","洛阳市",,"112.460033","34.624376","太子宾客分司东都","仍为太子宾客，分司东都。二月，孙简迁陕虢观察使，刘禹锡作诗以贺","孙简","《述旧贺迁寄陕虢孙常侍》","Poem","述旧贺迁寄陕虢孙常侍
南宫幸袭芝兰后，左辅曾交印绶来。多病未离清洛苑，新恩已历望仙台。关头古塞桃林静，城下长河竹箭回。闻说随车有零雨，此时偏动子荆才。","卞孝萱《刘禹锡年谱》，中华书局1966年版，第216页","卞孝萱校订《刘禹锡集》卷24第320页，中华书局1990年版",,,"洪迎华"
"唐","刘禹锡","文宗开成三年戊午","838",,,"67","","都畿道","河南府","洛阳",,"河南","洛阳市",,"112.460033","34.624376","太子宾客分司东都","仍为太子宾客，分司东都。作诗送友","李播","《送蕲州李郎中赴任》","Poem","送蕲州李郎中赴任
楚关蕲水路非赊，东望云山日夕佳。薤叶照人呈夏簟，松花满碗试新茶。楼中饮兴因明月，江上诗情为晚霞。北地交亲长引领，早将玄鬓到京华。","卞孝萱《刘禹锡年谱》，中华书局1966年版，第214页","卞孝萱校订《刘禹锡集》卷28第382页，中华书局1990年版",,,"洪迎华"
"唐","刘禹锡","文宗开成三年戊午","838",,,"67","","都畿道","河南府","洛阳",,"河南","洛阳市",,"112.460033","34.624376","太子宾客分司东都","仍为太子宾客，分司东都。早春，与白居易诗歌唱和","白居易","《洛中早春寄乐天》","Poem","洛中早春赠乐天
漠漠复霭霭，半晴将半阴。春来自何处，无迹日以深。韶嫩冰后木，轻盈烟际林。藤生欲有托，柳弱不自任。花意已含蓄，鸟言尚沈吟。期君当此时，与我恣追寻。翻愁烂熳后，春暮却伤心。","卞孝萱《刘禹锡年谱》，中华书局1966年版，第215页","卞孝萱校订《刘禹锡集》卷34第491页，中华书局1990年版",,,"洪迎华"
"唐","刘禹锡","文宗开成三年戊午","838",,,"67","","都畿道","河南府","洛阳",,"河南","洛阳市",,"112.460033","34.624376","太子宾客分司东都","仍为太子宾客，分司东都。春，与白居易宴李仍叔宅，诗歌唱和","白居易，李仍叔","《和乐天宴李周美中丞宅池上赏樱桃花》","Poem","和乐天宴李周美中丞宅池上赏樱桃花
樱桃千万枝，照耀如雪天。王孙宴其下，隔水疑神仙。宿露发清香，初阳动暄妍。妖姬满髻插，酒客折枝传。同此赏芳月，几人有华筵。杯行勿遽辞，好醉逸三年。","卞孝萱《刘禹锡年谱》，中华书局1966年版，第215-216页","卞孝萱校订《刘禹锡集》卷34第491页，中华书局1990年版",,,"洪迎华"
"唐","刘禹锡","文宗开成三年戊午","838",,,"67","","都畿道","河南府","洛阳",,"河南","洛阳市",,"112.460033","34.624376","太子宾客分司东都","仍为太子宾客，分司东都。春，有诗酬牛僧孺","牛僧孺","《酬牛相公独饮偶醉寓言见示》","Poem","詶牛相公独饮偶醉寓言见示
宫漏夜丁丁，千门闭霜月。华堂列红烛，丝管静中发。歌眉低有思，舞体轻无骨。主人启酡颜，酣畅浃肌发。犹思城外客，阡陌不可越。春意日夕深，此欢无断绝。","陶敏、陶红雨《刘禹锡全集编年校注》，岳麓书社2003年版，第692页","卞孝萱校订《刘禹锡集》卷34第501页，中华书局1990年版",,,"洪迎华"
"唐","刘禹锡","文宗开成三年戊午","838",,,"67","","都畿道","河南府","洛阳",,"河南","洛阳市",,"112.460033","34.624376","太子宾客分司东都","仍为太子宾客，分司东都。春末，有诗送友","杜录事","《洛中春末送杜录事赴蕲州》","Poem","洛中春末送杜录事赴蕲州
樽前花下长相见，明日忽为千里人。君过午桥回首望，洛城犹自有残春。","陶敏、陶红雨《刘禹锡全集编年校注》，岳麓书社2003年版，第696页","卞孝萱校订《刘禹锡集》卷28第383页，中华书局1990年版",,,"洪迎华"
"唐","刘禹锡","文宗开成三年戊午","838",,,"67","","都畿道","河南府","洛阳",,"河南","洛阳市",,"112.460033","34.624376","太子宾客分司东都","仍为太子宾客，分司东都。与东都留守牛僧孺诗歌唱和","牛僧孺","《和牛相公题姑苏所寄太湖石兼寄李苏州》","Poem","和牛相公题姑苏所寄太湖石兼寄李苏州
震泽生奇石，沈潜得地灵。初辞水府出，犹带龙宫腥。发自江湖国，来荣卿相庭。从风夏云势，上汉古查形。拂拭鱼鳞见，铿锵玉韵聆。烟波含宿润，苔藓助新青。嵌穴胡雏貌，纤铓虫篆铭。孱颜傲林薄，飞动向雷霆。烦热近还散，馀酲见便醒。凡禽不敢息，浮壒莫能停。静称垂松盖，鲜宜映鹤翎。忘忧常目击，素尚与心冥。眇小欺湘燕，团圆笑落星。徒然想融结，安可测年龄。采取询乡耋，搜求按旧经。垂钩入空隙，隔浪动晶荧。有获人争贺，欢谣众共听。一州惊阅宝，千里远扬舲。睹物洛阳陌，怀人吴御亭。寄言垂天翼，早晚起沧溟。","卞孝萱《刘禹锡年谱》，中华书局1966年版，第216页","卞孝萱校订《刘禹锡集》卷36第540页，中华书局1990年版",,,"洪迎华"
"唐","刘禹锡","文宗开成三年戊午","838",,,"67","","都畿道","河南府","洛阳",,"河南","洛阳市",,"112.460033","34.624376","太子宾客分司东都","仍为太子宾客，分司东都。与东都留守牛僧孺诗歌唱和","牛僧孺","《和牛相公南溪醉歌见寄》","Poem","和牛相公溪醉歌见寄
脱屣将相守冲谦，唯于山水独不廉。枕伊背洛得胜地，鸣皋少室来轩檐。相形面势默指画，言下变化随顾瞻。清池曲榭人所致，野趣幽芳天与添。有时转入潭岛间，珍木如幄藤为帘。忽然便有江湖思，沙砾平浅草纤纤。怪石钓出太湖底，珠树移自天台尖。崇兰迎风绿泛艳，坼莲含露红𧞋襜。脩廊架空远岫入，弱柳覆槛流波沾。渚蒲抽芽剑脊动，岸荻迸笋锥头铦。携觞命侣极永日，此会虽数心无厌。人皆置庄身不到，富贵难与逍遥兼。唯公出处得自在，决就放旷辞炎炎。座宾尽欢恣谈谑，愧我掉头还奋髯。能令商于多病客，亦觉自适非沈潜。","卞孝萱《刘禹锡年谱》，中华书局1966年版，第216页","卞孝萱校订《刘禹锡集》卷36第541页，中华书局1990年版",,,"洪迎华"
"唐","刘禹锡","文宗开成三年戊午","838",,,"67","","都畿道","河南府","洛阳",,"河南","洛阳市",,"112.460033","34.624376","太子宾客分司东都","仍为太子宾客，分司东都。与东都留守牛僧孺诗歌唱和","牛僧孺","《和思黯忆南庄见示》","Poem","和思黯忆南庄见示
丞相新家伊水头，智囊心匠日增修。化成池沼无痕迹，奔走清波不自由。台上看山徐举酒，潭中见月慢回舟。从来天下推尤物，合属人间第一流。","卞孝萱《刘禹锡年谱》，中华书局1966年版，第217页","卞孝萱校订《刘禹锡集》卷34第494页，中华书局1990年版",,,"洪迎华"
"唐","刘禹锡","文宗开成三年戊午","838",,,"67","","都畿道","河南府","洛阳",,"河南","洛阳市",,"112.460033","34.624376","太子宾客分司东都","仍为太子宾客，分司东都。与东都留守牛僧孺诗歌唱和","牛僧孺","《思黯南墅赏牡丹》","Poem","思黯南墅赏牡丹
偶然相遇人间世，合在增城阿姥家。有此倾城好颜色，天教晚发赛诸花。","卞孝萱《刘禹锡年谱》，中华书局1966年版，第217页","卞孝萱校订《刘禹锡集》卷34第492页，中华书局1990年版",,,"洪迎华"
"唐","刘禹锡","文宗开成三年戊午","838",,,"67","","都畿道","河南府","洛阳",,"河南","洛阳市",,"112.460033","34.624376","太子宾客分司东都","仍为太子宾客，分司东都。初夏，与东都留守牛僧孺诗歌唱和","牛僧孺","《和牛相公游南庄醉后寓言戏赠乐天兼见示》","Poem","和牛相公游南庄醉后寓言戏赠乐天兼见示
城外园林初夏天，就中野趣在西偏。蔷薇乱发多临水，鸂鶒双游不避船。水底远山云似雪，桥边平岸草如烟。白家唯有杯觞兴，欲把头盘打少年。","卞孝萱《刘禹锡年谱》，中华书局1966年版，第217页","卞孝萱校订《刘禹锡集》卷34第492页，中华书局1990年版",,,"洪迎华"
"唐","刘禹锡","文宗开成三年戊午","838",,,"67","","都畿道","河南府","洛阳",,"河南","洛阳市",,"112.460033","34.624376","太子宾客分司东都","仍为太子宾客，分司东都。与东都留守牛僧孺诗歌唱和","牛僧孺","《牛相公林亭雨后偶成》","Poem","牛相公林亭雨后偶成
飞雨过池阁，浮光生草树。新竹开粉奁，初莲爇香注。野花无时节，水鸟自来去。若问知境人，人间第一处。","卞孝萱《刘禹锡年谱》，中华书局1966年版，第217页","卞孝萱校订《刘禹锡集》卷36第539页，中华书局1990年版",,,"洪迎华"
"唐","刘禹锡","文宗开成三年戊午","838",,,"67","","都畿道","河南府","洛阳",,"河南","洛阳市",,"112.460033","34.624376","太子宾客分司东都","仍为太子宾客，分司东都。与东都留守牛僧孺诗歌唱和","牛僧孺","《和牛相公夏末雨后寓怀见示》","Poem","","卞孝萱《刘禹锡年谱》，中华书局1966年版，第217页","卞孝萱校订《刘禹锡集》卷36第539页，中华书局1990年版",,,"洪迎华"
"唐","刘禹锡","文宗开成三年戊午","838","5",,"67","","都畿道","河南府","洛阳",,"河南","洛阳市",,"112.460033","34.624376","太子宾客分司东都","仍为太子宾客，分司东都。五月，作诗戏友白居易","白居易","《乐天少傅五月长斋广延缁徒谢绝文友坐成睽间因以戏之》","Poem","乐天少傅五月长斋广延缁徒谢绝文友坐成睽间因以戏之
五月长斋戒，深居绝送迎。不离通德里，便是法王城。举目皆僧事，全家少俗情。精修无上道，结念未来生。宾閤缁衣占，书堂信鼓鸣。戏童为塔象，啼鸟学经声。黍用青菰角，葵承玉露烹。马家供薏苡，刘氏饷芜菁。暗网笼歌扇，流尘晦酒铛。不知何次道，作佛几时成。","卞孝萱《刘禹锡年谱》，中华书局1966年版，第214页","卞孝萱校订《刘禹锡集》卷34第492页，中华书局1990年版",,,"洪迎华"
"唐","刘禹锡","文宗开成三年戊午","838",,,"67","","都畿道","河南府","洛阳",,"河南","洛阳市",,"112.460033","34.624376","太子宾客分司东都","仍为太子宾客，分司东都。晚夏，与白居易诗歌酬唱","白居易","《酬乐天晚夏闲居欲相访先以诗见贻》","Poem","酬乐天晚夏闲居欲相访先诗见贻
池榭堪临泛，翛然散郁陶。步因驱鹤缓，吟为听蝉高。林密添新竹，枝低缒晚桃。酒醅晴易熟，药圃夏频薅。老是班行旧，闲为乡里豪。经过更何处，风景属吾曹。","卞孝萱《刘禹锡年谱》，中华书局1966年版，第214页","卞孝萱校订《刘禹锡集》卷34第493页，中华书局1990年版",,,"洪迎华"
"唐","刘禹锡","文宗开成三年戊午","838",,,"67","","都畿道","河南府","洛阳",,"河南","洛阳市",,"112.460033","34.624376","太子宾客分司东都","仍为太子宾客，分司东都。与白居易诗歌唱和","白居易","《和乐天春词依忆江南曲拍为句》","Poem","","卞孝萱《刘禹锡年谱》，中华书局1966年版，第214页","卞孝萱校订《刘禹锡集》卷34第495页，中华书局1990年版",,,"洪迎华"
"唐","刘禹锡","文宗开成三年戊午","838","7",,"67","","都畿道","河南府","洛阳",,"河南","洛阳市",,"112.460033","34.624376","太子宾客分司东都","仍为太子宾客，分司东都。新秋，与白居易诗歌唱和","白居易","《新秋对月寄乐天》","Poem","新秋对月寄乐天
月露发光彩，此时方见秋。夜凉金气应，天静火星流。蛩响偏依井，萤飞直过楼。相知尽白首，清景复追游。","卞孝萱《刘禹锡年谱》，中华书局1966年版，第215页","卞孝萱校订《刘禹锡集》卷34第496页，中华书局1990年版",,,"洪迎华"
"唐","刘禹锡","文宗开成三年戊午","838","7",,"67","","都畿道","河南府","洛阳",,"河南","洛阳市",,"112.460033","34.624376","太子宾客分司东都","仍为太子宾客，分司东都。七月早秋，与东都留守牛僧孺诗歌唱和","牛僧孺","《酬留守牛相公宫城早秋寓言见寄》","Poem","詶留守牛相公宫城早秋寓言见寄
晓月映宫树，秋光起天津。凉风稍动叶，宿露未生尘。星气尚芳丽，旷望感心神。挥毫成逸韵，开閤迟来宾。摆去将相印，渐为逍遥身。如招后房宴，却要白头人。","卞孝萱《刘禹锡年谱》，中华书局1966年版，第217页","卞孝萱校订《刘禹锡集》卷36第537页，中华书局1990年版",,,"洪迎华"
"唐","刘禹锡","文宗开成三年戊午","838",,,"67","","都畿道","河南府","洛阳",,"河南","洛阳市",,"112.460033","34.624376","太子宾客分司东都","仍为太子宾客，分司东都。与白居易诗酒唱和","白居易","《乐天以愚相访沽酒致欢因成七言聊以奉答》","Poem","乐天以愚相访沽酒致欢因成七言聊以奉答
少年曾醉酒旗下，同辈黄衣颔亦黄。蹴踏青云寻入仕，萧条白发且飞觞。令徵古事欢生雅，客唤闲人兴任狂。犹胜独居荒草院，蝉声听尽到寒螀。","卞孝萱《刘禹锡年谱》，中华书局1966年版，第215页","卞孝萱校订《刘禹锡集》卷34第494页，中华书局1990年版",,,"洪迎华"
"唐","刘禹锡","文宗开成三年戊午","838",,,"67","","都畿道","河南府","洛阳",,"河南","洛阳市",,"112.460033","34.624376","太子宾客分司东都","仍为太子宾客，分司东都。秋，与白居易诗歌唱和","白居易","《秋晚新晴夜月如练有怀乐天》","Poem","秋晚新晴夜月如练有怀乐天
雨歇晚霞明，风调夜景清。月高微晕散，云薄细鳞生。露草百虫思，秋林千叶声。相望一步地，脉脉万重情。","卞孝萱《刘禹锡年谱》，中华书局1966年版，第215页","卞孝萱校订《刘禹锡集》卷34第494页，中华书局1990年版",,,"洪迎华"
"唐","刘禹锡","文宗开成三年戊午","838",,,"67","","都畿道","河南府","洛阳",,"河南","洛阳市",,"112.460033","34.624376","太子宾客分司东都","仍为太子宾客，分司东都。秋，与东都留守牛僧孺诗歌唱和","牛僧孺","《牛相公留守见示城外新墅有溪竹秋月亲情多往宿游恨不得去因成四韵兼简洛中亲故之什兼命同作》","Poem","牛相公留守见示城外新墅有溪竹秋月亲情多往宿游恨不得去因成四韵兼简洛中亲故之什兼命同作
别墅洛城外，月明村野通。光辉满地上，丝管发舟中。堤艳菊花露，岛凉松叶风。高情限清禁，寒漏滴深宫。","卞孝萱《刘禹锡年谱》，中华书局1966年版，第217页","卞孝萱校订《刘禹锡集》卷36第538页，中华书局1990年版",,,"洪迎华"
"唐","刘禹锡","文宗开成三年戊午","838",,,"67","","都畿道","河南府","洛阳",,"河南","洛阳市",,"112.460033","34.624376","太子宾客分司东都","仍为太子宾客，分司东都。与东都留守牛僧孺诗歌唱和","牛僧孺","《牛相公见示新什谨依本韵次用以抒下情》","Poem","牛相公见示新什谨依本韵次用以抒下情
剧韵新篇至，因难始见能。雨天龙变化，晴日凤鶱腾。游海惊何极，闻韶素不曾。惬心时拊髀，击节日麾肱。符彩添隃墨，波澜起剡藤。拣金光熠熠，累璧势层层。珠媚多藏贾，花撩欲定僧。封来真宝物，寄与愧交朋。已老无时疾，长贫望岁登。雀罗秋寂寂，虫翅晓薨薨。羸骥方辞绊，虚舟已绝絙。荣华甘死别，健羡亦生憎。玉柱琤瑽韵，金觥雹凸棱。何时良宴会，促膝对华灯。","卞孝萱《刘禹锡年谱》，中华书局1966年版，第217页","卞孝萱校订《刘禹锡集》卷34第502页，中华书局1990年版",,,"洪迎华"
"唐","刘禹锡","文宗开成三年戊午","838",,,"67","","都畿道","河南府","洛阳",,"河南","洛阳市",,"112.460033","34.624376","太子宾客分司东都","仍为太子宾客，分司东都。秋，与白居易诗歌唱和","白居易","《和乐天小台晚坐见忆》","Poem","詶乐天小台晚坐见忆
小台堪远望，独上清秋时。有酒无人劝，看山秖自知。幽禽啭新竹，孤莲落静池。高门勿遽掩，好客无前期。","卞孝萱《刘禹锡年谱》，中华书局1966年版，第218页","卞孝萱校订《刘禹锡集》卷34第496页，中华书局1990年版",,,"洪迎华"
"唐","刘禹锡","文宗开成三年戊午","838",,,"67","","都畿道","河南府","洛阳",,"河南","洛阳市",,"112.460033","34.624376","太子宾客分司东都","仍为太子宾客，分司东都。秋，与白居易诗歌唱和","白居易","《和乐天秋凉闲卧》","Poem","和乐天秋凉闲卧
暑退人体轻，雨馀天色改。荷珠贯索断，竹粉残妆在。高僧扫室请，逸客登楼待。槐柳渐萧疏，闲门少光彩。","卞孝萱《刘禹锡年谱》，中华书局1966年版，第218页","卞孝萱校订《刘禹锡集》卷34第497页，中华书局1990年版",,,"洪迎华"
"唐","刘禹锡","文宗开成三年戊午","838",,,"67","","都畿道","河南府","洛阳",,"河南","洛阳市",,"112.460033","34.624376","太子宾客分司东都","仍为太子宾客，分司东都。秋，有诗酬吴士矩","吴士矩","《酬端州吴大夫夜泊湘川见寄一绝》","Poem","酬瑞州吴大夫夜泊湘川见寄一绝
夜泊湘川逐客心，月明猿苦血沾襟。湘妃旧竹痕犹浅，从此因君染更深。","陶敏、陶红雨《刘禹锡全集编年校注》，岳麓书社2003年版，第713页","卞孝萱校订《刘禹锡集》卷24第320页，中华书局1990年版",,,"洪迎华"
"唐","刘禹锡","文宗开成三年戊午","838","9",,"67","","都畿道","河南府","洛阳",,"河南","洛阳市",,"112.460033","34.624376","太子宾客分司东都","仍为太子宾客，分司东都。九月，有诗酬和牛僧孺","牛僧孺","《酬仆射牛相公晋国池上别后至甘棠馆忽梦同游因成口号见寄》","Poem","酬仆射牛相公晋国池上别后至甘棠馆忽梦同游因成口号见寄
已嗟池上别魂惊，忽报梦中携手行。此夜独归还乞梦，老人无睡到天明。","陶敏、陶红雨《刘禹锡全集编年校注》，岳麓书社2003年版，第712页","卞孝萱校订《刘禹锡集》卷36第542页，中华书局1990年版",,,"洪迎华"
"唐","刘禹锡","文宗开成三年戊午","838",,,"67","","都畿道","河南府","洛阳",,"河南","洛阳市",,"112.460033","34.624376","太子宾客分司东都","仍为太子宾客，分司东都。九月后，与牛僧孺诗歌唱和","牛僧孺","《和仆射牛相公以离阙庭七年班行亲故亡殁十无一人再睹龙颜喜庆虽极感叹风烛能不怆然因成四韵并示集贤中书二相公所和》","Poem","和仆射牛相公以离阙庭七年班行亲故亡殁十无一人再睹龙颜喜庆虽极感叹风烛能不怆然因成四韵并示集贤中书二相公所和
久辞龙阙拥红旗，喜见天颜拜赤墀。三省英寮非旧侣，万年芳树长新枝。交朋接武居仙院，幕客追风入凤池。云母屏风即施设，可怜荣耀冠当时。","卞孝萱《刘禹锡年谱》，中华书局1966年版，第218页","卞孝萱校订《刘禹锡集》卷36第538页，中华书局1990年版",,,"洪迎华"
"唐","刘禹锡","文宗开成三年戊午","838",,,"67","","都畿道","河南府","洛阳",,"河南","洛阳市",,"112.460033","34.624376","太子宾客分司东都","仍为太子宾客，分司东都。九月后，与牛僧孺诗歌唱和","牛僧孺","《和仆射牛相公追感韦裴六相登庸皆四十余未五十薨殁岂早荣早枯之义今年将六十犹粗强健因亲故劝酒率然成篇并见寄之什》","Poem","和仆射牛相公追感韦裴六相登庸皆四十馀未五十薨殁岂早荣枯之义今年将六十犹粗强健因亲故劝酒率然成篇并见寄之作
坐镇清朝独殷然，闲徵故事数前贤。用才同践钧衡地，禀气终分大小年。威凤本池思泛泳，仙查旧路望回旋。犹怜绮季深山里，唯有松风与石田。","卞孝萱《刘禹锡年谱》，中华书局1966年版，第218页","卞孝萱校订《刘禹锡集》卷36第538页，中华书局1990年版",,,"洪迎华"
"唐","刘禹锡","文宗开成三年戊午","838",,,"67","","都畿道","河南府","洛阳",,"河南","洛阳市",,"112.460033","34.624376","太子宾客分司东都","仍为太子宾客，分司东都。初冬，与白居易诗歌唱和","白居易","《和乐天早寒》","Poem","和乐天早寒
雨引苔侵壁，风驱叶拥阶。久留闲客话，宿请老僧斋。酒瓮新陈接，书签次第排。翛然自有处，摇落不伤怀。","卞孝萱《刘禹锡年谱》，中华书局1966年版，第215页","卞孝萱校订《刘禹锡集》卷31第428页，中华书局1990年版",,,"洪迎华"
"唐","刘禹锡","文宗开成三年戊午","838",,,"67","","都畿道","河南府","洛阳",,"河南","洛阳市",,"112.460033","34.624376","太子宾客分司东都","仍为太子宾客，分司东都。冬，有诗酬友王彦威并通简汝洛旧游","王彦威","《和陈许王尚书酬白少傅侍郎长句因通简汝洛旧游之作》","Poem","和陈许王尚书酬白少傅侍郎长句因通简汝洛旧游之什
寥廓高翔不可追，风云失路暂相随。方同洛下书生咏，又见军前大将旗。雪里命宾开玉帐，饮中请号驻金卮。竹林一自王戎去，嵇阮虽贫兴未衰。","陶敏、陶红雨《刘禹锡全集编年校注》，岳麓书社2003年版，第717页","卞孝萱校订《刘禹锡集》卷36第540页，中华书局1990年版",,,"洪迎华"
"唐","刘禹锡","文宗开成三年戊午","838",,,"67","","都畿道","河南府","洛阳",,"河南","洛阳市",,"112.460033","34.624376","太子宾客分司东都","仍为太子宾客，分司东都。十二月后，与河东节度使狄兼谟诗歌唱和","狄兼谟","《酬太原狄尚书见寄》","Poem","詶太原狄尚书见寄
家声烜赫冠前贤，时望穹崇镇北边。身上官衔如座主，幕中谭笑取同年。幽并侠少趋鞭弭，燕赵佳人奉管弦。仍把天兵书号笔，远题长句寄山川。","卞孝萱《刘禹锡年谱》，中华书局1966年版，第219页","卞孝萱校订《刘禹锡集》卷36第542页，中华书局1990年版",,,"洪迎华"
"唐","刘禹锡","文宗开成三年戊午","838",,,"67","","都畿道","河南府","洛阳",,"河南","洛阳市",,"112.460033","34.624376","太子宾客分司东都","仍为太子宾客，分司东都。岁夜，作诗咏怀，与牛僧孺、白居易、卢贞唱和","白居易，牛僧孺，卢贞","《岁夜咏怀》","Poem","岁夜咏怀
弥年不得意，新岁又如何。念昔同游者，而今有几多。以闲为自在，将寿补蹉跎。春色无情故，幽居亦见过。","卞孝萱《刘禹锡年谱》，中华书局1966年版，第219页","卞孝萱校订《刘禹锡集》卷34第499页，中华书局1990年版",,,"洪迎华"
"唐","刘禹锡","文宗开成三年戊午","838",,,"67","","都畿道","河南府","洛阳",,"河南","洛阳市",,"112.460033","34.624376","太子宾客分司东都","仍为太子宾客，分司东都。为人文集作序","","《唐故中书侍郎平章事韦公集序》","Article","唐故中书侍郎平章事韦公集序
汉庭以贤良文学徵有道之士。公孙宏条对第一。席其势鼓行人间。取丞相且侯。使汉有得人之声。伊宏发也。皇唐文物。与汉同风。故天后朝燕国张公说以词标文苑徵。玄宗朝曲江张公九龄以道侔伊吕徵。德宗朝天水姜公公辅杜陵韦公执谊河东裴公垍以贤良方正徵。宪宗朝河南元公祯京兆韦公惇以才识兼茂徵。陇西牛公僧孺李公宗闵以能直言极谏徵。咸用对策。甲于天下。继而有声宰相。古今相望。落落然如骑星辰。与夫启版筑饭牛者异矣。公本名淳。举进士。登贤良。既仕。更名处厚。字德载。汉丞相扶阳侯之裔孙。后周逍遥公夐之八代孙。江陵节度参谋监察御史里行赠右仆射某之元子。生而聪明绝人。在提孩发言成诗。未几能赋。受经于先君仆射。学文于伯舅许公孟容。及壮。通六经。旁贯百氏。咨天人之际。遂探历数。明天官。穷性命之源。以至于佛书。尤所通达。初为集贤殿校书郎。宰相李赵公监修国史。引公直东观。就改咸阳尉。迁右拾遗。转左补阙。世称有史才。而能谏诤。入尚书为郎。历礼部考功。皆人望所在。上方用威武以詟不庭。宿兵寝久。韦丞相贯之酌人情上言。不合意册免。因历诋所善。公在伍中。出为开州刺史。居二年。执友崔敦诗为相。徵拜户部郎中。至阙下旬岁间。以本官知制诰。穆宗新即位。注意近臣。召入翰林充侍讲学士。初授谏议大夫。续换中书舍人。侍游蓬莱池。延问大义。退而进六经法言二十篇。优诏答之。赐以金紫。寻迁权知兵部侍郎知制诰翰林侍讲史馆修撰。长庆四年春。敬宗践祚。以公用经术左右先帝五年。稔闻其德。尤所钦倚。内署故事。与外庭不同。凡言翰林学士。必草诏书。有侍讲者。专备顾问。虽官为中书舍人。或它官知制诰。第用其班次耳。不窜言于训词。至是上器公。且有以宠之。乃使内谒者申命去侍讲之称。虑未谕于百执事。居数日。降命书。重举旧官以明新意。寻真拜夏官贰卿。由是内庭词臣。无出其右者。凡密旨必承乎权舆。故号承旨学士。上富有春秋。未亲庶政。有疑滞。视公如蓍龟。宝历季年。宫壸间一夕生变。人情大骇。虽鼎臣无所关决。惟内署得预参画。群议閧然。俟公一言而定。戡难缵服。再维乾纲。今上继统。策勋第一。擢拜中书侍郎同中书门下平章事。以高才遇英主。功显人伏。言无不从。笔端肤寸。泽及天下。尽罢冗食。请归才人。事先有司。物止常贡。城社无犯。岩廊益尊。感恩尽瘁。不啬神用。大和二年十二月。上前言事。未及毕辞。疾暴作。以朝服委地。同列白奏。搢笏扶持之。不能起。上命中贵人左右翼负。归于中书。如大醉状。上震惊咨嗟。徵医赐药。旁午謺委。会暮。肩舆至第。诘旦。以疾不起闻。赠禭加常礼。后十年。嗣子蕃。以太子舍人直宏文馆。编次遗文七十通。衔哀贡诚。乞序以冠其首。谨桉公文。未为近臣已前。所著词赋赞论记述铭志。皆文士之词也。以才丽为主。自入为学士至宰相以往。所执笔皆经纶制置财成润色之词也。以识度为宗。观其发德音。福生人。沛然如时雨。褒元老。谕功臣。穆然如景风。命相之册和而庄。命将之诰昭而毅。荐贤能。其气似孔文举。论经学。其博似刘子骏。发十难以摧言利者。其辩似管夷吾。噫。逢时得君。奋智谋以取高位。而令名随之。岂不伟哉。初蕃既纂修父书。咨于先执李习之。请文为领袖。许而未就。一旦习之悄然谓蕃曰。翱昔与韩吏部退之为文章盟主。同时伦辈。柳仪曹宗元刘宾客梦得耳。韩柳之逝久矣。今翱又被病。虑不能自述。有孤前言。赍恨无已。将子荐诚于刘君乎。无何。习之梦奠于襄州。蕃具道其语。余感相国之平昔。且嘉蕃之虔虔孝敬。庶几能世其家。故不敢让云尔。","卞孝萱《刘禹锡年谱》，中华书局1966年版，第213页","卞孝萱校订《刘禹锡集》卷19第226页，中华书局1990年版",,,"洪迎华"
"唐","刘禹锡","文宗开成三年戊午","838",,,"67","","都畿道","河南府","洛阳",,"河南","洛阳市",,"112.460033","34.624376","太子宾客分司东都","仍为太子宾客，分司东都。为人作碑文","","《唐故福建等州都团练观察处置使福州刺史兼御史中丞赠左散骑常侍薛公神道碑》","Article","唐故福建等州都团练观察处置使福州刺史兼御史中丞赠左散骑常侍薛公神道碑
薛在三代为侯国。介于邹鲁间。传世三十有一。为齐所并。其公子奔楚。锡土田于沛。汉末避仇之成都。曹魏平蜀。徙家汾阴。遂为河东临晋人。自奚仲为夏车服大夫。距今数千年。乘轩服冕。舄奕冠世。言氏族者。署为关内甲姓。天意若曰。始有功于车服。锡尔子孙。世世有之。公讳謇。字某。曾祖宝允。以名家子且有学行。历尚书郎雍州司马邠州刺史。王父绘。有隽材。刺三郡金密绵。皆以治闻。累绩至银青光禄大夫。封龙门侯。烈考承矩。以文亡害仕至大理丞。公幼承前人之覆露。补崇文生。岁满。调主簿书于亳之谯苦二邑。又尉于东畿之河清。贞元中。上方与丞相调兵食。思得通吏治而习边事者。计相以公为对。乃授监察御史里行。充京兆水运使。局居雁门。主谷籴。具舟楫。募勇壮且便弓矢者为榜夫千有馀人。隶尺籍伍符。制如舟师。诏以中贵人护之。声震塞上。每发粟溯河北行。涉戎落。以馈缘边诸军及乘障者。虽河塞迥远。必尅期如合符。一岁中省费万计。累加侍御史内供奉。赐绯鱼袋。有司条白其劳。入拜殿中内史。未几。淮海节将以戎倅缺闻。事下丞相御史择可者。佥曰。公政事已试。遂授检校户部员外郎兼御史淮南军司马。寻转驾部郎中。锡以金紫。遇府迁。申命真相赵国公带中书侍郎代之。公主行台留务。赵公文茵及境。视置邮供帐。及郊。视将迎部伍。下车。视帘帏器备。乃曰。信奇才也。此不足以展骥。朝廷知之。擢为泗滨守。既报政。就加御史中丞。俄迁福建都团练观察使。闽有负海之饶。其民悍而俗鬼。居洞砦家桴筏者。与华言不通。公兼戎索以治之。五州民咸悦。元和十年某日。薨于位。年六十七。赠右散骑常侍。夫人赵郡李氏。无儿早世。继夫人陇西李氏。检校礼部尚书河东节度使说之女。生子凝为嗣。季子茂宏以诸侯礼仪返葬故里蛾眉原。从周也。后二十有三年。元曰开成。凝为平卢从事。谨桉令甲。砻碑石来乞辞。以垂于悠久。初公治粟于朔陲。愚方冠惠文冠。察行马外事。聆风相厚。谓可妻也。以元女归之。明年。愚入尚书为郎。职隶计司。因白计相。公召来会府。行有日矣。遇内禅惟新。愚以缘坐左贬。间关外役。竟不克面。然而公之为德善。灌注心耳。孝悌为根柢。诚明枝叶之。直方为天质。礼让缘饰之。所至蔼然。繇此道也。公初下世。故人丞相李太师志其墓。略曰。宏深庄重。干敏绝人。此与游者传信之词也。岂诬也哉。故作铭曰。河汾奫沦。鼎气歊云。散为昌光。凝为贤人。常侍之生。其宗孔硕。从祖昆弟。诜诜三百。文馆入仕。幽龙未光。尺木为阶。俄然欲翔。司会知材。绩宣朔方。边师万喉。俟我赢粮。溯于黄河。路出戎疆。募乃勇士。皂衣挽航。膺索臂弧。穹庐在旁。虏闻公名。惮不敢𣀮。安北已南。列城相望。率有储偫。皆成金汤。入居殿中。分巡辇下。淮海军大。往为司马。军中之治。可移诸民。乃牧于泗。乃廉于闽。闽悍而嚣。夷风脆急。恩信绥之。委然如蛰。闽方不淑。天夺其福。公薨于寝。元赪以复。天王废朝。赠之金貂。莓莓晋原。郁郁中条。大墓旧阡。松楸萧萧。笳鼓以归。德音孔昭。","卞孝萱《刘禹锡年谱》，中华书局1966年版，第213页","卞孝萱校订《刘禹锡集》卷3第33页，中华书局1990年版",,,"洪迎华"
"唐","刘禹锡","文宗开成三年戊午","838",,,"67","","都畿道","河南府","洛阳",,"河南","洛阳市",,"112.460033","34.624376","太子宾客分司东都","仍为太子宾客，分司东都。为人作碑文","","《唐故宣歙池等州都团练观察处置使宣州刺史兼御史中丞赠左散骑常侍王公神道碑》","Article","唐故宣歙池等州都团练观察处置使宣州刺史兼御史中丞赠左散骑常侍王公神道碑
常侍讳质。字华卿。始得姓自周。灵王太子晋宾天而仙。时人曰王子。因去姬为王氏。自秦汉以还。世多显名。由今而上十有一代名杰。仕元魏为并州刺史。子孙因家。遂为太原祁人。并州六代孙名通。字仲淹。在隋朝诸儒。唯通能明王道。隐居白牛溪。游其门皆天下隽杰。著书行于世。既没。谥曰文中子。文中生福祚。为蔡州上蔡主簿。上蔡生勉。举进士试贤良皆上第。仕至河中府宝鼎令。宝鼎即公之曾祖也。祖讳怡。渝州司户参军。考讳潜。扬州天长县丞。赠尚书吏部郎中。公其季子也。始文中先生有重名于隋末。其弟绩。亦以有道显于国初。自号东皋子。文章高逸。传在人间。议者谓兄以大中立言。弟游方外遂性。三百年间。君子称之。虽四夷亦闻其名字。公雅有远志。常自忖度。我大名之后。不宜无见焉。遂力学。厚自淬琢。于春秋得之公是。于礼得之约。侨居淝水上。躬督穑事。善积于已。而淮楚间群彦。多与之游。公慊然自少。无进取意。与游者激之曰。卿文儒家子。笃志如是。盍求发闻。俾家声不颓。今夫以文字芒洋当世者。谁如华卿。庸自弃耶。入谋于闺门。咸以外言为是。因决策而西。上在贡士籍。天和内充。不以时尚屑意。角逐攻取。初无此心。如楩楠生于深林。未始自贵。而度材者一盼。歆然在怀。故以不争而速售。既登第。东诸侯交辟之。从主者书记于岭南。授正字。参谋于淮右。进协律郎。其后佐许下暨梓潼南梁。率为上介。官至兼监察御史。司宪闻其贤。徵入南台。转殿内。历侍御史。改尚书户部员外郎。复为知已所荐。迁检校司封郎中。摄御史中丞。紫衣金章。充山南西道节度副使。入为尚书户部郎中。以方雅特立。除谏议大夫。会宋丞相坐狷直为飞语所陷。抱不测之罪。大寮进言无益。公率谏官数辈。日晏伏閤上。为不时开便殿。公于旅进中。独感激雪涕居多。由是上怒稍懈。得从轻比。公终以言责为忧。求为虢州刺史。宰相惜去。又重违诚请。增之以兼御史中丞。用示异于人也。大凡以智谋而进者。有时而衰。以朴厚而知者。无迹而固。公雅为今扬州牧赞皇公所知。人不见其迹。方在虢略。赞皇入相。擢为左曹给事中。凡有大官缺必宠荐。居数月迁河南尹。又未几镇宛陵。是三者中外所注意。不旬岁而周历之。时论不以为党。河南帝之别京。其治尚体度风采。而别白区处之。宣城国之奥壤。其治在束吏惠下。苏疲羸。詟剽轻。而劳徕澄汰之。公两得其道。不由一揆。率身以俭而素风存。任人以诚而群务举。遇中贵以礼而故态革。内洁其志。下尽其忠。外无以挠其理。三者具。求政之有秕曷由哉。在镇三载。开成元年十二月八日。薨于位。享年六十八。监军使上言。有诏轸悼。不视朝。赠左散骑常侍。明年八月十一日。葬于河南府永宁县洛川乡史原。从旧阡也。初公娶于荥阳郑氏。生三女而没。今盖祔焉。一子曰庆存。方龀矣。犹子前太原府参军扶。执宗长书来请曰。扶也早孤。蒙世父常侍之覆露。今其嗣幼。未任克家。姑封琴书。司管籥。以俟其长。窃惧世父之德音不扬。思有以垂于后者。以诚告于从叔大司农复。命曰俞。谨砻贞石以乞辞无忽。予昔为郎。与常侍同列。已熟其行实。及读墓志。即今丞相益州牧赵郡李公之文。自称为忘形友。其在宣州。李公再入相。议以第一官处之。牢让不取。羔雁所礼。则河东裴夷直天水赵皙陇西李行方吴郡陆绍梁国刘蕡博陵崔珦。人咸曰得士。夫扬州少与也。而见器。益州寡合也。而见亲。六从事材不一也。而毕乐用。是足以观德。庸可勿纪焉。铭曰。隋有文中。绍扬微言。当时伟人。咸出其门。粹气纡馀。钟于后昆。常侍恂恂。文中来孙。发源高麓。中泳后大。兰芽茁然。秀出丛荟。善不近名。其声日彰。行勇于退。其道愈光。哲者知之。冥于周行。以正持宪。以文为郎。以和佐戎。以惠临邦。以直司谏。以公駮政。守于三川。顽民厎定。乃镇于宣。先驰淑声。邑中婆娑。瞻我旆旌。问谁询谋。济济君子。问谁出纳。洁洁廉士。道本乎心。畅于四支。治本乎正。形于百为。黠吏敛手。齐民扬眉。江淮薮空。夜析弗施。公卧于斋。邦民悽悽。公衣升屋。邦民行哭。牙璋斯来。柳翣言旋。棠树未老。周人慕焉。熊耳之阳。泱泱洛川。佳城在兹。既固且安。松楸飋然。石马矫然。过者必敬。宛陵之阡。","卞孝萱《刘禹锡年谱》，中华书局1966年版，第213页","卞孝萱校订《刘禹锡集》卷3第42页，中华书局1990年版",,,"洪迎华"
"唐","刘禹锡","文宗开成三年戊午","838",,,"67","","都畿道","河南府","洛阳",,"河南","洛阳市",,"112.460033","34.624376","太子宾客分司东都","仍为太子宾客，分司东都。为卢象文集作序","卢象","《唐故尚书主客员外郎卢公集纪》","Article","唐故尚书主客员外郎卢公集序
心之精微。发而为文。文之神妙。咏而为诗。犹夫孤桐朗玉。自有天律。能事具者。其名必高。名由实生。故久而益大。尚书郎卢公。讳象字纬卿。始以章句振起于开元中。与王维崔颢比肩骧首。鼓行于时。妍词一发。乐府传贵。由前进士补秘书省校书郎。转右卫仓曹掾。丞相曲江公方执文衡。揣摩后进。得公深器之。擢为左补阙河南府司录司勋员外郎。名盛气高。少所卑下。为飞语所中。左迁齐邠郑三郡司马。入为膳部员外郎。时大盗起幽陵入洛师。东夏衣冠不克归王所。为虏劫执。公堕胁从伍中。初谪果州长史。又贬永州司户。移吉州长史。天下无事。朝廷思用宿旧。徵拜主客员外郎。道病留武昌。遂不起。故相崔太傅时为右史。方在鄂。以文志其墓。其词曰。噫。公妙年有声。振耀当代。翱翔云路。不虞矰缴。盛名先物。易生疠疵。三至郎署。坐成遗耋。蹭蹬江皋。栖栖没齿。见知者恨之。公远祖。元魏北齐后周皆为帝师。公之叔父。嵩山逸人谏议大夫。颢然真隐者也。公下世后七十三年。其孙元符。捧遗草来乞词以表之。尝经乱离。多所散落。今之存者。十有二卷。凡若干篇。","陶敏、陶红雨《刘禹锡全集编年校注》，岳麓书社2003年版，第1244页","卞孝萱校订《刘禹锡集》卷19第233页，中华书局1990年版",,,"洪迎华"
"唐","刘禹锡","文宗开成四年己未","839",,,"68","","都畿道","河南府","洛阳",,"河南","洛阳市",,"112.460033","34.624376","太子宾客分司东都","仍为太子宾客，分司东都。加尚书衔","",,"","","卞孝萱《刘禹锡年谱》，中华书局1966年版，第219页",,,,"洪迎华"
"唐","刘禹锡","文宗开成四年己未","839",,,"68","","都畿道","河南府","洛阳",,"河南","洛阳市",,"112.460033","34.624376","太子宾客分司东都","仍为太子宾客，分司东都。春，与白居易诗歌唱和","白居易","《和乐天洛阳春斋梁体八韵》","Poem","","卞孝萱《刘禹锡年谱》，中华书局1966年版，第222页","卞孝萱校订《刘禹锡集》卷34第486页，中华书局1990年版",,,"洪迎华"
"唐","刘禹锡","文宗开成四年己未","839","1",,"68","","都畿道","河南府","洛阳",,"河南","洛阳市",,"112.460033","34.624376","太子宾客分司东都","仍为太子宾客，分司东都。闰正月，卢贞为福建观察使，赴任经洛阳，与禹锡宴。禹锡作诗以送","卢贞","《夜燕福建卢侍郎宅因送之镇》","Poem","夜燕福建卢侍郎宅因送之镇
暂驻旌旗洛水堤，绮筵红烛醉兰闺。美人美酒长相逐，莫怕猿声发建溪。","卞孝萱《刘禹锡年谱》，中华书局1966年版，第222页","卞孝萱校订《刘禹锡集》卷28第383页，中华书局1990年版；亦作“ 夜讌 ”。",,,"洪迎华"
"唐","刘禹锡","文宗开成四年己未","839",,,"68","","都畿道","河南府","洛阳",,"河南","洛阳市",,"112.460033","34.624376","太子宾客分司东都","仍为太子宾客，分司东都。春，与牛僧孺诗歌唱和","牛僧孺","《和仆射牛相公春日闲坐见怀》","Poem","和仆射牛相公春日闲坐见怀
官曹崇重难频入，第宅清闲且独行。阶蚁相逢如偶语，园蜂速去恐违程。人于红药惟看色，莺到垂杨不惜声。东洛池台怨抛掷，移文非久会应成。","卞孝萱《刘禹锡年谱》，中华书局1966年版，第222页","卞孝萱校订《刘禹锡集》卷34第501页，中华书局1990年版",,,"洪迎华"
"唐","刘禹锡","文宗开成四年己未","839",,,"68","","都畿道","河南府","洛阳",,"河南","洛阳市",,"112.460033","34.624376","太子宾客分司东都","仍为太子宾客，分司东都。春，与牛僧孺诗歌唱和","牛僧孺","《和仆射牛相公寓言二首》","Poem","和仆射牛相公寓言二首 其一
两度竿头立定誇，回眸举袖拂青霞。尽抛今日贵人样，复振前朝名相家。御史定来休直宿，尚书依旧趁参衙。具瞻尊重诚无敌，犹忆洛阳千树花。
和仆射牛相公寓言二首 其二
心如止水鉴常明，见尽人间万物情。雕鹗腾空犹逞俊，骅骝啮足自无惊。时来未觉权为祟，贵了方知退是荣。只恐重重世缘在，事须三度副苍生。","卞孝萱《刘禹锡年谱》，中华书局1966年版，第222页","卞孝萱校订《刘禹锡集》卷36第541页，中华书局1990年版",,,"洪迎华"
"唐","刘禹锡","文宗开成四年己未","839",,,"68","","都畿道","河南府","洛阳",,"河南","洛阳市",,"112.460033","34.624376","太子宾客分司东都","仍为太子宾客，分司东都。八月前，与牛僧孺诗歌唱和","牛僧孺","《和仆射牛相公见示长句》","Poem","和仆射牛相公见示长句
静得天和兴自浓，不缘宦达性灵慵。大鹏六月有闲意，仙鹤千年无躁容。流辈尽来多叹息，官班高后少过从。唯应加筑露台上，剩见终南云外峰。","卞孝萱《刘禹锡年谱》，中华书局1966年版，第222页","卞孝萱校订《刘禹锡集》卷36第539页，中华书局1990年版",,,"洪迎华"
"唐","刘禹锡","文宗开成四年己未","839","8",,"68","","都畿道","河南府","洛阳",,"河南","洛阳市",,"112.460033","34.624376","太子宾客分司东都","仍为太子宾客，分司东都。八月，作诗寄陕虢观察使姚合","姚合","《寄陕州姚中丞》","Poem","寄陕州姚中丞
八月天气肃，二陵风雨收。旌旗阙下来，云日关东秋。禹迹想前事，汉台馀故丘。徘徊襟带地，左右帝王州。留滞悲昔老，恩光荣彻侯。相思望棠树，一寄商声讴。","卞孝萱《刘禹锡年谱》，中华书局1966年版，第222页","卞孝萱校订《刘禹锡集》卷25第335页，中华书局1990年版",,,"洪迎华"
"唐","刘禹锡","文宗开成四年己未","839",,,"68","","都畿道","河南府","洛阳",,"河南","洛阳市",,"112.460033","34.624376","太子宾客分司东都","仍为太子宾客，分司东都。山南西道新修驿路成，禹锡作文以记","","《山南西道新修驿路记》","Article","山南西道新修驿路记
开成四年。梁州牧缺。上玩其印。凝旒深思曰。伊尔卿族归氏。以文儒再世居喉舌。今天官贰卿融。能嗣其耿光。尝自内庭历南台。尹毂下。政事以试。可为元侯。乃付印绶。进秩大宗伯兼御史大夫。玉节兽符。镇于妫墟。公拜手稽首曰。臣融敢扬王休于天汉之域。既涖止。咨于群执事求急病者先之。咸曰。华阳黑水。昔称丑地。近者尝为王所。百态丕变。人风邑屋与山水。俱一都之会。自为善部矣。惟驿遽之途。欹危隘束。其丑尚存。使如周道。在公颐指耳。于是因年有秋。因府无事。军逸农隙。人思贾馀。乃悬垦山刊木之佣募其力。揆攒凿撞柲之用庀其工。具舁辇畚插之器膺其要。鼛鼓以程之。糗醪以犒之。说使之令既下。奋行之徒坌集。我之提封。踞右扶风。触剑阁。千一百里。自散关抵褒城。次舍十有五。牙门将贾黯董之。自褒而南。逾利州至于剑门。次舍十有七。同节度副使石文颖董之。两将受命。分曹星驰。并山当蹊。顽石万状。坳者垤者。兀者铦者。磊落倾欹。波翻兽蹲。炽炭以烘之。严醯以沃之。溃为埃煤。一彗可扫。栈阁盘虚。下临谽谺。层崖峭绝。枘木亘铁。因而广之。限以钩栏。狭径深陉。衔尾相接。从而拓之。方驾从容。急宣之骑。宵夜不惑。郤曲棱层。一朝坦夷。兴役得时。国人不知。繇是驶行者忘其劳。吉行者徐其驱。孥行者家以安。货行者肩不病。徒行者足不茧。乘行者蹄不刓。公谈私咏。溢于人听。伊彼金其牛而诱之以利。曷若我子其民而来之以义乎。既讫役。南梁人书事于牍。请纪之。以附于史官地里志。","卞孝萱《刘禹锡年谱》，中华书局1966年版，第221页","卞孝萱校订《刘禹锡集》卷8第104页，中华书局1990年版",,,"洪迎华"
"唐","刘禹锡","文宗开成四年己未","839",,,"68","","都畿道","河南府","洛阳",,"河南","洛阳市",,"112.460033","34.624376","太子宾客分司东都","仍为太子宾客，分司东都。为人作碑文","史孝章","《唐故邠宁庆等州节度观察处置使朝散大夫检校户部尚书兼御史大夫赐紫金鱼袋赠右仆射史公神道碑》","Article","唐故邠宁庆等州节度观察处置使朝散大夫检校户部尚书兼御史大夫赐紫金鱼袋赠右仆射史公神道碑
仆射名孝章。字得仁。本北方之强。世雄朔野。其后因仕中国。遂为灵武建康人。曾祖道德。赠右散骑常侍。封怀泽郡王。祖周洛。银青光禄大夫检校太常卿兼御史中丞北海郡王。赠太子太保。考宪诚。早以武勇绝人。积功至魏博节度使。终于河中晋绛慈隰等州节度观察使检校司徒兼侍中河中尹。赠太保。其薨也。大臣中书令晋国公裴氏为之碑。其名益显。公即侍中之元子。母曰冀国夫人李氏。幼而聪悟。父母贤而加爱焉。及长。好学迁善。秀出侪辈。邺下诸儿。号为书生。元和中。太尉愬为魏帅。下令抡材于辕门。取大将家翘秀者为子弟军。列于诸校之上。公独昌言。愿效文职。太尉深奇之。遂假魏州大都督府参军。长庆二年。常山众叛。害其帅沂国公田司徒于帐下。沂公发迹于魏。人犹怀之。诏命其子布以尚书授钺。统魏兵问罪于此疆。且报家祸。布既启行。士气不振。涣然内溃。独与冗从之旅。偃旗而归。百愤攻中。卒自引决。先侍中时为中军都知兵马使兼御史中丞。全师在野。閧然推戴之。请为假侯以镇定。中贵人飞驿上闻。穆宗夜召翰林学士草诏书。以真侯命之。实有魏土。从众而合权也。是岁公自摄官转本府士曹参军兼监察御史。赐朱衣银印。推恩以及子也。一旦跪于父母前。进苦言曰。臣窃惟大河之北。地雄兵精。而天下贤士心侮之。目河朔间。视犹夷狄。何也。盖有土者多乘兵机际会。非以义取。今臣家父侯母封。化为贵门。君恩至矣。非痛折节砺行。彰信于朝廷。无以弭识者之讥。寤明君之意。节著于外。福延于家。乘时蹈机。祸不旋踵。言讫泣下数行。父俞母赞。天性交感。三心既叶。万众潜化。天子闻而嘉之。曰彼真孝子。乃授检校太子左谕德兼侍御史。充节度副使。累迁至散骑常侍兼御史大夫。赐金印紫绶。既贰军政事如命卿。弛张损益。得以参决。潜革故态。人知向方。大和二年。沧景节度使李全略卒。其子同捷窃据故地。诏下以文诰弗革。遂用大刑。先侍中表请率先诸侯。使元子以督战。制曰可。公承君父之命。乃捐其躯。一举而下平原。压沧垒。由是加工部尚书。及王师凯旋。上表愿一识承明庐。诏允之。遂赴北阙下。得觌于便殿。上曰。向吾始征沧州。议者皆曰。彼魏之姻也。虑阴为寇谋。吾发使数辈以侦之。其还也。佥曰尔父沥款于宾筵。尔母抗词于帘下。愿绝姻以立效。其经始启发。出于尔心。今沧海砥平。策勋之日。宜贵尔三族。命尔父为侍中。迁镇于近地。加尔礼部尚书。析相卫澶三州为镇以居之。俾尔一门大荣。以誇天下。公拜稽首。谢父迁。让已爵。礼无违者。翼日下诏于明庭。人咸曰。史氏之宠光。古无有也。牙旗碧幢。方指东道。侍中以帐下生变闻。泰极而否。当歌而哭。迎柩于路。仰天长号。因葬于洛阳之北邙山。冀国夫人祔焉。寝苫枕块。以所仇同天为大酷。未几。诏举金革之义。起为右金吾将军。累表陈乞。有司以违命督之。舆疾即路。间岁擢授鄜坊丹延等州节度观察处置等使。居四年迁镇于滑。一岁入为右领军卫大将军。旋改右金吾大将军。又受钺于邠土。孟秋至治所。首冬遘疾。拜章入觐。不克展和鸾鞗革之仪。薨于靖恭里之私第。享龄三十有九。当开成三年十月二十日。上闻而悼之。不视朝一日。赠尚书右仆射。明年二月。归葬于洛都。夫人琅琊王氏祔焉。继室深泽县君博陵崔氏。有一子曰焕。生七年而孤。仆射之丧。自复魄至葬。当门户。备祭祀。建碑表。皆县君之能。且命其家老具事功来请曰。嫠不恤家。而忧幼嗣不知其先人之官业。乞词以传于后也。君子以为知礼。谨书之。铭曰。斗极之下。崆峒播气。钟于侍中。孔武且贵。奉上致命。宜昌后嗣。仆射承之。良弓不坠。耳烦钲鼓。心悦文字。虎穴之中。生此骐骥。大和纪元。沧景不虔。子弄父兵。跳踉海壖。有邻阴交。猬起鸡连。诏下薄伐。艮隅骚然。时维侍中。寔统魏师。蓄锐未发。众心危疑。仆射为子。陈谋尽词。兴言涕零。有感尊慈。绝姻效节。精贯神祇。沧波厎宁。王命褒之。乃迁元侯。来镇近畿。乃祚元子。别建旌麾。一门四节。焜耀当时。倏忽变生。魏郊纷披。乔木虽大。盲风不知。干云之台。列缺焚之。哀哀孝嗣。丁此大酷。迎护帏輤。葬于东洛。诉天触地。血染缞服。礼有金革。诏书敦促。不遂枕戈。骤膺推毂。雕阴白马。暨于邠谷。虽荣三镇。不荷百禄。绮纨之间。圭组累累。如彼晨葩。日中而萎。有妻名家。有子稚齿。行号报礼。归窆蒿里。洛水之阳。修邙之趾。昭尊穆敬。幽显同理。旧松新柏。亦象乔梓。刻石记功。垂于万祀。","卞孝萱《刘禹锡年谱》，中华书局1966年版，第221页","卞孝萱校订《刘禹锡集》卷3第46页，中华书局1990年版",,,"洪迎华"
"唐","刘禹锡","文宗开成四年己未","839","12",,"68","","都畿道","河南府","洛阳",,"河南","洛阳市",,"112.460033","34.624376","秘书监、分司东都","十二月，改秘书监、分司东都","",,"","","卞孝萱《刘禹锡年谱》，中华书局1966年版，第219页",,,,"洪迎华"
"唐","刘禹锡","文宗开成四年己未","839",,,"68","","都畿道","河南府","洛阳",,"河南","洛阳市",,"112.460033","34.624376","秘书监、分司东都","岁暮，患足疾","",,"","","卞孝萱《刘禹锡年谱》，中华书局1966年版，第220页",,,,"洪迎华"
"唐","刘禹锡","文宗开成五年庚申","840",,,"69","","都畿道","河南府","洛阳",,"河南","洛阳市",,"112.460033","34.624376","秘书监、分司东都","为秘书监，分司东都","",,"","","卞孝萱《刘禹锡年谱》，中华书局1966年版，第223页",,,,"洪迎华"
"唐","刘禹锡","文宗开成五年庚申","840",,,"69","","都畿道","河南府","洛阳",,"河南","洛阳市",,"112.460033","34.624376","秘书监、分司东都","为秘书监，分司东都。令狐楚卒后，其子绹编次遗文成集，禹锡受请为文集作序","令狐楚","《唐故相国赠司空令狐公集序》","Article","唐故相国赠司空令狐公集序
起文章而陟大位。丹青景化。焜耀藩方。如非烟祥风。缘饰万物。而与令名相终始者。有唐文臣令狐公实当之。公名楚。字壳士。燉煌人。今占数于长安右部。天授神敏。性能无师。始学语言。乃协宫徵。故五岁已为诗成章。既冠。参贡士。果有名字。时司空杜公以重德知贡举。擢居甲科。琅邪王拱识公于童丱。雅器重之。至是拱自虞部正郎领桂州。锐于辟贤。以酬不次之遇。先拜章而后告公。既而授试宏文馆校书郎。公为人子。重难远行。禀命而去。居一岁。竟迫方寸而归。家在并汾间。急于禄养。捧从事檄于并州。凡更三牧。官至监察御史。元和初。宪宗闻其名。徵拜右拾遗。历太常博士。入尚书为礼部员外郎。性至孝。既孤。以善居丧闻。中月除刑部员外。时帝女下嫁。相礼阙官。公以本官摄博士。当问名之答。上亲临帐幄帘内以窥之。礼容甚伟。声气朗彻。上目送良久。谓左右曰。是官可用。记其姓名。未几。改职方知制诰。词锋犀利。绝人远甚。适有旨。选司言高第者视草内庭。宰臣以公为首。遂转本司郎中。充翰林学士。满岁迁中书舍人。专掌内制。武帐通奏。柏梁陪燕。嘉猷高韵。冠于一时。会淮右稽诛。上遣丞相即戎以督战。公草诏书。词有涉嫌者。相府上言。有命中书参详窜定。因罢内职归閤中。而君心眷然。将有大用。且出入以试之。乃牧华州兼御史中丞。锡以金紫。居镇七月。迁大夫。充河阳三城怀州节度使。又七月。急召抵京师。拜中书侍郎同中书门下平章事。天下然后知上心倚以为相。非一朝也。是岁元和十四年秋。明年正月。宪宗晏驾。惜其在位日浅。遭时大变。穆宗践阼。转门下侍郎平章事。万几百度。别有所付。第以旧相署位。充山陵使。七月礼毕。部下吏有以赃状闻者。朝典用责率之义。是以左授宣歙池等州都团练观察处置使兼御史大夫。恩顾一异。媒孽随生。旋又贬衡州刺史。移郢州。转太子宾客分司东都。寻起为陜号观察使。或有上封者。称前以奉陵寝不检下获谴。今陵土犹湿。未宜遽用。次陜一日。重为宾客分司。长庆四年改河南尹。其秋授检校礼部尚书兼汴州刺史。充宣武军节度管内观察处置等使。汴州为四战之地。择帅先有功。峻刑右武。疑似沈命。号为危邦者积年。公始以清俭自律。以恩信待人。以夷坦去群疑。以礼让汰惨急。自上化下。速于置邮。泮林革音。无复故态。玺书劳之。就加大司马。文宗纂服。三年冬上表。以大臣未识天子。愿朝正月。制曰可。操节入觐。迁户部尚书。俄为东都留守。又转检校尚书右仆射兼郓州刺史天平军节度使。后以王业之始。实为北京。移镇太原。从人望也。以吏部尚书徵。续换太常卿。真拜尚书左仆射。大和九年冬十一月。京师有急兵起。上方御正殿。即日还宫。是夕召公决事禁中。以见事傅古义为对。其词谠切。无所顾望。上心嘉之。居一二日。守本官兼诸道盐铁转运使。以斡利权。既非素尚。仡仡牢让。故复为检校左仆射兴元尹山南西道节度观察使兼御史大夫。开成二年十一月十二日。薨于汉中官舍。享年七十。齐终之前一日。自修遗表。初述感恩陈力之大义。中及朝廷刑政之或阙。意切言尽。神识不昏。上深悼之。形于悯册。未登三事。故以赠之。归全之夕。有大星陨于正寝之上。光烛于庭。天意若曰。既禀之而生。亦有涯而落。其文章贵寿之气焰欤。初宪宗览国书。见五王复辟之际。狄梁公实尸之。公为台臣。独召便殿。问曰。仁杰有后乎。公以其支孙试校书郎兼谟为对。即日拜左拾遗。公遂草制。它日。相衔者因抉其词。以为非春秋讳鲁之旨。穆宗新即位。谦让不自决。遂有衡州之贬。公议冤之。嗟乎。天之于赋予也。甚啬而难周。公独富文华。丁良时。历名卿。至元老。盖忠廉孝友。爱才与物。合是粹美以将之邪。可谓全德矣。既免丧。嗣子左补阙绹。集公之文。成一百三十卷。因长子太子左谕德宏分司东都。负其笥来谒。泣曰。先赠司空与丈人为显交。撤悬之前五日。所赋诗寄友。非他人也。今手泽尚存。言之呜咽长号。予为之恸。收泪而视。分当编次之。始公参大卤记室。以文雄于边。议者谓一方不足以骋用。徵拜于朝。累迁仪曹郎。乃登西掖。入内署。吁谟密勿。遂委魁柄。斯以文雄于国也。呜呼。咫尺之管。文敏者执而运之。所知皆合。在藩耸万夫之观望。立朝贲群寮之颊舌。居内成大政之风霆。导畎浍于章奏。鼓洪澜于训诰。笔端肤寸。膏润天下。文章之用。极其至矣。而又馀力工于篇什。古文士所难兼焉。昔王珣为晋仆射。梦人授大笔如椽。觉而谓人曰。此必有大手笔事。后孝武哀册文。乃珣之词也。公为宰相。奉诏撰宪宗圣神章武孝皇帝哀册文。时称乾陵崔文公之比。今考之而信。故以为首冠。尊重事也。其它各以类聚著于篇。","卞孝萱《刘禹锡年谱》，中华书局1966年版，第223页","卞孝萱校订《刘禹锡集》卷19第229页，中华书局1990年版",,,"洪迎华"
"唐","刘禹锡","文宗开成五年庚申","840",,,"69","","都畿道","河南府","洛阳",,"河南","洛阳市",,"112.460033","34.624376","秘书监、分司东都","为秘书监，分司东都。为人作碑文","","《故朝散大夫检校尚书吏部郎中兼御史中丞赐紫金鱼袋清河县开国男赠太师崔公神道碑》","Article","故朝散大夫检校尚书吏部郎中兼御史中丞赐紫金鱼袋清河县开国男赠太师崔公神道碑
太师讳陲。字平仲。清河东武城人。太公望既封于营邱。子伋嗣侯。伋之孙曰穆伯。食邑于崔。遂以为氏。后十四世至秦末东莱侯意如。东莱之子伯基。始居清河。又十五叶生炎。为魏名臣。又九叶生休。仕后魏为七兵尚书。七兵之弟曰寅。为乐安太守。公即乐安八代孙。始以阀阅授郑州参军。力行好学。于子道以孝闻。处伯仲间以友闻。读易至编绝。以精易闻。至德中。时有边警。从师出征。公少有奇志。思越拘挛以自奋。乃作伐鲸鲵赋以献。既上闻。果器之。会第五丞相以善言利得幸。尽付利权。始有盐铁使之官。慎选寮属。表公为介。转临晋县丞。处烦应卒。铓刃不顿。再迁至大理评事。府罢。历河中府司隶参军太子司议郎。韩晋公时为户部侍郎。掌邦赋。急于用才。荐公为监察御史。主河东租庸之务。寻转殿中侍御史。复迁侍御史。充京东和籴使。建中初。德宗始亲万几。储精治本。有汉宣与我共此之叹。谓史臣求可当二千石良者。遂以公带本官权知袁州刺史。期月有成。诏书显扬。就加真秩。益以金紫。居无何。韩晋公为丞相。制国用。思公前绩。乃传召之。抵京师。授检校户部郎中。辑池盐于蒲。修牢盆。谨衡石。煎和既精。饴散乃盈。商通而荐至。吏惧而循法。民不絓网而国用益饶。岁杪会其所入。赢羡什伯。诏下褒其能。转吏部侍郎兼御史中丞。且加五等之爵。方倚以重任。天富其才而不遐其福。享龄六十有五。贞元七年二月二日。遘疾卒于官。上闻悼之。即降悯策赠郑州刺史。赍钱五百万。以备饰终之礼。明年八月二日。返葬于成周之偃师。从世墓也。夫人陇西李氏。汾州司户参军咸一之女。生才子六人。长曰邠。及公终时已为左拾遗。后至太常卿。次曰酆。至太府卿。次曰郾。至外台尚书。次曰郇。今为廷尉。次曰鄯。至执金吾。季曰郸。自太常卿加同中书门下平章事。今为尚书侍郎平章事如故。惟夫人为姑臧冠族。以蘋蘩组紃辅佐君子。为令妻积三十馀年。以慈俭忠厚训诫诸子为贤母二十有三年。当永贞之初。顺宗践阼。泽流百叶。长子邠时为词臣草册书。以文当晋阶。遂上疏乞移荣于亲。上俞之。特封清河郡太君。士林耸慕。皆自痛其不及。邠为太常。酆为大农。咸白发贵绶。以奉膳羞。诸季皆翩翩人杰。各以簪裾给事左右。愉愉然承顺无违。鼎钟致养。居然一室雍熙太和。言世荣者举无以比。以子贵累封赠至凉国太夫人。元和八年三月十六日捐馆舍。寿七十有九。是岁十月十八日合祔。惟太常及尚书暨今相国。皆自中书舍人为礼部侍郎。凡五贡贤能书。得士百四十有八人。言兄弟者。许为人瑞。崔氏之门六人。皆入南宫赐金紫。其间三人历入侍郎。统而论。四卿一相。两连率。二翰林学士。一执金吾。言冠冕者。许为世雄。与姑臧李范杨卢世为婚媾。入于婚党。无第二流。言门阀者。许为时表。太常二子。亦以才能同入尚书。璜为吏部郎。瓘为司勋郎。其他支孙未登金闺籍者。诜诜然鱼贯而进。文业甚富。而孝谨不衰。猗欤君子之泽。其所从来。远而有光已。开成已未岁七月甲辰。相君受诏于朝廷。始操国柄。冬仲月。奉常事于家。礼成起慕。悄然永怀曰。古者卿大夫庙有鼎。墓有碑。皆铭之以纪先德也。今备位宰相。敢不扬前人之耿光。乃俾家老条白事功。资于学古者徵其词。尚信也。又命宗祝卜柔日告于庙。尽诚也。仪甚备而敬有馀。斯所谓达礼之君子。遂刊勒如式。揭于道周。铭曰。奕奕四姓。崔为之冠。瞻其门墙。倬若云汉。善积家肥。子孙多才。如彼榱栋。必生徂徕。太公之后。弥二千祀。累如贯珠。倬见图史。显允太师。丕承德基。构于其堂。亦既塈茨。生逢艰虞。中外交师。献赋伐叛。忠存乎词。兵兴事丛。飞挽四驰。历践剧职。视险如夷。乃主平籴。乃分符使。治粟为邦。其道一致。蒲实近地。盐为利浤。使车来思。刬弊立程。吏廉商通。岁倍其赢。奏课连最。德音张明。就加执法。好爵兼荣。天付之才。不与寿并。生树德本。殁扬淑声。里巷罢舂。音乐为停。赠襚之礼。冠于公卿。万石贻训。根于孝友。太公种德。乃稔身后。家有令子。妻为寿母。二十馀年。人伦之首。六子来侍。如龙如虎。众妇来馈。维筐及筥。佩玉鸣环。交响庭户。申申秩秩。欢不踰矩。昔为望族。今为兴门。天爵人爵。蔚然两尊。先德阴骘。黕如垂云。孕和合粹。濯润本根。景亳之原。图书之川。汤陵之坛。磅礡回环。世安其神。世嗣其贤。聆德音者。拜于碑前。","卞孝萱《刘禹锡年谱》，中华书局1966年版，第223页","卞孝萱校订《刘禹锡集》卷3第38页，中华书局1990年版",,,"洪迎华"
"唐","刘禹锡","文宗开成五年庚申","840",,,"69","","都畿道","河南府","洛阳",,"河南","洛阳市",,"112.460033","34.624376","秘书监、分司东都","为秘书监，分司东都。为人作碑文","","《唐故监察御史赠尚书右仆射王公神道碑》","Article","唐故监察御史赠尚书右仆射王公神道碑
公讳俊。字真长。其先叶黄帝。夫圣人之后。与庶姓不同。如河出昆崙。潜于厚地。欻焉振起。奋为洪澜。环回自天。非众川也。故自黄帝八代而生舜。武王克殷。求有妫之允满。封于陈。是为胡公。十三叶生完。自以公子。国难不得立。乃抱乐器奔齐。桓公以卿礼接之。下又十一叶和。以久为政。阴浃于人。遂有齐国。三代称王。至建为秦所灭。项羽入秦。封建孙安为济北王。汉兴失国。齐人谓之王家。因以为氏。安子涓。仕汉为镇东将军青州牧。封剧县伯。自涓至彤。凡一十九代。两汉公卿牧守如家牒然。十代祖猛。字景略。符秦尚书令。伉秦成霸业。与孔明佐蜀同功。故时人谓之王葛。史云北海剧人。遂著为族望。九代祖休。仪曹尚书。八代祖镇恶。佐命宋长安擒姚宏。至北齐五代祖⿰。七兵尚书。兄弟九人。时号王氏九龙。于齐史有传。高祖顗。字君粹。北齐著作郎燕郡太守。曾祖敬忠。成州刺史。大父上客。高宗封岳。进士及第。历侍御史主客兵部员外郎。累迁兵右金吾卫将军冀州刺史灵州都督朔方道总管。见职官仪及衣□烈考瞰。宣州宣城县令。赠工部郎中。娶河东裴氏。乃生仆射季睦。馀力工为文。始以崇文生应。深谋秘策。考入上第。拜监察御史。天之赋予。莫能两大。既扬令名。而不以景福。享龄五十五。葬于河南府偃师县亳邑乡。后以子贵。累赠礼部尚书至右仆射。夫人江夏李氏祔焉。李门多奇才。父暄。起居舍人。暄子鄘。门下侍郎平章事。高叔祖善。兰台郎崇文馆学士。注文选行于时。善子邕。北海郡太守。有重名。四方之士。求为碑志者倾天下。故夫人于盛宗。礼范可法。累赠至江夏郡夫人。仆射有三子。长子早终。次子处元。少婴沈恙。慕道士养生之术。高尚其趣。强仕而没。积善不试。后来果大焉。季子彦威。字子美。始以五经登甲科。历太常博士祠部员外郎。迁屯田郎中。转户部司封。并充礼仪使判官宏文馆学士京兆少尹谏议大夫史馆修撰。以直谏出为河南少尹。入为少府监司农卿。改淄青节度使。徵拜户部侍郎判度支。势逼生患。出为卫尉分司东都。寻起为陈许节度使检校礼部尚书。充汴宋亳等州节度观察处置等使。北海县开国子。食邑五百户。娶颍川韩氏。主客员外郎衢之女。国子祭酒杨顼之外孙。夫人有三弟。皆材。无子早谢。已如礼祔葬于亳邑原。仆射厚德覆露之。尚书丕承之。以蚤孤锐意向学。尝阅诗至蓼莪篇。感激流涕。故其志如刃始淬。及学成立。遂为鸿儒。入用为能臣。参定仪制。财成经费。起书生。拥旌节。今又领全师镇上游。握神符。垂三组。皆向时感发之所激也。志就而学成。名闻而身达。欲报无所。外荣中悲。人子之孝。在乎扬其先德以耀于远。乃俾学古者书本系所自。且铭于龟趺螭首云。铭曰。山积而高。泽积而长。圣人之后。必大而昌。由圣与贤。或为霸强。建不克嗣。济北疏疆。齐人德之。其族称王。佐于符秦。北海重光。仆射之生。负材而起。策于万乘。擢为御史。同时条对。干目仰视。桂林一枝。拾芥相似。名动海内。夫岂不伟。种德而牙。乃生令子。出入鼎贵。理财统师。流根之泽。密印累累。峻其追崇。幽显有辉。孝嗣之志。歉然弗怡。春露秋霜。感伤履之。时久能慕。禄丰益悲。明发不寐。永怀孝思。摅之无穷。曷若丰碑。景亳之原。佳城在斯。乃金石刻。揭于道陲。松耶柏耶。有洛之湄。过者必下。来观信辞。","卞孝萱《刘禹锡年谱》，中华书局1966年版，第224页","卞孝萱校订《刘禹锡集》卷39第593页，中华书局1990年版",,,"洪迎华"
"唐","刘禹锡","文宗开成五年庚申","840",,,"69","","都畿道","河南府","洛阳",,"河南","洛阳市",,"112.460033","34.624376","秘书监、分司东都","为秘书监，分司东都。暮秋，与皇甫少尹诗歌酬唱","皇甫曙","《酬皇甫十少尹暮秋久雨喜晴有怀见示》","Poem","詶皇甫十少尹暮秋久雨喜晴有怀见示
雨馀独坐卷帘帷，便得诗人喜霁诗。摇落从来长年感，惨舒偏是病身知。扫开云雾呈光景，流尽潢污见路岐。何况菊香新酒熟，神州司马好狂时。","卞孝萱《刘禹锡年谱》，中华书局1966年版，第224页","卞孝萱校订《刘禹锡集》卷36第543页，中华书局1990年版",,,"洪迎华"
"唐","刘禹锡","文宗开成五年庚申","840",,,"69","","都畿道","河南府","洛阳",,"河南","洛阳市",,"112.460033","34.624376","秘书监、分司东都","为秘书监，分司东都。皇甫少尹赴绛州，禹锡与白居易同作诗以送","皇甫曙","《送河南皇甫少尹赴绛州》","Poem","送河南皇甫少尹赴绛州
祖帐临周道，前旌指晋城。午桥群吏散，亥字老人迎。诗酒同行乐，别离方见情。从此洛阳社，吟咏属书生。","卞孝萱《刘禹锡年谱》，中华书局1966年版，第224页","卞孝萱校订《刘禹锡集》卷28第384页，中华书局1990年版",,,"洪迎华"
"唐","刘禹锡","文宗开成五年庚申","840",,,"69","","都畿道","河南府","洛阳",,"河南","洛阳市",,"112.460033","34.624376","秘书监、分司东都","为秘书监，分司东都。与白居易同作诗送崔司业赴任唐州","崔司业","《洛中送崔司业使君扶持赴唐州》","Poem","洛中送崔司业使君扶侍赴唐州
绿野芳城路，残春柳絮飞。风鸣骕骦马，日照老莱衣。洛苑鱼书至，江村雁户归。相思望淮水，双鲤不应稀。","卞孝萱《刘禹锡年谱》，中华书局1966年版，第224页","卞孝萱校订《刘禹锡集》卷28第383页，中华书局1990年版",,,"洪迎华"
"唐","刘禹锡","文宗开成五年庚申","840","8",,"69","","都畿道","河南府","洛阳",,"河南","洛阳市",,"112.460033","34.624376","秘书监、分司东都","为秘书监，分司东都。八月，文宗葬于章陵。刘禹锡作挽歌","","《文宗元圣昭献孝皇帝挽歌三首》","Poem","文宗元圣昭献孝皇帝挽歌三首 其一
继体三才理，承颜九族亲。禹功留海内，殷历付天伦。调露曲常在，秋风词尚新。本支方百代，先让棣华春。
文宗元圣昭献孝皇帝挽歌三首 其二
月落宫车动，风凄仪杖闲。路唯瞻凤翣，人尚想龙颜。御宇方无事，乘云遂不还。圣情悲望处，沈日下西山。
文宗元圣昭献孝皇帝挽歌三首 其三
享国十五载，升天千万年。龙镳仙路远，骑吹礼容全。日下初陵外，人悲旧剑前。周南有遗老，掩泪望秦川。","卞孝萱《刘禹锡年谱》，中华书局1966年版，第225页","卞孝萱校订《刘禹锡集》卷30第406页，中华书局1990年版",,,"洪迎华"
"唐","刘禹锡","文宗开成五年庚申","840",,,"69","","都畿道","河南府","洛阳",,"河南","洛阳市",,"112.460033","34.624376","秘书监、分司东都","为秘书监，分司东都。五月至九月间，作诗送前进士蔡京","蔡京","《送前进士蔡京赴学究科》","Poem","送前进士蔡京赴学究科
耳闻战鼓带经锄，振发声名自里闾。已是世间能赋客，更攻窗下绝编书。朱门达者谁能识，绛帐书生尽不如。幸遇天官旧丞相，知君无翼上空虚。","卞孝萱《刘禹锡年谱》，中华书局1966年版，第225页","卞孝萱校订《刘禹锡集》卷28第384页，中华书局1990年版",,,"洪迎华"
"唐","刘禹锡","文宗开成五年庚申","840","9",,"69","","都畿道","河南府","洛阳",,"河南","洛阳市",,"112.460033","34.624376","秘书监、分司东都","为秘书监，分司东都。九月，杨嗣复、李珏罢相后出外官，离京前与刘禹锡即事唱和","杨嗣复，李珏","《奉和吏部杨尚书太常李卿二相公策免后即事述怀赠答十韵》","Poem","奉和吏部杨尚书太常李卿二相公策免后即事述怀赠答十韵
文雅关西族，衣冠赵北都。有声真汉相，无颣胜隋珠。当轴龙为友，临池凤不孤。九天开内殿，百辟看晨趋。诫满澄欹器，成功别大垆。馀芳在公论，积庆是神扶。步武离台席，徊翔集帝梧。诠材秉秦镜，典乐去齐竽。潇洒风尘外，逢迎诗酒徒。唯应待华诰，更食万钱厨。","卞孝萱《刘禹锡年谱》，中华书局1966年版，第225页","卞孝萱校订《刘禹锡集》卷22第286页，中华书局1990年版",,,"洪迎华"
"唐","刘禹锡","文宗开成五年庚申","840",,,"69","","都畿道","河南府","洛阳",,"河南","洛阳市",,"112.460033","34.624376","秘书监、分司东都","为秘书监，分司东都。太子宾客韦缜卒，有诗伤之","韦缜","《伤韦宾客缜》","Poem","伤韦宾客
韦公八十馀，位至六尚书。五福唯无富，一生谁得如。桂枝攀最久，兰省出仍初。海内时流尽，何人动素车。","陶敏、陶红雨《刘禹锡全集编年校注》，岳麓书社2003年版，第742页","卞孝萱校订《刘禹锡集》卷30第416页，中华书局1990年版",,,"洪迎华"
"唐","刘禹锡","武宗会昌元年辛酉","841",,,"70","","都畿道","河南府","洛阳",,"河南","洛阳市",,"112.460033","34.624376","检校礼部尚书、兼太子宾客","春，加检校礼部尚书，兼太子宾客","",,"","","卞孝萱《刘禹锡年谱》，中华书局1966年版，第225页",,,,"洪迎华"
"唐","刘禹锡","武宗会昌元年辛酉","841",,,"70","","都畿道","河南府","洛阳",,"河南","洛阳市",,"112.460033","34.624376","检校礼部尚书、兼太子宾客","与白居易同劝南卓撰《羯鼓录》","白居易，南卓",,"","","卞孝萱《刘禹锡年谱》，中华书局1966年版，第226页",,,,"洪迎华"
"唐","刘禹锡","武宗会昌元年辛酉","841",,,"70","","都畿道","河南府","洛阳",,"河南","洛阳市",,"112.460033","34.624376","检校礼部尚书、兼太子宾客","作状荐处士王龟","王龟","《荐处士王龟状》","Article","荐处士王龟状
处士王龟。古者选公族大夫。必以惇惠者教之。文敏者道之。果敢者谂之。镇静者循之。孜孜于此者。盖膏粱之性难正。而惧公侯之允。不能嗣其耿光。可以深惜。然则成宣之后而老为大夫。非耻乎。此智武子诫文子既冠而见之词也。是知古之取士。不专寒族。必参用世冑。以广得人之路。今见处士王龟。即居守之第三子也。天性贞静。操心甚危。不由门资。誓志自立。乐处士之号。不汨绮襦之间。自到洛都。便居山寺。耽玩坟籍。放情烟霞。曾邀与语。如锯木屑。信有禀受。居然出群。以比在京师。甚足知者。谏院有状。名流亟言。某流滞周南。静阅时辈。身虽不用。心甚爱才。况遇相公持衡。敢有所启。诚悬之下。轻重难欺。伏惟深赐详择。知卿族之内。有遗逸焉。谨状。正议大夫检校礼部尚书兼太子宾客分司东都刘某状。","卞孝萱《刘禹锡年谱》，中华书局1966年版，第227页","卞孝萱校订《刘禹锡集》卷17第210页，中华书局1990年版",,,"洪迎华"
"唐","刘禹锡","武宗会昌元年辛酉","841",,,"70","","都畿道","河南府","洛阳",,"河南","洛阳市",,"112.460033","34.624376","检校礼部尚书、兼太子宾客","春，同东都留守王起诗歌唱和","王起","《同留守王仆射各赋春中一物从一韵至七》","Poem","同留守王仆射各赋春中一物从一韵至七
莺，能语，多情。春将半，天欲明。始逢南陌，复集东城。林疏时见影，花密但闻声。营中缘催短笛，楼上来定哀筝。千门万户垂杨里，百转如簧烟景晴。","卞孝萱《刘禹锡年谱》，中华书局1966年版，第227页","卞孝萱校订《刘禹锡集》卷34第495页，中华书局1990年版",,,"洪迎华"
"唐","刘禹锡","武宗会昌元年辛酉","841",,,"70","","都畿道","河南府","洛阳",,"河南","洛阳市",,"112.460033","34.624376","检校礼部尚书、兼太子宾客","春，与王起、白居易宴，即事联句作诗","白居易，王起","《会昌春连宴即事联句》","Poem","","卞孝萱《刘禹锡年谱》，中华书局1966年版，第227页","卞孝萱校订《刘禹锡集》卷34第505页，中华书局1990年版",,,"洪迎华"
"唐","刘禹锡","武宗会昌元年辛酉","841",,,"70","","都畿道","河南府","洛阳",,"河南","洛阳市",,"112.460033","34.624376","检校礼部尚书、兼太子宾客","春，与王起、白居易联句作诗","白居易，王起","《仆射来示有三春向晚四者难并之说诚哉是言辄引起题重为联句疲兵再战劲敌难降下笔之时冁然自哂走呈仆射兼简尚书》","Poem","仆射来示有三春向晚四者难并之说诚哉是言辄引起题重为联句疲兵再战勍敌难降下笔之时冁然自哂走呈仆射兼简尚书
三春今向晚，四者昔难并。借问低眉坐，何如携手行。旧游多过隙，新宴且寻盟。鹦鹉林须乐，麒麟阁未成。分阴当爱惜，迟景好逢迎。林野熏风起，楼台谷雨晴。墙低山半出，池广水初平。桥转长虹曲，舟回小鹢轻。残花犹布绣，密竹自闻笙。欲过芳菲节，难忘宴慰情。月轮行似箭，时物始如倾。见雁随兄去，听莺求友声。蕙长书带展，菰嫩剪刀生。坐密衣裳暖，堂虚丝管清。峰峦侵碧落，草木近朱明。与点非沂水，陪膺是洛城。拨醅争绿醑，卧酪待朱樱。几处能留客，何人唤解酲。旧仪尊右揆，新命宠春卿。有喜鹊频语，无机鸥不惊。青林思小隐，白雪仰芳名。访旧殊千里，登高赖九城。酂侯司管钥，疏傅傲簪缨。纶綍曾同掌，烟霄即上征。册庭尝接武，书殿忝连衡。兰室春弥馥，松心晚更贞。琴招翠羽下，钩掣紫鳞呈。只愿回乌景，谁能避兕觥。方知醉兀兀，应是走营营。凤阁鸾台路，从他年少争。","卞孝萱《刘禹锡年谱》，中华书局1966年版，第227页","卞孝萱校订《刘禹锡集》卷34第506页，中华书局1990年版",,,"洪迎华"
"唐","刘禹锡","武宗会昌元年辛酉","841",,,"70","","都畿道","河南府","洛阳",,"河南","洛阳市",,"112.460033","34.624376","检校礼部尚书、兼太子宾客","春，有诗酬宣歙观察使崔龟从","崔龟从","《酬宣州崔大夫见寄》","Poem","詶宣州崔大夫见寄
白衣曾拜汉尚书，今日恩光到敝庐。再入龙楼称绮季，应缘狗监说相如。中郎南镇权方重，内史高斋兴有馀。遥想敬亭春欲暮，百花飞尽柳花初。","陶敏、陶红雨《刘禹锡全集编年校注》，岳麓书社2003年版，第750页","卞孝萱校订《刘禹锡集》卷36第543页，中华书局1990年版",,,"洪迎华"
"唐","刘禹锡","武宗会昌元年辛酉","841",,,"70","","都畿道","河南府","洛阳",,"河南","洛阳市",,"112.460033","34.624376","检校礼部尚书、兼太子宾客","秋，感怀作赋","","《秋声赋并序》","Article","秋声赋
碧天如水兮窅窅悠悠。百虫迎莫兮万叶吟秋。欲辞林而萧飒。潜命侣以啁啾。送将归兮临水。非吾土兮登楼。晚枝多露蝉之思。夕草起寒螀之愁。至若松竹含韵。梧楸蚤脱。惊绮疏之晓吹。堕碧砌之凉月。念塞外之征行。顾闺中之骚屑。夜蛩鸣兮机杼促。朔雁叫兮音书绝。远杵续兮何泠泠。虚窗静兮空切切。如吟如啸。非竹非丝。合自然之宫徵。动终岁之别离。废井苔冷。荒园露滋。草苍苍兮人寂寂。树槭槭兮虫咿咿。则有安石风流。巨源多可。平六符而佐主。施九流而自我。犹复感阴虫之鸣轩。叹凉叶之初堕。异宋王之悲伤。觉潘郎之么么。嗟乎。骥伏枥而已老。鹰在鞲而有情。聆朔风而心动。盼天籁而神惊。力将痑兮足受绁。犹奋迅于秋声。","卞孝萱《刘禹锡年谱》，中华书局1966年版，第226页","卞孝萱校订《刘禹锡集》卷1第17页，中华书局1990年版",,,"洪迎华"
"唐","刘禹锡","武宗会昌元年辛酉","841",,,"70","","都畿道","河南府","洛阳",,"河南","洛阳市",,"112.460033","34.624376","检校礼部尚书、兼太子宾客","秋，与王起、白居易联句作诗","白居易，王起","《秋霖即事联句三十韵》","Poem","","卞孝萱《刘禹锡年谱》，中华书局1966年版，第227页","卞孝萱校订《刘禹锡集》卷34第502页，中华书局1990年版",,,"洪迎华"
"唐","刘禹锡","武宗会昌元年辛酉","841",,,"70","","都畿道","河南府","洛阳",,"河南","洛阳市",,"112.460033","34.624376","检校礼部尚书、兼太子宾客","秋，有诗感怀","","《始闻秋风》","Poem","始闻秋风
昔看黄菊与君别，今听玄蝉我却回。五夜飕飗枕前觉，一年颜状镜中来。马思边草拳毛动，雕眄青云睡眼开。天地肃清堪四望，为君扶病上高台。","陶敏、陶红雨《刘禹锡全集编年校注》，岳麓书社2003年版，第752页","卞孝萱校订《刘禹锡集》卷24第317页，中华书局1990年版",,,"洪迎华"
"唐","刘禹锡","武宗会昌元年辛酉","841",,,"70","","都畿道","河南府","洛阳",,"河南","洛阳市",,"112.460033","34.624376","检校礼部尚书、兼太子宾客","与王起、白居易联句作诗","白居易，王起","《喜晴联句》","Poem","","卞孝萱《刘禹锡年谱》，中华书局1966年版，第227页","卞孝萱校订《刘禹锡集》卷34第504页，中华书局1990年版",,,"洪迎华"
"唐","刘禹锡","武宗会昌元年辛酉","841",,,"70","","都畿道","河南府","洛阳",,"河南","洛阳市",,"112.460033","34.624376","检校礼部尚书、兼太子宾客","晚年，有诗咏红柿子","","《咏树红柿子》","Poem","咏红柿子
晓连星影出，晚带日光悬。本因遗采掇，翻自保天年。","陶敏、陶红雨《刘禹锡全集编年校注》，岳麓书社2003年版，第756页","卞孝萱校订《刘禹锡集》卷25第332页，中华书局1990年版",,,"洪迎华"
"唐","刘禹锡","武宗会昌二年壬戌","842",,,"71","","都畿道","河南府","洛阳",,"河南","洛阳市",,"112.460033","34.624376","检校礼部尚书、兼太子宾客","患病，病中自为铭、传","","《子刘子自传》","Article","子刘子自传
子刘子名禹锡。字梦得。其先汉景帝贾夫人子胜。封中山王。谥曰靖。子孙因封。为中山人也。七代祖亮。事北朝为冀州刺史散骑常侍。遇迁都洛阳。为北部都昌里人。世为儒而仕。坟墓在洛阳北山。其后地狭不可依。乃葬荥阳之檀山原。由大王父已还。一昭一穆如平生。曾祖凯。官至博州刺史。祖锽。由洛阳主簿察视行马外事。岁满。转殿中丞侍御史。赠尚书祠部郎中。父讳绪。亦以儒学。天宝末应进士。遂及大乱。举族东迁。以违患难。因为东诸侯所用。后为浙西从事。本府就加盐铁副使。遂转殿中。主务于埇桥。其后罢归浙右。至扬州。遇疾不讳。小子承夙训。禀遗教。眇然一身。奉尊夫人。不敢殒灭。后忝登朝或领郡。蒙恩泽。先府君累赠至吏部尚书。先太君卢氏。由彭城县大君赠至范阳郡太夫人。初禹锡既冠举进士。一幸而中试。间岁又以文登吏部。取士科。授太子校书。官司閒旷。得以请告奉温凊。是时年少。名浮于实。士林荣之。及丁先尚书忧。迫礼不死。因成痼疾。既免丧。相国扬州节度使杜公领徐泗。素相知。遂请为掌书记。捧檄入告。太夫人曰。吾不乐江淮间。汝宜谋之于始。因白丞相以请。曰诺。居数月而罢徐泗。而河路犹艰难。遂改为扬州掌书记。涉二年而道无虞。前约乃行。调补京兆渭南主簿。明年冬擢为监察御史。贞元二十一年春。德宗新弃天下。东宫即位。时有寒隽王叔文。以善奕棋得通籍博望。因閒隙得言及时事。上大奇之。如是者积久。众未知之。至是起苏州掾。超拜起居舍人。充翰林学士。遂阴荐丞相杜公为度支盐铁等使。翊日。叔文以本官及内职兼充副使。未几。特迁户部侍郎。赐紫。贵振一时。予前已为杜丞相奏署崇陵使判官。居月馀日。至是改屯田员外郎判度支盐铁等桉。初叔文北海人。自言猛之后。有远祖风。唯东平吕温陇西李景俭河东柳宗元以为言然。三子者皆与予厚善。日夕过言其能。叔文实工言治道。能以口辩移人。既得用。自春至秋。其所施为。人不以为当非。时上素被疾。至是尤剧。诏下内禅。自为太上皇。后谥曰顺宗。东宫即皇帝位。是时太上久寝疾。宰臣及用事者。都不得召对。宫掖事秘。而建桓立顺。功归贵臣。于是叔文首贬渝州。后命终死。宰相贬崖州。予出为连州。途至荆南。又贬朗州司马。居九年诏徵。复授连州。自连历夔和二郡。又除主客郎中分司东都。明年追入。充集贤殿学士。转苏州刺史。赐金紫。移汝州兼御史中丞。又迁同州。充本州防御长春宫使。后被足疾。改太子宾客分司东都。又改秘书监分司。一年加检校礼部尚书兼太子宾客。行年七十有一身病之日。自为铭曰。不夭不贱。天之祺兮。重屯累厄。数之奇兮。天与所长。不使施兮。人或加讪。心无疵兮。寝于北牖。尽所期兮。葬近大墓。如生时兮。魂无不之。庸讵知兮。","卞孝萱《刘禹锡年谱》，中华书局1966年版，第228；231页","卞孝萱校订《刘禹锡集》卷39第590页，中华书局1990年版",,,"洪迎华"
"唐","刘禹锡","武宗会昌二年壬戌","842",,,"71","","都畿道","河南府","洛阳",,"河南","洛阳市",,"112.460033","34.624376",,"在洛阳，病中作诗谢禅客见问","","《病中一二禅客见问因以谢之》","Poem","病中一二禅客见问因以谢之
劳动诸贤者，同来问病夫。添炉烹雀舌，洒水净龙须。身是芭蕉喻，行须筇竹扶。医王有妙药，能乞一丸无。","卞孝萱《刘禹锡年谱》，中华书局1966年版，第231页","卞孝萱校订《刘禹锡集》卷22第285页，中华书局1990年版",,,"洪迎华"
"唐","刘禹锡","武宗会昌二年壬戌","842",,,"71","","都畿道","河南府","洛阳",,"河南","洛阳市",,"112.460033","34.624376",,"在洛阳，作诗送友赴选","李庚","《送李庚先辈赴选》","Poem","送李庚先辈赴选
一家何啻十朱轮，诸父双飞秉大钧。曾脱素衣参幕客，却为精舍读书人。离筵雒水侵杯色，征路函关向晚尘。今日山公旧宾主，知君不负帝城春。","卞孝萱《刘禹锡年谱》，中华书局1966年版，第232页","卞孝萱校订《刘禹锡集》卷28第387页，中华书局1990年版",,,"洪迎华"
"唐","刘禹锡","武宗会昌二年壬戌","842",,,"71","","都畿道","河南府","洛阳",,"河南","洛阳市",,"112.460033","34.624376",,"在洛阳，作诗送友赴任","","《送分司陈郎中袛召直史馆重修三圣实录》","Poem","送分司陈郎中秖召直史馆重修三圣实录
蝉鸣官树引行车，言自成周赴玉除。远取南朝贵公子，重修东观帝王书。常时载笔窥金匮，暇日登楼到石渠。若问旧人刘子政，如今白首在南徐。","卞孝萱《刘禹锡年谱》，中华书局1966年版，第232页","卞孝萱校订《刘禹锡集》卷28第386页，中华书局1990年版",,,"洪迎华"
"唐","刘禹锡","武宗会昌二年壬戌","842",,,"71","","都畿道","河南府","洛阳",,"河南","洛阳市",,"112.460033","34.624376",,"在洛阳，与吴方之诗歌唱和","吴士矩","《吴方之见示听江西故吏朱幼恭歌三篇颇有怀故林之想吟讽不足因而和之》","Poem","吴方之见示听江西故吏朱幼恭歌三篇颇有怀故林之想吟讽不足因而和之
侯家故吏歌声发，逸处能高怨处低。今岁洛中无雨雪，眼前风景是江西。","卞孝萱《刘禹锡年谱》，中华书局1966年版，第232页","卞孝萱校订《刘禹锡集》卷34第485页，中华书局1990年版",,,"洪迎华"
"唐","刘禹锡","武宗会昌二年壬戌","842",,,"71","","都畿道","河南府","洛阳",,"河南","洛阳市",,"112.460033","34.624376",,"在洛阳，作诗忆白居易","白居易","《闲坐忆乐天以诗问酒熟未》","Poem","閒坐忆乐天以诗问酒熟未
案头开缥帙，肘后检青囊。唯有达生理，应无治老方。减书存眼力，省事养心王。君酒何时熟，相携入醉乡。","卞孝萱《刘禹锡年谱》，中华书局1966年版，第232页","卞孝萱校订《刘禹锡集》卷34第486页，中华书局1990年版",,,"洪迎华"
"唐","刘禹锡","武宗会昌二年壬戌","842",,,"71","","都畿道","河南府","洛阳",,"河南","洛阳市",,"112.460033","34.624376",,"在洛阳，秋，作诗赠白居易","白居易","《秋中暑退赠乐天》","Poem","秋中暑退赠乐天
暑服宜秋著，清琴入夜弹。人情皆向菊，风意欲摧兰。岁稔贫心泰，天凉病体安。相逢取次第，却甚少年欢。","卞孝萱《刘禹锡年谱》，中华书局1966年版，第232页","卞孝萱校订《刘禹锡集》卷34第488页，中华书局1990年版",,,"洪迎华"
"唐","刘禹锡","武宗会昌二年壬戌","842",,,"71","","都畿道","河南府","洛阳",,"河南","洛阳市",,"112.460033","34.624376",,"在洛阳，夏，作诗戏赠白居易","白居易","《乐天池馆夏景方妍白莲初开綵舟空泊唯邀缁侣因以戏之》","Poem","乐天池馆夏景方妍白莲初开䌽舟空泊唯邀缁侣因以戏之
池馆今正好，主人何寂然。白莲方出水，碧树未鸣蝉。静室宵闻磬，斋厨晚绝烟。蕃僧如共载，应不是神仙。","卞孝萱《刘禹锡年谱》，中华书局1966年版，第232页","卞孝萱校订《刘禹锡集》卷34第493页，中华书局1990年版",,,"洪迎华"
"唐","刘禹锡","武宗会昌二年壬戌","842",,,"71","","都畿道","河南府","洛阳",,"河南","洛阳市",,"112.460033","34.624376",,"在洛阳，秋，作诗酬答白居易","白居易","《酬乐天感秋凉见寄》","Poem","詶乐天感秋凉见寄
庭晚初辨色，林秋微有声。槿衰犹强笑，莲迥却多情。檐燕归心动，鞲鹰俊气生。闲人占闲景，酒熟且同倾。","卞孝萱《刘禹锡年谱》，中华书局1966年版，第233页","卞孝萱校订《刘禹锡集》卷34第493页，中华书局1990年版",,,"洪迎华"
"唐","刘禹锡","武宗会昌二年壬戌","842",,,"71","","都畿道","河南府","洛阳",,"河南","洛阳市",,"112.460033","34.624376",,"在洛阳，早秋，雨后，作诗寄乐天","白居易","《早秋雨后寄乐天》","Poem","早秋雨后寄乐天
夜云起河汉，朝雨洒高林。梧叶先风落，草虫迎湿吟。簟凉扇恩薄，室静琴思深。且喜炎前别，安能怀寸阴。","卞孝萱《刘禹锡年谱》，中华书局1966年版，第233页","卞孝萱校订《刘禹锡集》卷34第497页，中华书局1990年版",,,"洪迎华"
"唐","刘禹锡","武宗会昌二年壬戌","842",,,"71","","都畿道","河南府","洛阳",,"河南","洛阳市",,"112.460033","34.624376",,"在洛阳，秋，病中白居易以诗见问，禹锡作诗酬答","白居易","《秋晚病中乐天以诗见问力疾奉酬》","Poem","秋晚病中乐天以诗见问力疾奉酬
耳虚多听远，展传晨鸡鸣。一室背灯卧，中宵扫叶声。兰芳经雨败，鹤病得秋轻。肯踏衡门草，唯应是友生。","卞孝萱《刘禹锡年谱》，中华书局1966年版，第233页","卞孝萱校订《刘禹锡集》卷34第498页，中华书局1990年版",,,"洪迎华"
"唐","刘禹锡","武宗会昌二年壬戌","842",,,"71","","都畿道","河南府","洛阳",,"河南","洛阳市",,"112.460033","34.624376",,"在洛阳，白居易见示咏老之诗，禹锡作诗以酬","白居易","《酬乐天咏老见示》","Poem","詶乐天咏老见示
人谁不愿老，老去有谁怜。身瘦带频减，发稀冠自偏。废书缘惜眼，多炙为随年。经事还谙事，阅人如阅川。细思皆幸矣，下此便翛然。莫道桑榆晚，微霞尚满天。","卞孝萱《刘禹锡年谱》，中华书局1966年版，第233页","卞孝萱校订《刘禹锡集》卷34第498页，中华书局1990年版",,,"洪迎华"
"唐","刘禹锡","武宗会昌二年壬戌","842",,,"71","","都畿道","河南府","洛阳",,"河南","洛阳市",,"112.460033","34.624376",,"在洛阳，与白居易联句作诗以期解闷","白居易","《乐天是月长斋鄙夫此时愁卧里闾非远云雾难披因以寄怀遂为联句所期解闷焉敢驚禅》","Poem","乐天是月长斋鄙夫此时愁卧里闾非远云雾难披因以寄怀遂为联句所期解闷焉敢惊禅
五月长斋月，文心苦行心。兰葱不入户，薝卜自成林。护戒先辞酒，嫌喧亦彻琴。尘埃宾位静，香火道场深。我静驯狂象，餐馀施众禽。定知于佛佞，岂复向书淫。阑药凋红艳，庭槐换绿阴。风光徒满目，云雾未披襟。树为清凉倚，池因盥漱临。蘋芳遭燕拂，莲坼待蜂寻。舍下环流水，窗中列远岑。苔斑钱剥落，石怪玉嵚岑。鹊顶迎秋秃，莺喉入夏瘖。绿杨垂嫩色，綖棘露长针。散秩身犹幸，趋朝力不任。官将方共拙，年与病交侵。徇乐非时选，忘机似陆沈。鉴容称四皓，扪腹有三壬。携手惭连璧，同心许断金。紫芝虽继唱，白雪少知音。忆罢吴门守，相逢楚水浔。舟中频曲宴，夜后各加斟。浊酒销残漏，弦声间远砧。酡颜舞长袖，密坐接华簪。持论峰峦峻，战文矛戟森。笑言诚莫逆，造次必相箴。往事应如昨，馀欢迄至今。迎君常倒屣，访我辄携衾。阴魄初离毕，阳光正在参。待公休一食，纵饮共狂吟。","卞孝萱《刘禹锡年谱》，中华书局1966年版，第233页","卞孝萱校订《刘禹锡集》卷34第508页，中华书局1990年版",,,"洪迎华"
"唐","刘禹锡","武宗会昌二年壬戌","842","7",,"71","","都畿道","河南府","洛阳",,"河南","洛阳市",,"112.460033","34.624376",,"七月，卒。赠兵部尚书","",,"","","卞孝萱《刘禹锡年谱》，中华书局1966年版，第229-230页",,,,"洪迎华"
"唐","刘禹锡","武宗会昌二年壬戌","842",,,"71","","都畿道","郑州","荥阳",,"河南","郑州市","荥阳市","113.389911","34.793837",,"葬于荥阳县西檀山原","",,"","","卞孝萱《刘禹锡年谱》，中华书局1966年版，第231页",,,,"洪迎华"
"唐","刘禹锡","武宗会昌二年壬戌","842",,,"71","",,,,,,,,"0","0",,"白居易、温庭筠等有诗哭刘禹锡","",,"","","卞孝萱《刘禹锡年谱》，中华书局1966年版，第231页",,,,"洪迎华"
,"刘禹锡","宣宗大中十年丙子","856",,,"","",,,,,,,,"0","0",,"刘禹锡卒后十四年，韦绚撰《刘公嘉话录》","韦绚",,"","","卞孝萱《刘禹锡年谱》，中华书局1966年版，第233页",,,,"洪迎华"